947.09327 0.002 0 0 0 1 0 -1 16 12 0 1 1 A E 3 0 0 0 0 0 0 17 13 0 0 0 E A 3 02BrSaKl_table8_l108
951.10815 0.002 0 0 0 1 0 -1 16 11 0 1 1 E E 1 0 0 0 0 0 0 17 12 0 0 0 A A 2 02BrSaKl_table8_l110
953.59027 0.002 0 0 0 1 0 -1 15 12 0 1 1 A E 3 0 0 0 0 0 0 16 13 0 0 0 E A 3 02BrSaKl_table8_l111
957.86073 0.002 0 0 0 1 0 -1 15 11 0 1 1 E E 2 0 0 0 0 0 0 16 12 0 0 0 A A 1 02BrSaKl_table8_l116
959.92918 0.002 0 0 0 1 0 -1 14 12 0 1 1 A E 3 0 0 0 0 0 0 15 13 0 0 0 E A 3 02BrSaKl_table8_l117
961.7621 0.002 0 0 0 1 0 -1 15 10 0 1 1 E E 3 0 0 0 0 0 0 16 11 0 0 0 E A 3 02BrSaKl_table8_l118
-964.50313 0.002 0 0 0 1 0 -1 14 11 0 1 1 E E 1 0 0 0 0 0 0 15 12 0 0 0 A A 2 02BrSaKl_table8_l123
965.34192 0.002 0 0 0 1 0 -1 15 9 0 1 1 A E 3 0 0 0 0 0 0 16 10 0 0 0 E A 3 02BrSaKl_table8_l127
968.62505 0.002 0 0 0 1 0 -1 15 8 0 1 1 E E 2 0 0 0 0 0 0 16 9 0 0 0 A A 1 02BrSaKl_table8_l134
968.64383 0.002 0 0 0 1 0 -1 14 10 0 1 1 E E 3 0 0 0 0 0 0 15 11 0 0 0 E A 3 02BrSaKl_table8_l135
971.01384 0.002 0 0 0 1 0 -1 13 11 0 1 1 E E 2 0 0 0 0 0 0 14 12 0 0 0 A A 1 02BrSaKl_table8_l144
971.62203 0.002 0 0 0 1 0 -1 15 7 0 1 1 E E 3 0 0 0 0 0 0 16 8 0 0 0 E A 3 02BrSaKl_table8_l146
972.42368 0.002 0 0 0 1 0 -1 14 9 0 1 1 A E 3 0 0 0 0 0 0 15 10 0 0 0 E A 3 02BrSaKl_table8_l148
975.43216 0.002 0 0 0 1 0 -1 13 10 0 1 1 E E 3 0 0 0 0 0 0 14 11 0 0 0 E A 3 02BrSaKl_table8_l161
-975.8824 0.002 0 0 0 1 0 -1 14 8 0 1 1 E E 1 0 0 0 0 0 0 15 9 0 0 0 A A 2 02BrSaKl_table8_l163
976.74535 0.002 0 0 0 1 0 -1 15 5 0 1 1 E E 2 0 0 0 0 0 0 16 6 0 0 0 A A 1 02BrSaKl_table8_l169
-977.36868 0.002 0 0 0 1 0 -1 12 11 0 1 1 E E 1 0 0 0 0 0 0 13 12 0 0 0 A A 2 02BrSaKl_table8_l171
979.4362 0.002 0 0 0 1 0 -1 13 9 0 1 1 A E 3 0 0 0 0 0 0 14 10 0 0 0 E A 3 02BrSaKl_table8_l184
981.89811 0.002 0 0 0 1 0 -1 14 6 0 1 1 A E 3 0 0 0 0 0 0 15 7 0 0 0 E A 3 02BrSaKl_table8_l193
982.11381 0.002 0 0 0 1 0 -1 12 10 0 1 1 E E 3 0 0 0 0 0 0 13 11 0 0 0 E A 3 02BrSaKl_table8_l197
983.08655 0.002 0 0 0 1 0 -1 13 8 0 1 1 E E 2 0 0 0 0 0 0 14 9 0 0 0 A A 1 02BrSaKl_table8_l201
983.54593 0.002 0 0 0 1 0 -1 11 11 0 1 1 E E 2 0 0 0 0 0 0 12 12 0 0 0 A A 1 02BrSaKl_table8_l207
984.45196 0.002 0 0 0 1 0 -1 14 5 0 1 1 E E 1 0 0 0 0 0 0 15 6 0 0 0 A A 2 02BrSaKl_table8_l212
986.3711 0.002 0 0 0 1 0 -1 12 9 0 1 1 A E 3 0 0 0 0 0 0 13 10 0 0 0 E A 3 02BrSaKl_table8_l222
986.41485 0.002 0 0 0 1 0 -1 13 7 0 1 1 E E 3 0 0 0 0 0 0 14 8 0 0 0 E A 3 02BrSaKl_table8_l223
989.43375 0.002 0 0 0 1 0 -1 13 6 0 1 1 A E 3 0 0 0 0 0 0 14 7 0 0 0 E A 3 02BrSaKl_table8_l240
992.13909 0.002 0 0 0 1 0 -1 13 5 0 1 1 E E 2 0 0 0 0 0 0 14 6 0 0 0 A A 1 02BrSaKl_table8_l253
993.7438 0.002 0 0 0 1 0 -1 12 7 0 1 1 E E 3 0 0 0 0 0 0 13 8 0 0 0 E A 3 02BrSaKl_table8_l259
994.51677 0.002 0 0 0 1 0 -1 13 4 0 1 1 E E 3 0 0 0 0 0 0 14 5 0 0 0 E A 3 02BrSaKl_table8_l262
995.11649 0.002 0 0 0 1 0 -1 10 10 0 1 1 E E 3 0 0 0 0 0 0 11 11 0 0 0 E A 3 02BrSaKl_table8_l264
996.53918 0.002 0 0 0 1 0 -1 13 3 0 1 1 A E 3 0 0 0 0 0 0 14 4 0 0 0 E A 3 02BrSaKl_table8_l267
996.93174 0.002 0 0 0 1 0 -1 12 6 0 1 1 A E 3 0 0 0 0 0 0 13 7 0 0 0 E A 3 02BrSaKl_table8_l268
997.31391 0.002 0 0 0 1 0 -1 11 8 0 1 1 E E 2 0 0 0 0 0 0 12 9 0 0 0 A A 1 02BrSaKl_table8_l269
997.9455 0.002 0 0 0 1 0 -1 13 2 0 1 1 E E 1 0 0 0 0 0 0 14 3 0 0 0 A A 2 02BrSaKl_table8_l270
998.42385 0.002 0 0 0 1 0 -1 13 2 0 1 1 E E 2 0 0 0 0 0 0 14 3 0 0 0 A A 1 02BrSaKl_table8_l271
999.79873 0.002 0 0 0 1 0 -1 12 5 0 1 1 E E 1 0 0 0 0 0 0 13 6 0 0 0 A A 2 02BrSaKl_table8_l272
999.99087 0.002 0 0 0 1 0 -1 10 9 0 1 1 A E 3 0 0 0 0 0 0 11 10 0 0 0 E A 3 02BrSaKl_table8_l273
1001.02294 0.002 0 0 0 1 0 -1 11 7 0 1 1 E E 3 0 0 0 0 0 0 12 8 0 0 0 E A 3 02BrSaKl_table8_l275
1002.33231 0.002 0 0 0 1 0 -1 12 4 0 1 1 E E 3 0 0 0 0 0 0 13 5 0 0 0 E A 3 02BrSaKl_table8_l276
1004.33567 0.002 0 0 0 1 0 -1 10 8 0 1 1 E E 1 0 0 0 0 0 0 11 9 0 0 0 A A 2 02BrSaKl_table8_l277
1004.38872 0.002 0 0 0 1 0 -1 11 6 0 1 1 A E 3 0 0 0 0 0 0 12 7 0 0 0 E A 3 02BrSaKl_table8_l278
1004.50529 0.002 0 0 0 1 0 -1 12 3 0 1 1 A E 3 0 0 0 0 0 0 13 4 0 0 0 E A 3 02BrSaKl_table8_l279
1006.08029 0.002 0 0 0 1 0 -1 12 2 0 1 1 E E 2 0 0 0 0 0 0 13 3 0 0 0 A A 1 02BrSaKl_table8_l280
1006.48789 0.002 0 0 0 1 0 -1 12 2 0 1 1 E E 1 0 0 0 0 0 0 13 3 0 0 0 A A 2 02BrSaKl_table8_l281
1007.42478 0.002 0 0 0 1 0 -1 11 5 0 1 1 E E 2 0 0 0 0 0 0 12 6 0 0 0 A A 1 02BrSaKl_table8_l282
1007.61546 0.002 0 0 0 1 0 -1 12 1 0 1 1 E E 3 0 0 0 0 0 0 13 2 0 0 0 E A 3 02BrSaKl_table8_l283
1010.12391 0.002 0 0 0 1 0 -1 11 4 0 1 1 E E 3 0 0 0 0 0 0 12 5 0 0 0 E A 3 02BrSaKl_table8_l286
1011.30512 0.002 0 0 0 1 0 -1 9 8 0 1 1 E E 2 0 0 0 0 0 0 10 9 0 0 0 A A 1 02BrSaKl_table8_l287
1011.54203 0.002 0 0 0 1 0 1 16 1 0 1 1 E E 1 0 0 0 0 0 0 17 0 0 0 0 A A 2 02BrSaKl_table8_l288
1011.57625 0.002 0 0 0 1 0 1 16 5 0 1 1 E E 3 0 0 0 0 0 0 17 4 0 0 0 E A 3 02BrSaKl_table8_l289
1011.80501 0.002 0 0 0 1 0 -1 10 6 0 1 1 A E 3 0 0 0 0 0 0 11 7 0 0 0 E A 3 02BrSaKl_table8_l290
1012.45977 0.002 0 0 0 1 0 -1 11 3 0 1 1 A E 3 0 0 0 0 0 0 12 4 0 0 0 E A 3 02BrSaKl_table8_l291
1014.22268 0.002 0 0 0 1 0 -1 11 2 0 1 1 E E 1 0 0 0 0 0 0 12 3 0 0 0 A A 2 02BrSaKl_table8_l292
1014.54977 0.002 0 0 0 1 0 1 15 12 0 1 1 A E 3 0 0 0 0 0 0 16 11 0 0 0 E A 3 02BrSaKl_table8_l293
1014.56205 0.002 0 0 0 1 0 -1 11 2 0 1 1 E E 2 0 0 0 0 0 0 12 3 0 0 0 A A 1 02BrSaKl_table8_l294
1015.01451 0.002 0 0 0 1 0 -1 10 5 0 1 1 E E 1 0 0 0 0 0 0 11 6 0 0 0 A A 2 02BrSaKl_table8_l295
1015.3237 0.002 0 0 0 1 0 1 15 11 0 1 1 E E 3 0 0 0 0 0 0 16 10 0 0 0 E A 3 02BrSaKl_table8_l296
1015.44613 0.002 0 0 0 1 0 -1 9 7 0 1 1 E E 3 0 0 0 0 0 0 10 8 0 0 0 E A 3 02BrSaKl_table8_l297
1015.85998 0.002 0 0 0 1 0 -1 11 1 0 1 1 E E 3 0 0 0 0 0 0 12 2 0 0 0 E A 3 02BrSaKl_table8_l298
1016.03006 0.002 0 0 0 1 0 1 15 4 0 1 1 E E 2 0 0 0 0 0 0 16 3 0 0 0 A A 1 02BrSaKl_table8_l299
1016.47207 0.002 0 0 0 1 0 1 15 5 0 1 1 E E 3 0 0 0 0 0 0 16 4 0 0 0 E A 3 02BrSaKl_table8_l300
1016.50503 0.002 0 0 0 1 0 1 15 8 0 1 1 E E 3 0 0 0 0 0 0 16 7 0 0 0 E A 3 02BrSaKl_table8_l301
1016.80574 0.002 0 0 0 1 0 1 15 4 0 1 1 E E 1 0 0 0 0 0 0 16 3 0 0 0 A A 2 02BrSaKl_table8_l303
1017.88448 0.002 0 0 0 1 0 -1 10 4 0 1 1 E E 3 0 0 0 0 0 0 11 5 0 0 0 E A 3 02BrSaKl_table8_l306
1018.24112 0.002 0 0 0 1 0 -1 8 8 0 1 1 E E 1 0 0 0 0 0 0 9 9 0 0 0 A A 2 02BrSaKl_table8_l307
1019.18708 0.002 0 0 0 1 0 -1 9 6 0 1 1 A E 3 0 0 0 0 0 0 10 7 0 0 0 E A 3 02BrSaKl_table8_l308
1019.90686 0.002 0 0 0 1 0 1 14 12 0 1 1 A E 3 0 0 0 0 0 0 15 11 0 0 0 E A 3 02BrSaKl_table8_l309
1020.39355 0.002 0 0 0 1 0 -1 10 3 0 1 1 A E 3 0 0 0 0 0 0 11 4 0 0 0 E A 3 02BrSaKl_table8_l310
1021.07511 0.002 0 0 0 1 0 1 14 4 0 1 1 E E 1 0 0 0 0 0 0 15 3 0 0 0 A A 2 02BrSaKl_table8_l311
1021.14335 0.002 0 0 0 1 0 1 14 1 0 1 1 E E 1 0 0 0 0 0 0 15 0 0 0 0 A A 2 02BrSaKl_table8_l312
1021.21798 0.002 0 0 0 1 0 1 14 10 0 1 1 E E 1 0 0 0 0 0 0 15 9 0 0 0 A A 2 02BrSaKl_table8_l313
1021.28311 0.002 0 0 0 1 0 1 14 3 0 1 1 A E 3 0 0 0 0 0 0 15 2 0 0 0 E A 3 02BrSaKl_table8_l314
1021.53236 0.002 0 0 0 1 0 1 14 5 0 1 1 E E 3 0 0 0 0 0 0 15 4 0 0 0 E A 3 02BrSaKl_table8_l315
1021.72403 0.002 0 0 0 1 0 1 14 4 0 1 1 E E 2 0 0 0 0 0 0 15 3 0 0 0 A A 1 02BrSaKl_table8_l316
1021.76315 0.002 0 0 0 1 0 1 14 8 0 1 1 E E 3 0 0 0 0 0 0 15 7 0 0 0 E A 3 02BrSaKl_table8_l317
1021.77885 0.002 0 0 0 1 0 1 14 7 0 1 1 E E 2 0 0 0 0 0 0 15 6 0 0 0 A A 1 02BrSaKl_table8_l318
1022.36029 0.002 0 0 0 1 0 -1 10 2 0 1 1 E E 2 0 0 0 0 0 0 11 3 0 0 0 A A 1 02BrSaKl_table8_l319
1022.57121 0.002 0 0 0 1 0 -1 9 5 0 1 1 E E 2 0 0 0 0 0 0 10 6 0 0 0 A A 1 02BrSaKl_table8_l320
1022.61365 0.002 0 0 0 1 0 -1 8 7 0 1 1 E E 3 0 0 0 0 0 0 9 8 0 0 0 E A 3 02BrSaKl_table8_l321
1022.63297 0.002 0 0 0 1 0 -1 10 2 0 1 1 E E 1 0 0 0 0 0 0 11 3 0 0 0 A A 2 02BrSaKl_table8_l322
1024.1161 0.002 0 0 0 1 0 -1 10 1 0 1 1 E E 3 0 0 0 0 0 0 11 2 0 0 0 E A 3 02BrSaKl_table8_l323
1025.14926 0.002 0 0 0 1 0 1 10 0 0 1 1 A E 3 0 0 0 0 0 0 11 1 0 0 0 E A 3 02BrSaKl_table8_l327
1025.47665 0.002 0 0 0 1 0 1 13 12 0 1 1 A E 3 0 0 0 0 0 0 14 11 0 0 0 E A 3 02BrSaKl_table8_l328
1025.61296 0.002 0 0 0 1 0 -1 9 4 0 1 1 E E 3 0 0 0 0 0 0 10 5 0 0 0 E A 3 02BrSaKl_table8_l329
1026.15826 0.002 0 0 0 1 0 1 13 1 0 1 1 E E 2 0 0 0 0 0 0 14 0 0 0 0 A A 1 02BrSaKl_table8_l331
1026.28563 0.002 0 0 0 1 0 1 13 4 0 1 1 E E 2 0 0 0 0 0 0 14 3 0 0 0 A A 1 02BrSaKl_table8_l332
1026.35954 0.002 0 0 0 1 0 1 13 3 0 1 1 A E 3 0 0 0 0 0 0 14 2 0 0 0 E A 3 02BrSaKl_table8_l333
1026.54913 0.002 0 0 0 1 0 -1 8 6 0 1 1 A E 3 0 0 0 0 0 0 9 7 0 0 0 E A 3 02BrSaKl_table8_l334
1026.77438 0.002 0 0 0 1 0 1 13 5 0 1 1 E E 3 0 0 0 0 0 0 14 4 0 0 0 E A 3 02BrSaKl_table8_l335
1026.79187 0.002 0 0 0 1 0 1 13 10 0 1 1 E E 2 0 0 0 0 0 0 14 9 0 0 0 A A 1 02BrSaKl_table8_l336
1026.82064 0.002 0 0 0 1 0 1 13 4 0 1 1 E E 1 0 0 0 0 0 0 14 3 0 0 0 A A 2 02BrSaKl_table8_l337
1027.00064 0.002 0 0 0 1 0 1 13 6 0 1 1 A E 3 0 0 0 0 0 0 14 5 0 0 0 E A 3 02BrSaKl_table8_l338
1027.05859 0.002 0 0 0 1 0 1 13 9 0 1 1 A E 3 0 0 0 0 0 0 14 8 0 0 0 E A 3 02BrSaKl_table8_l339
1027.15046 0.002 0 0 0 1 0 1 13 7 0 1 1 E E 2 0 0 0 0 0 0 14 6 0 0 0 A A 1 02BrSaKl_table8_l340
1027.17591 0.002 0 0 0 1 0 1 13 7 0 1 1 E E 1 0 0 0 0 0 0 14 6 0 0 0 A A 2 02BrSaKl_table8_l341
1027.23983 0.002 0 0 0 1 0 1 13 8 0 1 1 E E 3 0 0 0 0 0 0 14 7 0 0 0 E A 3 02BrSaKl_table8_l342
1028.29907 0.002 0 0 0 1 0 -1 9 3 0 1 1 A E 3 0 0 0 0 0 0 10 4 0 0 0 E A 3 02BrSaKl_table8_l343
1029.78734 0.002 0 0 0 1 0 -1 7 7 0 1 1 E E 3 0 0 0 0 0 0 8 8 0 0 0 E A 3 02BrSaKl_table8_l344
1030.10616 0.002 0 0 0 1 0 -1 8 5 0 1 1 E E 1 0 0 0 0 0 0 9 6 0 0 0 A A 2 02BrSaKl_table8_l345
1030.48129 0.002 0 0 0 1 0 -1 9 2 0 1 1 E E 1 0 0 0 0 0 0 10 3 0 0 0 A A 2 02BrSaKl_table8_l346
1030.69093 0.002 0 0 0 1 0 -1 9 2 0 1 1 E E 2 0 0 0 0 0 0 10 3 0 0 0 A A 1 02BrSaKl_table8_l347
1031.33167 0.002 0 0 0 1 0 1 12 1 0 1 1 E E 1 0 0 0 0 0 0 13 0 0 0 0 A A 2 02BrSaKl_table8_l348
1032.11486 0.002 0 0 0 1 0 1 12 4 0 1 1 E E 2 0 0 0 0 0 0 13 3 0 0 0 A A 1 02BrSaKl_table8_l350
1032.22342 0.002 0 0 0 1 0 1 12 5 0 1 1 E E 3 0 0 0 0 0 0 13 4 0 0 0 E A 3 02BrSaKl_table8_l351
1032.38588 0.002 0 0 0 1 0 -1 9 1 0 1 1 E E 3 0 0 0 0 0 0 10 2 0 0 0 E A 3 02BrSaKl_table8_l353
1032.54238 0.002 0 0 0 1 0 1 12 6 0 1 1 A E 3 0 0 0 0 0 0 13 5 0 0 0 E A 3 02BrSaKl_table8_l354
1032.58572 0.002 0 0 0 1 0 1 12 10 0 1 1 E E 1 0 0 0 0 0 0 13 9 0 0 0 A A 2 02BrSaKl_table8_l355
1032.78021 0.002 0 0 0 1 0 1 12 7 0 1 1 E E 1 0 0 0 0 0 0 13 6 0 0 0 A A 2 02BrSaKl_table8_l356
1032.80185 0.002 0 0 0 1 0 1 12 7 0 1 1 E E 2 0 0 0 0 0 0 13 6 0 0 0 A A 1 02BrSaKl_table8_l357
1032.83974 0.002 0 0 0 1 0 1 12 9 0 1 1 A E 3 0 0 0 0 0 0 13 8 0 0 0 E A 3 02BrSaKl_table8_l358
1033.31494 0.002 0 0 0 1 0 -1 8 4 0 1 1 E E 3 0 0 0 0 0 0 9 5 0 0 0 E A 3 02BrSaKl_table8_l360
1033.56451 0.002 0 0 0 1 0 1 9 0 0 1 1 A E 3 0 0 0 0 0 0 10 1 0 0 0 E A 3 02BrSaKl_table8_l361
1033.91431 0.002 0 0 0 1 0 -1 7 6 0 1 1 A E 3 0 0 0 0 0 0 8 7 0 0 0 E A 3 02BrSaKl_table8_l362
1036.17512 0.002 0 0 0 1 0 -1 8 3 0 1 1 A E 3 0 0 0 0 0 0 9 4 0 0 0 E A 3 02BrSaKl_table8_l364
1036.67804 0.002 0 0 0 1 0 1 11 1 0 1 1 E E 2 0 0 0 0 0 0 12 0 0 0 0 A A 1 02BrSaKl_table8_l365
1036.78036 0.002 0 0 0 1 0 1 11 2 0 1 1 E E 3 0 0 0 0 0 0 12 1 0 0 0 E A 3 02BrSaKl_table8_l366
1037.06439 0.002 0 0 0 1 0 1 11 3 0 1 1 A E 3 0 0 0 0 0 0 12 2 0 0 0 E A 3 02BrSaKl_table8_l367
1037.28904 0.002 0 0 0 1 0 1 11 4 0 1 1 E E 2 0 0 0 0 0 0 12 3 0 0 0 A A 1 02BrSaKl_table8_l368
1037.63022 0.002 0 0 0 1 0 1 11 4 0 1 1 E E 1 0 0 0 0 0 0 12 3 0 0 0 A A 2 02BrSaKl_table8_l369
1037.63891 0.002 0 0 0 1 0 -1 7 5 0 1 1 E E 2 0 0 0 0 0 0 8 6 0 0 0 A A 1 02BrSaKl_table8_l370
1037.90075 0.002 0 0 0 1 0 1 11 5 0 1 1 E E 3 0 0 0 0 0 0 12 4 0 0 0 E A 3 02BrSaKl_table8_l371
1038.32646 0.002 0 0 0 1 0 1 11 6 0 1 1 A E 3 0 0 0 0 0 0 12 5 0 0 0 E A 3 02BrSaKl_table8_l372
1038.62362 0.002 0 0 0 1 0 1 11 10 0 1 1 E E 2 0 0 0 0 0 0 12 9 0 0 0 A A 1 02BrSaKl_table8_l375
1038.65718 0.002 0 0 0 1 0 1 11 7 0 1 1 E E 2 0 0 0 0 0 0 12 6 0 0 0 A A 1 02BrSaKl_table8_l376
1038.67785 0.002 0 0 0 1 0 1 11 7 0 1 1 E E 1 0 0 0 0 0 0 12 6 0 0 0 A A 2 02BrSaKl_table8_l377
1038.72691 0.002 0 0 0 1 0 -1 8 2 0 1 1 E E 1 0 0 0 0 0 0 9 3 0 0 0 A A 2 02BrSaKl_table8_l378
1038.83275 0.002 0 0 0 1 0 1 11 8 0 1 1 E E 3 0 0 0 0 0 0 12 7 0 0 0 E A 3 02BrSaKl_table8_l379
1038.8492 0.002 0 0 0 1 0 1 11 9 0 1 1 A E 3 0 0 0 0 0 0 12 8 0 0 0 E A 3 02BrSaKl_table8_l380
1040.65263 0.002 0 0 0 1 0 -1 8 1 0 1 1 E E 3 0 0 0 0 0 0 9 2 0 0 0 E A 3 02BrSaKl_table8_l382
1041.00585 0.002 0 0 0 1 0 -1 7 4 0 1 1 E E 3 0 0 0 0 0 0 8 5 0 0 0 E A 3 02BrSaKl_table8_l383
1041.31757 0.002 0 0 0 1 0 -1 6 6 0 1 1 A E 3 0 0 0 0 0 0 7 7 0 0 0 E A 3 02BrSaKl_table8_l384
1042.01043 0.002 0 0 0 1 0 1 8 0 0 1 1 A E 3 0 0 0 0 0 0 9 1 0 0 0 E A 3 02BrSaKl_table8_l386
1042.21286 0.002 0 0 0 1 0 1 10 1 0 1 1 E E 1 0 0 0 0 0 0 11 0 0 0 0 A A 2 02BrSaKl_table8_l387
1042.35311 0.002 0 0 0 1 0 1 10 2 0 1 1 E E 3 0 0 0 0 0 0 11 1 0 0 0 E A 3 02BrSaKl_table8_l388
1042.73575 0.002 0 0 0 1 0 1 10 3 0 1 1 A E 3 0 0 0 0 0 0 11 2 0 0 0 E A 3 02BrSaKl_table8_l389
1043.13196 0.002 0 0 0 1 0 1 10 4 0 1 1 E E 1 0 0 0 0 0 0 11 3 0 0 0 A A 2 02BrSaKl_table8_l390
1043.39183 0.002 0 0 0 1 0 1 10 4 0 1 1 E E 2 0 0 0 0 0 0 11 3 0 0 0 A A 1 02BrSaKl_table8_l392
1043.83546 0.002 0 0 0 1 0 1 10 5 0 1 1 E E 3 0 0 0 0 0 0 11 4 0 0 0 E A 3 02BrSaKl_table8_l393
1044.0292 0.002 0 0 0 1 0 -1 7 3 0 1 1 A E 3 0 0 0 0 0 0 8 4 0 0 0 E A 3 02BrSaKl_table8_l394
1044.37589 0.002 0 0 0 1 0 1 10 6 0 1 1 A E 3 0 0 0 0 0 0 11 5 0 0 0 E A 3 02BrSaKl_table8_l395
1044.59322 0.002 0 0 0 1 0 1 9 4 0 1 1 E E 2 0 0 0 0 0 0 10 0 0 0 0 A A 1 02BrSaKl_table8_l396
1044.8021 0.002 0 0 0 1 0 1 10 7 0 1 1 E E 1 0 0 0 0 0 0 11 6 0 0 0 A A 2 02BrSaKl_table8_l397
1044.84158 0.002 0 0 0 1 0 1 10 7 0 1 1 E E 2 0 0 0 0 0 0 11 6 0 0 0 A A 1 02BrSaKl_table8_l398
1044.92117 0.002 0 0 0 1 0 1 10 10 0 1 1 E E 1 0 0 0 0 0 0 11 9 0 0 0 A A 2 02BrSaKl_table8_l399
1045.06203 0.002 0 0 0 1 0 1 10 8 0 1 1 E E 3 0 0 0 0 0 0 11 7 0 0 0 E A 3 02BrSaKl_table8_l401
1045.11751 0.002 0 0 0 1 0 1 10 9 0 1 1 A E 3 0 0 0 0 0 0 11 8 0 0 0 E A 3 02BrSaKl_table8_l402
1045.19941 0.002 0 0 0 1 0 -1 6 5 0 1 1 E E 1 0 0 0 0 0 0 7 6 0 0 0 A A 2 02BrSaKl_table8_l403
1046.63774 0.002 0 0 0 1 0 -1 7 2 0 1 1 E E 1 0 0 0 0 0 0 8 3 0 0 0 A A 2 02BrSaKl_table8_l406
1046.73921 0.005856 0 0 0 1 0 -1 7 2 0 1 1 E E 2 0 0 0 0 0 0 8 3 0 0 0 A A 1 02BrSaKl_table8_l407
1048.14549 0.002 0 0 0 1 0 1 9 2 0 1 1 E E 3 0 0 0 0 0 0 10 1 0 0 0 E A 3 02BrSaKl_table8_l408
1048.65496 0.002 0 0 0 1 0 1 9 3 0 1 1 A E 3 0 0 0 0 0 0 10 2 0 0 0 E A 3 02BrSaKl_table8_l409
1048.71048 0.002 0 0 0 1 0 -1 6 4 0 1 1 E E 3 0 0 0 0 0 0 7 5 0 0 0 E A 3 02BrSaKl_table8_l410
1048.90294 0.002 0 0 0 1 0 -1 7 1 0 1 1 E E 3 0 0 0 0 0 0 8 2 0 0 0 E A 3 02BrSaKl_table8_l411
1049.24118 0.002 0 0 0 1 0 1 9 4 0 1 1 E E 2 0 0 0 0 0 0 10 3 0 0 0 A A 1 02BrSaKl_table8_l412
1049.42978 0.002 0 0 0 1 0 1 9 4 0 1 1 E E 1 0 0 0 0 0 0 10 3 0 0 0 A A 2 02BrSaKl_table8_l413
1050.05368 0.002 0 0 0 1 0 1 9 5 0 1 1 E E 3 0 0 0 0 0 0 10 4 0 0 0 E A 3 02BrSaKl_table8_l415
1050.47727 0.002 0 0 0 1 0 1 7 0 0 1 1 A E 3 0 0 0 0 0 0 8 1 0 0 0 E A 3 02BrSaKl_table8_l416
1050.71117 0.002 0 0 0 1 0 1 9 6 0 1 1 A E 3 0 0 0 0 0 0 10 5 0 0 0 E A 3 02BrSaKl_table8_l417
1051.22233 0.002 0 0 0 1 0 1 9 7 0 1 1 E E 1 0 0 0 0 0 0 10 6 0 0 0 A A 2 02BrSaKl_table8_l418
1051.22945 0.002 0 0 0 1 0 1 9 7 0 1 1 E E 2 0 0 0 0 0 0 10 6 0 0 0 A A 1 02BrSaKl_table8_l419
1051.55953 0.002 0 0 0 1 0 1 9 8 0 1 1 E E 3 0 0 0 0 0 0 10 7 0 0 0 E A 3 02BrSaKl_table8_l421
1051.87993 0.002 0 0 0 1 0 -1 6 3 0 1 1 A E 3 0 0 0 0 0 0 7 4 0 0 0 E A 3 02BrSaKl_table8_l424
1052.82748 0.002 0 0 0 1 0 -1 5 5 0 1 1 E E 2 0 0 0 0 0 0 6 6 0 0 0 A A 1 02BrSaKl_table8_l426
1053.91963 0.002 0 0 0 1 0 1 8 1 0 1 1 E E 1 0 0 0 0 0 0 9 0 0 0 0 A A 2 02BrSaKl_table8_l429
1054.1826 0.002 0 0 0 1 0 1 8 2 0 1 1 E E 3 0 0 0 0 0 0 9 1 0 0 0 E A 3 02BrSaKl_table8_l430
1054.67462 0.011072 0 0 0 1 0 -1 6 2 0 1 1 E E 2 0 0 0 0 0 0 7 3 0 0 0 A A 1 02BrSaKl_table8_l432
1054.7362 0.004618 0 0 0 1 0 -1 6 2 0 1 1 E E 1 0 0 0 0 0 0 7 3 0 0 0 A A 2 02BrSaKl_table8_l433
1054.85363 0.002 0 0 0 1 0 1 8 3 0 1 1 A E 3 0 0 0 0 0 0 9 2 0 0 0 E A 3 02BrSaKl_table8_l434
1055.64483 0.002 0 0 0 1 0 1 8 4 0 1 1 E E 1 0 0 0 0 0 0 9 3 0 0 0 A A 2 02BrSaKl_table8_l435
1055.77303 0.002 0 0 0 1 0 1 8 4 0 1 1 E E 2 0 0 0 0 0 0 9 3 0 0 0 A A 1 02BrSaKl_table8_l436
1056.46499 0.002 0 0 0 1 0 -1 5 4 0 1 1 E E 3 0 0 0 0 0 0 6 5 0 0 0 E A 3 02BrSaKl_table8_l438
1056.57609 0.002 0 0 0 1 0 1 8 5 0 1 1 E E 3 0 0 0 0 0 0 9 4 0 0 0 E A 3 02BrSaKl_table8_l439
1057.12764 0.002 0 0 0 1 0 -1 6 1 0 1 1 E E 3 0 0 0 0 0 0 7 2 0 0 0 E A 3 02BrSaKl_table8_l440
1057.34756 0.002 0 0 0 1 0 1 8 6 0 1 1 A E 3 0 0 0 0 0 0 9 5 0 0 0 E A 3 02BrSaKl_table8_l441
1057.95017 0.002 0 0 0 1 0 1 8 7 0 1 1 E E 1 0 0 0 0 0 0 9 6 0 0 0 A A 2 02BrSaKl_table8_l445
1058.95263 0.002 0 0 0 1 0 1 6 0 0 1 1 A E 3 0 0 0 0 0 0 7 1 0 0 0 E A 3 02BrSaKl_table8_l447
1059.75852 0.002 0 0 0 1 0 -1 5 3 0 1 1 A E 3 0 0 0 0 0 0 6 4 0 0 0 E A 3 02BrSaKl_table8_l450
1060.13222 0.002 0 0 0 1 0 1 7 1 0 1 1 E E 2 0 0 0 0 0 0 8 0 0 0 0 A A 1 02BrSaKl_table8_l451
1060.4945 0.002 0 0 0 1 0 1 7 2 0 1 1 E E 3 0 0 0 0 0 0 8 1 0 0 0 E A 3 02BrSaKl_table8_l454
1061.36537 0.002 0 0 0 1 0 1 7 3 0 1 1 A E 3 0 0 0 0 0 0 8 2 0 0 0 E A 3 02BrSaKl_table8_l455
1062.36785 0.07 0 0 0 1 0 1 7 4 0 1 1 E E 2 0 0 0 0 0 0 8 3 0 0 0 A A 1 02BrSaKl_table8_l457
1062.44751 0.028 0 0 0 1 0 1 7 4 0 1 1 E E 1 0 0 0 0 0 0 8 3 0 0 0 A A 2 02BrSaKl_table8_l458
1062.70643 0.002 0 0 0 1 0 -1 5 2 0 1 1 E E 1 0 0 0 0 0 0 6 3 0 0 0 A A 2 02BrSaKl_table8_l459
1062.73937 0.002 0 0 0 1 0 -1 5 2 0 1 1 E E 2 0 0 0 0 0 0 6 3 0 0 0 A A 1 02BrSaKl_table8_l460
1063.41796 0.002 0 0 0 1 0 1 7 5 0 1 1 E E 3 0 0 0 0 0 0 8 4 0 0 0 E A 3 02BrSaKl_table8_l461
1064.29136 0.002 0 0 0 1 0 1 7 6 0 1 1 A E 3 0 0 0 0 0 0 8 5 0 0 0 E A 3 02BrSaKl_table8_l466
1064.69847 0.002 0 0 0 1 0 1 6 4 0 1 1 E E 1 0 0 0 0 0 0 7 0 0 0 0 A A 2 02BrSaKl_table8_l467
1064.9656 0.002 0 0 0 1 0 1 7 7 0 1 1 E E 2 0 0 0 0 0 0 8 6 0 0 0 A A 1 02BrSaKl_table8_l468
1066.6132 0.002 0 0 0 1 0 1 6 1 0 1 1 E E 1 0 0 0 0 0 0 7 0 0 0 0 A A 2 02BrSaKl_table8_l473
1067.11615 0.002 0 0 0 1 0 1 6 2 0 1 1 E E 3 0 0 0 0 0 0 7 1 0 0 0 E A 3 02BrSaKl_table8_l474
1067.41588 0.002 0 0 0 1 0 1 5 0 0 1 1 A E 3 0 0 0 0 0 0 6 1 0 0 0 E A 3 02BrSaKl_table8_l475
1067.7064 0.002 0 0 0 1 0 -1 4 3 0 1 1 A E 3 0 0 0 0 0 0 5 4 0 0 0 E A 3 02BrSaKl_table8_l476
1068.22142 0.002 0 0 0 1 0 1 6 3 0 1 1 A E 3 0 0 0 0 0 0 7 2 0 0 0 E A 3 02BrSaKl_table8_l478
1069.42528 0.008875 0 0 0 1 0 1 6 4 0 1 1 E E 1 0 0 0 0 0 0 7 3 0 0 0 A A 2 02BrSaKl_table8_l481
1069.46856 0.021802 0 0 0 1 0 1 6 4 0 1 1 E E 2 0 0 0 0 0 0 7 3 0 0 0 A A 1 02BrSaKl_table8_l482
1070.58252 0.002 0 0 0 1 0 1 6 5 0 1 1 E E 3 0 0 0 0 0 0 7 4 0 0 0 E A 3 02BrSaKl_table8_l486
1070.77049 0.002 0 0 0 1 0 -1 4 2 0 1 1 E E 2 0 0 0 0 0 0 5 3 0 0 0 A A 1 02BrSaKl_table8_l487
1070.7852 0.002 0 0 0 1 0 -1 4 2 0 1 1 E E 1 0 0 0 0 0 0 5 3 0 0 0 A A 2 02BrSaKl_table8_l488
1071.53851 0.002 0 0 0 1 0 1 6 6 0 1 1 A E 3 0 0 0 0 0 0 7 5 0 0 0 E A 3 02BrSaKl_table8_l491
1073.3856 0.002 0 0 0 1 0 1 5 1 0 1 1 E E 2 0 0 0 0 0 0 6 0 0 0 0 A A 1 02BrSaKl_table8_l495
1073.52577 0.002 0 0 0 1 0 -1 4 1 0 1 1 E E 3 0 0 0 0 0 0 5 2 0 0 0 E A 3 02BrSaKl_table8_l496
1073.86192 0.002 0 0 0 1 0 1 5 3 0 1 1 A E 3 0 0 0 0 0 0 6 1 0 0 0 E A 3 02BrSaKl_table8_l497
1075.44246 0.002 0 0 0 1 0 1 5 3 0 1 1 A E 3 0 0 0 0 0 0 6 2 0 0 0 E A 3 02BrSaKl_table8_l502
1075.77143 0.002 0 0 0 1 0 -1 3 3 0 1 1 A E 3 0 0 0 0 0 0 4 4 0 0 0 E A 3 02BrSaKl_table8_l504
1075.85461 0.002 0 0 0 1 0 1 4 0 0 1 1 A E 3 0 0 0 0 0 0 5 1 0 0 0 E A 3 02BrSaKl_table8_l505
1076.81777 0.002 0 0 0 1 0 1 5 4 0 1 1 E E 2 0 0 0 0 0 0 6 3 0 0 0 A A 1 02BrSaKl_table8_l508
1076.83725 0.002 0 0 0 1 0 1 5 4 0 1 1 E E 1 0 0 0 0 0 0 6 3 0 0 0 A A 2 02BrSaKl_table8_l509
1078.06132 0.002 0 0 0 1 0 1 5 5 0 1 1 E E 3 0 0 0 0 0 0 6 4 0 0 0 E A 3 02BrSaKl_table8_l513
1078.91634 0.002 0 0 0 1 0 -1 3 2 0 1 1 E E 1 0 0 0 0 0 0 4 3 0 0 0 A A 2 02BrSaKl_table8_l515
1078.92118 0.002 0 0 0 1 0 -1 3 2 0 1 1 E E 2 0 0 0 0 0 0 4 3 0 0 0 A A 1 02BrSaKl_table8_l516
1080.4717 0.002 0 0 0 1 0 1 4 1 0 1 1 E E 1 0 0 0 0 0 0 5 0 0 0 0 A A 2 02BrSaKl_table8_l518
1081.4295 0.002 0 0 0 1 0 1 4 2 0 1 1 E E 3 0 0 0 0 0 0 5 1 0 0 0 E A 3 02BrSaKl_table8_l523
-1081.45645 0.002 0 0 0 1 0 1 4 3 0 1 1 A E 3 0 0 0 0 0 0 5 1 0 0 0 E A 3 02BrSaKl_table8_l524
1081.76307 0.002 0 0 0 1 0 -1 3 1 0 1 1 E E 3 0 0 0 0 0 0 4 2 0 0 0 E A 3 02BrSaKl_table8_l525
-1083.04335 0.002 0 0 0 1 0 1 4 3 0 1 1 A E 3 0 0 0 0 0 0 5 2 0 0 0 E A 3 02BrSaKl_table8_l530
1084.27127 0.002 0 0 0 1 0 1 3 0 0 1 1 A E 3 0 0 0 0 0 0 4 1 0 0 0 E A 3 02BrSaKl_table8_l532
1084.53 0.002 0 0 0 1 0 1 4 4 0 1 1 E E 1 0 0 0 0 0 0 5 3 0 0 0 A A 2 02BrSaKl_table8_l533
1084.53612 0.002 0 0 0 1 0 1 4 4 0 1 1 E E 2 0 0 0 0 0 0 5 3 0 0 0 A A 1 02BrSaKl_table8_l534
1087.89262 0.002 0 0 0 1 0 1 3 1 0 1 1 E E 2 0 0 0 0 0 0 4 0 0 0 0 A A 1 02BrSaKl_table8_l544
1089.20076 0.002 0 0 0 1 0 1 3 2 0 1 1 E E 3 0 0 0 0 0 0 4 1 0 0 0 E A 3 02BrSaKl_table8_l547
1090.09736 0.002 0 0 0 1 0 -1 2 1 0 1 1 E E 3 0 0 0 0 0 0 3 2 0 0 0 E A 3 02BrSaKl_table8_l549
1090.95815 0.002 0 0 0 1 0 1 3 3 0 1 1 A E 3 0 0 0 0 0 0 4 2 0 0 0 E A 3 02BrSaKl_table8_l552
1092.70723 0.002 0 0 0 1 0 1 2 0 0 1 1 A E 3 0 0 0 0 0 0 3 1 0 0 0 E A 3 02BrSaKl_table8_l558
1095.66913 0.002 0 0 0 1 0 1 2 1 0 1 1 E E 1 0 0 0 0 0 0 3 0 0 0 0 A A 2 02BrSaKl_table8_l565
1097.33618 0.002 0 0 0 1 0 1 2 2 0 1 1 E E 3 0 0 0 0 0 0 3 1 0 0 0 E A 3 02BrSaKl_table8_l570
1099.58919 0.002 0 0 0 1 0 -1 11 9 0 1 1 A E 3 0 0 0 0 0 0 11 10 0 0 0 E A 3 02BrSaKl_table8_l576
1100.10818 0.002 0 0 0 1 0 -1 9 8 0 1 1 E E 2 0 0 0 0 0 0 9 9 0 0 0 A A 1 02BrSaKl_table8_l579
1101.07972 0.002 0 0 0 1 0 -1 14 10 0 1 1 E E 3 0 0 0 0 0 0 14 11 0 0 0 E A 3 02BrSaKl_table8_l582
1101.23761 0.002 0 0 0 1 0 1 1 0 0 1 1 A E 3 0 0 0 0 0 0 2 1 0 0 0 E A 3 02BrSaKl_table8_l584
1101.89851 0.002 0 0 0 1 0 -1 10 8 0 1 1 E E 1 0 0 0 0 0 0 10 9 0 0 0 A A 2 02BrSaKl_table8_l586
1102.57445 0.002 0 0 0 1 0 -1 8 7 0 1 1 E E 3 0 0 0 0 0 0 8 8 0 0 0 E A 3 02BrSaKl_table8_l590
1103.15374 0.002 0 0 0 1 0 -1 13 9 0 1 1 A E 3 0 0 0 0 0 0 13 10 0 0 0 E A 3 02BrSaKl_table8_l592
1103.60257 0.002 0 0 0 1 0 -1 11 8 0 1 1 E E 2 0 0 0 0 0 0 11 9 0 0 0 A A 1 02BrSaKl_table8_l593
1103.81313 0.002 0 0 0 1 0 1 1 1 0 1 1 E E 2 0 0 0 0 0 0 2 0 0 0 0 A A 1 02BrSaKl_table8_l594
1104.19097 0.002 0 0 0 1 0 -1 9 7 0 1 1 E E 3 0 0 0 0 0 0 9 8 0 0 0 E A 3 02BrSaKl_table8_l596
1104.75584 0.002 0 0 0 1 0 -1 14 9 0 1 1 A E 3 0 0 0 0 0 0 14 10 0 0 0 E A 3 02BrSaKl_table8_l600
1105.20974 0.002 0 0 0 1 0 -1 12 8 0 1 1 E E 1 0 0 0 0 0 0 12 9 0 0 0 A A 2 02BrSaKl_table8_l601
1105.75478 0.002 0 0 0 1 0 -1 10 7 0 1 1 E E 3 0 0 0 0 0 0 10 8 0 0 0 E A 3 02BrSaKl_table8_l603
1106.46224 0.002 0 0 0 1 0 -1 8 6 0 1 1 A E 3 0 0 0 0 0 0 8 7 0 0 0 E A 3 02BrSaKl_table8_l604
1106.71631 0.002 0 0 0 1 0 -1 13 8 0 1 1 E E 2 0 0 0 0 0 0 13 9 0 0 0 A A 1 02BrSaKl_table8_l605
1108.64937 0.002 0 0 0 1 0 -1 12 7 0 1 1 E E 3 0 0 0 0 0 0 12 8 0 0 0 E A 3 02BrSaKl_table8_l610
1108.7083 0.002 0 0 0 1 0 -1 7 5 0 1 1 E E 2 0 0 0 0 0 0 7 6 0 0 0 A A 1 02BrSaKl_table8_l611
1109.24909 0.002 0 0 0 1 0 -1 10 6 0 1 1 A E 3 0 0 0 0 0 0 10 7 0 0 0 E A 3 02BrSaKl_table8_l614
1109.83238 0.002 0 0 0 1 0 -1 5 4 0 1 1 E E 3 0 0 0 0 0 0 5 5 0 0 0 E A 3 02BrSaKl_table8_l616
1109.93514 0.002 0 0 0 1 0 1 0 0 0 1 1 A E 3 0 0 0 0 0 0 1 1 0 0 0 E A 3 02BrSaKl_table8_l617
1109.97973 0.002 0 0 0 1 0 -1 8 5 0 1 1 E E 1 0 0 0 0 0 0 8 6 0 0 0 A A 2 02BrSaKl_table8_l618
1110.54956 0.002 0 0 0 1 0 -1 11 6 0 1 1 A E 3 0 0 0 0 0 0 11 7 0 0 0 E A 3 02BrSaKl_table8_l619
1110.92489 0.002 0 0 0 1 0 -1 6 4 0 1 1 E E 3 0 0 0 0 0 0 6 5 0 0 0 E A 3 02BrSaKl_table8_l620
1111.2214 0.002 0 0 0 1 0 -1 9 5 0 1 1 E E 2 0 0 0 0 0 0 9 6 0 0 0 A A 1 02BrSaKl_table8_l621
1111.77368 0.002 0 0 0 1 0 -1 12 6 0 1 1 A E 3 0 0 0 0 0 0 12 7 0 0 0 E A 3 02BrSaKl_table8_l623
1112.04522 0.002 0 0 0 1 0 -1 7 4 0 1 1 E E 3 0 0 0 0 0 0 7 5 0 0 0 E A 3 02BrSaKl_table8_l625
1112.19263 0.002 0 0 0 1 0 -1 4 3 0 1 1 A E 3 0 0 0 0 0 0 4 4 0 0 0 E A 3 02BrSaKl_table8_l626
1112.4108 0.002 0 0 0 1 0 -1 10 5 0 1 1 E E 1 0 0 0 0 0 0 10 6 0 0 0 A A 2 02BrSaKl_table8_l628
1112.91839 0.002 0 0 0 1 0 -1 13 6 0 1 1 A E 3 0 0 0 0 0 0 13 7 0 0 0 E A 3 02BrSaKl_table8_l630
1113.1074 0.002 0 0 0 1 0 -1 5 3 0 1 1 A E 3 0 0 0 0 0 0 5 4 0 0 0 E A 3 02BrSaKl_table8_l632
1113.15533 0.002 0 0 0 1 0 -1 8 4 0 1 1 E E 3 0 0 0 0 0 0 8 5 0 0 0 E A 3 02BrSaKl_table8_l633
1113.53431 0.002 0 0 0 1 0 -1 11 5 0 1 1 E E 2 0 0 0 0 0 0 11 6 0 0 0 A A 1 02BrSaKl_table8_l634
1114.07298 0.002 0 0 0 1 0 -1 6 3 0 1 1 A E 3 0 0 0 0 0 0 6 4 0 0 0 E A 3 02BrSaKl_table8_l637
1114.22655 0.002 0 0 0 1 0 -1 9 4 0 1 1 E E 3 0 0 0 0 0 0 9 5 0 0 0 E A 3 02BrSaKl_table8_l639
1114.5146 0.002 0 0 0 1 0 -1 3 2 0 1 1 E E 1 0 0 0 0 0 0 3 3 0 0 0 A A 2 02BrSaKl_table8_l640
1114.58623 0.002 0 0 0 1 0 -1 12 5 0 1 1 E E 1 0 0 0 0 0 0 12 6 0 0 0 A A 2 02BrSaKl_table8_l641
1114.97891 0.002 0 0 0 1 0 -1 15 6 0 1 1 A E 3 0 0 0 0 0 0 15 7 0 0 0 E A 3 02BrSaKl_table8_l642
1115.04458 0.002 0 0 0 1 0 -1 7 3 0 1 1 A E 3 0 0 0 0 0 0 7 4 0 0 0 E A 3 02BrSaKl_table8_l643
1115.24102 0.002 0 0 0 1 0 -1 10 4 0 1 1 E E 3 0 0 0 0 0 0 10 5 0 0 0 E A 3 02BrSaKl_table8_l644
1115.25938 0.002 0 0 0 1 0 -1 4 2 0 1 1 E E 1 0 0 0 0 0 0 4 3 0 0 0 A A 2 02BrSaKl_table8_l645
1115.56607 0.002 0 0 0 1 0 -1 13 5 0 1 1 E E 2 0 0 0 0 0 0 13 6 0 0 0 A A 1 02BrSaKl_table8_l646
1115.9884 0.002 0 0 0 1 0 -1 8 3 0 1 1 A E 3 0 0 0 0 0 0 8 4 0 0 0 E A 3 02BrSaKl_table8_l648
1116.04101 0.002 0 0 0 1 0 -1 5 2 0 1 1 E E 1 0 0 0 0 0 0 5 3 0 0 0 A A 2 02BrSaKl_table8_l649
1116.07374 0.002 0 0 0 1 0 -1 5 2 0 1 1 E E 2 0 0 0 0 0 0 5 3 0 0 0 A A 1 02BrSaKl_table8_l650
1116.19064 0.002 0 0 0 1 0 -1 11 4 0 1 1 E E 3 0 0 0 0 0 0 11 5 0 0 0 E A 3 02BrSaKl_table8_l651
1116.80188 0.002 0 0 0 1 0 -1 2 1 0 1 1 E E 3 0 0 0 0 0 0 2 2 0 0 0 E A 3 02BrSaKl_table8_l654
1116.85118 0.011092 0 0 0 1 0 -1 6 2 0 1 1 E E 2 0 0 0 0 0 0 6 3 0 0 0 A A 1 02BrSaKl_table8_l655
1116.88272 0.002 0 0 0 1 0 -1 9 3 0 1 1 A E 3 0 0 0 0 0 0 9 4 0 0 0 E A 3 02BrSaKl_table8_l656
1116.91223 0.004598 0 0 0 1 0 -1 6 2 0 1 1 E E 1 0 0 0 0 0 0 6 3 0 0 0 A A 2 02BrSaKl_table8_l657
1117.07406 0.002 0 0 0 1 0 -1 12 4 0 1 1 E E 3 0 0 0 0 0 0 12 5 0 0 0 E A 3 02BrSaKl_table8_l658
1117.35434 0.002 0 0 0 1 0 -1 3 1 0 1 1 E E 3 0 0 0 0 0 0 3 2 0 0 0 E A 3 02BrSaKl_table8_l660
1117.63506 0.002 0 0 0 1 0 -1 7 2 0 1 1 E E 1 0 0 0 0 0 0 7 3 0 0 0 A A 2 02BrSaKl_table8_l661
1117.71762 0.002 0 0 0 1 0 -1 10 3 0 1 1 A E 3 0 0 0 0 0 0 10 4 0 0 0 E A 3 02BrSaKl_table8_l662
1117.73529 0.005818 0 0 0 1 0 -1 7 2 0 1 1 E E 2 0 0 0 0 0 0 7 3 0 0 0 A A 1 02BrSaKl_table8_l663
1117.89491 0.002 0 0 0 1 0 -1 13 4 0 1 1 E E 3 0 0 0 0 0 0 13 5 0 0 0 E A 3 02BrSaKl_table8_l664
1117.99153 0.002 0 0 0 1 0 -1 4 1 0 1 1 E E 3 0 0 0 0 0 0 4 2 0 0 0 E A 3 02BrSaKl_table8_l665
1118.36894 0.002 0 0 0 1 0 -1 8 2 0 1 1 E E 2 0 0 0 0 0 0 8 3 0 0 0 A A 1 02BrSaKl_table8_l666
1118.4916 0.002 0 0 0 1 0 -1 11 3 0 1 1 A E 3 0 0 0 0 0 0 11 4 0 0 0 E A 3 02BrSaKl_table8_l668
1118.65272 0.002 0 0 0 1 0 -1 5 1 0 1 1 E E 3 0 0 0 0 0 0 5 2 0 0 0 E A 3 02BrSaKl_table8_l669
1118.66028 0.003041 0 0 0 1 0 -1 14 4 0 1 1 E E 3 0 0 0 0 0 0 14 5 0 0 0 E A 3 02BrSaKl_table8_l670
1118.87791 0.003041 0 0 0 1 0 -1 17 5 0 1 1 E E 1 0 0 0 0 0 0 17 6 0 0 0 A A 2 02BrSaKl_table8_l671
1119.2095 0.003041 0 0 0 1 0 -1 12 3 0 1 1 A E 3 0 0 0 0 0 0 12 4 0 0 0 E A 3 02BrSaKl_table8_l672
1119.24881 0.003041 0 0 0 1 0 -1 9 2 0 1 1 E E 2 0 0 0 0 0 0 9 3 0 0 0 A A 1 02BrSaKl_table8_l673
1119.29221 0.003041 0 0 0 1 0 -1 6 1 0 1 1 E E 3 0 0 0 0 0 0 6 2 0 0 0 E A 3 02BrSaKl_table8_l674
1119.40874 0.003041 0 0 0 1 0 1 2 0 0 1 1 A E 3 0 0 0 0 0 0 2 1 0 0 0 E A 3 02BrSaKl_table8_l675
1119.66423 0.003041 0 0 0 1 0 -1 10 2 0 1 1 E E 2 0 0 0 0 0 0 10 3 0 0 0 A A 1 02BrSaKl_table8_l676
1119.88611 0.003041 0 0 0 1 0 -1 7 1 0 1 1 E E 3 0 0 0 0 0 0 7 2 0 0 0 E A 3 02BrSaKl_table8_l677
1119.92749 0.003041 0 0 0 1 0 -1 10 2 0 1 1 E E 1 0 0 0 0 0 0 10 3 0 0 0 A A 2 02BrSaKl_table8_l678
1120.23571 0.003041 0 0 0 1 0 -1 11 2 0 1 1 E E 1 0 0 0 0 0 0 11 3 0 0 0 A A 2 02BrSaKl_table8_l679
1120.31505 0.002 0 0 0 1 0 1 4 0 0 1 1 A E 3 0 0 0 0 0 0 4 1 0 0 0 E A 3 02BrSaKl_table8_l680
1120.42978 0.002 0 0 0 1 0 -1 8 1 0 1 1 E E 3 0 0 0 0 0 0 8 2 0 0 0 E A 3 02BrSaKl_table8_l681
1120.50634 0.002 0 0 0 1 0 -1 14 3 0 1 1 A E 3 0 0 0 0 0 0 14 4 0 0 0 E A 3 02BrSaKl_table8_l683
1120.55889 0.002 0 0 0 1 0 -1 11 2 0 1 1 E E 2 0 0 0 0 0 0 11 3 0 0 0 A A 1 02BrSaKl_table8_l685
1120.73397 0.002 0 0 0 1 0 1 5 0 0 1 1 A E 3 0 0 0 0 0 0 5 1 0 0 0 E A 3 02BrSaKl_table8_l686
1120.93019 0.002 0 0 0 1 0 -1 9 1 0 1 1 E E 3 0 0 0 0 0 0 9 2 0 0 0 E A 3 02BrSaKl_table8_l687
1121.1507 0.002 0 0 0 1 0 -1 12 2 0 1 1 E E 1 0 0 0 0 0 0 12 3 0 0 0 A A 2 02BrSaKl_table8_l688
1121.39735 0.002 0 0 0 1 0 -1 10 1 0 1 1 E E 3 0 0 0 0 0 0 10 2 0 0 0 E A 3 02BrSaKl_table8_l689
1121.41446 0.002 0 0 0 1 0 1 3 1 0 1 1 E E 1 0 0 0 0 0 0 3 0 0 0 0 A A 2 02BrSaKl_table8_l690
1121.45243 0.002 0 0 0 1 0 1 7 0 0 1 1 A E 3 0 0 0 0 0 0 7 1 0 0 0 E A 3 02BrSaKl_table8_l691
1121.5319 0.002 0 0 0 1 0 1 4 1 0 1 1 E E 2 0 0 0 0 0 0 4 0 0 0 0 A A 1 02BrSaKl_table8_l692
1121.67747 0.002 0 0 0 1 0 1 5 1 0 1 1 E E 1 0 0 0 0 0 0 5 0 0 0 0 A A 2 02BrSaKl_table8_l693
1121.77883 0.002 0 0 0 1 0 1 8 0 0 1 1 A E 3 0 0 0 0 0 0 8 1 0 0 0 E A 3 02BrSaKl_table8_l694
1121.84621 0.002 0 0 0 1 0 -1 11 1 0 1 1 E E 3 0 0 0 0 0 0 11 2 0 0 0 E A 3 02BrSaKl_table8_l695
1122.2543 0.002 0 0 0 1 0 -1 14 2 0 1 1 E E 1 0 0 0 0 0 0 14 3 0 0 0 A A 2 02BrSaKl_table8_l696
1122.42035 0.002 0 0 0 1 0 1 10 0 0 1 1 A E 3 0 0 0 0 0 0 10 1 0 0 0 E A 3 02BrSaKl_table8_l697
1122.51968 0.002 0 0 0 1 0 1 9 1 0 1 1 E E 1 0 0 0 0 0 0 9 0 0 0 0 A A 2 02BrSaKl_table8_l698
1122.5623 0.002 0 0 0 1 0 -1 17 3 0 1 1 A E 3 0 0 0 0 0 0 17 4 0 0 0 E A 3 02BrSaKl_table8_l699
1122.70872 0.002 0 0 0 1 0 -1 13 1 0 1 1 E E 3 0 0 0 0 0 0 13 2 0 0 0 E A 3 02BrSaKl_table8_l700
1122.75168 0.002 0 0 0 1 0 1 11 0 0 1 1 A E 3 0 0 0 0 0 0 11 1 0 0 0 E A 3 02BrSaKl_table8_l701
1122.83175 0.002 0 0 0 1 0 -1 15 2 0 1 1 E E 2 0 0 0 0 0 0 15 3 0 0 0 A A 1 02BrSaKl_table8_l702
1123.03237 0.002 0 0 0 1 0 1 11 1 0 1 1 E E 1 0 0 0 0 0 0 11 0 0 0 0 A A 2 02BrSaKl_table8_l703
1123.32432 0.002 0 0 0 1 0 1 12 1 0 1 1 E E 2 0 0 0 0 0 0 12 0 0 0 0 A A 1 02BrSaKl_table8_l704
1123.70349 0.002 0 0 0 1 0 1 14 0 0 1 1 A E 3 0 0 0 0 0 0 14 1 0 0 0 E A 3 02BrSaKl_table8_l705
1124.01484 0.002 0 0 0 1 0 1 15 0 0 1 1 A E 3 0 0 0 0 0 0 15 1 0 0 0 E A 3 02BrSaKl_table8_l706
1124.03738 0.002 0 0 0 1 0 1 2 2 0 1 1 E E 3 0 0 0 0 0 0 2 1 0 0 0 E A 3 02BrSaKl_table8_l707
1124.35076 0.002 0 0 0 1 0 1 16 0 0 1 1 A E 3 0 0 0 0 0 0 16 1 0 0 0 E A 3 02BrSaKl_table8_l708
1124.78791 0.002 0 0 0 1 0 1 3 2 0 1 1 E E 3 0 0 0 0 0 0 3 1 0 0 0 E A 3 02BrSaKl_table8_l710
-1125.91704 0.002 0 0 0 1 0 1 4 3 0 1 1 A E 3 0 0 0 0 0 0 4 1 0 0 0 E A 3 02BrSaKl_table8_l712
1126.54939 0.002 0 0 0 1 0 1 3 3 0 1 1 A E 3 0 0 0 0 0 0 3 2 0 0 0 E A 3 02BrSaKl_table8_l713
1127.18054 0.002 0 0 0 1 0 1 5 3 0 1 1 A E 3 0 0 0 0 0 0 5 1 0 0 0 E A 3 02BrSaKl_table8_l714
1127.40555 0.002 0 0 0 1 0 1 5 2 0 1 1 E E 3 0 0 0 0 0 0 5 1 0 0 0 E A 3 02BrSaKl_table8_l715
1127.48189 0.002 0 0 0 1 0 1 4 2 0 1 1 E E 3 0 0 0 0 0 0 4 2 0 0 0 E A 3 02BrSaKl_table8_l716
-1127.5089 0.002 0 0 0 1 0 1 4 3 0 1 1 A E 3 0 0 0 0 0 0 4 2 0 0 0 E A 3 02BrSaKl_table8_l717
1128.76675 0.002 0 0 0 1 0 1 5 3 0 1 1 A E 3 0 0 0 0 0 0 5 2 0 0 0 E A 3 02BrSaKl_table8_l721
1128.80572 0.002 0 0 0 1 0 1 6 3 0 1 1 A E 3 0 0 0 0 0 0 6 1 0 0 0 E A 3 02BrSaKl_table8_l722
1129.27369 0.002 0 0 0 1 0 1 6 2 0 1 1 E E 3 0 0 0 0 0 0 6 1 0 0 0 E A 3 02BrSaKl_table8_l723
1130.15215 0.002 0 0 0 1 0 1 5 4 0 1 1 E E 2 0 0 0 0 0 0 5 3 0 0 0 A A 1 02BrSaKl_table8_l724
1130.17154 0.002 0 0 0 1 0 1 5 4 0 1 1 E E 1 0 0 0 0 0 0 5 3 0 0 0 A A 2 02BrSaKl_table8_l725
1130.38599 0.002 0 0 0 1 0 1 6 3 0 1 1 A E 3 0 0 0 0 0 0 6 2 0 0 0 E A 3 02BrSaKl_table8_l726
1130.52295 0.002 0 0 0 1 0 1 1 1 0 1 1 E E 2 0 0 0 0 0 0 0 0 0 0 0 A A 1 02BrSaKl_table8_l727
1131.41028 0.002 0 0 0 1 0 1 5 5 0 1 1 E E 3 0 0 0 0 0 0 5 4 0 0 0 E A 3 02BrSaKl_table8_l729
1131.60134 0.002 0 0 0 1 0 1 6 4 0 1 1 E E 1 0 0 0 0 0 0 6 3 0 0 0 A A 2 02BrSaKl_table8_l730
1131.64518 0.002 0 0 0 1 0 1 6 4 0 1 1 E E 2 0 0 0 0 0 0 6 3 0 0 0 A A 1 02BrSaKl_table8_l731
1132.3487 0.002 0 0 0 1 0 1 7 3 0 1 1 A E 3 0 0 0 0 0 0 7 2 0 0 0 E A 3 02BrSaKl_table8_l732
1133.06578 0.002 0 0 0 1 0 1 8 3 0 1 1 A E 3 0 0 0 0 0 0 8 1 0 0 0 E A 3 02BrSaKl_table8_l733
1133.75295 0.002 0 0 0 1 0 1 6 6 0 1 1 A E 3 0 0 0 0 0 0 6 5 0 0 0 E A 3 02BrSaKl_table8_l735
1133.95114 0.002 0 0 0 1 0 1 8 2 0 1 1 E E 3 0 0 0 0 0 0 8 1 0 0 0 E A 3 02BrSaKl_table8_l736
1134.43331 0.002 0 0 0 1 0 1 7 5 0 1 1 E E 3 0 0 0 0 0 0 7 4 0 0 0 E A 3 02BrSaKl_table8_l737
1135.33094 0.002 0 0 0 1 0 1 7 6 0 1 1 A E 3 0 0 0 0 0 0 7 5 0 0 0 E A 3 02BrSaKl_table8_l738
1135.43558 0.002 0 0 0 1 0 1 8 4 0 1 1 E E 1 0 0 0 0 0 0 8 3 0 0 0 A A 2 02BrSaKl_table8_l739
1135.56682 0.005269 0 0 0 1 0 1 8 4 0 1 1 E E 2 0 0 0 0 0 0 8 3 0 0 0 A A 1 02BrSaKl_table8_l740
1136.03501 0.002 0 0 0 1 0 1 7 7 0 1 1 E E 2 0 0 0 0 0 0 7 6 0 0 0 A A 1 02BrSaKl_table8_l741
1136.38929 0.002 0 0 0 1 0 1 8 5 0 1 1 E E 3 0 0 0 0 0 0 8 4 0 0 0 E A 3 02BrSaKl_table8_l742
1136.68013 0.002 0 0 0 1 0 1 9 2 0 1 1 E E 3 0 0 0 0 0 0 9 1 0 0 0 E A 3 02BrSaKl_table8_l743
1137.18791 0.002 0 0 0 1 0 1 8 6 0 1 1 A E 3 0 0 0 0 0 0 8 5 0 0 0 E A 3 02BrSaKl_table8_l745
935.60715 0.002 0 2 0 0 0 0 4 2 0 0 0 E A 3 0 1 0 0 0 0 5 2 0 0 0 E A 3 02BrSaKl_table9_l9
935.12914 0.002 0 2 0 0 0 0 4 1 0 0 0 E A 3 0 1 0 0 0 0 5 1 0 0 0 E A 3 02BrSaKl_table9_l8
934.9703 0.002 0 2 0 0 0 0 4 0 0 0 0 A A 1 0 1 0 0 0 0 5 0 0 0 0 A A 2 02BrSaKl_table9_l7
1069.44654 0.002 0 2 0 0 0 0 11 9 0 0 0 A A 1 0 1 0 0 0 0 10 9 0 0 0 A A 2 02BrSaKl_table9_l62
1058.79835 0.002 0 2 0 0 0 0 11 2 0 0 0 E A 3 0 1 0 0 0 0 10 2 0 0 0 E A 3 02BrSaKl_table9_l61
1058.40343 0.002 0 2 0 0 0 0 11 1 0 0 0 E A 3 0 1 0 0 0 0 10 1 0 0 0 E A 3 02BrSaKl_table9_l60
925.7049 0.002 0 2 0 0 0 0 5 2 0 0 0 E A 3 0 1 0 0 0 0 6 2 0 0 0 E A 3 02BrSaKl_table9_l6
1055.67702 0.002 0 2 0 0 0 0 10 5 0 0 0 E A 3 0 1 0 0 0 0 9 5 0 0 0 E A 3 02BrSaKl_table9_l59
1054.43136 0.002 0 2 0 0 0 0 10 4 0 0 0 E A 3 0 1 0 0 0 0 9 4 0 0 0 E A 3 02BrSaKl_table9_l58
1052.79285 0.002 0 2 0 0 0 0 10 2 0 0 0 E A 3 0 1 0 0 0 0 9 2 0 0 0 E A 3 02BrSaKl_table9_l57
1052.38695 0.002 0 2 0 0 0 0 10 1 0 0 0 E A 3 0 1 0 0 0 0 9 1 0 0 0 E A 3 02BrSaKl_table9_l56
1052.25199 0.002 0 2 0 0 0 0 10 0 0 0 0 A A 1 0 1 0 0 0 0 9 0 0 0 0 A A 2 02BrSaKl_table9_l55
1051.15218 0.002 0 2 0 0 0 0 9 6 0 0 0 A A 1 0 1 0 0 0 0 8 6 0 0 0 A A 2 02BrSaKl_table9_l54
1049.57061 0.002 0 2 0 0 0 0 9 5 0 0 0 E A 3 0 1 0 0 0 0 8 5 0 0 0 E A 3 02BrSaKl_table9_l53
1048.29222 0.002 0 2 0 0 0 0 9 4 0 0 0 E A 3 0 1 0 0 0 0 8 4 0 0 0 E A 3 02BrSaKl_table9_l52
1047.32071 0.002 0 2 0 0 0 0 9 3 0 0 0 A A 1 0 1 0 0 0 0 8 3 0 0 0 A A 2 02BrSaKl_table9_l51
1046.61023 0.002 0 2 0 0 0 0 9 2 0 0 0 E A 3 0 1 0 0 0 0 8 2 0 0 0 E A 3 02BrSaKl_table9_l50
916.33361 0.002 0 2 0 0 0 0 6 3 0 0 0 A A 1 0 1 0 0 0 0 7 3 0 0 0 A A 2 02BrSaKl_table9_l5
1046.19361 0.002 0 2 0 0 0 0 9 1 0 0 0 E A 3 0 1 0 0 0 0 8 1 0 0 0 E A 3 02BrSaKl_table9_l49
1046.05511 0.002 0 2 0 0 0 0 9 0 0 0 0 A A 2 0 1 0 0 0 0 8 0 0 0 0 A A 1 02BrSaKl_table9_l48
1043.26911 0.002 0 2 0 0 0 0 8 5 0 0 0 E A 3 0 1 0 0 0 0 7 5 0 0 0 E A 3 02BrSaKl_table9_l47
1039.81086 0.002 0 2 0 0 0 0 8 1 0 0 0 E A 3 0 1 0 0 0 0 7 1 0 0 0 E A 3 02BrSaKl_table9_l46
1039.66893 0.002 0 2 0 0 0 0 8 0 0 0 0 A A 1 0 1 0 0 0 0 7 0 0 0 0 A A 2 02BrSaKl_table9_l45
1038.40966 0.002 0 2 0 0 0 0 7 6 0 0 0 A A 1 0 1 0 0 0 0 6 6 0 0 0 A A 2 02BrSaKl_table9_l44
1035.42225 0.002 0 2 0 0 0 0 7 4 0 0 0 E A 3 0 1 0 0 0 0 6 4 0 0 0 E A 3 02BrSaKl_table9_l43
1033.22618 0.002 0 2 0 0 0 0 7 1 0 0 0 E A 3 0 1 0 0 0 0 6 1 0 0 0 E A 3 02BrSaKl_table9_l42
1033.08115 0.002 0 2 0 0 0 0 7 0 0 0 0 A A 2 0 1 0 0 0 0 6 0 0 0 0 A A 1 02BrSaKl_table9_l41
1026.87198 0.002 0 2 0 0 0 0 6 2 0 0 0 E A 3 0 1 0 0 0 0 5 2 0 0 0 E A 3 02BrSaKl_table9_l40
915.08401 0.002 0 2 0 0 0 0 6 1 0 0 0 E A 3 0 1 0 0 0 0 7 1 0 0 0 E A 3 02BrSaKl_table9_l4
1026.42745 0.002 0 2 0 0 0 0 6 1 0 0 0 E A 3 0 1 0 0 0 0 5 1 0 0 0 E A 3 02BrSaKl_table9_l39
1020.61266 0.002 0 2 0 0 0 0 5 3 0 0 0 A A 1 0 1 0 0 0 0 4 3 0 0 0 A A 2 02BrSaKl_table9_l38
1019.85582 0.002 0 2 0 0 0 0 5 2 0 0 0 E A 3 0 1 0 0 0 0 4 2 0 0 0 E A 3 02BrSaKl_table9_l37
1019.40363 0.002 0 2 0 0 0 0 5 1 0 0 0 E A 3 0 1 0 0 0 0 4 1 0 0 0 E A 3 02BrSaKl_table9_l36
1013.37131 0.002 0 2 0 0 0 0 4 3 0 0 0 A A 2 0 1 0 0 0 0 3 3 0 0 0 A A 1 02BrSaKl_table9_l35
1012.14468 0.002 0 2 0 0 0 0 4 1 0 0 0 E A 3 0 1 0 0 0 0 3 1 0 0 0 E A 3 02BrSaKl_table9_l34
1011.99204 0.002 0 2 0 0 0 0 4 0 0 0 0 A A 1 0 1 0 0 0 0 3 0 0 0 0 A A 2 02BrSaKl_table9_l33
1004.64143 0.002 0 2 0 0 0 0 3 1 0 0 0 E A 3 0 1 0 0 0 0 2 1 0 0 0 E A 3 02BrSaKl_table9_l32
1004.48708 0.002 0 2 0 0 0 0 3 0 0 0 0 A A 2 0 1 0 0 0 0 2 0 0 0 0 A A 1 02BrSaKl_table9_l31
996.88658 0.002 0 2 0 0 0 0 2 1 0 0 0 E A 3 0 1 0 0 0 0 1 1 0 0 0 E A 3 02BrSaKl_table9_l30
914.92904 0.002 0 2 0 0 0 0 6 0 0 0 0 A A 1 0 1 0 0 0 0 7 0 0 0 0 A A 2 02BrSaKl_table9_l3
996.73038 0.002 0 2 0 0 0 0 2 0 0 0 0 A A 1 0 1 0 0 0 0 1 0 0 0 0 A A 2 02BrSaKl_table9_l29
980.47839 0.002 0 2 0 0 0 0 6 6 0 0 0 A A 1 0 1 0 0 0 0 6 6 0 0 0 A A 2 02BrSaKl_table9_l28
980.35646 0.002 0 2 0 0 0 0 5 5 0 0 0 E A 3 0 1 0 0 0 0 5 5 0 0 0 E A 3 02BrSaKl_table9_l27
980.2791 0.002 0 2 0 0 0 0 4 4 0 0 0 E A 3 0 1 0 0 0 0 4 4 0 0 0 E A 3 02BrSaKl_table9_l26
980.26262 0.002 0 2 0 0 0 0 2 2 0 0 0 E A 3 0 1 0 0 0 0 2 2 0 0 0 E A 3 02BrSaKl_table9_l25
980.24757 0.002 0 2 0 0 0 0 3 3 0 0 0 A A 1 0 1 0 0 0 0 3 3 0 0 0 A A 2 02BrSaKl_table9_l24
979.78801 0.002 0 2 0 0 0 0 2 1 0 0 0 E A 3 0 1 0 0 0 0 2 1 0 0 0 E A 3 02BrSaKl_table9_l23
979.17504 0.002 0 2 0 0 0 0 4 3 0 0 0 A A 2 0 1 0 0 0 0 4 3 0 0 0 A A 1 02BrSaKl_table9_l22
978.93843 0.002 0 2 0 0 0 0 5 4 0 0 0 E A 3 0 1 0 0 0 0 5 4 0 0 0 E A 3 02BrSaKl_table9_l21
978.59831 0.002 0 2 0 0 0 0 7 6 0 0 0 A A 2 0 1 0 0 0 0 7 6 0 0 0 A A 1 02BrSaKl_table9_l20
905.15928 0.002 0 2 0 0 0 0 7 2 0 0 0 E A 3 0 1 0 0 0 0 8 2 0 0 0 E A 3 02BrSaKl_table9_l2
977.34672 0.002 0 2 0 0 0 0 6 4 0 0 0 E A 3 0 1 0 0 0 0 6 4 0 0 0 E A 3 02BrSaKl_table9_l19
976.89261 0.002 0 2 0 0 0 0 7 5 0 0 0 E A 3 0 1 0 0 0 0 7 5 0 0 0 E A 3 02BrSaKl_table9_l18
976.48155 0.002 0 2 0 0 0 0 8 6 0 0 0 A A 2 0 1 0 0 0 0 8 6 0 0 0 A A 1 02BrSaKl_table9_l17
976.11078 0.002 0 2 0 0 0 0 9 7 0 0 0 E A 3 0 1 0 0 0 0 9 7 0 0 0 E A 3 02BrSaKl_table9_l16
975.77817 0.002 0 2 0 0 0 0 10 8 0 0 0 E A 3 0 1 0 0 0 0 10 8 0 0 0 E A 3 02BrSaKl_table9_l15
975.48037 0.002 0 2 0 0 0 0 11 9 0 0 0 A A 2 0 1 0 0 0 0 11 9 0 0 0 A A 1 02BrSaKl_table9_l14
974.146 0.002 0 2 0 0 0 0 9 6 0 0 0 A A 1 0 1 0 0 0 0 9 6 0 0 0 A A 2 02BrSaKl_table9_l13
973.46039 0.002 0 2 0 0 0 0 8 4 0 0 0 E A 3 0 1 0 0 0 0 8 4 0 0 0 E A 3 02BrSaKl_table9_l12
944.60562 0.002 0 2 0 0 0 0 3 0 0 0 0 A A 2 0 1 0 0 0 0 4 0 0 0 0 A A 1 02BrSaKl_table9_l11
936.40816 0.002 0 2 0 0 0 0 4 3 0 0 0 A A 1 0 1 0 0 0 0 5 3 0 0 0 A A 2 02BrSaKl_table9_l10
904.70123 0.002 0 2 0 0 0 0 7 1 0 0 0 E A 3 0 1 0 0 0 0 8 1 0 0 0 E A 3 02BrSaKl_table9_l1
933.8776 0.002 0 1 0 0 0 0 5 1 0 0 0 E A 3 0 0 0 0 0 0 6 1 0 0 0 E A 3 02BrSaKl_table8_l99
933.69179 0.002 0 1 0 0 0 0 5 0 0 0 0 A A 2 0 0 0 0 0 0 6 0 0 0 0 A A 1 02BrSaKl_table8_l98
1137.1993 0.002 0 0 0 1 0 1 9 3 0 1 1 A E 3 0 0 0 0 0 0 9 2 0 0 0 E A 3 02BrSaKl_table8_l746
1137.21493 0.002 0 0 0 1 0 1 2 0 0 1 1 A E 3 0 0 0 0 0 0 1 1 0 0 0 E A 3 02BrSaKl_table8_l747
1137.82365 0.002 0 0 0 1 0 1 8 7 0 1 1 E E 1 0 0 0 0 0 0 8 6 0 0 0 A A 2 02BrSaKl_table8_l748
929.72019 0.002 0 1 0 0 0 0 6 6 0 0 0 A A 1 0 0 0 0 0 0 7 6 0 0 0 A A 2 02BrSaKl_table8_l97
1138.25203 0.002 0 0 0 1 0 1 8 8 0 1 1 E E 3 0 0 0 0 0 0 8 7 0 0 0 E A 3 02BrSaKl_table8_l749
1138.63725 0.002 0 0 0 1 0 1 9 5 0 1 1 E E 3 0 0 0 0 0 0 9 4 0 0 0 E A 3 02BrSaKl_table8_l750
1139.32458 0.002 0 0 0 1 0 1 9 6 0 1 1 A E 3 0 0 0 0 0 0 9 5 0 0 0 E A 3 02BrSaKl_table8_l751
1139.62385 0.002 0 0 0 1 0 1 10 2 0 1 1 E E 3 0 0 0 0 0 0 10 1 0 0 0 E A 3 02BrSaKl_table8_l753
927.56674 0.002 0 1 0 0 0 0 6 5 0 0 0 E A 3 0 0 0 0 0 0 7 5 0 0 0 E A 3 02BrSaKl_table8_l96
1139.87262 0.002 0 0 0 1 0 1 9 7 0 1 1 E E 1 0 0 0 0 0 0 9 6 0 0 0 A A 2 02BrSaKl_table8_l754
1139.88005 0.002 0 0 0 1 0 1 9 7 0 1 1 E E 2 0 0 0 0 0 0 9 6 0 0 0 A A 1 02BrSaKl_table8_l755
1140.25322 0.002 0 0 0 1 0 1 9 8 0 1 1 E E 3 0 0 0 0 0 0 9 7 0 0 0 E A 3 02BrSaKl_table8_l757
925.85551 0.002 0 1 0 0 0 0 6 4 0 0 0 E A 3 0 0 0 0 0 0 7 4 0 0 0 E A 3 02BrSaKl_table8_l95
1140.40251 0.002 0 0 0 1 0 1 9 9 0 1 1 A E 3 0 0 0 0 0 0 9 8 0 0 0 E A 3 02BrSaKl_table8_l758
1140.42637 0.002 0 0 0 1 0 1 10 4 0 1 1 E E 1 0 0 0 0 0 0 10 3 0 0 0 A A 2 02BrSaKl_table8_l759
1140.6959 0.002 0 0 0 1 0 1 10 4 0 1 1 E E 2 0 0 0 0 0 0 10 3 0 0 0 A A 1 02BrSaKl_table8_l760
923.09737 0.002 0 1 0 0 0 0 6 1 0 0 0 E A 3 0 0 0 0 0 0 7 1 0 0 0 E A 3 02BrSaKl_table8_l94
1141.44978 0.002 0 0 0 1 0 1 10 1 0 1 1 E E 2 0 0 0 0 0 0 10 6 0 0 0 A A 1 02BrSaKl_table8_l761
1141.7323 0.002 0 0 0 1 0 1 10 6 0 1 1 A E 3 0 0 0 0 0 0 10 5 0 0 0 E A 3 02BrSaKl_table8_l762
1142.19843 0.002 0 0 0 1 0 1 10 7 0 1 1 E E 1 0 0 0 0 0 0 10 6 0 0 0 A A 2 02BrSaKl_table8_l763
1142.23786 0.002 0 0 0 1 0 1 10 7 0 1 1 E E 2 0 0 0 0 0 0 10 6 0 0 0 A A 1 02BrSaKl_table8_l764
1142.48386 0.002 0 0 0 1 0 1 10 10 0 1 1 E E 1 0 0 0 0 0 0 10 9 0 0 0 A A 2 02BrSaKl_table8_l765
922.91744 0.002 0 1 0 0 0 0 6 0 0 0 0 A A 1 0 0 0 0 0 0 7 0 0 0 0 A A 2 02BrSaKl_table8_l93
1142.50662 0.002 0 0 0 1 0 1 10 8 0 1 1 E E 3 0 0 0 0 0 0 10 7 0 0 0 E A 3 02BrSaKl_table8_l766
1142.61684 0.002 0 0 0 1 0 1 10 9 0 1 1 A E 3 0 0 0 0 0 0 10 8 0 0 0 E A 3 02BrSaKl_table8_l767
1142.75475 0.002 0 0 0 1 0 1 11 2 0 1 1 E E 3 0 0 0 0 0 0 11 1 0 0 0 E A 3 02BrSaKl_table8_l768
1143.05011 0.002 0 0 0 1 0 1 11 3 0 1 1 A E 3 0 0 0 0 0 0 11 2 0 0 0 E A 3 02BrSaKl_table8_l769
920.99349 0.002 0 1 0 0 0 0 7 7 0 0 0 E A 3 0 0 0 0 0 0 8 7 0 0 0 E A 3 02BrSaKl_table8_l92
1143.28576 0.002 0 0 0 1 0 1 11 4 0 1 1 E E 2 0 0 0 0 0 0 11 3 0 0 0 A A 1 02BrSaKl_table8_l770
1143.64304 0.002 0 0 0 1 0 1 11 4 0 1 1 E E 1 0 0 0 0 0 0 11 3 0 0 0 A A 2 02BrSaKl_table8_l771
1143.93274 0.002 0 0 0 1 0 1 11 5 0 1 1 E E 3 0 0 0 0 0 0 11 4 0 0 0 E A 3 02BrSaKl_table8_l772
1144.05899 0.002 0 0 0 1 0 -1 3 1 0 1 1 E E 3 0 0 0 0 0 0 2 2 0 0 0 E A 3 02BrSaKl_table8_l773
918.46213 0.002 0 1 0 0 0 0 7 6 0 0 0 A A 2 0 0 0 0 0 0 8 6 0 0 0 A A 1 02BrSaKl_table8_l91
1144.39328 0.002 0 0 0 1 0 1 11 6 0 1 1 A E 3 0 0 0 0 0 0 11 5 0 0 0 E A 3 02BrSaKl_table8_l774
1144.49409 0.002 0 0 0 1 0 1 11 11 0 1 1 E E 3 0 0 0 0 0 0 11 10 0 0 0 E A 3 02BrSaKl_table8_l775
1144.76707 0.002 0 0 0 1 0 1 11 7 0 1 1 E E 2 0 0 0 0 0 0 11 6 0 0 0 A A 1 02BrSaKl_table8_l776
1144.78786 0.002 0 0 0 1 0 1 11 7 0 1 1 E E 1 0 0 0 0 0 0 11 6 0 0 0 A A 2 02BrSaKl_table8_l777
1144.91233 0.002 0 0 0 1 0 1 11 10 0 1 1 E E 2 0 0 0 0 0 0 11 9 0 0 0 A A 1 02BrSaKl_table8_l778
1144.99358 0.002 0 0 0 1 0 1 11 8 0 1 1 E E 3 0 0 0 0 0 0 11 7 0 0 0 E A 3 02BrSaKl_table8_l779
914.74676 0.002 0 1 0 0 0 0 7 4 0 0 0 E A 3 0 0 0 0 0 0 8 4 0 0 0 E A 3 02BrSaKl_table8_l90
837.24447 0.002 0 1 0 0 0 0 14 7 0 0 0 E A 3 0 0 0 0 0 0 15 7 0 0 0 E A 3 02BrSaKl_table8_l9
1145.06952 0.002 0 0 0 1 0 1 11 9 0 1 1 A E 3 0 0 0 0 0 0 11 8 0 0 0 E A 3 02BrSaKl_table8_l780
1146.26862 0.002 0 0 0 1 0 1 12 3 0 1 1 A E 3 0 0 0 0 0 0 12 2 0 0 0 E A 3 02BrSaKl_table8_l781
1146.34468 0.002 0 0 0 1 0 1 12 4 0 1 1 E E 1 0 0 0 0 0 0 12 3 0 0 0 A A 2 02BrSaKl_table8_l782
1146.43083 0.002 0 0 0 1 0 1 12 12 0 1 1 A E 3 0 0 0 0 0 0 12 11 0 0 0 E A 3 02BrSaKl_table8_l783
912.61191 0.002 0 1 0 0 0 0 7 2 0 0 0 E A 3 0 0 0 0 0 0 8 2 0 0 0 E A 3 02BrSaKl_table8_l89
1146.92678 0.002 0 0 0 1 0 1 12 5 0 1 1 E E 3 0 0 0 0 0 0 12 4 0 0 0 E A 3 02BrSaKl_table8_l784
1147.13788 0.002 0 0 0 1 0 1 12 11 0 1 1 E E 3 0 0 0 0 0 0 12 10 0 0 0 E A 3 02BrSaKl_table8_l785
1147.28389 0.002 0 0 0 1 0 1 12 6 0 1 1 A E 3 0 0 0 0 0 0 12 5 0 0 0 E A 3 02BrSaKl_table8_l786
1147.56467 0.002 0 0 0 1 0 1 12 10 0 1 1 E E 1 0 0 0 0 0 0 12 9 0 0 0 A A 2 02BrSaKl_table8_l787
912.32075 0.002 0 1 0 0 0 0 8 8 0 0 0 E A 3 0 0 0 0 0 0 9 8 0 0 0 E A 3 02BrSaKl_table8_l88
1147.58902 0.002 0 0 0 1 0 1 12 7 0 1 1 E E 2 0 0 0 0 0 0 12 6 0 0 0 A A 1 02BrSaKl_table8_l788
1147.74529 0.002 0 0 0 1 0 1 12 9 0 1 1 A E 3 0 0 0 0 0 0 12 8 0 0 0 E A 3 02BrSaKl_table8_l789
1149.29192 0.003485 0 0 0 1 0 1 13 12 0 1 1 A E 3 0 0 0 0 0 0 13 11 0 0 0 E A 3 02BrSaKl_table8_l791
912.08843 0.002 0 1 0 0 0 0 7 1 0 0 0 E A 3 0 0 0 0 0 0 8 1 0 0 0 E A 3 02BrSaKl_table8_l87
1149.98927 0.003485 0 0 0 1 0 1 13 11 0 1 1 E E 3 0 0 0 0 0 0 13 10 0 0 0 E A 3 02BrSaKl_table8_l792
1150.07628 0.003485 0 0 0 1 0 1 14 14 0 1 1 E E 3 0 0 0 0 0 0 14 13 0 0 0 E A 3 02BrSaKl_table8_l793
1150.11335 0.003485 0 0 0 1 0 1 13 5 0 1 1 E E 3 0 0 0 0 0 0 13 4 0 0 0 E A 3 02BrSaKl_table8_l794
911.91482 0.002 0 1 0 0 0 0 7 0 0 0 0 A A 2 0 0 0 0 0 0 8 0 0 0 0 A A 1 02BrSaKl_table8_l86
1150.17887 0.003485 0 0 0 1 0 1 3 1 0 1 1 E E 2 0 0 0 0 0 0 2 0 0 0 0 A A 1 02BrSaKl_table8_l795
1150.37929 0.003485 0 0 0 1 0 1 13 6 0 1 1 A E 3 0 0 0 0 0 0 13 5 0 0 0 E A 3 02BrSaKl_table8_l796
1150.42174 0.003485 0 0 0 1 0 1 13 10 0 1 1 E E 2 0 0 0 0 0 0 13 9 0 0 0 A A 1 02BrSaKl_table8_l797
1150.60319 0.003485 0 0 0 1 0 1 13 7 0 1 1 E E 1 0 0 0 0 0 0 13 6 0 0 0 A A 2 02BrSaKl_table8_l798
1150.61118 0.003485 0 0 0 1 0 1 13 9 0 1 1 A E 3 0 0 0 0 0 0 13 8 0 0 0 E A 3 02BrSaKl_table8_l799
909.41466 0.002 0 1 0 0 0 0 8 7 0 0 0 E A 3 0 0 0 0 0 0 9 7 0 0 0 E A 3 02BrSaKl_table8_l85
1150.7245 0.007998 0 0 0 1 0 1 13 8 0 1 1 E E 3 0 0 0 0 0 0 13 7 0 0 0 E A 3 02BrSaKl_table8_l800
1151.37222 0.007998 0 0 0 1 0 1 14 13 0 1 1 E E 1 0 0 0 0 0 0 14 12 0 0 0 A A 2 02BrSaKl_table8_l801
1151.48936 0.007998 0 0 0 1 0 1 3 2 0 1 1 E E 3 0 0 0 0 0 0 2 1 0 0 0 E A 3 02BrSaKl_table8_l802
1152.343 0.007998 0 0 0 1 0 1 14 12 0 1 1 A E 3 0 0 0 0 0 0 14 11 0 0 0 E A 3 02BrSaKl_table8_l803
906.99464 0.002 0 1 0 0 0 0 8 6 0 0 0 A A 1 0 0 0 0 0 0 9 6 0 0 0 A A 2 02BrSaKl_table8_l84
1153.2533 0.007998 0 0 0 1 0 1 3 3 0 1 1 A E 3 0 0 0 0 0 0 2 2 0 0 0 E A 3 02BrSaKl_table8_l804
1153.46537 0.007998 0 0 0 1 0 1 14 5 0 1 1 E E 3 0 0 0 0 0 0 14 4 0 0 0 E A 3 02BrSaKl_table8_l805
905.01305 0.002 0 1 0 0 0 0 8 5 0 0 0 E A 3 0 0 0 0 0 0 9 5 0 0 0 E A 3 02BrSaKl_table8_l83
1153.58284 0.007998 0 0 0 1 0 -1 4 1 0 1 1 E E 3 0 0 0 0 0 0 3 2 0 0 0 E A 3 02BrSaKl_table8_l806
1153.65272 0.007998 0 0 0 1 0 1 14 6 0 1 1 A E 3 0 0 0 0 0 0 14 5 0 0 0 E A 3 02BrSaKl_table8_l807
1153.77341 0.007998 0 0 0 1 0 1 14 7 0 1 1 E E 1 0 0 0 0 0 0 14 6 0 0 0 A A 2 02BrSaKl_table8_l808
1153.85038 0.007998 0 0 0 1 0 1 14 8 0 1 1 E E 3 0 0 0 0 0 0 14 7 0 0 0 E A 3 02BrSaKl_table8_l809
903.70125 0.002 0 1 0 0 0 0 9 9 0 0 0 A A 2 0 0 0 0 0 0 10 9 0 0 0 A A 1 02BrSaKl_table8_l82
1154.62368 0.002 0 0 0 1 0 1 15 13 0 1 1 E E 2 0 0 0 0 0 0 15 12 0 0 0 A A 1 02BrSaKl_table8_l810
1157.07513 0.002 0 1 0 0 0 0 19 18 0 0 0 A A 2 0 0 0 0 0 0 18 18 0 0 0 A A 1 02BrSaKl_table8_l815
1155.90244 0.002 0 0 0 1 0 1 4 0 0 1 1 A E 3 0 0 0 0 0 0 3 1 0 0 0 E A 3 02BrSaKl_table8_l811
903.43365 0.002 0 1 0 0 0 0 8 4 0 0 0 E A 3 0 0 0 0 0 0 9 4 0 0 0 E A 3 02BrSaKl_table8_l81
1156.58861 0.002 0 0 0 1 0 1 15 10 0 1 1 E E 1 0 0 0 0 0 0 15 9 0 0 0 A A 2 02BrSaKl_table8_l812
1156.60388 0.002 0 0 0 1 0 1 15 10 0 1 1 E E 2 0 0 0 0 0 0 15 9 0 0 0 A A 1 02BrSaKl_table8_l813
1156.95766 0.002 0 0 0 1 0 1 15 5 0 1 1 E E 3 0 0 0 0 0 0 15 4 0 0 0 E A 3 02BrSaKl_table8_l814
1157.09337 0.002 0 0 0 1 0 1 15 9 0 1 1 A E 3 0 0 0 0 0 0 15 8 0 0 0 E A 3 02BrSaKl_table8_l816
902.23125 0.007998 0 1 0 0 0 0 8 3 0 0 0 A A 2 0 0 0 0 0 0 9 3 0 0 0 A A 1 02BrSaKl_table8_l80
835.45658 0.002 0 1 0 0 0 0 14 6 0 0 0 A A 2 0 0 0 0 0 0 15 6 0 0 0 A A 1 02BrSaKl_table8_l8
1157.13062 0.002 0 0 0 1 0 1 15 7 0 1 1 E E 2 0 0 0 0 0 0 15 6 0 0 0 A A 1 02BrSaKl_table8_l817
1157.15229 0.002 0 0 0 1 0 1 15 8 0 1 1 E E 3 0 0 0 0 0 0 15 7 0 0 0 E A 3 02BrSaKl_table8_l818
1157.17062 0.002 0 0 0 1 0 1 15 7 0 1 1 E E 1 0 0 0 0 0 0 15 6 0 0 0 A A 2 02BrSaKl_table8_l819
1148.26375 0.003485 0 1 0 0 0 0 18 17 0 0 0 E A 3 0 0 0 0 0 0 17 17 0 0 0 E A 3 02BrSaKl_table8_l790
902.22817 0.003485 0 1 0 0 0 0 8 3 0 0 0 A A 1 0 0 0 0 0 0 9 3 0 0 0 A A 2 02BrSaKl_table8_l79
1159.54136 0.002 0 0 0 1 0 1 16 11 0 1 1 E E 3 0 0 0 0 0 0 16 10 0 0 0 E A 3 02BrSaKl_table8_l820
1160.60137 0.002 0 0 0 1 0 1 16 8 0 1 1 E E 3 0 0 0 0 0 0 16 7 0 0 0 E A 3 02BrSaKl_table8_l821
1161.47712 0.002 0 0 0 1 0 1 4 2 0 1 1 E E 3 0 0 0 0 0 0 3 1 0 0 0 E A 3 02BrSaKl_table8_l822
901.38241 0.002 0 1 0 0 0 0 8 2 0 0 0 E A 3 0 0 0 0 0 0 9 2 0 0 0 E A 3 02BrSaKl_table8_l78
-1161.50406 0.002 0 0 0 1 0 1 4 3 0 1 1 A E 3 0 0 0 0 0 0 3 1 0 0 0 E A 3 02BrSaKl_table8_l823
1161.5449 0.002 0 0 0 1 0 1 17 13 0 1 1 E E 2 0 0 0 0 0 0 17 12 0 0 0 A A 1 02BrSaKl_table8_l824
1162.70273 0.002 0 0 0 1 0 1 17 11 0 1 1 E E 3 0 0 0 0 0 0 17 10 0 0 0 E A 3 02BrSaKl_table8_l825
1163.0731 0.002 0 0 0 1 0 1 4 2 0 1 1 E E 3 0 0 0 0 0 0 3 2 0 0 0 E A 3 02BrSaKl_table8_l826
-1163.10023 0.002 0 0 0 1 0 1 4 3 0 1 1 A E 3 0 0 0 0 0 0 3 2 0 0 0 E A 3 02BrSaKl_table8_l827
900.87889 0.002 0 1 0 0 0 0 8 1 0 0 0 E A 3 0 0 0 0 0 0 9 1 0 0 0 E A 3 02BrSaKl_table8_l77
1164.60226 0.002 0 0 0 1 0 1 4 4 0 1 1 E E 1 0 0 0 0 0 0 3 3 0 0 0 A A 2 02BrSaKl_table8_l828
1164.60832 0.002 0 0 0 1 0 1 4 4 0 1 1 E E 2 0 0 0 0 0 0 3 3 0 0 0 A A 1 02BrSaKl_table8_l829
1165.19472 0.002 0 0 0 1 0 1 5 0 0 1 1 A E 3 0 0 0 0 0 0 4 1 0 0 0 E A 3 02BrSaKl_table8_l830
1165.30979 0.002 0 0 0 1 0 1 4 1 0 1 1 E E 1 0 0 0 0 0 0 3 3 0 0 0 A A 2 02BrSaKl_table8_l831
1171.16061 0.002 0 0 0 1 0 1 5 1 0 1 1 E E 2 0 0 0 0 0 0 4 0 0 0 0 A A 1 02BrSaKl_table8_l832
900.7118 0.002 0 1 0 0 0 0 8 0 0 0 0 A A 1 0 0 0 0 0 0 9 0 0 0 0 A A 2 02BrSaKl_table8_l76
1139.98432 0.002 0 1 0 0 0 0 19 15 0 0 0 A A 2 0 0 0 0 0 0 18 15 0 0 0 A A 1 02BrSaKl_table8_l756
1171.86593 0.002 0 0 0 1 0 1 5 2 0 1 1 E E 3 0 0 0 0 0 0 4 1 0 0 0 E A 3 02BrSaKl_table8_l833
1173.23231 0.002 0 0 0 1 0 1 5 3 0 1 1 A E 3 0 0 0 0 0 0 4 2 0 0 0 E A 3 02BrSaKl_table8_l834
1139.44278 0.002 0 1 0 0 0 0 17 16 0 0 0 E A 3 0 0 0 0 0 0 16 16 0 0 0 E A 3 02BrSaKl_table8_l752
1173.45788 0.002 0 0 0 1 0 1 5 2 0 1 1 E E 3 0 0 0 0 0 0 4 2 0 0 0 E A 3 02BrSaKl_table8_l835
900.42298 0.002 0 1 0 0 0 0 9 8 0 0 0 E A 3 0 0 0 0 0 0 10 8 0 0 0 E A 3 02BrSaKl_table8_l75
1174.64563 0.002 0 0 0 1 0 1 5 4 0 1 1 E E 1 0 0 0 0 0 0 4 3 0 0 0 A A 2 02BrSaKl_table8_l836
1136.7853 0.002 0 1 0 0 0 0 18 15 0 0 0 A A 1 0 0 0 0 0 0 17 15 0 0 0 A A 2 02BrSaKl_table8_l744
1175.89642 0.002 0 0 0 1 0 1 5 5 0 1 1 E E 3 0 0 0 0 0 0 4 4 0 0 0 E A 3 02BrSaKl_table8_l837
897.65827 0.002 0 1 0 0 0 0 9 7 0 0 0 E A 3 0 0 0 0 0 0 10 7 0 0 0 E A 3 02BrSaKl_table8_l74
1181.0494 0.002 0 0 0 1 0 -1 8 5 0 1 1 E E 1 0 0 0 0 0 0 7 6 0 0 0 A A 2 02BrSaKl_table8_l838
1182.08441 0.002 0 0 0 1 0 1 6 1 0 1 1 E E 1 0 0 0 0 0 0 5 0 0 0 0 A A 2 02BrSaKl_table8_l839
1133.658 0.002 0 1 0 0 0 0 17 15 0 0 0 A A 2 0 0 0 0 0 0 16 15 0 0 0 A A 1 02BrSaKl_table8_l734
1182.59176 0.002 0 0 0 1 0 1 6 2 0 1 1 E E 3 0 0 0 0 0 0 5 1 0 0 0 E A 3 02BrSaKl_table8_l840
895.35083 0.002 0 1 0 0 0 0 9 6 0 0 0 A A 2 0 0 0 0 0 0 10 6 0 0 0 A A 1 02BrSaKl_table8_l73
1183.71027 0.002 0 0 0 1 0 1 6 3 0 1 1 A E 3 0 0 0 0 0 0 5 2 0 0 0 E A 3 02BrSaKl_table8_l841
1130.61803 0.002 0 1 0 0 0 0 16 15 0 0 0 A A 1 0 0 0 0 0 0 15 15 0 0 0 A A 2 02BrSaKl_table8_l728
1184.93596 0.002 0 0 0 1 0 1 6 4 0 1 1 E E 1 0 0 0 0 0 0 5 3 0 0 0 A A 2 02BrSaKl_table8_l842
1184.97955 0.002 0 0 0 1 0 1 6 4 0 1 1 E E 2 0 0 0 0 0 0 5 3 0 0 0 A A 1 02BrSaKl_table8_l843
1128.66702 0.002 0 1 0 0 0 0 17 14 0 0 0 E A 3 0 0 0 0 0 0 16 14 0 0 0 E A 3 02BrSaKl_table8_l720
895.13386 0.002 0 1 0 0 0 0 10 10 0 0 0 E A 3 0 0 0 0 0 0 11 10 0 0 0 E A 3 02BrSaKl_table8_l72
1128.39062 0.002 0 1 0 0 0 0 19 12 0 0 0 A A 2 0 0 0 0 0 0 18 12 0 0 0 A A 1 02BrSaKl_table8_l719
1128.07543 0.002 0 1 0 0 0 0 18 13 0 0 0 E A 3 0 0 0 0 0 0 17 13 0 0 0 E A 3 02BrSaKl_table8_l718
1186.12442 0.002 0 0 0 1 0 1 6 5 0 1 1 E E 3 0 0 0 0 0 0 5 4 0 0 0 E A 3 02BrSaKl_table8_l844
1187.12022 0.002 0 0 0 1 0 1 6 6 0 1 1 A E 3 0 0 0 0 0 0 5 5 0 0 0 E A 3 02BrSaKl_table8_l845
1125.21357 0.002 0 1 0 0 0 0 16 14 0 0 0 E A 3 0 0 0 0 0 0 15 14 0 0 0 E A 3 02BrSaKl_table8_l711
1187.19388 0.002 0 0 0 1 0 1 6 0 0 1 1 A E 3 0 0 0 0 0 0 5 5 0 0 0 E A 3 02BrSaKl_table8_l846
893.45746 0.002 0 1 0 0 0 0 9 5 0 0 0 E A 3 0 0 0 0 0 0 10 5 0 0 0 E A 3 02BrSaKl_table8_l71
1124.44265 0.002 0 1 0 0 0 0 18 12 0 0 0 A A 1 0 0 0 0 0 0 17 12 0 0 0 A A 2 02BrSaKl_table8_l709
1190.70136 0.002 0 0 0 1 0 -1 10 8 0 1 1 E E 1 0 0 0 0 0 0 9 9 0 0 0 A A 2 02BrSaKl_table8_l847
1191.09526 0.002 0 0 0 1 0 -1 9 5 0 1 1 E E 2 0 0 0 0 0 0 8 6 0 0 0 A A 1 02BrSaKl_table8_l848
1193.25982 0.002 0 0 0 1 0 1 7 1 0 1 1 E E 2 0 0 0 0 0 0 6 0 0 0 0 A A 1 02BrSaKl_table8_l849
891.94589 0.002 0 1 0 0 0 0 9 4 0 0 0 E A 3 0 0 0 0 0 0 10 4 0 0 0 E A 3 02BrSaKl_table8_l70
833.97474 0.002 0 1 0 0 0 0 14 5 0 0 0 E A 3 0 0 0 0 0 0 15 5 0 0 0 E A 3 02BrSaKl_table8_l7
1193.62702 0.002 0 0 0 1 0 1 7 2 0 1 1 E E 3 0 0 0 0 0 0 6 1 0 0 0 E A 3 02BrSaKl_table8_l850
1194.51291 0.002 0 0 0 1 0 1 7 3 0 1 1 A E 3 0 0 0 0 0 0 6 2 0 0 0 E A 3 02BrSaKl_table8_l851
1195.54016 0.067332 0 0 0 1 0 1 7 4 0 1 1 E E 2 0 0 0 0 0 0 6 3 0 0 0 A A 1 02BrSaKl_table8_l852
1195.62053 0.027254 0 0 0 1 0 1 7 4 0 1 1 E E 1 0 0 0 0 0 0 6 3 0 0 0 A A 2 02BrSaKl_table8_l853
891.48645 0.002 0 1 0 0 0 0 10 9 0 0 0 A A 1 0 0 0 0 0 0 11 9 0 0 0 A A 2 02BrSaKl_table8_l69
1196.62617 0.002 0 0 0 1 0 1 7 5 0 1 1 E E 3 0 0 0 0 0 0 6 4 0 0 0 E A 3 02BrSaKl_table8_l854
1120.5336 0.002 0 1 0 0 0 0 16 13 0 0 0 E A 3 0 0 0 0 0 0 15 13 0 0 0 E A 3 02BrSaKl_table8_l684
1197.54526 0.002 0 0 0 1 0 1 7 6 0 1 1 A E 3 0 0 0 0 0 0 6 5 0 0 0 E A 3 02BrSaKl_table8_l855
1120.45919 0.002 0 1 0 0 0 0 17 12 0 0 0 A A 2 0 0 0 0 0 0 16 12 0 0 0 A A 1 02BrSaKl_table8_l682
1197.94298 0.002 0 0 0 1 0 -1 10 6 0 1 1 A E 3 0 0 0 0 0 0 9 7 0 0 0 E A 3 02BrSaKl_table8_l856
890.79576 0.002 0 1 0 0 0 0 9 3 0 0 0 A A 1 0 0 0 0 0 0 10 3 0 0 0 A A 2 02BrSaKl_table8_l68
1198.27561 0.002 0 0 0 1 0 1 7 7 0 1 1 E E 2 0 0 0 0 0 0 6 6 0 0 0 A A 1 02BrSaKl_table8_l857
1201.06098 0.002 0 0 0 1 0 -1 10 5 0 1 1 E E 1 0 0 0 0 0 0 9 6 0 0 0 A A 2 02BrSaKl_table8_l858
1201.16521 0.002 0 0 0 1 0 -1 11 8 0 1 1 E E 2 0 0 0 0 0 0 10 9 0 0 0 A A 1 02BrSaKl_table8_l859
1203.85473 0.002 0 0 0 1 0 -1 10 4 0 1 1 E E 3 0 0 0 0 0 0 9 5 0 0 0 E A 3 02BrSaKl_table8_l860
890.78878 0.003041 0 1 0 0 0 0 9 3 0 0 0 A A 2 0 0 0 0 0 0 10 3 0 0 0 A A 1 02BrSaKl_table8_l67
1204.65748 0.002 0 0 0 1 0 1 8 1 0 1 1 E E 1 0 0 0 0 0 0 7 0 0 0 0 A A 2 02BrSaKl_table8_l861
1118.41712 0.002 0 1 0 0 0 0 18 10 0 0 0 E A 3 0 0 0 0 0 0 17 10 0 0 0 E A 3 02BrSaKl_table8_l667
1204.74252 0.002 0 0 0 1 0 -1 11 7 0 1 1 E E 3 0 0 0 0 0 0 10 8 0 0 0 E A 3 02BrSaKl_table8_l862
1204.92614 0.002 0 0 0 1 0 1 8 2 0 1 1 E E 3 0 0 0 0 0 0 7 1 0 0 0 E A 3 02BrSaKl_table8_l863
1205.614 0.002 0 0 0 1 0 1 8 3 0 1 1 A E 3 0 0 0 0 0 0 7 2 0 0 0 E A 3 02BrSaKl_table8_l864
1206.30113 0.002 0 0 0 1 0 -1 10 3 0 1 1 A E 3 0 0 0 0 0 0 9 4 0 0 0 E A 3 02BrSaKl_table8_l865
889.97951 0.002 0 1 0 0 0 0 9 2 0 0 0 E A 3 0 0 0 0 0 0 10 2 0 0 0 E A 3 02BrSaKl_table8_l66
1117.0802 0.002 0 1 0 0 0 0 17 11 0 0 0 E A 3 0 0 0 0 0 0 16 11 0 0 0 E A 3 02BrSaKl_table8_l659
1206.43273 0.004327 0 0 0 1 0 1 8 4 0 1 1 E E 1 0 0 0 0 0 0 7 3 0 0 0 A A 2 02BrSaKl_table8_l866
1206.56253 0.006813 0 0 0 1 0 1 8 4 0 1 1 E E 2 0 0 0 0 0 0 7 3 0 0 0 A A 1 02BrSaKl_table8_l867
1116.75997 0.002 0 1 0 0 0 0 15 13 0 0 0 E A 3 0 0 0 0 0 0 14 13 0 0 0 E A 3 02BrSaKl_table8_l653
1116.44731 0.002 0 1 0 0 0 0 16 12 0 0 0 A A 1 0 0 0 0 0 0 15 12 0 0 0 A A 2 02BrSaKl_table8_l652
1207.40452 0.002 0 0 0 1 0 1 8 5 0 1 1 E E 3 0 0 0 0 0 0 7 4 0 0 0 E A 3 02BrSaKl_table8_l868
889.49622 0.002 0 1 0 0 0 0 9 1 0 0 0 E A 3 0 0 0 0 0 0 10 1 0 0 0 E A 3 02BrSaKl_table8_l65
1207.99332 0.002 0 0 0 1 0 -1 11 6 0 1 1 A E 3 0 0 0 0 0 0 10 7 0 0 0 E A 3 02BrSaKl_table8_l869
1115.93144 0.002 0 1 0 0 0 0 18 9 0 0 0 A A 1 0 0 0 0 0 0 17 9 0 0 0 A A 2 02BrSaKl_table8_l647
1208.22737 0.002 0 0 0 1 0 1 8 6 0 1 1 A E 3 0 0 0 0 0 0 7 5 0 0 0 E A 3 02BrSaKl_table8_l870
1208.89312 0.002 0 0 0 1 0 1 8 7 0 1 1 E E 1 0 0 0 0 0 0 7 6 0 0 0 A A 2 02BrSaKl_table8_l871
1209.35722 0.002 0 0 0 1 0 1 8 8 0 1 1 E E 3 0 0 0 0 0 0 7 7 0 0 0 E A 3 02BrSaKl_table8_l872
889.33577 0.002 0 1 0 0 0 0 9 0 0 0 0 A A 2 0 0 0 0 0 0 10 0 0 0 0 A A 1 02BrSaKl_table8_l64
1210.93071 0.002 0 0 0 1 0 -1 11 5 0 1 1 E E 2 0 0 0 0 0 0 10 6 0 0 0 A A 1 02BrSaKl_table8_l873
1114.10333 0.002 0 1 0 0 0 0 17 10 0 0 0 E A 3 0 0 0 0 0 0 16 10 0 0 0 E A 3 02BrSaKl_table8_l638
1113.76094 0.002 0 1 0 0 0 0 18 8 0 0 0 E A 3 0 0 0 0 0 0 17 8 0 0 0 E A 3 02BrSaKl_table8_l636
1113.62989 0.002 0 1 0 0 0 0 19 5 0 0 0 E A 3 0 0 0 0 0 0 18 5 0 0 0 E A 3 02BrSaKl_table8_l635
1211.49876 0.002 0 0 0 1 0 -1 12 8 0 1 1 E E 1 0 0 0 0 0 0 11 9 0 0 0 A A 2 02BrSaKl_table8_l874
1112.97707 0.002 0 1 0 0 0 0 14 13 0 0 0 E A 3 0 0 0 0 0 0 13 13 0 0 0 E A 3 02BrSaKl_table8_l631
1214.40182 0.002 0 0 0 1 0 -1 13 10 0 1 1 E E 3 0 0 0 0 0 0 12 11 0 0 0 E A 3 02BrSaKl_table8_l875
888.3822 0.002 0 1 0 0 0 0 10 8 0 0 0 E A 3 0 0 0 0 0 0 11 8 0 0 0 E A 3 02BrSaKl_table8_l63
1112.86441 0.002 0 1 0 0 0 0 16 11 0 0 0 E A 3 0 0 0 0 0 0 15 11 0 0 0 E A 3 02BrSaKl_table8_l629
1112.39566 0.002 0 1 0 0 0 0 15 12 0 0 0 A A 2 0 0 0 0 0 0 14 12 0 0 0 A A 1 02BrSaKl_table8_l627
1214.86977 0.002 0 0 0 1 0 -1 12 7 0 1 1 E E 3 0 0 0 0 0 0 11 8 0 0 0 E A 3 02BrSaKl_table8_l876
1111.88602 0.002 0 1 0 0 0 0 18 7 0 0 0 E A 3 0 0 0 0 0 0 17 7 0 0 0 E A 3 02BrSaKl_table8_l624
1215.81583 0.002 0 0 0 1 0 -1 11 3 0 1 1 A E 3 0 0 0 0 0 0 10 4 0 0 0 E A 3 02BrSaKl_table8_l877
1111.49265 0.002 0 1 0 0 0 0 17 9 0 0 0 A A 1 0 0 0 0 0 0 16 9 0 0 0 A A 2 02BrSaKl_table8_l622
886.61779 0.002 0 1 0 0 0 0 11 11 0 0 0 E A 3 0 0 0 0 0 0 12 11 0 0 0 E A 3 02BrSaKl_table8_l62
1216.25021 0.002 0 0 0 1 0 1 9 1 0 1 1 E E 2 0 0 0 0 0 0 8 0 0 0 0 A A 1 02BrSaKl_table8_l878
1216.44952 0.002 0 0 0 1 0 1 9 2 0 1 1 E E 3 0 0 0 0 0 0 8 1 0 0 0 E A 3 02BrSaKl_table8_l879
1109.72461 0.002 0 1 0 0 0 0 16 10 0 0 0 E A 3 0 0 0 0 0 0 15 10 0 0 0 E A 3 02BrSaKl_table8_l615
1216.97657 0.002 0 0 0 1 0 1 9 3 0 1 1 A E 3 0 0 0 0 0 0 8 2 0 0 0 E A 3 02BrSaKl_table8_l880
1109.21761 0.002 0 1 0 0 0 0 17 8 0 0 0 E A 3 0 0 0 0 0 0 16 8 0 0 0 E A 3 02BrSaKl_table8_l613
1108.95885 0.002 0 1 0 0 0 0 18 5 0 0 0 E A 3 0 0 0 0 0 0 17 5 0 0 0 E A 3 02BrSaKl_table8_l612
1217.59274 0.002966 0 0 0 1 0 1 9 4 0 1 1 E E 2 0 0 0 0 0 0 8 3 0 0 0 A A 1 02BrSaKl_table8_l881
885.7571 0.002 0 1 0 0 0 0 10 7 0 0 0 E A 3 0 0 0 0 0 0 11 7 0 0 0 E A 3 02BrSaKl_table8_l61
1108.59364 0.002 0 1 0 0 0 0 15 11 0 0 0 E A 3 0 0 0 0 0 0 14 11 0 0 0 E A 3 02BrSaKl_table8_l609
1108.30637 0.002 0 1 0 0 0 0 14 12 0 0 0 A A 1 0 0 0 0 0 0 13 12 0 0 0 A A 2 02BrSaKl_table8_l608
1107.25657 0.002 0 1 0 0 0 0 17 7 0 0 0 E A 3 0 0 0 0 0 0 16 7 0 0 0 E A 3 02BrSaKl_table8_l607
1106.97946 0.002 0 1 0 0 0 0 16 9 0 0 0 A A 2 0 0 0 0 0 0 15 9 0 0 0 A A 1 02BrSaKl_table8_l606
1217.78403 0.002 0 0 0 1 0 1 9 4 0 1 1 E E 1 0 0 0 0 0 0 8 3 0 0 0 A A 2 02BrSaKl_table8_l882
1105.27559 0.002 0 1 0 0 0 0 15 10 0 0 0 E A 3 0 0 0 0 0 0 14 10 0 0 0 E A 3 02BrSaKl_table8_l602
1218.21449 0.002 0 0 0 1 0 -1 13 9 0 1 1 A E 3 0 0 0 0 0 0 12 10 0 0 0 E A 3 02BrSaKl_table8_l883
883.56111 0.002 0 1 0 0 0 0 10 6 0 0 0 A A 1 0 0 0 0 0 0 11 6 0 0 0 A A 2 02BrSaKl_table8_l60
832.78273 0.002 0 1 0 0 0 0 14 4 0 0 0 E A 3 0 0 0 0 0 0 15 4 0 0 0 E A 3 02BrSaKl_table8_l6
1104.59398 0.002 0 1 0 0 0 0 16 8 0 0 0 E A 3 0 0 0 0 0 0 15 8 0 0 0 E A 3 02BrSaKl_table8_l599
1104.26121 0.002 0 1 0 0 0 0 14 11 0 0 0 E A 3 0 0 0 0 0 0 13 11 0 0 0 E A 3 02BrSaKl_table8_l598
1104.19975 0.002 0 1 0 0 0 0 17 5 0 0 0 E A 3 0 0 0 0 0 0 16 5 0 0 0 E A 3 02BrSaKl_table8_l597
1104.16963 0.002 0 1 0 0 0 0 13 12 0 0 0 A A 2 0 0 0 0 0 0 12 12 0 0 0 A A 1 02BrSaKl_table8_l595
1218.4504 0.002 0 0 0 1 0 1 9 5 0 1 1 E E 3 0 0 0 0 0 0 8 4 0 0 0 E A 3 02BrSaKl_table8_l884
1219.16487 0.002 0 0 0 1 0 1 9 6 0 1 1 A E 3 0 0 0 0 0 0 8 5 0 0 0 E A 3 02BrSaKl_table8_l885
1103.07698 0.002 0 1 0 0 0 0 17 4 0 0 0 E A 3 0 0 0 0 0 0 16 4 0 0 0 E A 3 02BrSaKl_table8_l591
1219.74616 0.002 0 0 0 1 0 1 9 7 0 1 1 E E 1 0 0 0 0 0 0 8 6 0 0 0 A A 2 02BrSaKl_table8_l886
882.60306 0.002 0 1 0 0 0 0 11 10 0 0 0 E A 3 0 0 0 0 0 0 12 10 0 0 0 E A 3 02BrSaKl_table8_l59
1102.54041 0.002 0 1 0 0 0 0 16 7 0 0 0 E A 3 0 0 0 0 0 0 15 7 0 0 0 E A 3 02BrSaKl_table8_l589
1102.3857 0.002 0 1 0 0 0 0 15 9 0 0 0 A A 2 0 0 0 0 0 0 14 9 0 0 0 A A 1 02BrSaKl_table8_l588
1102.12099 0.002 0 1 0 0 0 0 17 3 0 0 0 A A 2 0 0 0 0 0 0 16 3 0 0 0 A A 1 02BrSaKl_table8_l587
1101.60874 0.002 0 1 0 0 0 0 17 2 0 0 0 E A 3 0 0 0 0 0 0 16 2 0 0 0 E A 3 02BrSaKl_table8_l585
1219.75362 0.002 0 0 0 1 0 1 9 7 0 1 1 E E 2 0 0 0 0 0 0 8 6 0 0 0 A A 1 02BrSaKl_table8_l887
1101.12016 0.002 0 1 0 0 0 0 17 0 0 0 0 A A 2 0 0 0 0 0 0 16 0 0 0 0 A A 1 02BrSaKl_table8_l583
1100.79715 0.002 0 1 0 0 0 0 16 6 0 0 0 A A 2 0 0 0 0 0 0 15 6 0 0 0 A A 1 02BrSaKl_table8_l581
1100.7499 0.002 0 1 0 0 0 0 14 10 0 0 0 E A 3 0 0 0 0 0 0 13 10 0 0 0 E A 3 02BrSaKl_table8_l580
881.75539 0.002 0 1 0 0 0 0 10 5 0 0 0 E A 3 0 0 0 0 0 0 11 5 0 0 0 E A 3 02BrSaKl_table8_l58
1220.16654 0.002 0 0 0 1 0 1 9 8 0 1 1 E E 3 0 0 0 0 0 0 8 7 0 0 0 E A 3 02BrSaKl_table8_l888
1099.88106 0.002 0 1 0 0 0 0 15 8 0 0 0 E A 3 0 0 0 0 0 0 14 8 0 0 0 E A 3 02BrSaKl_table8_l578
1099.86055 0.002 0 1 0 0 0 0 13 11 0 0 0 E A 3 0 0 0 0 0 0 12 11 0 0 0 E A 3 02BrSaKl_table8_l577
1220.3621 0.002 0 0 0 1 0 1 9 9 0 1 1 A E 3 0 0 0 0 0 0 8 8 0 0 0 E A 3 02BrSaKl_table8_l889
1099.34713 0.002 0 1 0 0 0 0 16 5 0 0 0 E A 3 0 0 0 0 0 0 15 5 0 0 0 E A 3 02BrSaKl_table8_l575
1098.17664 0.002 0 1 0 0 0 0 16 4 0 0 0 E A 3 0 0 0 0 0 0 15 4 0 0 0 E A 3 02BrSaKl_table8_l574
1097.72993 0.002 0 1 0 0 0 0 15 7 0 0 0 E A 3 0 0 0 0 0 0 14 7 0 0 0 E A 3 02BrSaKl_table8_l573
1097.70332 0.002 0 1 0 0 0 0 14 9 0 0 0 A A 1 0 0 0 0 0 0 13 9 0 0 0 A A 2 02BrSaKl_table8_l572
1097.35201 0.002 0 1 0 0 0 0 16 3 0 0 0 A A 2 0 0 0 0 0 0 15 3 0 0 0 A A 1 02BrSaKl_table8_l571
880.31118 0.002 0 1 0 0 0 0 10 4 0 0 0 E A 3 0 0 0 0 0 0 11 4 0 0 0 E A 3 02BrSaKl_table8_l57
1097.20531 0.002 0 1 0 0 0 0 16 3 0 0 0 A A 1 0 0 0 0 0 0 15 3 0 0 0 A A 2 02BrSaKl_table8_l569
1096.64328 0.002 0 1 0 0 0 0 16 2 0 0 0 E A 3 0 0 0 0 0 0 15 2 0 0 0 E A 3 02BrSaKl_table8_l568
1096.26212 0.002 0 1 0 0 0 0 16 1 0 0 0 E A 3 0 0 0 0 0 0 15 1 0 0 0 E A 3 02BrSaKl_table8_l567
1095.90709 0.002 0 1 0 0 0 0 15 6 0 0 0 A A 1 0 0 0 0 0 0 14 6 0 0 0 A A 2 02BrSaKl_table8_l566
1095.37702 0.002 0 1 0 0 0 0 12 11 0 0 0 E A 3 0 0 0 0 0 0 11 11 0 0 0 E A 3 02BrSaKl_table8_l564
1095.07173 0.002 0 1 0 0 0 0 14 8 0 0 0 E A 3 0 0 0 0 0 0 13 8 0 0 0 E A 3 02BrSaKl_table8_l563
1094.39289 0.002 0 1 0 0 0 0 15 5 0 0 0 E A 3 0 0 0 0 0 0 14 5 0 0 0 E A 3 02BrSaKl_table8_l562
1093.17233 0.002 0 1 0 0 0 0 15 4 0 0 0 E A 3 0 0 0 0 0 0 14 4 0 0 0 E A 3 02BrSaKl_table8_l561
1092.92284 0.002 0 1 0 0 0 0 13 9 0 0 0 A A 2 0 0 0 0 0 0 12 9 0 0 0 A A 1 02BrSaKl_table8_l560
879.21352 0.002 0 1 0 0 0 0 10 3 0 0 0 A A 2 0 0 0 0 0 0 11 3 0 0 0 A A 1 02BrSaKl_table8_l56
1092.81686 0.002 0 1 0 0 0 0 14 7 0 0 0 E A 3 0 0 0 0 0 0 13 7 0 0 0 E A 3 02BrSaKl_table8_l559
1092.29044 0.002 0 1 0 0 0 0 15 3 0 0 0 A A 1 0 0 0 0 0 0 14 3 0 0 0 A A 2 02BrSaKl_table8_l557
1091.57238 0.002 0 1 0 0 0 0 15 2 0 0 0 E A 3 0 0 0 0 0 0 14 2 0 0 0 E A 3 02BrSaKl_table8_l556
1091.42824 0.002 0 1 0 0 0 0 12 10 0 0 0 E A 3 0 0 0 0 0 0 11 10 0 0 0 E A 3 02BrSaKl_table8_l555
1091.17579 0.002 0 1 0 0 0 0 15 1 0 0 0 E A 3 0 0 0 0 0 0 14 1 0 0 0 E A 3 02BrSaKl_table8_l554
1091.04393 0.002 0 1 0 0 0 0 15 0 0 0 0 A A 2 0 0 0 0 0 0 14 0 0 0 0 A A 1 02BrSaKl_table8_l553
1221.69492 0.002 0 0 0 1 0 -1 13 8 0 1 1 E E 2 0 0 0 0 0 0 12 9 0 0 0 A A 1 02BrSaKl_table8_l890
1090.90981 0.002 0 1 0 0 0 0 14 6 0 0 0 A A 2 0 0 0 0 0 0 13 6 0 0 0 A A 1 02BrSaKl_table8_l551
1090.15526 0.002 0 1 0 0 0 0 13 8 0 0 0 E A 3 0 0 0 0 0 0 12 8 0 0 0 E A 3 02BrSaKl_table8_l550
879.20169 0.002 0 1 0 0 0 0 10 3 0 0 0 A A 1 0 0 0 0 0 0 11 3 0 0 0 A A 2 02BrSaKl_table8_l55
1089.32844 0.002 0 1 0 0 0 0 14 5 0 0 0 E A 3 0 0 0 0 0 0 13 5 0 0 0 E A 3 02BrSaKl_table8_l548
1088.05502 0.002 0 1 0 0 0 0 14 4 0 0 0 E A 3 0 0 0 0 0 0 13 4 0 0 0 E A 3 02BrSaKl_table8_l546
1088.03194 0.002 0 1 0 0 0 0 12 9 0 0 0 A A 1 0 0 0 0 0 0 11 9 0 0 0 A A 2 02BrSaKl_table8_l545
1087.79032 0.002 0 1 0 0 0 0 13 7 0 0 0 E A 3 0 0 0 0 0 0 12 7 0 0 0 E A 3 02BrSaKl_table8_l543
1087.11782 0.002 0 1 0 0 0 0 14 3 0 0 0 A A 2 0 0 0 0 0 0 13 3 0 0 0 A A 1 02BrSaKl_table8_l542
1087.03776 0.002 0 1 0 0 0 0 14 3 0 0 0 A A 1 0 0 0 0 0 0 13 3 0 0 0 A A 2 02BrSaKl_table8_l541
1086.60305 0.002 0 1 0 0 0 0 11 10 0 0 0 E A 3 0 0 0 0 0 0 10 10 0 0 0 E A 3 02BrSaKl_table8_l540
879.16376 0.002 0 1 0 0 0 0 11 9 0 0 0 A A 2 0 0 0 0 0 0 12 9 0 0 0 A A 1 02BrSaKl_table8_l54
1086.38656 0.002 0 1 0 0 0 0 14 2 0 0 0 E A 3 0 0 0 0 0 0 13 2 0 0 0 E A 3 02BrSaKl_table8_l539
1085.97358 0.002 0 1 0 0 0 0 14 1 0 0 0 E A 3 0 0 0 0 0 0 13 1 0 0 0 E A 3 02BrSaKl_table8_l538
1085.83669 0.002 0 1 0 0 0 0 14 0 0 0 0 A A 1 0 0 0 0 0 0 13 0 0 0 0 A A 2 02BrSaKl_table8_l537
1085.79478 0.002 0 1 0 0 0 0 13 6 0 0 0 A A 1 0 0 0 0 0 0 12 6 0 0 0 A A 2 02BrSaKl_table8_l536
1085.11942 0.002 0 1 0 0 0 0 12 8 0 0 0 E A 3 0 0 0 0 0 0 11 8 0 0 0 E A 3 02BrSaKl_table8_l535
1224.8955 0.002 0 0 0 1 0 -1 14 10 0 1 1 E E 3 0 0 0 0 0 0 13 11 0 0 0 E A 3 02BrSaKl_table8_l891
1084.14269 0.002 0 1 0 0 0 0 13 5 0 0 0 E A 3 0 0 0 0 0 0 12 5 0 0 0 E A 3 02BrSaKl_table8_l531
1227.76012 0.002 0 0 0 1 0 -1 13 6 0 1 1 A E 3 0 0 0 0 0 0 12 7 0 0 0 E A 3 02BrSaKl_table8_l892
878.42934 0.002 0 1 0 0 0 0 10 2 0 0 0 E A 3 0 0 0 0 0 0 11 2 0 0 0 E A 3 02BrSaKl_table8_l53
1082.81431 0.002 0 1 0 0 0 0 13 4 0 0 0 E A 3 0 0 0 0 0 0 12 4 0 0 0 E A 3 02BrSaKl_table8_l529
1082.63835 0.002 0 1 0 0 0 0 12 7 0 0 0 E A 3 0 0 0 0 0 0 11 7 0 0 0 E A 3 02BrSaKl_table8_l528
1081.82396 0.002 0 1 0 0 0 0 13 3 0 0 0 A A 1 0 0 0 0 0 0 12 3 0 0 0 A A 2 02BrSaKl_table8_l527
1081.76702 0.002 0 1 0 0 0 0 13 3 0 0 0 A A 2 0 0 0 0 0 0 12 3 0 0 0 A A 1 02BrSaKl_table8_l526
1228.01128 0.002 0 0 0 1 0 1 10 1 0 1 1 E E 1 0 0 0 0 0 0 9 0 0 0 0 A A 2 02BrSaKl_table8_l893
1081.075 0.002 0 1 0 0 0 0 13 2 0 0 0 E A 3 0 0 0 0 0 0 12 2 0 0 0 E A 3 02BrSaKl_table8_l522
1080.64542 0.002 0 1 0 0 0 0 13 1 0 0 0 E A 3 0 0 0 0 0 0 12 1 0 0 0 E A 3 02BrSaKl_table8_l521
1080.54954 0.002 0 1 0 0 0 0 12 6 0 0 0 A A 2 0 0 0 0 0 0 11 6 0 0 0 A A 1 02BrSaKl_table8_l520
878.15122 0.002 0 1 0 0 0 0 12 12 0 0 0 A A 1 0 0 0 0 0 0 13 12 0 0 0 A A 2 02BrSaKl_table8_l52
1080.50258 0.002 0 1 0 0 0 0 13 0 0 0 0 A A 2 0 0 0 0 0 0 12 0 0 0 0 A A 1 02BrSaKl_table8_l519
1079.94905 0.002 0 1 0 0 0 0 11 8 0 0 0 E A 3 0 0 0 0 0 0 10 8 0 0 0 E A 3 02BrSaKl_table8_l517
1228.15823 0.002 0 0 0 1 0 1 10 2 0 1 1 E E 3 0 0 0 0 0 0 9 1 0 0 0 E A 3 02BrSaKl_table8_l894
1078.82347 0.002 0 1 0 0 0 0 12 5 0 0 0 E A 3 0 0 0 0 0 0 11 5 0 0 0 E A 3 02BrSaKl_table8_l514
1077.85208 0.002 0 1 0 0 0 0 10 9 0 0 0 A A 1 0 0 0 0 0 0 9 9 0 0 0 A A 2 02BrSaKl_table8_l512
1077.43764 0.002 0 1 0 0 0 0 12 4 0 0 0 E A 3 0 0 0 0 0 0 11 4 0 0 0 E A 3 02BrSaKl_table8_l511
1077.34558 0.002 0 1 0 0 0 0 11 7 0 0 0 E A 3 0 0 0 0 0 0 10 7 0 0 0 E A 3 02BrSaKl_table8_l510
877.96649 0.002 0 1 0 0 0 0 10 1 0 0 0 E A 3 0 0 0 0 0 0 11 1 0 0 0 E A 3 02BrSaKl_table8_l51
1228.98982 0.002 0 0 0 1 0 1 10 4 0 1 1 E E 1 0 0 0 0 0 0 9 3 0 0 0 A A 2 02BrSaKl_table8_l895
1076.3954 0.002 0 1 0 0 0 0 12 3 0 0 0 A A 2 0 0 0 0 0 0 11 3 0 0 0 A A 1 02BrSaKl_table8_l507
1076.35631 0.002 0 1 0 0 0 0 12 3 0 0 0 A A 1 0 0 0 0 0 0 11 3 0 0 0 A A 2 02BrSaKl_table8_l506
1229.25382 0.002 0 0 0 1 0 1 10 4 0 1 1 E E 2 0 0 0 0 0 0 9 3 0 0 0 A A 1 02BrSaKl_table8_l896
1075.62551 0.002 0 1 0 0 0 0 12 2 0 0 0 E A 3 0 0 0 0 0 0 11 2 0 0 0 E A 3 02BrSaKl_table8_l503
1075.17839 0.002 0 1 0 0 0 0 12 1 0 0 0 E A 3 0 0 0 0 0 0 11 1 0 0 0 E A 3 02BrSaKl_table8_l501
1075.15949 0.002 0 1 0 0 0 0 11 6 0 0 0 A A 1 0 0 0 0 0 0 10 6 0 0 0 A A 2 02BrSaKl_table8_l500
877.81277 0.002 0 1 0 0 0 0 10 0 0 0 0 A A 1 0 0 0 0 0 0 11 0 0 0 0 A A 2 02BrSaKl_table8_l50
831.89682 0.002 0 1 0 0 0 0 14 3 0 0 0 A A 2 0 0 0 0 0 0 15 3 0 0 0 A A 1 02BrSaKl_table8_l5
1075.02986 0.002 0 1 0 0 0 0 12 0 0 0 0 A A 1 0 0 0 0 0 0 11 0 0 0 0 A A 2 02BrSaKl_table8_l499
1074.62599 0.002 0 1 0 0 0 0 10 8 0 0 0 E A 3 0 0 0 0 0 0 9 8 0 0 0 E A 3 02BrSaKl_table8_l498
1229.74372 0.002 0 0 0 1 0 1 10 5 0 1 1 E E 3 0 0 0 0 0 0 9 4 0 0 0 E A 3 02BrSaKl_table8_l897
1230.10012 0.002 0 0 0 1 0 1 10 1 0 1 1 E E 2 0 0 0 0 0 0 9 6 0 0 0 A A 1 02BrSaKl_table8_l898
1073.3566 0.002 0 1 0 0 0 0 11 5 0 0 0 E A 3 0 0 0 0 0 0 10 5 0 0 0 E A 3 02BrSaKl_table8_l494
1071.91128 0.002 0 1 0 0 0 0 11 4 0 0 0 E A 3 0 0 0 0 0 0 10 4 0 0 0 E A 3 02BrSaKl_table8_l493
1071.89482 0.002 0 1 0 0 0 0 10 7 0 0 0 E A 3 0 0 0 0 0 0 9 7 0 0 0 E A 3 02BrSaKl_table8_l492
1070.81796 0.002 0 1 0 0 0 0 11 3 0 0 0 A A 1 0 0 0 0 0 0 10 3 0 0 0 A A 2 02BrSaKl_table8_l490
876.22937 0.002 0 1 0 0 0 0 11 8 0 0 0 E A 3 0 0 0 0 0 0 12 8 0 0 0 E A 3 02BrSaKl_table8_l49
1070.79223 0.002 0 1 0 0 0 0 11 3 0 0 0 A A 2 0 0 0 0 0 0 10 3 0 0 0 A A 1 02BrSaKl_table8_l489
1230.84846 0.002 0 0 0 1 0 1 10 7 0 1 1 E E 1 0 0 0 0 0 0 9 6 0 0 0 A A 2 02BrSaKl_table8_l899
1230.88793 0.002 0 0 0 1 0 1 10 7 0 1 1 E E 2 0 0 0 0 0 0 9 6 0 0 0 A A 1 02BrSaKl_table8_l900
1070.02412 0.002 0 1 0 0 0 0 11 2 0 0 0 E A 3 0 0 0 0 0 0 10 2 0 0 0 E A 3 02BrSaKl_table8_l485
1069.60767 0.002 0 1 0 0 0 0 10 6 0 0 0 A A 1 0 0 0 0 0 0 9 6 0 0 0 A A 2 02BrSaKl_table8_l484
1069.55892 0.002 0 1 0 0 0 0 11 1 0 0 0 E A 3 0 0 0 0 0 0 10 1 0 0 0 E A 3 02BrSaKl_table8_l483
1231.2868 0.002 0 0 0 1 0 1 10 10 0 1 1 E E 1 0 0 0 0 0 0 9 9 0 0 0 A A 2 02BrSaKl_table8_l901
1069.40445 0.002 0 1 0 0 0 0 11 0 0 0 0 A A 2 0 0 0 0 0 0 10 0 0 0 0 A A 1 02BrSaKl_table8_l480
873.77074 0.002 0 1 0 0 0 0 12 11 0 0 0 E A 3 0 0 0 0 0 0 13 11 0 0 0 E A 3 02BrSaKl_table8_l48
1069.12758 0.002 0 1 0 0 0 0 9 8 0 0 0 E A 3 0 0 0 0 0 0 8 8 0 0 0 E A 3 02BrSaKl_table8_l479
1067.72538 0.002 0 1 0 0 0 0 10 5 0 0 0 E A 3 0 0 0 0 0 0 9 5 0 0 0 E A 3 02BrSaKl_table8_l477
1231.54479 0.002 0 0 0 1 0 -1 15 11 0 1 1 E E 2 0 0 0 0 0 0 14 12 0 0 0 A A 1 02BrSaKl_table8_l902
1066.26538 0.002 0 1 0 0 0 0 9 7 0 0 0 E A 3 0 0 0 0 0 0 8 7 0 0 0 E A 3 02BrSaKl_table8_l472
1066.21908 0.002 0 1 0 0 0 0 10 4 0 0 0 E A 3 0 0 0 0 0 0 9 4 0 0 0 E A 3 02BrSaKl_table8_l471
1065.07558 0.002 0 1 0 0 0 0 10 3 0 0 0 A A 2 0 0 0 0 0 0 9 3 0 0 0 A A 1 02BrSaKl_table8_l470
873.7411 0.002 0 1 0 0 0 0 11 7 0 0 0 E A 3 0 0 0 0 0 0 12 7 0 0 0 E A 3 02BrSaKl_table8_l47
1065.05928 0.002 0 1 0 0 0 0 10 3 0 0 0 A A 1 0 0 0 0 0 0 9 3 0 0 0 A A 2 02BrSaKl_table8_l469
1239.91573 0.002 0 0 0 1 0 1 11 1 0 1 1 E E 2 0 0 0 0 0 0 10 0 0 0 0 A A 1 02BrSaKl_table8_l903
1240.02515 0.002 0 0 0 1 0 1 11 2 0 1 1 E E 3 0 0 0 0 0 0 10 1 0 0 0 E A 3 02BrSaKl_table8_l904
1064.25498 0.002 0 1 0 0 0 0 10 2 0 0 0 E A 3 0 0 0 0 0 0 9 2 0 0 0 E A 3 02BrSaKl_table8_l465
1063.8745 0.002 0 1 0 0 0 0 9 6 0 0 0 A A 2 0 0 0 0 0 0 8 6 0 0 0 A A 1 02BrSaKl_table8_l464
1063.77158 0.002 0 1 0 0 0 0 10 1 0 0 0 E A 3 0 0 0 0 0 0 9 1 0 0 0 E A 3 02BrSaKl_table8_l463
1063.61109 0.002 0 1 0 0 0 0 10 0 0 0 0 A A 1 0 0 0 0 0 0 9 0 0 0 0 A A 2 02BrSaKl_table8_l462
1240.33156 0.002 0 0 0 1 0 1 11 3 0 1 1 A E 3 0 0 0 0 0 0 10 2 0 0 0 E A 3 02BrSaKl_table8_l905
871.65335 0.002 0 1 0 0 0 0 11 6 0 0 0 A A 1 0 0 0 0 0 0 12 6 0 0 0 A A 2 02BrSaKl_table8_l46
1061.91106 0.002 0 1 0 0 0 0 9 5 0 0 0 E A 3 0 0 0 0 0 0 8 5 0 0 0 E A 3 02BrSaKl_table8_l456
1240.93739 0.002 0 0 0 1 0 1 11 4 0 1 1 E E 1 0 0 0 0 0 0 10 3 0 0 0 A A 2 02BrSaKl_table8_l906
1241.25689 0.002 0 0 0 1 0 1 11 5 0 1 1 E E 3 0 0 0 0 0 0 10 4 0 0 0 E A 3 02BrSaKl_table8_l907
1060.43327 0.002 0 1 0 0 0 0 8 7 0 0 0 E A 3 0 0 0 0 0 0 7 7 0 0 0 E A 3 02BrSaKl_table8_l453
1060.34271 0.002 0 1 0 0 0 0 9 4 0 0 0 E A 3 0 0 0 0 0 0 8 4 0 0 0 E A 3 02BrSaKl_table8_l452
1241.74971 0.002 0 0 0 1 0 1 11 6 0 1 1 A E 3 0 0 0 0 0 0 10 5 0 0 0 E A 3 02BrSaKl_table8_l908
870.00098 0.002 0 1 0 0 0 0 12 10 0 0 0 E A 3 0 0 0 0 0 0 13 10 0 0 0 E A 3 02BrSaKl_table8_l45
1059.14988 0.002 0 1 0 0 0 0 9 3 0 0 0 A A 1 0 0 0 0 0 0 8 3 0 0 0 A A 2 02BrSaKl_table8_l449
1059.14042 0.002 0 1 0 0 0 0 9 3 0 0 0 A A 2 0 0 0 0 0 0 8 3 0 0 0 A A 1 02BrSaKl_table8_l448
1058.30108 0.002 0 1 0 0 0 0 9 2 0 0 0 E A 3 0 0 0 0 0 0 8 2 0 0 0 E A 3 02BrSaKl_table8_l446
1242.12827 0.002 0 0 0 1 0 1 11 11 0 1 1 E E 3 0 0 0 0 0 0 10 10 0 0 0 E A 3 02BrSaKl_table8_l909
1057.93765 0.002 0 1 0 0 0 0 8 6 0 0 0 A A 1 0 0 0 0 0 0 7 6 0 0 0 A A 2 02BrSaKl_table8_l444
1057.79911 0.002 0 1 0 0 0 0 9 1 0 0 0 E A 3 0 0 0 0 0 0 8 1 0 0 0 E A 3 02BrSaKl_table8_l443
1057.6324 0.002 0 1 0 0 0 0 9 0 0 0 0 A A 2 0 0 0 0 0 0 8 0 0 0 0 A A 1 02BrSaKl_table8_l442
869.9332 0.002 0 1 0 0 0 0 11 5 0 0 0 E A 3 0 0 0 0 0 0 12 5 0 0 0 E A 3 02BrSaKl_table8_l44
1242.16332 0.002 0 0 0 1 0 1 11 7 0 1 1 E E 2 0 0 0 0 0 0 10 6 0 0 0 A A 1 02BrSaKl_table8_l910
1242.18384 0.002 0 0 0 1 0 1 11 7 0 1 1 E E 1 0 0 0 0 0 0 10 6 0 0 0 A A 2 02BrSaKl_table8_l911
1055.89293 0.002 0 1 0 0 0 0 8 5 0 0 0 E A 3 0 0 0 0 0 0 7 5 0 0 0 E A 3 02BrSaKl_table8_l437
1242.43742 0.002 0 0 0 1 0 1 11 8 0 1 1 E E 3 0 0 0 0 0 0 10 7 0 0 0 E A 3 02BrSaKl_table8_l912
1242.47489 0.002 0 0 0 1 0 1 11 10 0 1 1 E E 2 0 0 0 0 0 0 10 9 0 0 0 A A 1 02BrSaKl_table8_l913
1054.26207 0.002 0 1 0 0 0 0 8 4 0 0 0 E A 3 0 0 0 0 0 0 7 4 0 0 0 E A 3 02BrSaKl_table8_l431
1242.56872 0.002 0 0 0 1 0 1 11 9 0 1 1 A E 3 0 0 0 0 0 0 10 8 0 0 0 E A 3 02BrSaKl_table8_l914
868.55515 0.002 0 1 0 0 0 0 11 4 0 0 0 E A 3 0 0 0 0 0 0 12 4 0 0 0 E A 3 02BrSaKl_table8_l43
1242.62524 0.002 0 0 0 1 0 -1 11 1 0 1 1 E E 3 0 0 0 0 0 0 10 7 0 0 0 E A 3 02BrSaKl_table8_l915
1053.02106 0.002 0 1 0 0 0 0 8 3 0 0 0 A A 2 0 0 0 0 0 0 7 3 0 0 0 A A 1 02BrSaKl_table8_l428
1053.01573 0.002 0 1 0 0 0 0 8 3 0 0 0 A A 1 0 0 0 0 0 0 7 3 0 0 0 A A 2 02BrSaKl_table8_l427
1052.14279 0.002 0 1 0 0 0 0 8 2 0 0 0 E A 3 0 0 0 0 0 0 7 2 0 0 0 E A 3 02BrSaKl_table8_l425
1249.355 0.002 0 0 0 1 0 -1 15 5 0 1 1 E E 2 0 0 0 0 0 0 14 6 0 0 0 A A 1 02BrSaKl_table8_l916
1051.7724 0.002 0 1 0 0 0 0 7 6 0 0 0 A A 2 0 0 0 0 0 0 6 6 0 0 0 A A 1 02BrSaKl_table8_l423
1051.62242 0.002 0 1 0 0 0 0 8 1 0 0 0 E A 3 0 0 0 0 0 0 7 1 0 0 0 E A 3 02BrSaKl_table8_l422
1051.4496 0.002 0 1 0 0 0 0 8 0 0 0 0 A A 1 0 0 0 0 0 0 7 0 0 0 0 A A 2 02BrSaKl_table8_l420
867.5105 0.002 0 1 0 0 0 0 11 3 0 0 0 A A 1 0 0 0 0 0 0 12 3 0 0 0 A A 2 02BrSaKl_table8_l42
1251.94132 0.002 0 0 0 1 0 1 12 1 0 1 1 E E 1 0 0 0 0 0 0 11 0 0 0 0 A A 2 02BrSaKl_table8_l917
1252.25429 0.002 0 0 0 1 0 1 12 3 0 1 1 A E 3 0 0 0 0 0 0 11 2 0 0 0 E A 3 02BrSaKl_table8_l918
1252.35776 0.002 0 0 0 1 0 1 12 4 0 1 1 E E 1 0 0 0 0 0 0 11 3 0 0 0 A A 2 02BrSaKl_table8_l919
1049.647 0.002 0 1 0 0 0 0 7 5 0 0 0 E A 3 0 0 0 0 0 0 6 5 0 0 0 E A 3 02BrSaKl_table8_l414
1252.80034 0.002 0 0 0 1 0 1 12 4 0 1 1 E E 2 0 0 0 0 0 0 11 3 0 0 0 A A 1 02BrSaKl_table8_l920
1252.88335 0.002 0 0 0 1 0 1 12 12 0 1 1 A E 3 0 0 0 0 0 0 11 11 0 0 0 E A 3 02BrSaKl_table8_l921
867.49139 0.002 0 1 0 0 0 0 11 3 0 0 0 A A 2 0 0 0 0 0 0 12 3 0 0 0 A A 1 02BrSaKl_table8_l41
1252.9585 0.002 0 0 0 1 0 1 12 5 0 1 1 E E 3 0 0 0 0 0 0 11 4 0 0 0 E A 3 02BrSaKl_table8_l922
1253.35069 0.002 0 0 0 1 0 1 12 6 0 1 1 A E 3 0 0 0 0 0 0 11 5 0 0 0 E A 3 02BrSaKl_table8_l923
1045.7595 0.002 0 1 0 0 0 0 7 2 0 0 0 E A 3 0 0 0 0 0 0 6 2 0 0 0 E A 3 02BrSaKl_table8_l405
1045.221 0.002 0 1 0 0 0 0 7 1 0 0 0 E A 3 0 0 0 0 0 0 6 1 0 0 0 E A 3 02BrSaKl_table8_l404
1253.50372 0.002 0 0 0 1 0 1 12 11 0 1 1 E E 3 0 0 0 0 0 0 11 10 0 0 0 E A 3 02BrSaKl_table8_l924
1045.04219 0.002 0 1 0 0 0 0 7 0 0 0 0 A A 2 0 0 0 0 0 0 6 0 0 0 0 A A 1 02BrSaKl_table8_l400
866.76479 0.002 0 1 0 0 0 0 12 9 0 0 0 A A 1 0 0 0 0 0 0 13 9 0 0 0 A A 2 02BrSaKl_table8_l40
831.83836 0.002 0 1 0 0 0 0 14 3 0 0 0 A A 1 0 0 0 0 0 0 15 3 0 0 0 A A 2 02BrSaKl_table8_l4
1253.67715 0.002 0 0 0 1 0 1 12 7 0 1 1 E E 1 0 0 0 0 0 0 11 6 0 0 0 A A 2 02BrSaKl_table8_l925
1253.69866 0.002 0 0 0 1 0 1 12 7 0 1 1 E E 2 0 0 0 0 0 0 11 6 0 0 0 A A 1 02BrSaKl_table8_l926
1253.85279 0.002 0 0 0 1 0 1 12 10 0 1 1 E E 1 0 0 0 0 0 0 11 9 0 0 0 A A 2 02BrSaKl_table8_l927
1253.96557 0.002 0 0 0 1 0 1 12 9 0 1 1 A E 3 0 0 0 0 0 0 11 8 0 0 0 E A 3 02BrSaKl_table8_l928
1043.14832 0.002 0 1 0 0 0 0 6 5 0 0 0 E A 3 0 0 0 0 0 0 5 5 0 0 0 E A 3 02BrSaKl_table8_l391
866.75704 0.002 0 1 0 0 0 0 11 2 0 0 0 E A 3 0 0 0 0 0 0 12 2 0 0 0 E A 3 02BrSaKl_table8_l39
1263.54859 0.002 0 0 0 1 0 1 13 13 0 1 1 E E 2 0 0 0 0 0 0 12 12 0 0 0 A A 1 02BrSaKl_table8_l929
1264.0667 0.002 0 0 0 1 0 1 13 1 0 1 1 E E 2 0 0 0 0 0 0 12 0 0 0 0 A A 1 02BrSaKl_table8_l930
1041.39713 0.002 0 1 0 0 0 0 6 4 0 0 0 E A 3 0 0 0 0 0 0 5 4 0 0 0 E A 3 02BrSaKl_table8_l385
1264.26242 0.002 0 0 0 1 0 1 13 4 0 1 1 E E 2 0 0 0 0 0 0 12 3 0 0 0 A A 1 02BrSaKl_table8_l931
1039.12878 0.002 0 1 0 0 0 0 6 2 0 0 0 E A 3 0 0 0 0 0 0 5 2 0 0 0 E A 3 02BrSaKl_table8_l381
866.31383 0.002 0 1 0 0 0 0 11 1 0 0 0 E A 3 0 0 0 0 0 0 12 1 0 0 0 E A 3 02BrSaKl_table8_l38
1264.30151 0.002 0 0 0 1 0 1 13 3 0 1 1 A E 3 0 0 0 0 0 0 12 2 0 0 0 E A 3 02BrSaKl_table8_l932
1264.44541 0.002 0 0 0 1 0 1 13 12 0 1 1 A E 3 0 0 0 0 0 0 12 11 0 0 0 E A 3 02BrSaKl_table8_l933
1264.81253 0.002 0 0 0 1 0 1 13 4 0 1 1 E E 1 0 0 0 0 0 0 12 3 0 0 0 A A 2 02BrSaKl_table8_l934
1038.57328 0.002 0 1 0 0 0 0 6 1 0 0 0 E A 3 0 0 0 0 0 0 5 1 0 0 0 E A 3 02BrSaKl_table8_l374
1038.38863 0.002 0 1 0 0 0 0 6 0 0 0 0 A A 1 0 0 0 0 0 0 5 0 0 0 0 A A 2 02BrSaKl_table8_l373
1264.81763 0.002 0 0 0 1 0 1 13 5 0 1 1 E E 3 0 0 0 0 0 0 12 4 0 0 0 E A 3 02BrSaKl_table8_l935
866.16681 0.002 0 1 0 0 0 0 11 0 0 0 0 A A 2 0 0 0 0 0 0 12 0 0 0 0 A A 1 02BrSaKl_table8_l37
1265.0504 0.002 0 0 0 1 0 1 13 11 0 1 1 E E 3 0 0 0 0 0 0 12 10 0 0 0 E A 3 02BrSaKl_table8_l936
1265.12084 0.002 0 0 0 1 0 1 13 6 0 1 1 A E 3 0 0 0 0 0 0 12 5 0 0 0 E A 3 02BrSaKl_table8_l937
1265.3649 0.002 0 0 0 1 0 1 13 7 0 1 1 E E 2 0 0 0 0 0 0 12 6 0 0 0 A A 1 02BrSaKl_table8_l938
1034.56443 0.002 0 1 0 0 0 0 5 4 0 0 0 E A 3 0 0 0 0 0 0 4 4 0 0 0 E A 3 02BrSaKl_table8_l363
1265.39066 0.002 0 0 0 1 0 1 13 7 0 1 1 E E 1 0 0 0 0 0 0 12 6 0 0 0 A A 2 02BrSaKl_table8_l939
1265.39998 0.002 0 0 0 1 0 1 13 10 0 1 1 E E 2 0 0 0 0 0 0 12 9 0 0 0 A A 1 02BrSaKl_table8_l940
1265.51668 0.002 0 0 0 1 0 1 13 9 0 1 1 A E 3 0 0 0 0 0 0 12 8 0 0 0 E A 3 02BrSaKl_table8_l941
864.98885 0.002 0 1 0 0 0 0 13 12 0 0 0 A A 2 0 0 0 0 0 0 14 12 0 0 0 A A 1 02BrSaKl_table8_l36
1033.19195 0.002 0 1 0 0 0 0 5 3 0 0 0 A A 1 0 0 0 0 0 0 4 3 0 0 0 A A 2 02BrSaKl_table8_l359
1265.5663 0.002 0 0 0 1 0 1 13 8 0 1 1 E E 3 0 0 0 0 0 0 12 7 0 0 0 E A 3 02BrSaKl_table8_l942
1275.29682 0.002 0 0 0 1 0 1 14 13 0 1 1 E E 1 0 0 0 0 0 0 13 12 0 0 0 A A 2 02BrSaKl_table8_l943
1032.22823 0.002 0 1 0 0 0 0 5 2 0 0 0 E A 3 0 0 0 0 0 0 4 2 0 0 0 E A 3 02BrSaKl_table8_l352
1276.15848 0.002 0 0 0 1 0 1 14 12 0 1 1 A E 3 0 0 0 0 0 0 13 11 0 0 0 E A 3 02BrSaKl_table8_l944
863.99332 0.002 0 1 0 0 0 0 12 8 0 0 0 E A 3 0 0 0 0 0 0 13 8 0 0 0 E A 3 02BrSaKl_table8_l35
1031.46672 0.002 0 1 0 0 0 0 5 0 0 0 0 A A 2 0 0 0 0 0 0 4 0 0 0 0 A A 1 02BrSaKl_table8_l349
1276.44853 0.002 0 0 0 1 0 1 14 3 0 1 1 A E 3 0 0 0 0 0 0 13 2 0 0 0 E A 3 02BrSaKl_table8_l945
1276.74502 0.002 0 0 0 1 0 1 14 11 0 1 1 E E 3 0 0 0 0 0 0 13 10 0 0 0 E A 3 02BrSaKl_table8_l946
861.63565 0.002 0 1 0 0 0 0 12 7 0 0 0 E A 3 0 0 0 0 0 0 13 7 0 0 0 E A 3 02BrSaKl_table8_l34
1276.80431 0.002 0 0 0 1 0 1 14 5 0 1 1 E E 3 0 0 0 0 0 0 13 4 0 0 0 E A 3 02BrSaKl_table8_l947
1276.94482 0.002 0 0 0 1 0 1 14 4 0 1 1 E E 2 0 0 0 0 0 0 13 3 0 0 0 A A 1 02BrSaKl_table8_l948
1277.03101 0.002 0 0 0 1 0 1 14 6 0 1 1 A E 3 0 0 0 0 0 0 13 5 0 0 0 E A 3 02BrSaKl_table8_l949
1277.08768 0.002 0 0 0 1 0 1 14 10 0 1 1 E E 1 0 0 0 0 0 0 13 9 0 0 0 A A 2 02BrSaKl_table8_l950
1277.20059 0.002 0 0 0 1 0 1 14 7 0 1 1 E E 1 0 0 0 0 0 0 13 6 0 0 0 A A 2 02BrSaKl_table8_l951
1026.02315 0.002 0 1 0 0 0 0 4 3 0 0 0 A A 2 0 0 0 0 0 0 3 3 0 0 0 A A 1 02BrSaKl_table8_l330
860.89144 0.002 0 1 0 0 0 0 13 11 0 0 0 E A 3 0 0 0 0 0 0 14 11 0 0 0 E A 3 02BrSaKl_table8_l33
1277.23216 0.002 0 0 0 1 0 1 14 7 0 1 1 E E 2 0 0 0 0 0 0 13 6 0 0 0 A A 1 02BrSaKl_table8_l952
1277.33502 0.002 0 0 0 1 0 1 14 8 0 1 1 E E 3 0 0 0 0 0 0 13 7 0 0 0 E A 3 02BrSaKl_table8_l953
1025.03475 0.002 0 1 0 0 0 0 4 2 0 0 0 E A 3 0 0 0 0 0 0 3 2 0 0 0 E A 3 02BrSaKl_table8_l326
1024.44862 0.002 0 1 0 0 0 0 4 1 0 0 0 E A 3 0 0 0 0 0 0 3 1 0 0 0 E A 3 02BrSaKl_table8_l325
1024.25442 0.002 0 1 0 0 0 0 4 0 0 0 0 A A 1 0 0 0 0 0 0 3 0 0 0 0 A A 2 02BrSaKl_table8_l324
1286.05531 0.002 0 0 0 1 0 1 15 14 0 1 1 E E 3 0 0 0 0 0 0 14 13 0 0 0 E A 3 02BrSaKl_table8_l954
859.65272 0.002 0 1 0 0 0 0 12 6 0 0 0 A A 2 0 0 0 0 0 0 13 6 0 0 0 A A 1 02BrSaKl_table8_l32
1287.17461 0.002 0 0 0 1 0 1 15 13 0 1 1 E E 2 0 0 0 0 0 0 14 12 0 0 0 A A 1 02BrSaKl_table8_l955
1287.99783 0.002 0 0 0 1 0 1 15 12 0 1 1 A E 3 0 0 0 0 0 0 14 11 0 0 0 E A 3 02BrSaKl_table8_l956
1288.55998 0.002 0 0 0 1 0 1 15 11 0 1 1 E E 3 0 0 0 0 0 0 14 10 0 0 0 E A 3 02BrSaKl_table8_l957
1288.82883 0.002 0 0 0 1 0 1 15 10 0 1 1 E E 1 0 0 0 0 0 0 14 9 0 0 0 A A 2 02BrSaKl_table8_l958
858.01515 0.002 0 1 0 0 0 0 12 5 0 0 0 E A 3 0 0 0 0 0 0 13 5 0 0 0 E A 3 02BrSaKl_table8_l31
1288.84388 0.002 0 0 0 1 0 1 15 10 0 1 1 E E 2 0 0 0 0 0 0 14 9 0 0 0 A A 1 02BrSaKl_table8_l959
1288.89153 0.002 0 0 0 1 0 1 15 5 0 1 1 E E 3 0 0 0 0 0 0 14 4 0 0 0 E A 3 02BrSaKl_table8_l960
1017.52756 0.002 0 1 0 0 0 0 3 2 0 0 0 E A 3 0 0 0 0 0 0 2 2 0 0 0 E A 3 02BrSaKl_table8_l305
1016.92931 0.002 0 1 0 0 0 0 3 1 0 0 0 E A 3 0 0 0 0 0 0 2 1 0 0 0 E A 3 02BrSaKl_table8_l304
1289.05453 0.002 0 0 0 1 0 1 15 6 0 1 1 A E 3 0 0 0 0 0 0 14 5 0 0 0 E A 3 02BrSaKl_table8_l961
1016.73114 0.002 0 1 0 0 0 0 3 0 0 0 0 A A 2 0 0 0 0 0 0 2 0 0 0 0 A A 1 02BrSaKl_table8_l302
1289.15707 0.002 0 0 0 1 0 1 15 7 0 1 1 E E 2 0 0 0 0 0 0 14 6 0 0 0 A A 1 02BrSaKl_table8_l962
857.35945 0.002 0 1 0 0 0 0 13 10 0 0 0 E A 3 0 0 0 0 0 0 14 10 0 0 0 E A 3 02BrSaKl_table8_l30
831.22134 0.002 0 1 0 0 0 0 14 2 0 0 0 E A 3 0 0 0 0 0 0 15 2 0 0 0 E A 3 02BrSaKl_table8_l3
1289.1972 0.002 0 0 0 1 0 1 15 7 0 1 1 E E 1 0 0 0 0 0 0 14 6 0 0 0 A A 2 02BrSaKl_table8_l963
1289.23901 0.002 0 0 0 1 0 1 15 8 0 1 1 E E 3 0 0 0 0 0 0 14 7 0 0 0 E A 3 02BrSaKl_table8_l964
1289.25175 0.002 0 0 0 1 0 1 15 9 0 1 1 A E 3 0 0 0 0 0 0 14 8 0 0 0 E A 3 02BrSaKl_table8_l965
856.7016 0.002 0 1 0 0 0 0 12 4 0 0 0 E A 3 0 0 0 0 0 0 13 4 0 0 0 E A 3 02BrSaKl_table8_l29
1299.93539 0.002 0 0 0 1 0 1 16 12 0 1 1 A E 3 0 0 0 0 0 0 15 11 0 0 0 E A 3 02BrSaKl_table8_l966
1009.08003 0.002 0 1 0 0 0 0 2 1 0 0 0 E A 3 0 0 0 0 0 0 1 1 0 0 0 E A 3 02BrSaKl_table8_l285
1008.87885 0.002 0 1 0 0 0 0 2 0 0 0 0 A A 1 0 0 0 0 0 0 1 0 0 0 0 A A 2 02BrSaKl_table8_l284
1300.44502 0.002 0 0 0 1 0 1 16 11 0 1 1 E E 3 0 0 0 0 0 0 15 10 0 0 0 E A 3 02BrSaKl_table8_l967
1301.12988 0.002 0 0 0 1 0 1 16 10 0 1 1 E E 2 0 0 0 0 0 0 15 9 0 0 0 A A 1 02BrSaKl_table8_l968
1301.1938 0.002 0 0 0 1 0 1 16 9 0 1 1 A E 3 0 0 0 0 0 0 15 8 0 0 0 E A 3 02BrSaKl_table8_l969
855.70965 0.002 0 1 0 0 0 0 12 3 0 0 0 A A 2 0 0 0 0 0 0 13 3 0 0 0 A A 1 02BrSaKl_table8_l28
1301.20965 0.002 0 0 0 1 0 1 16 7 0 1 1 E E 1 0 0 0 0 0 0 15 6 0 0 0 A A 2 02BrSaKl_table8_l970
1301.24816 0.002 0 0 0 1 0 1 16 8 0 1 1 E E 3 0 0 0 0 0 0 15 7 0 0 0 E A 3 02BrSaKl_table8_l971
1301.26062 0.002 0 0 0 1 0 1 16 7 0 1 1 E E 2 0 0 0 0 0 0 15 6 0 0 0 A A 1 02BrSaKl_table8_l972
1000.68304 0.002 0 1 0 0 0 0 1 0 0 0 0 A A 2 0 0 0 0 0 0 0 0 0 0 0 A A 1 02BrSaKl_table8_l274
1301.30059 0.002 0 0 0 1 0 1 16 10 0 1 1 E E 1 0 0 0 0 0 0 15 9 0 0 0 A A 2 02BrSaKl_table8_l973
855.68066 0.002 0 1 0 0 0 0 12 3 0 0 0 A A 1 0 0 0 0 0 0 13 3 0 0 0 A A 2 02BrSaKl_table8_l27
996.01369 0.002 0 1 0 0 0 0 18 18 0 0 0 A A 1 0 0 0 0 0 0 18 18 0 0 0 A A 2 02BrSaKl_table8_l266
995.5272 0.002 0 1 0 0 0 0 17 17 0 0 0 E A 3 0 0 0 0 0 0 17 17 0 0 0 E A 3 02BrSaKl_table8_l265
1311.21321 0.002 0 0 0 1 0 1 17 13 0 1 1 E E 2 0 0 0 0 0 0 16 12 0 0 0 A A 1 02BrSaKl_table8_l974
994.6057 0.002 0 1 0 0 0 0 15 15 0 0 0 A A 2 0 0 0 0 0 0 15 15 0 0 0 A A 1 02BrSaKl_table8_l263
994.17836 0.002 0 1 0 0 0 0 14 14 0 0 0 E A 3 0 0 0 0 0 0 14 14 0 0 0 E A 3 02BrSaKl_table8_l261
993.778 0.002 0 1 0 0 0 0 13 13 0 0 0 E A 3 0 0 0 0 0 0 13 13 0 0 0 E A 3 02BrSaKl_table8_l260
854.98506 0.002 0 1 0 0 0 0 12 2 0 0 0 E A 3 0 0 0 0 0 0 13 2 0 0 0 E A 3 02BrSaKl_table8_l26
993.40706 0.002 0 1 0 0 0 0 12 12 0 0 0 A A 1 0 0 0 0 0 0 12 12 0 0 0 A A 2 02BrSaKl_table8_l258
993.07009 0.002 0 1 0 0 0 0 11 11 0 0 0 E A 3 0 0 0 0 0 0 11 11 0 0 0 E A 3 02BrSaKl_table8_l257
992.76813 0.002 0 1 0 0 0 0 10 10 0 0 0 E A 3 0 0 0 0 0 0 10 10 0 0 0 E A 3 02BrSaKl_table8_l256
992.50402 0.002 0 1 0 0 0 0 9 9 0 0 0 A A 2 0 0 0 0 0 0 9 9 0 0 0 A A 1 02BrSaKl_table8_l255
992.28023 0.002 0 1 0 0 0 0 8 8 0 0 0 E A 3 0 0 0 0 0 0 8 8 0 0 0 E A 3 02BrSaKl_table8_l254
1312.13162 0.002 0 0 0 1 0 1 17 11 0 1 1 E E 3 0 0 0 0 0 0 16 10 0 0 0 E A 3 02BrSaKl_table8_l975
992.0985 0.002 0 1 0 0 0 0 7 7 0 0 0 E A 3 0 0 0 0 0 0 7 7 0 0 0 E A 3 02BrSaKl_table8_l252
991.9817 0.002 0 1 0 0 0 0 1 1 0 0 0 E A 3 0 0 0 0 0 0 1 1 0 0 0 E A 3 02BrSaKl_table8_l251
991.96075 0.002 0 1 0 0 0 0 6 6 0 0 0 A A 1 0 0 0 0 0 0 6 6 0 0 0 A A 2 02BrSaKl_table8_l250
854.56138 0.002 0 1 0 0 0 0 12 1 0 0 0 E A 3 0 0 0 0 0 0 13 1 0 0 0 E A 3 02BrSaKl_table8_l25
991.87928 0.002 0 1 0 0 0 0 2 2 0 0 0 E A 3 0 0 0 0 0 0 2 2 0 0 0 E A 3 02BrSaKl_table8_l249
991.86901 0.002 0 1 0 0 0 0 5 5 0 0 0 E A 3 0 0 0 0 0 0 5 5 0 0 0 E A 3 02BrSaKl_table8_l248
991.27384 0.002 0 1 0 0 0 0 2 1 0 0 0 E A 3 0 0 0 0 0 0 2 1 0 0 0 E A 3 02BrSaKl_table8_l247
990.823 0.002 0 1 0 0 0 0 3 2 0 0 0 E A 3 0 0 0 0 0 0 3 2 0 0 0 E A 3 02BrSaKl_table8_l246
990.42505 0.002 0 1 0 0 0 0 4 3 0 0 0 A A 2 0 0 0 0 0 0 4 3 0 0 0 A A 1 02BrSaKl_table8_l245
990.07817 0.002 0 1 0 0 0 0 5 4 0 0 0 E A 3 0 0 0 0 0 0 5 4 0 0 0 E A 3 02BrSaKl_table8_l244
989.781 0.002 0 1 0 0 0 0 6 5 0 0 0 E A 3 0 0 0 0 0 0 6 5 0 0 0 E A 3 02BrSaKl_table8_l243
989.53156 0.002 0 1 0 0 0 0 7 6 0 0 0 A A 2 0 0 0 0 0 0 7 6 0 0 0 A A 1 02BrSaKl_table8_l242
989.44356 0.002 0 1 0 0 0 0 4 2 0 0 0 E A 3 0 0 0 0 0 0 4 2 0 0 0 E A 3 02BrSaKl_table8_l241
854.4206 0.002 0 1 0 0 0 0 12 0 0 0 0 A A 1 0 0 0 0 0 0 13 0 0 0 0 A A 2 02BrSaKl_table8_l24
989.35069 0.002 0 1 0 0 0 0 19 18 0 0 0 A A 2 0 0 0 0 0 0 19 18 0 0 0 A A 1 02BrSaKl_table8_l239
989.32795 0.002 0 1 0 0 0 0 8 7 0 0 0 E A 3 0 0 0 0 0 0 8 7 0 0 0 E A 3 02BrSaKl_table8_l238
989.23621 0.002 0 1 0 0 0 0 18 17 0 0 0 E A 3 0 0 0 0 0 0 18 17 0 0 0 E A 3 02BrSaKl_table8_l237
989.16789 0.002 0 1 0 0 0 0 9 8 0 0 0 E A 3 0 0 0 0 0 0 9 8 0 0 0 E A 3 02BrSaKl_table8_l236
989.13276 0.002 0 1 0 0 0 0 17 16 0 0 0 E A 3 0 0 0 0 0 0 17 16 0 0 0 E A 3 02BrSaKl_table8_l235
988.97694 0.002 0 1 0 0 0 0 15 14 0 0 0 E A 3 0 0 0 0 0 0 15 14 0 0 0 E A 3 02BrSaKl_table8_l234
988.96886 0.002 0 1 0 0 0 0 11 10 0 0 0 E A 3 0 0 0 0 0 0 11 10 0 0 0 E A 3 02BrSaKl_table8_l233
988.93201 0.002 0 1 0 0 0 0 14 13 0 0 0 E A 3 0 0 0 0 0 0 14 13 0 0 0 E A 3 02BrSaKl_table8_l232
988.91326 0.002 0 1 0 0 0 0 13 12 0 0 0 A A 2 0 0 0 0 0 0 13 12 0 0 0 A A 1 02BrSaKl_table8_l231
988.86163 0.002 0 1 0 0 0 0 4 1 0 0 0 E A 3 0 0 0 0 0 0 4 1 0 0 0 E A 3 02BrSaKl_table8_l230
854.31449 0.002 0 1 0 0 0 0 13 9 0 0 0 A A 2 0 0 0 0 0 0 14 9 0 0 0 A A 1 02BrSaKl_table8_l23
988.71772 0.002 0 1 0 0 0 0 5 3 0 0 0 A A 1 0 0 0 0 0 0 5 3 0 0 0 A A 2 02BrSaKl_table8_l229
988.04838 0.002 0 1 0 0 0 0 6 4 0 0 0 E A 3 0 0 0 0 0 0 6 4 0 0 0 E A 3 02BrSaKl_table8_l228
987.76258 0.002 0 1 0 0 0 0 5 2 0 0 0 E A 3 0 0 0 0 0 0 5 2 0 0 0 E A 3 02BrSaKl_table8_l227
987.43267 0.002 0 1 0 0 0 0 7 5 0 0 0 E A 3 0 0 0 0 0 0 7 5 0 0 0 E A 3 02BrSaKl_table8_l226
987.19603 0.002 0 1 0 0 0 0 5 1 0 0 0 E A 3 0 0 0 0 0 0 5 1 0 0 0 E A 3 02BrSaKl_table8_l225
986.86812 0.002 0 1 0 0 0 0 8 6 0 0 0 A A 1 0 0 0 0 0 0 8 6 0 0 0 A A 2 02BrSaKl_table8_l224
1313.09857 0.002 0 0 0 1 0 1 17 10 0 1 1 E E 2 0 0 0 0 0 0 16 9 0 0 0 A A 1 02BrSaKl_table8_l976
986.35205 0.002 0 1 0 0 0 0 9 7 0 0 0 E A 3 0 0 0 0 0 0 9 7 0 0 0 E A 3 02BrSaKl_table8_l221
985.8812 0.002 0 1 0 0 0 0 10 8 0 0 0 E A 3 0 0 0 0 0 0 10 8 0 0 0 E A 3 02BrSaKl_table8_l220
851.83104 0.002 0 1 0 0 0 0 14 12 0 0 0 A A 1 0 0 0 0 0 0 15 12 0 0 0 A A 2 02BrSaKl_table8_l22
985.80442 0.002 0 1 0 0 0 0 6 2 0 0 0 E A 3 0 0 0 0 0 0 6 2 0 0 0 E A 3 02BrSaKl_table8_l219
985.76189 0.002 0 1 0 0 0 0 7 4 0 0 0 E A 3 0 0 0 0 0 0 7 4 0 0 0 E A 3 02BrSaKl_table8_l218
985.45244 0.002 0 1 0 0 0 0 11 9 0 0 0 A A 2 0 0 0 0 0 0 11 9 0 0 0 A A 1 02BrSaKl_table8_l217
985.25483 0.002 0 1 0 0 0 0 6 1 0 0 0 E A 3 0 0 0 0 0 0 6 1 0 0 0 E A 3 02BrSaKl_table8_l216
985.06236 0.002 0 1 0 0 0 0 12 10 0 0 0 E A 3 0 0 0 0 0 0 12 10 0 0 0 E A 3 02BrSaKl_table8_l215
984.85332 0.002 0 1 0 0 0 0 8 5 0 0 0 E A 3 0 0 0 0 0 0 8 5 0 0 0 E A 3 02BrSaKl_table8_l214
984.70682 0.002 0 1 0 0 0 0 13 11 0 0 0 E A 3 0 0 0 0 0 0 13 11 0 0 0 E A 3 02BrSaKl_table8_l213
1313.24321 0.002 0 0 0 1 0 1 17 9 0 1 1 A E 3 0 0 0 0 0 0 16 8 0 0 0 E A 3 02BrSaKl_table8_l977
984.08191 0.002 0 1 0 0 0 0 15 13 0 0 0 E A 3 0 0 0 0 0 0 15 13 0 0 0 E A 3 02BrSaKl_table8_l211
984.00085 0.002 0 1 0 0 0 0 9 6 0 0 0 A A 2 0 0 0 0 0 0 9 6 0 0 0 A A 1 02BrSaKl_table8_l210
851.69719 0.002 0 1 0 0 0 0 13 8 0 0 0 E A 3 0 0 0 0 0 0 14 8 0 0 0 E A 3 02BrSaKl_table8_l21
983.80093 0.002 0 1 0 0 0 0 16 14 0 0 0 E A 3 0 0 0 0 0 0 16 14 0 0 0 E A 3 02BrSaKl_table8_l209
983.5951 0.002 0 1 0 0 0 0 7 2 0 0 0 E A 3 0 0 0 0 0 0 7 2 0 0 0 E A 3 02BrSaKl_table8_l208
983.53051 0.002 0 1 0 0 0 0 17 15 0 0 0 A A 2 0 0 0 0 0 0 17 15 0 0 0 A A 1 02BrSaKl_table8_l206
983.25718 0.002 0 1 0 0 0 0 18 16 0 0 0 E A 3 0 0 0 0 0 0 18 16 0 0 0 E A 3 02BrSaKl_table8_l205
983.24676 0.002 0 1 0 0 0 0 8 4 0 0 0 E A 3 0 0 0 0 0 0 8 4 0 0 0 E A 3 02BrSaKl_table8_l204
983.23042 0.002 0 1 0 0 0 0 0 0 0 0 0 A A 1 0 0 0 0 0 0 1 0 0 0 0 A A 2 02BrSaKl_table8_l203
983.20097 0.002 0 1 0 0 0 0 10 7 0 0 0 E A 3 0 0 0 0 0 0 10 7 0 0 0 E A 3 02BrSaKl_table8_l202
983.06361 0.002 0 1 0 0 0 0 7 1 0 0 0 E A 3 0 0 0 0 0 0 7 1 0 0 0 E A 3 02BrSaKl_table8_l200
849.46345 0.002 0 1 0 0 0 0 13 7 0 0 0 E A 3 0 0 0 0 0 0 14 7 0 0 0 E A 3 02BrSaKl_table8_l20
830.83489 0.002 0 1 0 0 0 0 14 1 0 0 0 E A 3 0 0 0 0 0 0 15 1 0 0 0 E A 3 02BrSaKl_table8_l2
982.95911 0.002 0 1 0 0 0 0 19 17 0 0 0 E A 3 0 0 0 0 0 0 19 17 0 0 0 E A 3 02BrSaKl_table8_l199
982.44988 0.002 0 1 0 0 0 0 11 8 0 0 0 E A 3 0 0 0 0 0 0 11 8 0 0 0 E A 3 02BrSaKl_table8_l198
982.07098 0.002 0 1 0 0 0 0 9 5 0 0 0 E A 3 0 0 0 0 0 0 9 5 0 0 0 E A 3 02BrSaKl_table8_l196
982.02539 0.012076 0 1 0 0 0 0 8 3 0 0 0 A A 2 0 0 0 0 0 0 8 3 0 0 0 A A 1 02BrSaKl_table8_l195
982.01849 0.003872 0 1 0 0 0 0 8 3 0 0 0 A A 1 0 0 0 0 0 0 8 3 0 0 0 A A 2 02BrSaKl_table8_l194
981.74333 0.002 0 1 0 0 0 0 12 9 0 0 0 A A 1 0 0 0 0 0 0 12 9 0 0 0 A A 2 02BrSaKl_table8_l192
981.15972 0.002 0 1 0 0 0 0 8 2 0 0 0 E A 3 0 0 0 0 0 0 8 2 0 0 0 E A 3 02BrSaKl_table8_l191
981.07683 0.002 0 1 0 0 0 0 13 10 0 0 0 E A 3 0 0 0 0 0 0 13 10 0 0 0 E A 3 02BrSaKl_table8_l190
847.58048 0.002 0 1 0 0 0 0 13 6 0 0 0 A A 1 0 0 0 0 0 0 14 6 0 0 0 A A 2 02BrSaKl_table8_l19
980.95755 0.002 0 1 0 0 0 0 10 6 0 0 0 A A 2 0 0 0 0 0 0 10 6 0 0 0 A A 1 02BrSaKl_table8_l189
980.52963 0.002 0 1 0 0 0 0 9 4 0 0 0 E A 3 0 0 0 0 0 0 9 4 0 0 0 E A 3 02BrSaKl_table8_l188
980.4458 0.002 0 1 0 0 0 0 14 11 0 0 0 E A 3 0 0 0 0 0 0 14 11 0 0 0 E A 3 02BrSaKl_table8_l187
979.9018 0.002 0 1 0 0 0 0 11 7 0 0 0 E A 3 0 0 0 0 0 0 11 7 0 0 0 E A 3 02BrSaKl_table8_l186
979.84459 0.002 0 1 0 0 0 0 15 12 0 0 0 A A 2 0 0 0 0 0 0 15 12 0 0 0 A A 1 02BrSaKl_table8_l185
979.35924 0.002 0 1 0 0 0 0 9 3 0 0 0 A A 1 0 0 0 0 0 0 9 3 0 0 0 A A 2 02BrSaKl_table8_l183
979.34675 0.003544 0 1 0 0 0 0 9 3 0 0 0 A A 2 0 0 0 0 0 0 9 3 0 0 0 A A 1 02BrSaKl_table8_l182
979.26745 0.002 0 1 0 0 0 0 16 13 0 0 0 E A 3 0 0 0 0 0 0 16 13 0 0 0 E A 3 02BrSaKl_table8_l181
979.11192 0.002 0 1 0 0 0 0 10 5 0 0 0 E A 3 0 0 0 0 0 0 10 5 0 0 0 E A 3 02BrSaKl_table8_l180
846.02269 0.002 0 1 0 0 0 0 13 5 0 0 0 E A 3 0 0 0 0 0 0 14 5 0 0 0 E A 3 02BrSaKl_table8_l18
978.89906 0.002 0 1 0 0 0 0 12 8 0 0 0 E A 3 0 0 0 0 0 0 12 8 0 0 0 E A 3 02BrSaKl_table8_l179
978.70637 0.002 0 1 0 0 0 0 17 14 0 0 0 E A 3 0 0 0 0 0 0 17 14 0 0 0 E A 3 02BrSaKl_table8_l178
978.5237 0.002 0 1 0 0 0 0 9 2 0 0 0 E A 3 0 0 0 0 0 0 9 2 0 0 0 E A 3 02BrSaKl_table8_l177
978.15279 0.002 0 1 0 0 0 0 18 15 0 0 0 A A 1 0 0 0 0 0 0 18 15 0 0 0 A A 2 02BrSaKl_table8_l176
978.03099 0.002 0 1 0 0 0 0 9 1 0 0 0 E A 3 0 0 0 0 0 0 9 1 0 0 0 E A 3 02BrSaKl_table8_l175
977.94432 0.002 0 1 0 0 0 0 13 9 0 0 0 A A 2 0 0 0 0 0 0 13 9 0 0 0 A A 1 02BrSaKl_table8_l174
977.7631 0.002 0 1 0 0 0 0 11 6 0 0 0 A A 1 0 0 0 0 0 0 11 6 0 0 0 A A 2 02BrSaKl_table8_l173
977.63542 0.002 0 1 0 0 0 0 10 4 0 0 0 E A 3 0 0 0 0 0 0 10 4 0 0 0 E A 3 02BrSaKl_table8_l172
977.03239 0.002 0 1 0 0 0 0 14 10 0 0 0 E A 3 0 0 0 0 0 0 14 10 0 0 0 E A 3 02BrSaKl_table8_l170
844.77102 0.002 0 1 0 0 0 0 13 4 0 0 0 E A 3 0 0 0 0 0 0 14 4 0 0 0 E A 3 02BrSaKl_table8_l17
976.51785 0.002 0 1 0 0 0 0 10 3 0 0 0 A A 2 0 0 0 0 0 0 10 3 0 0 0 A A 1 02BrSaKl_table8_l168
976.49596 0.002 0 1 0 0 0 0 10 3 0 0 0 A A 1 0 0 0 0 0 0 10 3 0 0 0 A A 2 02BrSaKl_table8_l167
976.47757 0.002 0 1 0 0 0 0 12 7 0 0 0 E A 3 0 0 0 0 0 0 12 7 0 0 0 E A 3 02BrSaKl_table8_l166
976.15766 0.002 0 1 0 0 0 0 15 11 0 0 0 E A 3 0 0 0 0 0 0 15 11 0 0 0 E A 3 02BrSaKl_table8_l165
976.00008 0.002 0 1 0 0 0 0 11 5 0 0 0 E A 3 0 0 0 0 0 0 11 5 0 0 0 E A 3 02BrSaKl_table8_l164
975.71076 0.002 0 1 0 0 0 0 10 2 0 0 0 E A 3 0 0 0 0 0 0 10 2 0 0 0 E A 3 02BrSaKl_table8_l162
975.24957 0.002 0 1 0 0 0 0 13 8 0 0 0 E A 3 0 0 0 0 0 0 13 8 0 0 0 E A 3 02BrSaKl_table8_l160
843.8324 0.002 0 1 0 0 0 0 13 3 0 0 0 A A 1 0 0 0 0 0 0 14 3 0 0 0 A A 2 02BrSaKl_table8_l16
975.23727 0.002 0 1 0 0 0 0 10 1 0 0 0 E A 3 0 0 0 0 0 0 10 1 0 0 0 E A 3 02BrSaKl_table8_l159
974.58725 0.002 0 1 0 0 0 0 11 4 0 0 0 E A 3 0 0 0 0 0 0 11 4 0 0 0 E A 3 02BrSaKl_table8_l158
974.49547 0.002 0 1 0 0 0 0 17 13 0 0 0 E A 3 0 0 0 0 0 0 17 13 0 0 0 E A 3 02BrSaKl_table8_l157
974.43984 0.002 0 1 0 0 0 0 12 6 0 0 0 A A 2 0 0 0 0 0 0 12 6 0 0 0 A A 1 02BrSaKl_table8_l156
974.17557 0.002 0 1 0 0 0 0 1 1 0 0 0 E A 3 0 0 0 0 0 0 2 1 0 0 0 E A 3 02BrSaKl_table8_l155
973.9733 0.002 0 1 0 0 0 0 1 0 0 0 0 A A 2 0 0 0 0 0 0 2 0 0 0 0 A A 1 02BrSaKl_table8_l154
973.48866 0.002 0 1 0 0 0 0 11 3 0 0 0 A A 2 0 0 0 0 0 0 11 3 0 0 0 A A 1 02BrSaKl_table8_l153
972.94851 0.002 0 1 0 0 0 0 13 7 0 0 0 E A 3 0 0 0 0 0 0 13 7 0 0 0 E A 3 02BrSaKl_table8_l152
972.89972 0.002 0 1 0 0 0 0 19 15 0 0 0 A A 2 0 0 0 0 0 0 19 15 0 0 0 A A 1 02BrSaKl_table8_l151
972.75676 0.002 0 1 0 0 0 0 12 5 0 0 0 E A 3 0 0 0 0 0 0 12 5 0 0 0 E A 3 02BrSaKl_table8_l150
843.79049 0.002 0 1 0 0 0 0 13 3 0 0 0 A A 2 0 0 0 0 0 0 14 3 0 0 0 A A 1 02BrSaKl_table8_l15
972.74271 0.002 0 1 0 0 0 0 11 2 0 0 0 E A 3 0 0 0 0 0 0 11 2 0 0 0 E A 3 02BrSaKl_table8_l149
1323.30869 0.002 0 0 0 1 0 1 18 13 0 1 1 E E 1 0 0 0 0 0 0 17 12 0 0 0 A A 2 02BrSaKl_table8_l978
971.85241 0.002 0 1 0 0 0 0 16 11 0 0 0 E A 3 0 0 0 0 0 0 16 11 0 0 0 E A 3 02BrSaKl_table8_l147
971.51937 0.002 0 1 0 0 0 0 14 8 0 0 0 E A 3 0 0 0 0 0 0 14 8 0 0 0 E A 3 02BrSaKl_table8_l145
971.00768 0.002 0 1 0 0 0 0 13 6 0 0 0 A A 1 0 0 0 0 0 0 13 6 0 0 0 A A 2 02BrSaKl_table8_l143
970.79137 0.002 0 1 0 0 0 0 17 12 0 0 0 A A 2 0 0 0 0 0 0 17 12 0 0 0 A A 1 02BrSaKl_table8_l142
970.39862 0.002 0 1 0 0 0 0 12 3 0 0 0 A A 2 0 0 0 0 0 0 12 3 0 0 0 A A 1 02BrSaKl_table8_l141
970.34317 0.002 0 1 0 0 0 0 12 3 0 0 0 A A 1 0 0 0 0 0 0 12 3 0 0 0 A A 2 02BrSaKl_table8_l140
843.13312 0.002 0 1 0 0 0 0 13 2 0 0 0 E A 3 0 0 0 0 0 0 14 2 0 0 0 E A 3 02BrSaKl_table8_l14
970.14587 0.002 0 1 0 0 0 0 15 9 0 0 0 A A 2 0 0 0 0 0 0 15 9 0 0 0 A A 1 02BrSaKl_table8_l139
969.40118 0.002 0 1 0 0 0 0 13 5 0 0 0 E A 3 0 0 0 0 0 0 13 5 0 0 0 E A 3 02BrSaKl_table8_l138
969.33183 0.002 0 1 0 0 0 0 14 7 0 0 0 E A 3 0 0 0 0 0 0 14 7 0 0 0 E A 3 02BrSaKl_table8_l137
968.82092 0.002 0 1 0 0 0 0 16 10 0 0 0 E A 3 0 0 0 0 0 0 16 10 0 0 0 E A 3 02BrSaKl_table8_l136
968.11006 0.002 0 1 0 0 0 0 13 4 0 0 0 E A 3 0 0 0 0 0 0 13 4 0 0 0 E A 3 02BrSaKl_table8_l133
967.72282 0.002 0 1 0 0 0 0 15 8 0 0 0 E A 3 0 0 0 0 0 0 15 8 0 0 0 E A 3 02BrSaKl_table8_l132
967.53813 0.002 0 1 0 0 0 0 17 11 0 0 0 E A 3 0 0 0 0 0 0 17 11 0 0 0 E A 3 02BrSaKl_table8_l131
966.28778 0.002 0 1 0 0 0 0 18 12 0 0 0 A A 1 0 0 0 0 0 0 18 12 0 0 0 A A 2 02BrSaKl_table8_l130
842.72863 0.002 0 1 0 0 0 0 13 1 0 0 0 E A 3 0 0 0 0 0 0 14 1 0 0 0 E A 3 02BrSaKl_table8_l13
965.94972 0.002 0 1 0 0 0 0 14 5 0 0 0 E A 3 0 0 0 0 0 0 14 5 0 0 0 E A 3 02BrSaKl_table8_l129
965.64296 0.002 0 1 0 0 0 0 15 7 0 0 0 E A 3 0 0 0 0 0 0 15 7 0 0 0 E A 3 02BrSaKl_table8_l128
965.17474 0.002 0 1 0 0 0 0 2 2 0 0 0 E A 3 0 0 0 0 0 0 3 2 0 0 0 E A 3 02BrSaKl_table8_l126
964.71618 0.002 0 1 0 0 0 0 14 4 0 0 0 E A 3 0 0 0 0 0 0 14 4 0 0 0 E A 3 02BrSaKl_table8_l125
964.67429 0.002 0 1 0 0 0 0 17 10 0 0 0 E A 3 0 0 0 0 0 0 17 10 0 0 0 E A 3 02BrSaKl_table8_l124
964.37296 0.002 0 1 0 0 0 0 2 0 0 0 0 A A 1 0 0 0 0 0 0 3 0 0 0 0 A A 2 02BrSaKl_table8_l122
963.88111 0.002 0 1 0 0 0 0 15 6 0 0 0 A A 1 0 0 0 0 0 0 15 6 0 0 0 A A 2 02BrSaKl_table8_l121
962.16466 0.002 0 1 0 0 0 0 17 9 0 0 0 A A 1 0 0 0 0 0 0 17 9 0 0 0 A A 2 02BrSaKl_table8_l120
842.59424 0.002 0 1 0 0 0 0 13 0 0 0 0 A A 2 0 0 0 0 0 0 14 0 0 0 0 A A 1 02BrSaKl_table8_l12
961.79982 0.002 0 1 0 0 0 0 19 12 0 0 0 A A 2 0 0 0 0 0 0 19 12 0 0 0 A A 1 02BrSaKl_table8_l119
956.22877 0.002 0 1 0 0 0 0 3 3 0 0 0 A A 2 0 0 0 0 0 0 4 3 0 0 0 A A 1 02BrSaKl_table8_l115
955.23176 0.002 0 1 0 0 0 0 3 2 0 0 0 E A 3 0 0 0 0 0 0 4 2 0 0 0 E A 3 02BrSaKl_table8_l114
954.64083 0.002 0 1 0 0 0 0 3 1 0 0 0 E A 3 0 0 0 0 0 0 4 1 0 0 0 E A 3 02BrSaKl_table8_l113
954.44497 0.002 0 1 0 0 0 0 3 0 0 0 0 A A 2 0 0 0 0 0 0 4 0 0 0 0 A A 1 02BrSaKl_table8_l112
1335.36643 0.002 0 0 0 1 0 1 19 13 0 1 1 E E 2 0 0 0 0 0 0 18 12 0 0 0 A A 1 02BrSaKl_table8_l979
841.83343 0.002 0 1 0 0 0 0 14 9 0 0 0 A A 1 0 0 0 0 0 0 15 9 0 0 0 A A 2 02BrSaKl_table8_l11
947.33779 0.002 0 1 0 0 0 0 4 4 0 0 0 E A 3 0 0 0 0 0 0 5 4 0 0 0 E A 3 02BrSaKl_table8_l109
945.95084 0.002 0 1 0 0 0 0 4 3 0 0 0 A A 2 0 0 0 0 0 0 5 3 0 0 0 A A 1 02BrSaKl_table8_l107
944.97798 0.002 0 1 0 0 0 0 4 2 0 0 0 E A 3 0 0 0 0 0 0 5 2 0 0 0 E A 3 02BrSaKl_table8_l106
944.40096 0.002 0 1 0 0 0 0 4 1 0 0 0 E A 3 0 0 0 0 0 0 5 1 0 0 0 E A 3 02BrSaKl_table8_l105
944.20986 0.002 0 1 0 0 0 0 4 0 0 0 0 A A 1 0 0 0 0 0 0 5 0 0 0 0 A A 2 02BrSaKl_table8_l104
938.5015 0.002 0 1 0 0 0 0 5 5 0 0 0 E A 3 0 0 0 0 0 0 6 5 0 0 0 E A 3 02BrSaKl_table8_l103
936.72936 0.002 0 1 0 0 0 0 5 4 0 0 0 E A 3 0 0 0 0 0 0 6 4 0 0 0 E A 3 02BrSaKl_table8_l102
935.38319 0.002 0 1 0 0 0 0 5 3 0 0 0 A A 1 0 0 0 0 0 0 6 3 0 0 0 A A 2 02BrSaKl_table8_l101
934.4383 0.002 0 1 0 0 0 0 5 2 0 0 0 E A 3 0 0 0 0 0 0 6 2 0 0 0 E A 3 02BrSaKl_table8_l100
839.36072 0.002 0 1 0 0 0 0 14 8 0 0 0 E A 3 0 0 0 0 0 0 15 8 0 0 0 E A 3 02BrSaKl_table8_l10
829.3388 0.002 0 1 0 0 0 0 15 9 0 0 0 A A 2 0 0 0 0 0 0 16 9 0 0 0 A A 1 02BrSaKl_table8_l1
974.0735257 0.00001 0 1 0 0 0 0 14 9 0 0 0 A A 1 0 0 0 0 0 0 14 9 0 0 0 A A 2 96AiHaSp_l9
972.7567614 0.00001 0 1 0 0 0 0 12 5 0 0 0 E A 3 0 0 0 0 0 0 12 5 0 0 0 E A 3 96AiHaSp_l8
971.0075529 0.00001 0 1 0 0 0 0 13 6 0 0 0 A A 1 0 0 0 0 0 0 13 6 0 0 0 A A 2 96AiHaSp_l7
971.0074521 0.00001 0 1 0 0 0 0 13 6 0 0 0 A A 2 0 0 0 0 0 0 13 6 0 0 0 A A 1 96AiHaSp_l6
935.3834564 0.00001 0 1 0 0 0 0 5 3 0 0 0 A A 1 0 0 0 0 0 0 6 3 0 0 0 A A 2 96AiHaSp_l5
1085.119424 0.00001 0 1 0 0 0 0 12 8 0 0 0 E A 3 0 0 0 0 0 0 11 8 0 0 0 E A 3 96AiHaSp_l41
1082.814311 0.00001 0 1 0 0 0 0 13 4 0 0 0 E A 3 0 0 0 0 0 0 12 4 0 0 0 E A 3 96AiHaSp_l40
935.3831928 0.00001 0 1 0 0 0 0 5 3 0 0 0 A A 2 0 0 0 0 0 0 6 3 0 0 0 A A 1 96AiHaSp_l4
1081.823958 0.00001 0 1 0 0 0 0 13 3 0 0 0 A A 1 0 0 0 0 0 0 12 3 0 0 0 A A 2 96AiHaSp_l39
1081.767019 0.00001 0 1 0 0 0 0 13 3 0 0 0 A A 2 0 0 0 0 0 0 12 3 0 0 0 A A 1 96AiHaSp_l38
1080.645418 0.00001 0 1 0 0 0 0 13 1 0 0 0 E A 3 0 0 0 0 0 0 12 1 0 0 0 E A 3 96AiHaSp_l37
1080.549598 0.00001 0 1 0 0 0 0 12 6 0 0 0 A A 2 0 0 0 0 0 0 11 6 0 0 0 A A 1 96AiHaSp_l36
1080.549542 0.00001 0 1 0 0 0 0 12 6 0 0 0 A A 1 0 0 0 0 0 0 11 6 0 0 0 A A 2 96AiHaSp_l35
1077.852077 0.00001 0 1 0 0 0 0 10 9 0 0 0 A A 1 0 0 0 0 0 0 9 9 0 0 0 A A 2 96AiHaSp_l34
1077.852077 0.00001 0 1 0 0 0 0 10 9 0 0 0 A A 2 0 0 0 0 0 0 9 9 0 0 0 A A 1 96AiHaSp_l33
1075.178393 0.00001 0 1 0 0 0 0 12 1 0 0 0 E A 3 0 0 0 0 0 0 11 1 0 0 0 E A 3 96AiHaSp_l32
1075.159506 0.00001 0 1 0 0 0 0 11 6 0 0 0 A A 1 0 0 0 0 0 0 10 6 0 0 0 A A 2 96AiHaSp_l31
1075.159487 0.00001 0 1 0 0 0 0 11 6 0 0 0 A A 2 0 0 0 0 0 0 10 6 0 0 0 A A 1 96AiHaSp_l30
934.4382985 0.00001 0 1 0 0 0 0 5 2 0 0 0 E A 3 0 0 0 0 0 0 6 2 0 0 0 E A 3 96AiHaSp_l3
1051.772398 0.00001 0 1 0 0 0 0 7 6 0 0 0 A A 1 0 0 0 0 0 0 6 6 0 0 0 A A 2 96AiHaSp_l29
1051.772398 0.00001 0 1 0 0 0 0 7 6 0 0 0 A A 2 0 0 0 0 0 0 6 6 0 0 0 A A 1 96AiHaSp_l28
1051.622417 0.00001 0 1 0 0 0 0 8 1 0 0 0 E A 3 0 0 0 0 0 0 7 1 0 0 0 E A 3 96AiHaSp_l27
988.048381 0.00001 0 1 0 0 0 0 6 4 0 0 0 E A 3 0 0 0 0 0 0 6 4 0 0 0 E A 3 96AiHaSp_l26
985.0623639 0.00001 0 1 0 0 0 0 12 10 0 0 0 E A 3 0 0 0 0 0 0 12 10 0 0 0 E A 3 96AiHaSp_l25
984.8533168 0.00001 0 1 0 0 0 0 8 5 0 0 0 E A 3 0 0 0 0 0 0 8 5 0 0 0 E A 3 96AiHaSp_l24
983.8009285 0.00001 0 1 0 0 0 0 16 14 0 0 0 E A 3 0 0 0 0 0 0 16 14 0 0 0 E A 3 96AiHaSp_l23
980.4458046 0.00001 0 1 0 0 0 0 14 11 0 0 0 E A 3 0 0 0 0 0 0 14 11 0 0 0 E A 3 96AiHaSp_l22
979.2674498 0.00001 0 1 0 0 0 0 16 13 0 0 0 E A 3 0 0 0 0 0 0 16 13 0 0 0 E A 3 96AiHaSp_l21
979.111916 0.00001 0 1 0 0 0 0 10 5 0 0 0 E A 3 0 0 0 0 0 0 10 5 0 0 0 E A 3 96AiHaSp_l20
927.5667411 0.00001 0 1 0 0 0 0 6 5 0 0 0 E A 3 0 0 0 0 0 0 7 5 0 0 0 E A 3 96AiHaSp_l2
978.8990613 0.00001 0 1 0 0 0 0 12 8 0 0 0 E A 3 0 0 0 0 0 0 12 8 0 0 0 E A 3 96AiHaSp_l19
977.9443174 0.00001 0 1 0 0 0 0 13 9 0 0 0 A A 2 0 0 0 0 0 0 13 9 0 0 0 A A 1 96AiHaSp_l18
977.9443174 0.00001 0 1 0 0 0 0 13 9 0 0 0 A A 1 0 0 0 0 0 0 13 9 0 0 0 A A 2 96AiHaSp_l17
977.7631223 0.00001 0 1 0 0 0 0 11 6 0 0 0 A A 1 0 0 0 0 0 0 11 6 0 0 0 A A 2 96AiHaSp_l16
977.7631012 0.00001 0 1 0 0 0 0 11 6 0 0 0 A A 2 0 0 0 0 0 0 11 6 0 0 0 A A 1 96AiHaSp_l15
977.635423 0.00001 0 1 0 0 0 0 10 4 0 0 0 E A 3 0 0 0 0 0 0 10 4 0 0 0 E A 3 96AiHaSp_l14
976.4959615 0.00001 0 1 0 0 0 0 10 3 0 0 0 A A 1 0 0 0 0 0 0 10 3 0 0 0 A A 2 96AiHaSp_l13
976.4775672 0.00001 0 1 0 0 0 0 12 7 0 0 0 E A 3 0 0 0 0 0 0 12 7 0 0 0 E A 3 96AiHaSp_l12
974.1755706 0.00001 0 1 0 0 0 0 1 1 0 0 0 E A 3 0 0 0 0 0 0 2 1 0 0 0 E A 3 96AiHaSp_l11
974.0735257 0.00001 0 1 0 0 0 0 14 9 0 0 0 A A 2 0 0 0 0 0 0 14 9 0 0 0 A A 1 96AiHaSp_l10
924.5539208 0.00001 0 1 0 0 0 0 6 3 0 0 0 A A 1 0 0 0 0 0 0 7 3 0 0 0 A A 2 96AiHaSp_l1
968.643835 0.00001 0 0 0 1 0 -1 14 10 0 1 1 E E 3 0 0 0 0 0 0 15 11 0 0 0 E A 3 96AiHaSp_l42
-971.0138389 0.00001 0 0 0 1 0 -1 13 11 0 1 1 E E 1 0 0 0 0 0 0 14 12 0 0 0 A A 2 96AiHaSp_l44
971.0138389 0.00001 0 0 0 1 0 -1 13 11 0 1 1 E E 2 0 0 0 0 0 0 14 12 0 0 0 A A 1 96AiHaSp_l43
975.4321569 0.00001 0 0 0 1 0 -1 13 10 0 1 1 E E 3 0 0 0 0 0 0 14 11 0 0 0 E A 3 96AiHaSp_l45
979.0389812 0.00001 0 0 0 1 0 -1 14 7 0 1 1 E E 3 0 0 0 0 0 0 15 8 0 0 0 E A 3 96AiHaSp_l46
1042.735748 0.00001 0 0 0 1 0 1 10 3 0 1 1 A E 3 0 0 0 0 0 0 11 2 0 0 0 E A 3 96AiHaSp_l47
-1048.145493 0.00001 0 0 0 1 0 -1 9 2 0 1 1 E E 3 0 0 0 0 0 0 10 1 0 0 0 E A 3 96AiHaSp_l48
1049.241183 0.00001 0 0 0 1 0 1 9 4 0 1 1 E E 2 0 0 0 0 0 0 10 3 0 0 0 A A 1 96AiHaSp_l49
1074.087335 0.00001 0 0 0 1 0 1 5 2 0 1 1 E E 3 0 0 0 0 0 0 6 1 0 0 0 E A 3 96AiHaSp_l50
1075.442457 0.00001 0 0 0 1 0 1 5 3 0 1 1 A E 3 0 0 0 0 0 0 6 2 0 0 0 E A 3 96AiHaSp_l51
1076.817766 0.00001 0 0 0 1 0 1 5 4 0 1 1 E E 2 0 0 0 0 0 0 6 3 0 0 0 A A 1 96AiHaSp_l52
-1081.763069 0.00001 0 0 0 1 0 -1 3 3 0 1 1 A E 3 0 0 0 0 0 0 4 2 0 0 0 E A 3 96AiHaSp_l53
1016.7311 0.001 0 1 0 0 0 0 3 0 0 0 0 A A 2 0 0 0 0 0 0 2 0 0 0 0 A A 1 04SaArBo_l1
-1066.6132 0.001 0 0 0 1 0 1 6 1 0 1 1 E E 2 0 0 0 0 0 0 7 0 0 0 0 A A 1 04SaArBo_l10
1051.8799 0.001 0 0 0 1 0 -1 6 3 0 1 1 A E 3 0 0 0 0 0 0 7 4 0 0 0 E A 3 04SaArBo_l11
1041.0058 0.001 0 0 0 1 0 -1 7 4 0 1 1 E E 3 0 0 0 0 0 0 8 5 0 0 0 E A 3 04SaArBo_l12
1066.2654 0.001 0 1 0 0 0 0 9 7 0 0 0 E A 3 0 0 0 0 0 0 8 7 0 0 0 E A 3 04SaArBo_l13
1066.2191 0.001 0 1 0 0 0 0 10 4 0 0 0 E A 3 0 0 0 0 0 0 9 4 0 0 0 E A 3 04SaArBo_l14
1077.8521 0.001 0 1 0 0 0 0 10 9 0 0 0 A A 2 0 0 0 0 0 0 9 9 0 0 0 A A 1 04SaArBo_l15
1048.1455 0.001 0 0 0 1 0 1 9 2 0 1 1 E E 3 0 0 0 0 0 0 10 1 0 0 0 E A 3 04SaArBo_l16
1070.0241 0.001 0 1 0 0 0 0 11 2 0 0 0 E A 3 0 0 0 0 0 0 10 2 0 0 0 E A 3 04SaArBo_l17
1077.3456 0.001 0 1 0 0 0 0 11 7 0 0 0 E A 3 0 0 0 0 0 0 10 7 0 0 0 E A 3 04SaArBo_l18
1077.4376 0.001 0 1 0 0 0 0 12 4 0 0 0 E A 3 0 0 0 0 0 0 11 4 0 0 0 E A 3 04SaArBo_l19
1016.9293 0.001 0 1 0 0 0 0 3 1 0 0 0 E A 3 0 0 0 0 0 0 2 1 0 0 0 E A 3 04SaArBo_l2
1085.1194 0.001 0 1 0 0 0 0 12 8 0 0 0 E A 3 0 0 0 0 0 0 11 8 0 0 0 E A 3 04SaArBo_l20
995.1165 0.001 0 0 0 1 0 -1 10 10 0 1 1 E E 3 0 0 0 0 0 0 11 11 0 0 0 E A 3 04SaArBo_l21
1081.075 0.001 0 1 0 0 0 0 13 2 0 0 0 E A 3 0 0 0 0 0 0 12 2 0 0 0 E A 3 04SaArBo_l22
1092.9228 0.001 0 1 0 0 0 0 13 9 0 0 0 A A 2 0 0 0 0 0 0 12 9 0 0 0 A A 1 04SaArBo_l23
1089.3284 0.001 0 1 0 0 0 0 14 5 0 0 0 E A 3 0 0 0 0 0 0 13 5 0 0 0 E A 3 04SaArBo_l24
1092.8169 0.001 0 1 0 0 0 0 14 7 0 0 0 E A 3 0 0 0 0 0 0 13 7 0 0 0 E A 3 04SaArBo_l25
1093.1723 0.001 0 1 0 0 0 0 15 4 0 0 0 E A 3 0 0 0 0 0 0 14 4 0 0 0 E A 3 04SaArBo_l26
1092.7072 0.001 0 0 0 1 0 1 2 0 0 1 1 A E 3 0 0 0 0 0 0 3 1 0 0 0 E A 3 04SaArBo_l3
1089.2008 0.001 0 0 0 1 0 1 3 2 0 1 1 E E 3 0 0 0 0 0 0 4 1 0 0 0 E A 3 04SaArBo_l4
1074.0873 0.001 0 0 0 1 0 1 5 2 0 1 1 E E 3 0 0 0 0 0 0 6 1 0 0 0 E A 3 04SaArBo_l5
-1051.4496 0.001 0 1 0 0 0 0 8 0 0 0 0 A A 2 0 0 0 0 0 0 7 0 0 0 0 A A 1 04SaArBo_l6
1051.6224 0.001 0 1 0 0 0 0 8 1 0 0 0 E A 3 0 0 0 0 0 0 7 1 0 0 0 E A 3 04SaArBo_l7
1052.1428 0.001 0 1 0 0 0 0 8 2 0 0 0 E A 3 0 0 0 0 0 0 7 2 0 0 0 E A 3 04SaArBo_l8
1055.8929 0.001 0 1 0 0 0 0 8 5 0 0 0 E A 3 0 0 0 0 0 0 7 5 0 0 0 E A 3 04SaArBo_l9
2929.0065 0.005 0 3 0 0 0 0 5 1 0 0 0 E A 3 0 0 0 0 0 0 5 1 0 0 0 E A 3 06Kshirsagar_l1
2817.1717 0.005 0 3 0 0 0 0 9 0 0 0 0 A A 2 0 0 0 0 0 0 10 0 0 0 0 A A 1 06Kshirsagar_l10
2820.9443 0.005 0 3 0 0 0 0 9 3 0 0 0 A A 2 0 0 0 0 0 0 10 3 0 0 0 A A 1 06Kshirsagar_l11
2905.1995 0.005 0 3 0 0 0 0 10 4 0 0 0 E A 3 0 0 0 0 0 0 10 4 0 0 0 E A 3 06Kshirsagar_l12
2816.4065 0.005 0 3 0 0 0 0 10 6 0 0 0 A A 1 0 0 0 0 0 0 11 6 0 0 0 A A 2 06Kshirsagar_l13
2913.8028 0.005 0 3 0 0 0 0 10 6 0 0 0 A A 1 0 0 0 0 0 0 10 6 0 0 0 A A 2 06Kshirsagar_l14
2988.2943 0.005 0 3 0 0 0 0 10 6 0 0 0 A A 1 0 0 0 0 0 0 9 3 0 0 0 A A 2 06Kshirsagar_l15
3002.4534 0.005 0 3 0 0 0 0 10 6 0 0 0 A A 1 0 0 0 0 0 0 9 6 0 0 0 A A 2 06Kshirsagar_l16
2934.3265 0.005 0 3 0 0 0 0 10 9 0 0 0 A A 1 0 0 0 0 0 0 10 9 0 0 0 A A 2 06Kshirsagar_l17
3023.1293 0.005 0 3 0 0 0 0 10 9 0 0 0 A A 1 0 0 0 0 0 0 9 9 0 0 0 A A 2 06Kshirsagar_l18
2934.3265 0.005 0 3 0 0 0 0 10 9 0 0 0 A A 2 0 0 0 0 0 0 10 9 0 0 0 A A 1 06Kshirsagar_l19
2932.7725 0.005 0 3 0 0 0 0 5 3 0 0 0 A A 2 0 0 0 0 0 0 5 3 0 0 0 A A 1 06Kshirsagar_l2
3023.1293 0.005 0 3 0 0 0 0 10 9 0 0 0 A A 2 0 0 0 0 0 0 9 9 0 0 0 A A 1 06Kshirsagar_l20
2902.3799 0.005 0 3 0 0 0 0 12 7 0 0 0 E A 3 0 0 0 0 0 0 12 7 0 0 0 E A 3 06Kshirsagar_l21
3008.5413 0.005 0 3 0 0 0 0 12 7 0 0 0 E A 3 0 0 0 0 0 0 11 7 0 0 0 E A 3 06Kshirsagar_l22
2908.7091 0.005 0 3 0 0 0 0 12 8 0 0 0 E A 3 0 0 0 0 0 0 12 8 0 0 0 E A 3 06Kshirsagar_l23
3014.9258 0.005 0 3 0 0 0 0 12 8 0 0 0 E A 3 0 0 0 0 0 0 11 8 0 0 0 E A 3 06Kshirsagar_l24
2932.7725 0.005 0 3 0 0 0 0 5 3 0 0 0 A A 1 0 0 0 0 0 0 5 3 0 0 0 A A 2 06Kshirsagar_l3
2977.2469 0.005 0 3 0 0 0 0 5 3 0 0 0 A A 2 0 0 0 0 0 0 4 3 0 0 0 A A 1 06Kshirsagar_l4
2977.2469 0.005 0 3 0 0 0 0 5 3 0 0 0 A A 1 0 0 0 0 0 0 4 3 0 0 0 A A 2 06Kshirsagar_l5
2879.4383 0.005 0 3 0 0 0 0 5 3 0 0 0 A A 2 0 0 0 0 0 0 6 3 0 0 0 A A 1 06Kshirsagar_l6
2879.4383 0.005 0 3 0 0 0 0 5 3 0 0 0 A A 1 0 0 0 0 0 0 6 3 0 0 0 A A 2 06Kshirsagar_l7
2981.2857 0.005 0 3 0 0 0 0 6 3 0 0 0 A A 1 0 0 0 0 0 0 5 3 0 0 0 A A 2 06Kshirsagar_l8
2990.1709 0.005 0 3 0 0 0 0 9 0 0 0 0 A A 2 0 0 0 0 0 0 8 3 0 0 0 A A 1 06Kshirsagar_l9
2300.439 0.006 0 0 1 0 1 0 2 0 1 0 1 A E 3 0 0 0 0 0 0 3 1 0 0 0 E A 3 06Suarez_l1
-2316.585 0.006 1 0 0 0 0 0 11 7 0 0 0 E E 3 0 0 0 0 0 0 11 7 0 0 0 E A 3 06Suarez_l10
2335.644 0.006 0 0 1 0 -1 0 9 8 1 0 1 E E 2 0 0 0 0 0 0 9 9 0 0 0 A A 1 06Suarez_l100
2338.653 0.006 1 0 0 0 0 0 2 0 0 0 0 A A 1 0 0 0 0 0 0 1 0 0 0 0 A A 2 06Suarez_l101
-2338.664 0.006 1 0 0 0 0 0 2 1 0 0 0 E E 3 0 0 0 0 0 0 1 1 0 0 0 E A 3 06Suarez_l102
2342.653 0.006 0 0 1 0 1 0 2 2 1 0 1 E E 3 0 0 0 0 0 0 1 1 0 0 0 E A 3 06Suarez_l103
2343.754 0.006 0 0 1 0 1 0 2 1 1 0 1 E E 1 0 0 0 0 0 0 1 0 0 0 0 A A 2 06Suarez_l104
2350.237 0.006 0 0 1 0 1 0 3 3 1 0 1 A E 3 0 0 0 0 0 0 2 2 0 0 0 E A 3 06Suarez_l105
2351.298 0.006 0 0 1 0 1 0 3 2 1 0 1 E E 3 0 0 0 0 0 0 2 1 0 0 0 E A 3 06Suarez_l106
2352.377 0.006 0 0 1 0 1 0 3 1 1 0 1 E E 2 0 0 0 0 0 0 2 0 0 0 0 A A 1 06Suarez_l107
2353.584 0.006 0 0 1 0 1 0 3 0 1 0 1 A E 3 0 0 0 0 0 0 2 1 0 0 0 E A 3 06Suarez_l108
2355.879 0.006 1 0 0 0 0 0 4 3 0 0 0 A A 2 0 0 0 0 0 0 3 3 0 0 0 A A 1 06Suarez_l109
-2317.265 0.006 1 0 0 0 0 0 10 7 0 0 0 E E 3 0 0 0 0 0 0 10 7 0 0 0 E A 3 06Suarez_l11
2358.802 0.006 0 0 1 0 1 0 4 3 1 0 1 A E 3 0 0 0 0 0 0 3 2 0 0 0 E A 3 06Suarez_l110
2359.852 0.006 0 0 1 0 1 0 4 2 1 0 1 E E 3 0 0 0 0 0 0 3 1 0 0 0 E A 3 06Suarez_l111
2360.904 0.006 0 0 1 0 1 0 4 1 1 0 1 E E 1 0 0 0 0 0 0 3 0 0 0 0 A A 2 06Suarez_l112
2362.13 0.006 0 0 1 0 1 0 4 0 1 0 1 A E 3 0 0 0 0 0 0 3 1 0 0 0 E A 3 06Suarez_l113
-2364.134 0.006 1 0 0 0 0 0 5 2 0 0 0 E E 3 0 0 0 0 0 0 4 2 0 0 0 E A 3 06Suarez_l114
2364.281 0.006 1 0 0 0 0 0 5 3 0 0 0 A A 2 0 0 0 0 0 0 4 3 0 0 0 A A 1 06Suarez_l115
-2364.315 0.006 1 0 0 0 0 0 5 4 0 0 0 E E 3 0 0 0 0 0 0 4 4 0 0 0 E A 3 06Suarez_l116
2365.37 0.006 0 0 1 0 1 0 5 5 1 0 1 E E 3 0 0 0 0 0 0 4 4 0 0 0 E A 3 06Suarez_l117
2366.299 0.006 0 0 1 0 1 0 5 4 1 0 1 E E 2 0 0 0 0 0 0 4 3 0 0 0 A A 1 06Suarez_l118
2367.28 0.006 0 0 1 0 1 0 5 3 1 0 1 A E 3 0 0 0 0 0 0 4 2 0 0 0 E A 3 06Suarez_l119
2317.475 0.006 1 0 0 0 0 0 10 6 0 0 0 A A 2 0 0 0 0 0 0 10 6 0 0 0 A A 1 06Suarez_l12
2369.333 0.006 0 0 1 0 1 0 5 1 1 0 1 E E 2 0 0 0 0 0 0 4 0 0 0 0 A A 1 06Suarez_l120
2371.816 0.006 0 0 1 0 -1 0 5 1 1 0 1 E E 3 0 0 0 0 0 0 4 2 0 0 0 E A 3 06Suarez_l121
-2372.333 0.006 1 0 0 0 0 0 6 2 0 0 0 E E 3 0 0 0 0 0 0 5 2 0 0 0 E A 3 06Suarez_l122
-2372.39 0.006 0 0 1 0 1 0 6 6 1 0 1 A E 3 0 0 0 0 0 0 5 5 0 0 0 E A 3 06Suarez_l123
-2372.538 0.006 1 0 0 0 0 0 6 4 0 0 0 E E 3 0 0 0 0 0 0 5 4 0 0 0 E A 3 06Suarez_l124
2372.592 0.006 1 0 0 0 0 0 6 3 0 0 0 A A 2 0 0 0 0 0 0 5 3 0 0 0 A A 1 06Suarez_l125
-2373.183 0.006 1 0 0 0 0 0 6 5 0 0 0 E E 3 0 0 0 0 0 0 5 5 0 0 0 E A 3 06Suarez_l126
2373.279 0.006 0 0 1 0 -1 0 6 4 1 0 1 E E 3 0 0 0 0 0 0 5 2 0 0 0 E A 3 06Suarez_l127
2373.85 0.006 0 0 1 0 1 0 6 5 1 0 1 E E 3 0 0 0 0 0 0 5 4 0 0 0 E A 3 06Suarez_l128
2374.718 0.006 0 0 1 0 1 0 6 4 1 0 1 E E 2 0 0 0 0 0 0 5 3 0 0 0 A A 1 06Suarez_l129
2317.836 0.006 0 0 1 0 1 0 10 6 1 0 1 A E 3 0 0 0 0 0 0 10 5 0 0 0 E A 3 06Suarez_l13
2375.671 0.006 0 0 1 0 1 0 6 3 1 0 1 A E 3 0 0 0 0 0 0 5 2 0 0 0 E A 3 06Suarez_l130
2376.688 0.006 0 0 1 0 1 0 6 2 1 0 1 E E 3 0 0 0 0 0 0 5 1 0 0 0 E A 3 06Suarez_l131
2377.665 0.006 0 0 1 0 1 0 6 1 1 0 1 E E 1 0 0 0 0 0 0 5 0 0 0 0 A A 2 06Suarez_l132
-2380.393 0.006 1 0 0 0 0 0 7 2 0 0 0 E E 3 0 0 0 0 0 0 6 2 0 0 0 E A 3 06Suarez_l133
-2380.436 0.006 1 0 0 0 0 0 7 5 0 0 0 E E 3 0 0 0 0 0 0 6 5 0 0 0 E A 3 06Suarez_l134
-2380.512 0.006 1 0 0 0 0 0 7 1 0 0 0 E E 3 0 0 0 0 0 0 6 1 0 0 0 E A 3 06Suarez_l135
2380.53 0.006 1 0 0 0 0 0 7 0 0 0 0 A A 2 0 0 0 0 0 0 6 0 0 0 0 A A 1 06Suarez_l136
-2380.655 0.006 1 0 0 0 0 0 7 4 0 0 0 E E 3 0 0 0 0 0 0 6 4 0 0 0 E A 3 06Suarez_l137
2380.818 0.006 1 0 0 0 0 0 7 3 0 0 0 A A 2 0 0 0 0 0 0 6 3 0 0 0 A A 1 06Suarez_l138
-2317.914 0.006 1 0 0 0 0 0 9 7 0 0 0 E E 3 0 0 0 0 0 0 9 7 0 0 0 E A 3 06Suarez_l14
2318.081 0.006 1 0 0 0 0 0 9 6 0 0 0 A A 2 0 0 0 0 0 0 9 6 0 0 0 A A 1 06Suarez_l15
2318.426 0.006 0 0 1 0 1 0 9 6 1 0 1 A E 3 0 0 0 0 0 0 9 5 0 0 0 E A 3 06Suarez_l16
2318.495 0.006 0 0 1 0 1 0 0 0 1 0 1 A E 3 0 0 0 0 0 0 1 1 0 0 0 E A 3 06Suarez_l17
2318.64 0.006 1 0 0 0 0 0 8 6 0 0 0 A A 2 0 0 0 0 0 0 8 6 0 0 0 A A 1 06Suarez_l18
2318.961 0.006 0 0 1 0 1 0 8 6 1 0 1 A E 3 0 0 0 0 0 0 8 5 0 0 0 E A 3 06Suarez_l19
2301.674 0.006 0 0 1 0 -1 0 2 1 1 0 1 E E 3 0 0 0 0 0 0 3 2 0 0 0 E A 3 06Suarez_l2
2318.979 0.006 0 0 1 0 1 0 9 5 1 0 1 E E 3 0 0 0 0 0 0 9 4 0 0 0 E A 3 06Suarez_l20
2319.43 0.006 0 0 1 0 1 0 7 6 1 0 1 A E 3 0 0 0 0 0 0 7 5 0 0 0 E A 3 06Suarez_l21
2319.544 0.006 0 0 1 0 1 0 8 5 1 0 1 E E 3 0 0 0 0 0 0 8 4 0 0 0 E A 3 06Suarez_l22
2319.855 0.006 0 0 1 0 1 0 10 3 1 0 1 A E 3 0 0 0 0 0 0 10 2 0 0 0 E A 3 06Suarez_l23
-2320.019 0.006 1 0 0 0 0 0 5 5 0 0 0 E E 3 0 0 0 0 0 0 5 5 0 0 0 E A 3 06Suarez_l24
2320.053 0.006 0 0 1 0 1 0 7 5 1 0 1 E E 3 0 0 0 0 0 0 7 4 0 0 0 E A 3 06Suarez_l25
2320.281 0.006 1 0 0 0 0 0 4 3 0 0 0 A A 2 0 0 0 0 0 0 4 3 0 0 0 A A 1 06Suarez_l26
2320.32 0.006 0 0 1 0 1 0 8 4 1 0 1 E E 1 0 0 0 0 0 0 8 3 0 0 0 A A 2 06Suarez_l27
2320.32 0.006 0 0 1 0 1 0 8 4 1 0 1 E E 2 0 0 0 0 0 0 8 3 0 0 0 A A 1 06Suarez_l28
-2320.379 0.006 1 0 0 0 0 0 4 4 0 0 0 E E 3 0 0 0 0 0 0 4 4 0 0 0 E A 3 06Suarez_l29
2302.976 0.006 0 0 1 0 -1 0 2 2 1 0 1 E E 1 0 0 0 0 0 0 3 3 0 0 0 A A 2 06Suarez_l3
2320.502 0.006 0 0 1 0 1 0 6 5 1 0 1 E E 3 0 0 0 0 0 0 6 4 0 0 0 E A 3 06Suarez_l30
-2320.611 0.006 1 0 0 0 0 0 3 2 0 0 0 E E 3 0 0 0 0 0 0 3 2 0 0 0 E A 3 06Suarez_l31
-2321.04 0.006 1 0 0 0 0 0 1 1 0 0 0 E E 3 0 0 0 0 0 0 1 1 0 0 0 E A 3 06Suarez_l32
2321.214 0.006 0 0 1 0 1 0 8 3 1 0 1 A E 3 0 0 0 0 0 0 8 2 0 0 0 E A 3 06Suarez_l33
2321.356 0.006 0 0 1 0 1 0 11 1 1 0 1 E E 1 0 0 0 0 0 0 11 0 0 0 0 A A 2 06Suarez_l34
2321.497 0.006 0 0 1 0 1 0 9 2 1 0 1 E E 3 0 0 0 0 0 0 9 1 0 0 0 E A 3 06Suarez_l35
2322.111 0.006 0 0 1 0 1 0 10 1 1 0 1 E E 2 0 0 0 0 0 0 10 0 0 0 0 A A 1 06Suarez_l36
2322.199 0.006 0 0 1 0 1 0 4 4 1 0 1 E E 2 0 0 0 0 0 0 4 3 0 0 0 A A 1 06Suarez_l37
2322.347 0.006 0 0 1 0 1 0 6 3 1 0 1 A E 3 0 0 0 0 0 0 6 2 0 0 0 E A 3 06Suarez_l38
2322.634 0.006 0 0 1 0 -1 0 12 1 1 0 1 E E 3 0 0 0 0 0 0 12 2 0 0 0 E A 3 06Suarez_l39
2302.976 0.006 0 0 1 0 -1 0 2 2 1 0 1 E E 2 0 0 0 0 0 0 3 3 0 0 0 A A 1 06Suarez_l4
2322.984 0.006 0 0 1 0 1 0 10 0 1 0 1 A E 3 0 0 0 0 0 0 10 1 0 0 0 E A 3 06Suarez_l40
2323.211 0.006 0 0 1 0 1 0 4 3 1 0 1 A E 3 0 0 0 0 0 0 4 2 0 0 0 E A 3 06Suarez_l41
2323.37 0.006 0 0 1 0 1 0 6 2 1 0 1 E E 3 0 0 0 0 0 0 6 1 0 0 0 E A 3 06Suarez_l42
2323.423 0.006 0 0 1 0 -1 0 11 1 1 0 1 E E 3 0 0 0 0 0 0 11 2 0 0 0 E A 3 06Suarez_l43
2323.467 0.006 0 0 1 0 1 0 8 1 1 0 1 E E 2 0 0 0 0 0 0 8 0 0 0 0 A A 1 06Suarez_l44
2323.533 0.006 0 0 1 0 1 0 3 3 1 0 1 A E 3 0 0 0 0 0 0 3 2 0 0 0 E A 3 06Suarez_l45
2323.731 0.006 0 0 1 0 1 0 9 0 1 0 1 A E 3 0 0 0 0 0 0 9 1 0 0 0 E A 3 06Suarez_l46
2323.856 0.006 0 0 1 0 1 0 5 2 1 0 1 E E 3 0 0 0 0 0 0 5 1 0 0 0 E A 3 06Suarez_l47
2324.2 0.006 0 0 1 0 -1 0 10 1 1 0 1 E E 3 0 0 0 0 0 0 10 2 0 0 0 E A 3 06Suarez_l48
2324.265 0.006 0 0 1 0 1 0 4 2 1 0 1 E E 3 0 0 0 0 0 0 4 1 0 0 0 E A 3 06Suarez_l49
2303.224 0.006 1 0 0 0 0 0 1 0 0 0 0 A A 2 0 0 0 0 0 0 2 0 0 0 0 A A 1 06Suarez_l5
2324.425 0.006 0 0 1 0 1 0 8 0 1 0 1 A E 3 0 0 0 0 0 0 8 1 0 0 0 E A 3 06Suarez_l50
2324.585 0.006 0 0 1 0 1 0 6 1 1 0 1 E E 2 0 0 0 0 0 0 6 0 0 0 0 A A 1 06Suarez_l51
2324.596 0.006 0 0 1 0 1 0 3 2 1 0 1 E E 3 0 0 0 0 0 0 3 1 0 0 0 E A 3 06Suarez_l52
2324.847 0.006 0 0 1 0 1 0 2 2 1 0 1 E E 3 0 0 0 0 0 0 2 1 0 0 0 E A 3 06Suarez_l53
2324.943 0.006 0 0 1 0 -1 0 9 1 1 0 1 E E 3 0 0 0 0 0 0 9 2 0 0 0 E A 3 06Suarez_l54
2325.006 0.009 0 0 1 0 -1 0 12 3 1 0 1 A E 3 0 0 0 0 0 0 12 4 0 0 0 E A 3 06Suarez_l55
2325.043 0.006 0 0 1 0 1 0 5 1 1 0 1 E E 1 0 0 0 0 0 0 5 0 0 0 0 A A 2 06Suarez_l56
2325.431 0.006 0 0 1 0 1 0 4 1 1 0 1 E E 2 0 0 0 0 0 0 4 0 0 0 0 A A 1 06Suarez_l57
2325.745 0.006 0 0 1 0 1 0 3 1 1 0 1 E E 1 0 0 0 0 0 0 3 0 0 0 0 A A 2 06Suarez_l58
2325.982 0.006 0 0 1 0 1 0 2 1 1 0 1 E E 2 0 0 0 0 0 0 2 0 0 0 0 A A 1 06Suarez_l59
-2303.234 0.006 1 0 0 0 0 0 1 1 0 0 0 E E 3 0 0 0 0 0 0 2 1 0 0 0 E A 3 06Suarez_l6
2326.278 0.006 0 0 1 0 -1 0 7 1 1 0 1 E E 3 0 0 0 0 0 0 7 2 0 0 0 E A 3 06Suarez_l60
2326.428 0.006 0 0 1 0 -1 0 9 2 1 0 1 E E 2 0 0 0 0 0 0 9 3 0 0 0 A A 1 06Suarez_l61
2326.543 0.006 0 0 1 0 1 0 4 0 1 0 1 A E 3 0 0 0 0 0 0 4 1 0 0 0 E A 3 06Suarez_l62
2326.745 0.006 0 0 1 0 -1 0 8 2 1 0 1 E E 2 0 0 0 0 0 0 8 3 0 0 0 A A 1 06Suarez_l63
2326.821 0.006 0 0 1 0 -1 0 10 3 1 0 1 A E 3 0 0 0 0 0 0 10 4 0 0 0 E A 3 06Suarez_l64
2326.85 0.006 0 0 1 0 -1 0 6 1 1 0 1 E E 3 0 0 0 0 0 0 6 2 0 0 0 E A 3 06Suarez_l65
2326.883 0.006 0 0 1 0 1 0 3 0 1 0 1 A E 3 0 0 0 0 0 0 3 1 0 0 0 E A 3 06Suarez_l66
2327.093 0.006 0 0 1 0 -1 0 8 2 1 0 1 E E 1 0 0 0 0 0 0 8 3 0 0 0 A A 2 06Suarez_l67
2327.14 0.006 0 0 1 0 1 0 2 0 1 0 1 A E 3 0 0 0 0 0 0 2 1 0 0 0 E A 3 06Suarez_l68
2327.313 0.006 0 0 1 0 1 0 1 0 1 0 1 A E 3 0 0 0 0 0 0 1 1 0 0 0 E A 3 06Suarez_l69
2308.325 0.006 0 0 1 0 1 0 1 1 1 0 1 E E 2 0 0 0 0 0 0 2 0 0 0 0 A A 1 06Suarez_l7
2327.351 0.006 0 0 1 0 -1 0 5 1 1 0 1 E E 3 0 0 0 0 0 0 5 2 0 0 0 E A 3 06Suarez_l70
2327.458 0.006 0 0 1 0 -1 0 7 2 1 0 1 E E 1 0 0 0 0 0 0 7 3 0 0 0 A A 2 06Suarez_l71
2327.685 0.006 0 0 1 0 -1 0 7 2 1 0 1 E E 2 0 0 0 0 0 0 7 3 0 0 0 A A 1 06Suarez_l72
2327.775 0.006 0 0 1 0 -1 0 4 1 1 0 1 E E 3 0 0 0 0 0 0 4 2 0 0 0 E A 3 06Suarez_l73
2328.082 0.006 0 0 1 0 -1 0 6 2 1 0 1 E E 2 0 0 0 0 0 0 6 3 0 0 0 A A 1 06Suarez_l74
2328.118 0.006 0 0 1 0 -1 0 3 1 1 0 1 E E 3 0 0 0 0 0 0 3 2 0 0 0 E A 3 06Suarez_l75
2328.216 0.006 0 0 1 0 -1 0 6 2 1 0 1 E E 1 0 0 0 0 0 0 6 3 0 0 0 A A 2 06Suarez_l76
2328.332 0.006 0 0 1 0 -1 0 8 3 1 0 1 A E 3 0 0 0 0 0 0 8 4 0 0 0 E A 3 06Suarez_l77
2328.378 0.006 0 0 1 0 -1 0 2 1 1 0 1 E E 3 0 0 0 0 0 0 2 2 0 0 0 E A 3 06Suarez_l78
2328.617 0.006 0 0 1 0 -1 0 5 2 1 0 1 E E 1 0 0 0 0 0 0 5 3 0 0 0 A A 2 06Suarez_l79
2309.507 0.006 0 0 1 0 1 0 1 0 1 0 1 A E 3 0 0 0 0 0 0 2 1 0 0 0 E A 3 06Suarez_l8
2328.972 0.006 0 0 1 0 -1 0 7 3 1 0 1 A E 3 0 0 0 0 0 0 7 4 0 0 0 E A 3 06Suarez_l80
2329.062 0.006 0 0 1 0 -1 0 4 2 1 0 1 E E 2 0 0 0 0 0 0 4 3 0 0 0 A A 1 06Suarez_l81
2329.093 0.006 0 0 1 0 -1 0 4 2 1 0 1 E E 1 0 0 0 0 0 0 4 3 0 0 0 A A 2 06Suarez_l82
2329.257 0.006 0 0 1 0 -1 0 9 4 1 0 1 E E 3 0 0 0 0 0 0 9 5 0 0 0 E A 3 06Suarez_l83
2329.418 0.006 0 0 1 0 -1 0 3 2 1 0 1 E E 1 0 0 0 0 0 0 3 3 0 0 0 A A 2 06Suarez_l84
2329.428 0.006 0 0 1 0 -1 0 3 2 1 0 1 E E 2 0 0 0 0 0 0 3 3 0 0 0 A A 1 06Suarez_l85
2329.54 0.006 0 0 1 0 -1 0 6 3 1 0 1 A E 3 0 0 0 0 0 0 6 4 0 0 0 E A 3 06Suarez_l86
2329.83 0.006 0 0 1 0 -1 0 9 5 1 0 1 E E 2 0 0 0 0 0 0 9 6 0 0 0 A A 1 06Suarez_l87
2330.035 0.006 0 0 1 0 -1 0 5 3 1 0 1 A E 3 0 0 0 0 0 0 5 4 0 0 0 E A 3 06Suarez_l88
2330.457 0.006 0 0 1 0 -1 0 4 3 1 0 1 A E 3 0 0 0 0 0 0 4 4 0 0 0 E A 3 06Suarez_l89
2310.745 0.006 0 0 1 0 -1 0 1 1 1 0 1 E E 3 0 0 0 0 0 0 2 2 0 0 0 E A 3 06Suarez_l9
2330.561 0.006 0 0 1 0 -1 0 7 4 1 0 1 E E 3 0 0 0 0 0 0 7 5 0 0 0 E A 3 06Suarez_l90
2331.091 0.006 0 0 1 0 -1 0 6 4 1 0 1 E E 3 0 0 0 0 0 0 6 5 0 0 0 E A 3 06Suarez_l91
2331.545 0.006 0 0 1 0 -1 0 5 4 1 0 1 E E 3 0 0 0 0 0 0 5 5 0 0 0 E A 3 06Suarez_l92
2331.684 0.006 0 0 1 0 -1 0 7 5 1 0 1 E E 2 0 0 0 0 0 0 7 6 0 0 0 A A 1 06Suarez_l93
-2331.831 0.006 0 0 1 0 -1 0 9 6 1 0 1 A E 3 0 0 0 0 0 0 9 7 0 0 0 E A 3 06Suarez_l94
2332.4 0.006 0 0 1 0 -1 0 6 5 1 0 1 E E 2 0 0 0 0 0 0 6 6 0 0 0 A A 1 06Suarez_l95
-2332.696 0.006 0 0 1 0 -1 0 8 6 1 0 1 A E 3 0 0 0 0 0 0 8 7 0 0 0 E A 3 06Suarez_l96
-2333.45 0.006 0 0 1 0 -1 0 7 6 1 0 1 A E 3 0 0 0 0 0 0 7 7 0 0 0 E A 3 06Suarez_l97
2333.711 0.006 0 0 1 0 -1 0 9 7 1 0 1 E E 3 0 0 0 0 0 0 9 8 0 0 0 E A 3 06Suarez_l98
2335.034 0.006 0 0 1 0 1 0 1 1 1 0 1 E E 2 0 0 0 0 0 0 0 0 0 0 0 A A 1 06Suarez_l99
1053.01573 0.0001 0 1 0 0 0 0 8 3 0 0 0 A A 1 0 0 0 0 0 0 7 3 0 0 0 A A 2 18SaBlLe.1
1053.02106 0.0001 0 1 0 0 0 0 8 3 0 0 0 A A 2 0 0 0 0 0 0 7 3 0 0 0 A A 1 18SaBlLe.2
1059.14042 0.0001 0 1 0 0 0 0 9 3 0 0 0 A A 2 0 0 0 0 0 0 8 3 0 0 0 A A 1 18SaBlLe.3
1059.14988 0.0001 0 1 0 0 0 0 9 3 0 0 0 A A 1 0 0 0 0 0 0 8 3 0 0 0 A A 2 18SaBlLe.4
1065.05928 0.0001 0 1 0 0 0 0 10 3 0 0 0 A A 1 0 0 0 0 0 0 9 3 0 0 0 A A 2 18SaBlLe.5
1065.07558 0.0001 0 1 0 0 0 0 10 3 0 0 0 A A 2 0 0 0 0 0 0 9 3 0 0 0 A A 1 18SaBlLe.6
1078.92118 0.0001 0 0 0 1 0 -1 3 2 0 1 1 E E 2 0 0 0 0 0 0 4 3 0 0 0 A A 1 18SaBlLe.7
1078.91634 0.0001 0 0 0 1 0 -1 3 2 0 1 1 E E 1 0 0 0 0 0 0 4 3 0 0 0 A A 2 18SaBlLe.8
1174.62613 0.0002 0 0 0 1 0 1 5 4 0 1 1 E E 2 0 0 0 0 0 0 4 3 0 0 0 A A 1 18SaBlLe.9
1174.64563 0.0001 0 0 0 1 0 1 5 4 0 1 1 E E 1 0 0 0 0 0 0 4 3 0 0 0 A A 2 18SaBlLe.10
1139.87262 0.0001 0 0 0 1 0 1 9 7 0 1 1 E E 1 0 0 0 0 0 0 9 6 0 0 0 A A 2 18SaBlLe.11
1139.88005 0.0001 0 0 0 1 0 1 9 7 0 1 1 E E 2 0 0 0 0 0 0 9 6 0 0 0 A A 1 18SaBlLe.12
2948.8444 0.035 0 3 0 0 0 0 1 0 0 0 0 A A 2 0 0 0 0 0 0 0 0 0 0 0 A A 1 73MaSaOl_Table2_l1
2987.0669 0.035 0 3 0 0 0 0 10 0 0 0 0 A A 1 0 0 0 0 0 0 9 0 0 0 0 A A 2 73MaSaOl_Table2_l10
2914.096 0.035 0 3 0 0 0 0 8 2 0 0 0 E A 3 0 0 0 0 0 0 8 2 0 0 0 E A 3 73MaSaOl_Table2_l100
2907.413 0.035 0 3 0 0 0 0 9 2 0 0 0 E A 3 0 0 0 0 0 0 9 2 0 0 0 E A 3 73MaSaOl_Table2_l101
2922.4637 0.035 0 3 0 0 0 0 7 3 0 0 0 A A 1 0 0 0 0 0 0 7 3 0 0 0 A A 2 73MaSaOl_Table2_l102
2916.3276 0.035 0 3 0 0 0 0 8 3 0 0 0 A A 2 0 0 0 0 0 0 8 3 0 0 0 A A 1 73MaSaOl_Table2_l103
2909.6005 0.035 0 3 0 0 0 0 9 3 0 0 0 A A 1 0 0 0 0 0 0 9 3 0 0 0 A A 2 73MaSaOl_Table2_l104
2894.5947 0.035 0 3 0 0 0 0 11 3 0 0 0 A A 1 0 0 0 0 0 0 11 3 0 0 0 A A 2 73MaSaOl_Table2_l105
2886.4259 0.035 0 3 0 0 0 0 12 3 0 0 0 A A 2 0 0 0 0 0 0 12 3 0 0 0 A A 1 73MaSaOl_Table2_l106
2940.1712 0.035 0 3 0 0 0 0 3 3 0 0 0 A A 2 0 0 0 0 0 0 3 3 0 0 0 A A 1 73MaSaOl_Table2_l107
2936.8645 0.035 0 3 0 0 0 0 4 3 0 0 0 A A 1 0 0 0 0 0 0 4 3 0 0 0 A A 2 73MaSaOl_Table2_l108
2932.7799 0.035 0 3 0 0 0 0 5 3 0 0 0 A A 2 0 0 0 0 0 0 5 3 0 0 0 A A 1 73MaSaOl_Table2_l109
2988.1401 0.035 0 3 0 0 0 0 11 0 0 0 0 A A 2 0 0 0 0 0 0 10 0 0 0 0 A A 1 73MaSaOl_Table2_l11
2927.9613 0.035 0 3 0 0 0 0 6 3 0 0 0 A A 1 0 0 0 0 0 0 6 3 0 0 0 A A 2 73MaSaOl_Table2_l110
2916.2758 0.035 0 3 0 0 0 0 8 3 0 0 0 A A 1 0 0 0 0 0 0 8 3 0 0 0 A A 2 73MaSaOl_Table2_l111
2909.5073 0.035 0 3 0 0 0 0 9 3 0 0 0 A A 2 0 0 0 0 0 0 9 3 0 0 0 A A 1 73MaSaOl_Table2_l112
2894.3597 0.035 0 3 0 0 0 0 11 3 0 0 0 A A 2 0 0 0 0 0 0 11 3 0 0 0 A A 1 73MaSaOl_Table2_l113
2936.1227 0.035 0 3 0 0 0 0 5 4 0 0 0 E A 3 0 0 0 0 0 0 5 4 0 0 0 E A 3 73MaSaOl_Table2_l114
2931.2402 0.035 0 3 0 0 0 0 6 4 0 0 0 E A 3 0 0 0 0 0 0 6 4 0 0 0 E A 3 73MaSaOl_Table2_l115
2919.4204 0.035 0 3 0 0 0 0 8 4 0 0 0 E A 3 0 0 0 0 0 0 8 4 0 0 0 E A 3 73MaSaOl_Table2_l116
2912.5844 0.035 0 3 0 0 0 0 9 4 0 0 0 E A 3 0 0 0 0 0 0 9 4 0 0 0 E A 3 73MaSaOl_Table2_l117
2905.2068 0.035 0 3 0 0 0 0 10 4 0 0 0 E A 3 0 0 0 0 0 0 10 4 0 0 0 E A 3 73MaSaOl_Table2_l118
2897.3205 0.035 0 3 0 0 0 0 11 4 0 0 0 E A 3 0 0 0 0 0 0 11 4 0 0 0 E A 3 73MaSaOl_Table2_l119
2988.7368 0.035 0 3 0 0 0 0 12 0 0 0 0 A A 1 0 0 0 0 0 0 11 0 0 0 0 A A 2 73MaSaOl_Table2_l12
2888.985 0.035 0 3 0 0 0 0 12 4 0 0 0 E A 3 0 0 0 0 0 0 12 4 0 0 0 E A 3 73MaSaOl_Table2_l120
2940.4715 0.035 0 3 0 0 0 0 5 5 0 0 0 E A 3 0 0 0 0 0 0 5 5 0 0 0 E A 3 73MaSaOl_Table2_l121
2935.517 0.035 0 3 0 0 0 0 6 5 0 0 0 E A 3 0 0 0 0 0 0 6 5 0 0 0 E A 3 73MaSaOl_Table2_l122
2929.8411 0.035 0 3 0 0 0 0 7 5 0 0 0 E A 3 0 0 0 0 0 0 7 5 0 0 0 E A 3 73MaSaOl_Table2_l123
2923.4956 0.035 0 3 0 0 0 0 8 5 0 0 0 E A 3 0 0 0 0 0 0 8 5 0 0 0 E A 3 73MaSaOl_Table2_l124
2916.5452 0.035 0 3 0 0 0 0 9 5 0 0 0 E A 3 0 0 0 0 0 0 9 5 0 0 0 E A 3 73MaSaOl_Table2_l125
2909.0404 0.035 0 3 0 0 0 0 10 5 0 0 0 E A 3 0 0 0 0 0 0 10 5 0 0 0 E A 3 73MaSaOl_Table2_l126
2901.0306 0.035 0 3 0 0 0 0 11 5 0 0 0 E A 3 0 0 0 0 0 0 11 5 0 0 0 E A 3 73MaSaOl_Table2_l127
2892.5767 0.035 0 3 0 0 0 0 12 5 0 0 0 E A 3 0 0 0 0 0 0 12 5 0 0 0 E A 3 73MaSaOl_Table2_l128
2940.8244 0.035 0 3 0 0 0 0 6 6 0 0 0 A A 2 0 0 0 0 0 0 6 6 0 0 0 A A 1 73MaSaOl_Table2_l129
2988.8817 0.035 0 3 0 0 0 0 13 0 0 0 0 A A 2 0 0 0 0 0 0 12 0 0 0 0 A A 1 73MaSaOl_Table2_l13
2928.5609 0.035 0 3 0 0 0 0 8 6 0 0 0 A A 2 0 0 0 0 0 0 8 6 0 0 0 A A 1 73MaSaOl_Table2_l130
2921.4644 0.035 0 3 0 0 0 0 9 6 0 0 0 A A 1 0 0 0 0 0 0 9 6 0 0 0 A A 2 73MaSaOl_Table2_l131
2913.8067 0.035 0 3 0 0 0 0 10 6 0 0 0 A A 2 0 0 0 0 0 0 10 6 0 0 0 A A 1 73MaSaOl_Table2_l132
2905.6444 0.035 0 3 0 0 0 0 11 6 0 0 0 A A 1 0 0 0 0 0 0 11 6 0 0 0 A A 2 73MaSaOl_Table2_l133
2941.3073 0.035 0 3 0 0 0 0 7 7 0 0 0 E A 3 0 0 0 0 0 0 7 7 0 0 0 E A 3 73MaSaOl_Table2_l134
2934.6898 0.035 0 3 0 0 0 0 8 7 0 0 0 E A 3 0 0 0 0 0 0 8 7 0 0 0 E A 3 73MaSaOl_Table2_l135
2927.4185 0.035 0 3 0 0 0 0 9 7 0 0 0 E A 3 0 0 0 0 0 0 9 7 0 0 0 E A 3 73MaSaOl_Table2_l136
2919.5585 0.035 0 3 0 0 0 0 10 7 0 0 0 E A 3 0 0 0 0 0 0 10 7 0 0 0 E A 3 73MaSaOl_Table2_l137
2911.2001 0.035 0 3 0 0 0 0 11 7 0 0 0 E A 3 0 0 0 0 0 0 11 7 0 0 0 E A 3 73MaSaOl_Table2_l138
2902.385 0.035 0 3 0 0 0 0 12 7 0 0 0 E A 3 0 0 0 0 0 0 12 7 0 0 0 E A 3 73MaSaOl_Table2_l139
2956.5713 0.035 0 3 0 0 0 0 2 1 0 0 0 E A 3 0 0 0 0 0 0 1 1 0 0 0 E A 3 73MaSaOl_Table2_l14
2893.1714 0.035 0 3 0 0 0 0 13 7 0 0 0 E A 3 0 0 0 0 0 0 13 7 0 0 0 E A 3 73MaSaOl_Table2_l140
2941.9151 0.035 0 3 0 0 0 0 8 8 0 0 0 E A 3 0 0 0 0 0 0 8 8 0 0 0 E A 3 73MaSaOl_Table2_l141
2934.4575 0.035 0 3 0 0 0 0 9 8 0 0 0 E A 3 0 0 0 0 0 0 9 8 0 0 0 E A 3 73MaSaOl_Table2_l142
2926.3796 0.035 0 3 0 0 0 0 10 8 0 0 0 E A 3 0 0 0 0 0 0 10 8 0 0 0 E A 3 73MaSaOl_Table2_l143
2917.7733 0.035 0 3 0 0 0 0 11 8 0 0 0 E A 3 0 0 0 0 0 0 11 8 0 0 0 E A 3 73MaSaOl_Table2_l144
2908.7103 0.035 0 3 0 0 0 0 12 8 0 0 0 E A 3 0 0 0 0 0 0 12 8 0 0 0 E A 3 73MaSaOl_Table2_l145
2899.2573 0.035 0 3 0 0 0 0 13 8 0 0 0 E A 3 0 0 0 0 0 0 13 8 0 0 0 E A 3 73MaSaOl_Table2_l146
2889.4576 0.035 0 3 0 0 0 0 14 8 0 0 0 E A 3 0 0 0 0 0 0 14 8 0 0 0 E A 3 73MaSaOl_Table2_l147
2942.6451 0.035 0 3 0 0 0 0 9 9 0 0 0 A A 1 0 0 0 0 0 0 9 9 0 0 0 A A 2 73MaSaOl_Table2_l148
2925.4468 0.035 0 3 0 0 0 0 11 9 0 0 0 A A 1 0 0 0 0 0 0 11 9 0 0 0 A A 2 73MaSaOl_Table2_l149
2962.9953 0.035 0 3 0 0 0 0 3 1 0 0 0 E A 3 0 0 0 0 0 0 2 1 0 0 0 E A 3 73MaSaOl_Table2_l15
2916.0876 0.035 0 3 0 0 0 0 12 9 0 0 0 A A 2 0 0 0 0 0 0 12 9 0 0 0 A A 1 73MaSaOl_Table2_l150
2906.337 0.035 0 3 0 0 0 0 13 9 0 0 0 A A 1 0 0 0 0 0 0 13 9 0 0 0 A A 2 73MaSaOl_Table2_l151
2943.4844 0.035 0 3 0 0 0 0 10 10 0 0 0 E A 3 0 0 0 0 0 0 10 10 0 0 0 E A 3 73MaSaOl_Table2_l152
2924.6031 0.035 0 3 0 0 0 0 12 10 0 0 0 E A 3 0 0 0 0 0 0 12 10 0 0 0 E A 3 73MaSaOl_Table2_l153
2914.492 0.035 0 3 0 0 0 0 13 10 0 0 0 E A 3 0 0 0 0 0 0 13 10 0 0 0 E A 3 73MaSaOl_Table2_l154
2904.0557 0.035 0 3 0 0 0 0 14 10 0 0 0 E A 3 0 0 0 0 0 0 14 10 0 0 0 E A 3 73MaSaOl_Table2_l155
2893.3341 0.035 0 3 0 0 0 0 15 10 0 0 0 E A 3 0 0 0 0 0 0 15 10 0 0 0 E A 3 73MaSaOl_Table2_l156
2944.4304 0.035 0 3 0 0 0 0 11 11 0 0 0 E A 3 0 0 0 0 0 0 11 11 0 0 0 E A 3 73MaSaOl_Table2_l157
2934.3807 0.035 0 3 0 0 0 0 12 11 0 0 0 E A 3 0 0 0 0 0 0 12 11 0 0 0 E A 3 73MaSaOl_Table2_l158
2923.8434 0.035 0 3 0 0 0 0 13 11 0 0 0 E A 3 0 0 0 0 0 0 13 11 0 0 0 E A 3 73MaSaOl_Table2_l159
2968.6187 0.035 0 3 0 0 0 0 4 1 0 0 0 E A 3 0 0 0 0 0 0 3 1 0 0 0 E A 3 73MaSaOl_Table2_l16
2912.977 0.035 0 3 0 0 0 0 14 11 0 0 0 E A 3 0 0 0 0 0 0 14 11 0 0 0 E A 3 73MaSaOl_Table2_l160
2945.4729 0.035 0 3 0 0 0 0 12 12 0 0 0 A A 2 0 0 0 0 0 0 12 12 0 0 0 A A 1 73MaSaOl_Table2_l161
2934.5358 0.035 0 3 0 0 0 0 13 12 0 0 0 A A 1 0 0 0 0 0 0 13 12 0 0 0 A A 2 73MaSaOl_Table2_l162
2923.1555 0.035 0 3 0 0 0 0 14 12 0 0 0 A A 2 0 0 0 0 0 0 14 12 0 0 0 A A 1 73MaSaOl_Table2_l163
2911.5402 0.035 0 3 0 0 0 0 15 12 0 0 0 A A 1 0 0 0 0 0 0 15 12 0 0 0 A A 2 73MaSaOl_Table2_l164
2946.6025 0.035 0 3 0 0 0 0 13 13 0 0 0 E A 3 0 0 0 0 0 0 13 13 0 0 0 E A 3 73MaSaOl_Table2_l165
2934.7645 0.035 0 3 0 0 0 0 14 13 0 0 0 E A 3 0 0 0 0 0 0 14 13 0 0 0 E A 3 73MaSaOl_Table2_l166
2922.5269 0.035 0 3 0 0 0 0 15 13 0 0 0 E A 3 0 0 0 0 0 0 15 13 0 0 0 E A 3 73MaSaOl_Table2_l167
2910.1475 0.035 0 3 0 0 0 0 16 13 0 0 0 E A 3 0 0 0 0 0 0 16 13 0 0 0 E A 3 73MaSaOl_Table2_l168
2921.946 0.035 0 3 0 0 0 0 16 14 0 0 0 E A 3 0 0 0 0 0 0 16 14 0 0 0 E A 3 73MaSaOl_Table2_l169
2973.4703 0.035 0 3 0 0 0 0 5 1 0 0 0 E A 3 0 0 0 0 0 0 4 1 0 0 0 E A 3 73MaSaOl_Table2_l17
2949.1041 0.035 0 3 0 0 0 0 15 15 0 0 0 A A 1 0 0 0 0 0 0 15 15 0 0 0 A A 2 73MaSaOl_Table2_l170
2935.3948 0.035 0 3 0 0 0 0 16 15 0 0 0 A A 2 0 0 0 0 0 0 16 15 0 0 0 A A 1 73MaSaOl_Table2_l171
2921.3936 0.035 0 3 0 0 0 0 17 15 0 0 0 A A 1 0 0 0 0 0 0 17 15 0 0 0 A A 2 73MaSaOl_Table2_l172
2950.4431 0.035 0 3 0 0 0 0 16 16 0 0 0 E A 3 0 0 0 0 0 0 16 16 0 0 0 E A 3 73MaSaOl_Table2_l173
2935.7776 0.035 0 3 0 0 0 0 17 16 0 0 0 E A 3 0 0 0 0 0 0 17 16 0 0 0 E A 3 73MaSaOl_Table2_l174
2951.8347 0.035 0 3 0 0 0 0 17 17 0 0 0 E A 3 0 0 0 0 0 0 17 17 0 0 0 E A 3 73MaSaOl_Table2_l175
2953.2574 0.035 0 3 0 0 0 0 18 18 0 0 0 A A 2 0 0 0 0 0 0 18 18 0 0 0 A A 1 73MaSaOl_Table2_l176
-2954.7289 0.035 0 3 0 0 0 0 19 19 0 0 0 E A 3 0 0 0 0 0 0 19 19 0 0 0 E A 3 73MaSaOl_Table2_l177
2931.8674 0.035 0 3 0 0 0 0 0 0 0 0 0 A A 1 0 0 0 0 0 0 1 0 0 0 0 A A 2 73MaSaOl_Table2_l178
2922.1315 0.035 0 3 0 0 0 0 1 0 0 0 0 A A 2 0 0 0 0 0 0 2 0 0 0 0 A A 1 73MaSaOl_Table2_l179
2977.5833 0.035 0 3 0 0 0 0 6 1 0 0 0 E A 3 0 0 0 0 0 0 5 1 0 0 0 E A 3 73MaSaOl_Table2_l18
2911.58 0.035 0 3 0 0 0 0 2 0 0 0 0 A A 1 0 0 0 0 0 0 3 0 0 0 0 A A 2 73MaSaOl_Table2_l180
2900.2256 0.035 0 3 0 0 0 0 3 0 0 0 0 A A 2 0 0 0 0 0 0 4 0 0 0 0 A A 1 73MaSaOl_Table2_l181
2888.0975 0.035 0 3 0 0 0 0 4 0 0 0 0 A A 1 0 0 0 0 0 0 5 0 0 0 0 A A 2 73MaSaOl_Table2_l182
2875.2256 0.035 0 3 0 0 0 0 5 0 0 0 0 A A 2 0 0 0 0 0 0 6 0 0 0 0 A A 1 73MaSaOl_Table2_l183
2861.6552 0.035 0 3 0 0 0 0 6 0 0 0 0 A A 1 0 0 0 0 0 0 7 0 0 0 0 A A 2 73MaSaOl_Table2_l184
2847.4261 0.035 0 3 0 0 0 0 7 0 0 0 0 A A 2 0 0 0 0 0 0 8 0 0 0 0 A A 1 73MaSaOl_Table2_l185
2832.5807 0.035 0 3 0 0 0 0 8 0 0 0 0 A A 1 0 0 0 0 0 0 9 0 0 0 0 A A 2 73MaSaOl_Table2_l186
2817.177 0.035 0 3 0 0 0 0 9 0 0 0 0 A A 2 0 0 0 0 0 0 10 0 0 0 0 A A 1 73MaSaOl_Table2_l187
2801.2668 0.035 0 3 0 0 0 0 10 0 0 0 0 A A 1 0 0 0 0 0 0 11 0 0 0 0 A A 2 73MaSaOl_Table2_l188
2784.8943 0.035 0 3 0 0 0 0 11 0 0 0 0 A A 2 0 0 0 0 0 0 12 0 0 0 0 A A 1 73MaSaOl_Table2_l189
2980.9966 0.035 0 3 0 0 0 0 7 1 0 0 0 E A 3 0 0 0 0 0 0 6 1 0 0 0 E A 3 73MaSaOl_Table2_l19
2768.1277 0.035 0 3 0 0 0 0 12 0 0 0 0 A A 1 0 0 0 0 0 0 13 0 0 0 0 A A 2 73MaSaOl_Table2_l190
2912.0643 0.035 0 3 0 0 0 0 2 1 0 0 0 E A 3 0 0 0 0 0 0 3 1 0 0 0 E A 3 73MaSaOl_Table2_l191
2900.7049 0.035 0 3 0 0 0 0 3 1 0 0 0 E A 3 0 0 0 0 0 0 4 1 0 0 0 E A 3 73MaSaOl_Table2_l192
2888.5698 0.035 0 3 0 0 0 0 4 1 0 0 0 E A 3 0 0 0 0 0 0 5 1 0 0 0 E A 3 73MaSaOl_Table2_l193
2875.6914 0.035 0 3 0 0 0 0 5 1 0 0 0 E A 3 0 0 0 0 0 0 6 1 0 0 0 E A 3 73MaSaOl_Table2_l194
2862.1115 0.035 0 3 0 0 0 0 6 1 0 0 0 E A 3 0 0 0 0 0 0 7 1 0 0 0 E A 3 73MaSaOl_Table2_l195
2847.8712 0.035 0 3 0 0 0 0 7 1 0 0 0 E A 3 0 0 0 0 0 0 8 1 0 0 0 E A 3 73MaSaOl_Table2_l196
2833.0133 0.035 0 3 0 0 0 0 8 1 0 0 0 E A 3 0 0 0 0 0 0 9 1 0 0 0 E A 3 73MaSaOl_Table2_l197
2817.5968 0.035 0 3 0 0 0 0 9 1 0 0 0 E A 3 0 0 0 0 0 0 10 1 0 0 0 E A 3 73MaSaOl_Table2_l198
2801.6736 0.035 0 3 0 0 0 0 10 1 0 0 0 E A 3 0 0 0 0 0 0 11 1 0 0 0 E A 3 73MaSaOl_Table2_l199
2956.0858 0.035 0 3 0 0 0 0 2 0 0 0 0 A A 1 0 0 0 0 0 0 1 0 0 0 0 A A 2 73MaSaOl_Table2_l2
2983.7572 0.035 0 3 0 0 0 0 8 1 0 0 0 E A 3 0 0 0 0 0 0 7 1 0 0 0 E A 3 73MaSaOl_Table2_l20
2785.2909 0.035 0 3 0 0 0 0 11 1 0 0 0 E A 3 0 0 0 0 0 0 12 1 0 0 0 E A 3 73MaSaOl_Table2_l200
2768.5032 0.035 0 3 0 0 0 0 12 1 0 0 0 E A 3 0 0 0 0 0 0 13 1 0 0 0 E A 3 73MaSaOl_Table2_l201
2751.3786 0.035 0 3 0 0 0 0 13 1 0 0 0 E A 3 0 0 0 0 0 0 14 1 0 0 0 E A 3 73MaSaOl_Table2_l202
2913.5237 0.035 0 3 0 0 0 0 2 2 0 0 0 E A 3 0 0 0 0 0 0 3 2 0 0 0 E A 3 73MaSaOl_Table2_l203
2902.1491 0.035 0 3 0 0 0 0 3 2 0 0 0 E A 3 0 0 0 0 0 0 4 2 0 0 0 E A 3 73MaSaOl_Table2_l204
2889.996 0.035 0 3 0 0 0 0 4 2 0 0 0 E A 3 0 0 0 0 0 0 5 2 0 0 0 E A 3 73MaSaOl_Table2_l205
2877.0923 0.035 0 3 0 0 0 0 5 2 0 0 0 E A 3 0 0 0 0 0 0 6 2 0 0 0 E A 3 73MaSaOl_Table2_l206
2863.4799 0.035 0 3 0 0 0 0 6 2 0 0 0 E A 3 0 0 0 0 0 0 7 2 0 0 0 E A 3 73MaSaOl_Table2_l207
2849.2075 0.035 0 3 0 0 0 0 7 2 0 0 0 E A 3 0 0 0 0 0 0 8 2 0 0 0 E A 3 73MaSaOl_Table2_l208
2834.3197 0.035 0 3 0 0 0 0 8 2 0 0 0 E A 3 0 0 0 0 0 0 9 2 0 0 0 E A 3 73MaSaOl_Table2_l209
2985.9016 0.035 0 3 0 0 0 0 9 1 0 0 0 E A 3 0 0 0 0 0 0 8 1 0 0 0 E A 3 73MaSaOl_Table2_l21
2818.8663 0.035 0 3 0 0 0 0 9 2 0 0 0 E A 3 0 0 0 0 0 0 10 2 0 0 0 E A 3 73MaSaOl_Table2_l210
2786.4842 0.035 0 3 0 0 0 0 11 2 0 0 0 E A 3 0 0 0 0 0 0 12 2 0 0 0 E A 3 73MaSaOl_Table2_l211
2752.5053 0.035 0 3 0 0 0 0 13 2 0 0 0 E A 3 0 0 0 0 0 0 14 2 0 0 0 E A 3 73MaSaOl_Table2_l212
2904.5738 0.035 0 3 0 0 0 0 3 3 0 0 0 A A 2 0 0 0 0 0 0 4 3 0 0 0 A A 1 73MaSaOl_Table2_l213
2892.3839 0.035 0 3 0 0 0 0 4 3 0 0 0 A A 1 0 0 0 0 0 0 5 3 0 0 0 A A 2 73MaSaOl_Table2_l214
2879.4451 0.035 0 3 0 0 0 0 5 3 0 0 0 A A 2 0 0 0 0 0 0 6 3 0 0 0 A A 1 73MaSaOl_Table2_l215
2865.7862 0.035 0 3 0 0 0 0 6 3 0 0 0 A A 1 0 0 0 0 0 0 7 3 0 0 0 A A 2 73MaSaOl_Table2_l216
2851.4503 0.035 0 3 0 0 0 0 7 3 0 0 0 A A 2 0 0 0 0 0 0 8 3 0 0 0 A A 1 73MaSaOl_Table2_l217
2836.4825 0.035 0 3 0 0 0 0 8 3 0 0 0 A A 1 0 0 0 0 0 0 9 3 0 0 0 A A 2 73MaSaOl_Table2_l218
2820.9482 0.035 0 3 0 0 0 0 9 3 0 0 0 A A 2 0 0 0 0 0 0 10 3 0 0 0 A A 1 73MaSaOl_Table2_l219
2987.4817 0.035 0 3 0 0 0 0 10 1 0 0 0 E A 3 0 0 0 0 0 0 9 1 0 0 0 E A 3 73MaSaOl_Table2_l22
2804.8921 0.035 0 3 0 0 0 0 10 3 0 0 0 A A 1 0 0 0 0 0 0 11 3 0 0 0 A A 2 73MaSaOl_Table2_l220
2788.3648 0.035 0 3 0 0 0 0 11 3 0 0 0 A A 2 0 0 0 0 0 0 12 3 0 0 0 A A 1 73MaSaOl_Table2_l221
2771.4234 0.035 0 3 0 0 0 0 12 3 0 0 0 A A 1 0 0 0 0 0 0 13 3 0 0 0 A A 2 73MaSaOl_Table2_l222
2754.1101 0.035 0 3 0 0 0 0 13 3 0 0 0 A A 2 0 0 0 0 0 0 14 3 0 0 0 A A 1 73MaSaOl_Table2_l223
2851.4684 0.035 0 3 0 0 0 0 7 3 0 0 0 A A 1 0 0 0 0 0 0 8 3 0 0 0 A A 2 73MaSaOl_Table2_l224
2836.5353 0.035 0 3 0 0 0 0 8 3 0 0 0 A A 2 0 0 0 0 0 0 9 3 0 0 0 A A 1 73MaSaOl_Table2_l225
2821.0388 0.035 0 3 0 0 0 0 9 3 0 0 0 A A 1 0 0 0 0 0 0 10 3 0 0 0 A A 2 73MaSaOl_Table2_l226
2805.0381 0.035 0 3 0 0 0 0 10 3 0 0 0 A A 2 0 0 0 0 0 0 11 3 0 0 0 A A 1 73MaSaOl_Table2_l227
2788.5822 0.035 0 3 0 0 0 0 11 3 0 0 0 A A 1 0 0 0 0 0 0 12 3 0 0 0 A A 2 73MaSaOl_Table2_l228
2771.7327 0.035 0 3 0 0 0 0 12 3 0 0 0 A A 2 0 0 0 0 0 0 13 3 0 0 0 A A 1 73MaSaOl_Table2_l229
2988.5429 0.035 0 3 0 0 0 0 11 1 0 0 0 E A 3 0 0 0 0 0 0 10 1 0 0 0 E A 3 73MaSaOl_Table2_l23
2895.7651 0.035 0 3 0 0 0 0 4 4 0 0 0 E A 3 0 0 0 0 0 0 5 4 0 0 0 E A 3 73MaSaOl_Table2_l230
2882.7693 0.035 0 3 0 0 0 0 5 4 0 0 0 E A 3 0 0 0 0 0 0 6 4 0 0 0 E A 3 73MaSaOl_Table2_l231
2869.0465 0.035 0 3 0 0 0 0 6 4 0 0 0 E A 3 0 0 0 0 0 0 7 4 0 0 0 E A 3 73MaSaOl_Table2_l232
2854.645 0.035 0 3 0 0 0 0 7 4 0 0 0 E A 3 0 0 0 0 0 0 8 4 0 0 0 E A 3 73MaSaOl_Table2_l233
2839.6123 0.035 0 3 0 0 0 0 8 4 0 0 0 E A 3 0 0 0 0 0 0 9 4 0 0 0 E A 3 73MaSaOl_Table2_l234
2824.0026 0.035 0 3 0 0 0 0 9 4 0 0 0 E A 3 0 0 0 0 0 0 10 4 0 0 0 E A 3 73MaSaOl_Table2_l235
2807.8792 0.035 0 3 0 0 0 0 10 4 0 0 0 E A 3 0 0 0 0 0 0 11 4 0 0 0 E A 3 73MaSaOl_Table2_l236
2791.2829 0.035 0 3 0 0 0 0 11 4 0 0 0 E A 3 0 0 0 0 0 0 12 4 0 0 0 E A 3 73MaSaOl_Table2_l237
2774.278 0.035 0 3 0 0 0 0 12 4 0 0 0 E A 3 0 0 0 0 0 0 13 4 0 0 0 E A 3 73MaSaOl_Table2_l238
2739.2291 0.035 0 3 0 0 0 0 14 4 0 0 0 E A 3 0 0 0 0 0 0 15 4 0 0 0 E A 3 73MaSaOl_Table2_l239
2964.4455 0.035 0 3 0 0 0 0 3 2 0 0 0 E A 3 0 0 0 0 0 0 2 2 0 0 0 E A 3 73MaSaOl_Table2_l24
2887.1039 0.035 0 3 0 0 0 0 5 5 0 0 0 E A 3 0 0 0 0 0 0 6 5 0 0 0 E A 3 73MaSaOl_Table2_l240
2873.3007 0.035 0 3 0 0 0 0 6 5 0 0 0 E A 3 0 0 0 0 0 0 7 5 0 0 0 E A 3 73MaSaOl_Table2_l241
2858.7977 0.035 0 3 0 0 0 0 7 5 0 0 0 E A 3 0 0 0 0 0 0 8 5 0 0 0 E A 3 73MaSaOl_Table2_l242
2843.6538 0.035 0 3 0 0 0 0 8 5 0 0 0 E A 3 0 0 0 0 0 0 9 5 0 0 0 E A 3 73MaSaOl_Table2_l243
2827.932 0.035 0 3 0 0 0 0 9 5 0 0 0 E A 3 0 0 0 0 0 0 10 5 0 0 0 E A 3 73MaSaOl_Table2_l244
2811.6797 0.035 0 3 0 0 0 0 10 5 0 0 0 E A 3 0 0 0 0 0 0 11 5 0 0 0 E A 3 73MaSaOl_Table2_l245
2794.9605 0.035 0 3 0 0 0 0 11 5 0 0 0 E A 3 0 0 0 0 0 0 12 5 0 0 0 E A 3 73MaSaOl_Table2_l246
2777.8291 0.035 0 3 0 0 0 0 12 5 0 0 0 E A 3 0 0 0 0 0 0 13 5 0 0 0 E A 3 73MaSaOl_Table2_l247
2760.3427 0.035 0 3 0 0 0 0 13 5 0 0 0 E A 3 0 0 0 0 0 0 14 5 0 0 0 E A 3 73MaSaOl_Table2_l248
2742.539 0.035 0 3 0 0 0 0 14 5 0 0 0 E A 3 0 0 0 0 0 0 15 5 0 0 0 E A 3 73MaSaOl_Table2_l249
2970.0496 0.035 0 3 0 0 0 0 4 2 0 0 0 E A 3 0 0 0 0 0 0 3 2 0 0 0 E A 3 73MaSaOl_Table2_l25
2878.5856 0.035 0 3 0 0 0 0 6 6 0 0 0 A A 1 0 0 0 0 0 0 7 6 0 0 0 A A 2 73MaSaOl_Table2_l250
2863.967 0.035 0 3 0 0 0 0 7 6 0 0 0 A A 2 0 0 0 0 0 0 8 6 0 0 0 A A 1 73MaSaOl_Table2_l251
2848.6929 0.035 0 3 0 0 0 0 8 6 0 0 0 A A 1 0 0 0 0 0 0 9 6 0 0 0 A A 2 73MaSaOl_Table2_l252
2832.8166 0.035 0 3 0 0 0 0 9 6 0 0 0 A A 2 0 0 0 0 0 0 10 6 0 0 0 A A 1 73MaSaOl_Table2_l253
2816.4074 0.035 0 3 0 0 0 0 10 6 0 0 0 A A 1 0 0 0 0 0 0 11 6 0 0 0 A A 2 73MaSaOl_Table2_l254
2799.5268 0.035 0 3 0 0 0 0 11 6 0 0 0 A A 2 0 0 0 0 0 0 12 6 0 0 0 A A 1 73MaSaOl_Table2_l255
2782.2364 0.035 0 3 0 0 0 0 12 6 0 0 0 A A 1 0 0 0 0 0 0 13 6 0 0 0 A A 2 73MaSaOl_Table2_l256
2764.5847 0.035 0 3 0 0 0 0 13 6 0 0 0 A A 2 0 0 0 0 0 0 14 6 0 0 0 A A 1 73MaSaOl_Table2_l257
2746.6113 0.035 0 3 0 0 0 0 14 6 0 0 0 A A 1 0 0 0 0 0 0 15 6 0 0 0 A A 2 73MaSaOl_Table2_l258
2870.2019 0.035 0 3 0 0 0 0 7 7 0 0 0 E A 3 0 0 0 0 0 0 8 7 0 0 0 E A 3 73MaSaOl_Table2_l259
2974.8828 0.035 0 3 0 0 0 0 5 2 0 0 0 E A 3 0 0 0 0 0 0 4 2 0 0 0 E A 3 73MaSaOl_Table2_l26
2854.7778 0.035 0 3 0 0 0 0 8 7 0 0 0 E A 3 0 0 0 0 0 0 9 7 0 0 0 E A 3 73MaSaOl_Table2_l260
2838.721 0.035 0 3 0 0 0 0 9 7 0 0 0 E A 3 0 0 0 0 0 0 10 7 0 0 0 E A 3 73MaSaOl_Table2_l261
2822.1151 0.035 0 3 0 0 0 0 10 7 0 0 0 E A 3 0 0 0 0 0 0 11 7 0 0 0 E A 3 73MaSaOl_Table2_l262
2787.5332 0.035 0 3 0 0 0 0 12 7 0 0 0 E A 3 0 0 0 0 0 0 13 7 0 0 0 E A 3 73MaSaOl_Table2_l263
2861.9583 0.035 0 3 0 0 0 0 8 8 0 0 0 E A 3 0 0 0 0 0 0 9 8 0 0 0 E A 3 73MaSaOl_Table2_l264
2845.7117 0.035 0 3 0 0 0 0 9 8 0 0 0 E A 3 0 0 0 0 0 0 10 8 0 0 0 E A 3 73MaSaOl_Table2_l265
2828.8751 0.035 0 3 0 0 0 0 10 8 0 0 0 E A 3 0 0 0 0 0 0 11 8 0 0 0 E A 3 73MaSaOl_Table2_l266
2811.5484 0.035 0 3 0 0 0 0 11 8 0 0 0 E A 3 0 0 0 0 0 0 12 8 0 0 0 E A 3 73MaSaOl_Table2_l267
2793.8026 0.035 0 3 0 0 0 0 12 8 0 0 0 E A 3 0 0 0 0 0 0 13 8 0 0 0 E A 3 73MaSaOl_Table2_l268
2775.6946 0.035 0 3 0 0 0 0 13 8 0 0 0 E A 3 0 0 0 0 0 0 14 8 0 0 0 E A 3 73MaSaOl_Table2_l269
2982.3563 0.035 0 3 0 0 0 0 7 2 0 0 0 E A 3 0 0 0 0 0 0 6 2 0 0 0 E A 3 73MaSaOl_Table2_l27
2757.2895 0.035 0 3 0 0 0 0 14 8 0 0 0 E A 3 0 0 0 0 0 0 15 8 0 0 0 E A 3 73MaSaOl_Table2_l270
2836.7688 0.035 0 3 0 0 0 0 10 9 0 0 0 A A 1 0 0 0 0 0 0 11 9 0 0 0 A A 2 73MaSaOl_Table2_l271
2819.1501 0.035 0 3 0 0 0 0 11 9 0 0 0 A A 2 0 0 0 0 0 0 12 9 0 0 0 A A 1 73MaSaOl_Table2_l272
2801.1043 0.035 0 3 0 0 0 0 12 9 0 0 0 A A 1 0 0 0 0 0 0 13 9 0 0 0 A A 2 73MaSaOl_Table2_l273
2782.7007 0.035 0 3 0 0 0 0 13 9 0 0 0 A A 2 0 0 0 0 0 0 14 9 0 0 0 A A 1 73MaSaOl_Table2_l274
2763.9987 0.035 0 3 0 0 0 0 14 9 0 0 0 A A 1 0 0 0 0 0 0 15 9 0 0 0 A A 2 73MaSaOl_Table2_l275
2745.05 0.035 0 3 0 0 0 0 15 9 0 0 0 A A 2 0 0 0 0 0 0 16 9 0 0 0 A A 1 73MaSaOl_Table2_l276
2845.8484 0.035 0 3 0 0 0 0 10 10 0 0 0 E A 3 0 0 0 0 0 0 11 10 0 0 0 E A 3 73MaSaOl_Table2_l277
2809.5381 0.035 0 3 0 0 0 0 12 10 0 0 0 E A 3 0 0 0 0 0 0 13 10 0 0 0 E A 3 73MaSaOl_Table2_l278
2790.7674 0.035 0 3 0 0 0 0 13 10 0 0 0 E A 3 0 0 0 0 0 0 14 10 0 0 0 E A 3 73MaSaOl_Table2_l279
2985.0795 0.035 0 3 0 0 0 0 8 2 0 0 0 E A 3 0 0 0 0 0 0 7 2 0 0 0 E A 3 73MaSaOl_Table2_l28
2837.9756 0.035 0 3 0 0 0 0 11 11 0 0 0 E A 3 0 0 0 0 0 0 12 11 0 0 0 E A 3 73MaSaOl_Table2_l280
2819.222 0.035 0 3 0 0 0 0 12 11 0 0 0 E A 3 0 0 0 0 0 0 13 11 0 0 0 E A 3 73MaSaOl_Table2_l281
2800.0255 0.035 0 3 0 0 0 0 13 11 0 0 0 E A 3 0 0 0 0 0 0 14 11 0 0 0 E A 3 73MaSaOl_Table2_l282
2830.215 0.035 0 3 0 0 0 0 12 12 0 0 0 A A 1 0 0 0 0 0 0 13 12 0 0 0 A A 2 73MaSaOl_Table2_l283
2810.6082 0.035 0 3 0 0 0 0 13 12 0 0 0 A A 2 0 0 0 0 0 0 14 12 0 0 0 A A 1 73MaSaOl_Table2_l284
2790.6011 0.035 0 3 0 0 0 0 14 12 0 0 0 A A 1 0 0 0 0 0 0 15 12 0 0 0 A A 2 73MaSaOl_Table2_l285
2987.189 0.035 0 3 0 0 0 0 9 2 0 0 0 E A 3 0 0 0 0 0 0 8 2 0 0 0 E A 3 73MaSaOl_Table2_l29
2962.5142 0.035 0 3 0 0 0 0 3 0 0 0 0 A A 2 0 0 0 0 0 0 2 0 0 0 0 A A 1 73MaSaOl_Table2_l3
2989.7604 0.035 0 3 0 0 0 0 11 2 0 0 0 E A 3 0 0 0 0 0 0 10 2 0 0 0 E A 3 73MaSaOl_Table2_l30
2990.3159 0.035 0 3 0 0 0 0 12 2 0 0 0 E A 3 0 0 0 0 0 0 11 2 0 0 0 E A 3 73MaSaOl_Table2_l31
2972.4567 0.035 0 3 0 0 0 0 4 3 0 0 0 A A 1 0 0 0 0 0 0 3 3 0 0 0 A A 2 73MaSaOl_Table2_l32
2977.2493 0.035 0 3 0 0 0 0 5 3 0 0 0 A A 2 0 0 0 0 0 0 4 3 0 0 0 A A 1 73MaSaOl_Table2_l33
2981.2971 0.035 0 3 0 0 0 0 6 3 0 0 0 A A 1 0 0 0 0 0 0 5 3 0 0 0 A A 2 73MaSaOl_Table2_l34
2984.5988 0.035 0 3 0 0 0 0 7 3 0 0 0 A A 2 0 0 0 0 0 0 6 3 0 0 0 A A 1 73MaSaOl_Table2_l35
2987.2721 0.035 0 3 0 0 0 0 8 3 0 0 0 A A 1 0 0 0 0 0 0 7 3 0 0 0 A A 2 73MaSaOl_Table2_l36
2989.3018 0.035 0 3 0 0 0 0 9 3 0 0 0 A A 2 0 0 0 0 0 0 8 3 0 0 0 A A 1 73MaSaOl_Table2_l37
2990.7525 0.035 0 3 0 0 0 0 10 3 0 0 0 A A 1 0 0 0 0 0 0 9 3 0 0 0 A A 2 73MaSaOl_Table2_l38
2984.6163 0.035 0 3 0 0 0 0 7 3 0 0 0 A A 1 0 0 0 0 0 0 6 3 0 0 0 A A 2 73MaSaOl_Table2_l39
2968.1437 0.035 0 3 0 0 0 0 4 0 0 0 0 A A 1 0 0 0 0 0 0 3 0 0 0 0 A A 2 73MaSaOl_Table2_l4
2987.3245 0.035 0 3 0 0 0 0 8 3 0 0 0 A A 2 0 0 0 0 0 0 7 3 0 0 0 A A 1 73MaSaOl_Table2_l40
2989.3945 0.035 0 3 0 0 0 0 9 3 0 0 0 A A 1 0 0 0 0 0 0 8 3 0 0 0 A A 2 73MaSaOl_Table2_l41
2990.8995 0.035 0 3 0 0 0 0 10 3 0 0 0 A A 2 0 0 0 0 0 0 9 3 0 0 0 A A 1 73MaSaOl_Table2_l42
2991.89 0.035 0 3 0 0 0 0 11 3 0 0 0 A A 1 0 0 0 0 0 0 10 3 0 0 0 A A 2 73MaSaOl_Table2_l43
2992.2738 0.035 0 3 0 0 0 0 14 3 0 0 0 A A 2 0 0 0 0 0 0 13 3 0 0 0 A A 1 73MaSaOl_Table2_l44
2980.6022 0.035 0 3 0 0 0 0 5 4 0 0 0 E A 3 0 0 0 0 0 0 4 4 0 0 0 E A 3 73MaSaOl_Table2_l45
2987.8499 0.035 0 3 0 0 0 0 7 4 0 0 0 E A 3 0 0 0 0 0 0 6 4 0 0 0 E A 3 73MaSaOl_Table2_l46
2993.7835 0.035 0 3 0 0 0 0 10 4 0 0 0 E A 3 0 0 0 0 0 0 9 4 0 0 0 E A 3 73MaSaOl_Table2_l47
2994.6428 0.035 0 3 0 0 0 0 11 4 0 0 0 E A 3 0 0 0 0 0 0 10 4 0 0 0 E A 3 73MaSaOl_Table2_l48
2995.0191 0.035 0 3 0 0 0 0 12 4 0 0 0 E A 3 0 0 0 0 0 0 11 4 0 0 0 E A 3 73MaSaOl_Table2_l49
2973.0013 0.035 0 3 0 0 0 0 5 0 0 0 0 A A 2 0 0 0 0 0 0 4 0 0 0 0 A A 1 73MaSaOl_Table2_l5
2994.9604 0.035 0 3 0 0 0 0 13 4 0 0 0 E A 3 0 0 0 0 0 0 12 4 0 0 0 E A 3 73MaSaOl_Table2_l50
2993.7078 0.035 0 3 0 0 0 0 15 4 0 0 0 E A 3 0 0 0 0 0 0 14 4 0 0 0 E A 3 73MaSaOl_Table2_l51
2992.05 0.035 0 3 0 0 0 0 7 5 0 0 0 E A 3 0 0 0 0 0 0 6 5 0 0 0 E A 3 73MaSaOl_Table2_l52
2994.5307 0.035 0 3 0 0 0 0 8 5 0 0 0 E A 3 0 0 0 0 0 0 7 5 0 0 0 E A 3 73MaSaOl_Table2_l53
2996.3806 0.035 0 3 0 0 0 0 9 5 0 0 0 E A 3 0 0 0 0 0 0 8 5 0 0 0 E A 3 73MaSaOl_Table2_l54
2997.6541 0.035 0 3 0 0 0 0 10 5 0 0 0 E A 3 0 0 0 0 0 0 9 5 0 0 0 E A 3 73MaSaOl_Table2_l55
2998.3857 0.035 0 3 0 0 0 0 11 5 0 0 0 E A 3 0 0 0 0 0 0 10 5 0 0 0 E A 3 73MaSaOl_Table2_l56
2998.6442 0.035 0 3 0 0 0 0 12 5 0 0 0 E A 3 0 0 0 0 0 0 11 5 0 0 0 E A 3 73MaSaOl_Table2_l57
2998.4661 0.035 0 3 0 0 0 0 13 5 0 0 0 E A 3 0 0 0 0 0 0 12 5 0 0 0 E A 3 73MaSaOl_Table2_l58
2997.9021 0.035 0 3 0 0 0 0 14 5 0 0 0 E A 3 0 0 0 0 0 0 13 5 0 0 0 E A 3 73MaSaOl_Table2_l59
2977.1226 0.035 0 3 0 0 0 0 6 0 0 0 0 A A 1 0 0 0 0 0 0 5 0 0 0 0 A A 2 73MaSaOl_Table2_l6
2996.9742 0.035 0 3 0 0 0 0 15 5 0 0 0 E A 3 0 0 0 0 0 0 14 5 0 0 0 E A 3 73MaSaOl_Table2_l60
2997.2786 0.035 0 3 0 0 0 0 7 6 0 0 0 A A 2 0 0 0 0 0 0 6 6 0 0 0 A A 1 73MaSaOl_Table2_l61
2999.6303 0.035 0 3 0 0 0 0 8 6 0 0 0 A A 1 0 0 0 0 0 0 7 6 0 0 0 A A 2 73MaSaOl_Table2_l62
3001.3362 0.035 0 3 0 0 0 0 9 6 0 0 0 A A 2 0 0 0 0 0 0 8 6 0 0 0 A A 1 73MaSaOl_Table2_l63
3002.4557 0.035 0 3 0 0 0 0 10 6 0 0 0 A A 1 0 0 0 0 0 0 9 6 0 0 0 A A 2 73MaSaOl_Table2_l64
3003.0376 0.035 0 3 0 0 0 0 11 6 0 0 0 A A 2 0 0 0 0 0 0 10 6 0 0 0 A A 1 73MaSaOl_Table2_l65
3003.136 0.035 0 3 0 0 0 0 12 6 0 0 0 A A 1 0 0 0 0 0 0 11 6 0 0 0 A A 2 73MaSaOl_Table2_l66
3002.7994 0.035 0 3 0 0 0 0 13 6 0 0 0 A A 2 0 0 0 0 0 0 12 6 0 0 0 A A 1 73MaSaOl_Table2_l67
3005.7933 0.035 0 3 0 0 0 0 8 7 0 0 0 E A 3 0 0 0 0 0 0 7 7 0 0 0 E A 3 73MaSaOl_Table2_l68
3007.3255 0.035 0 3 0 0 0 0 9 7 0 0 0 E A 3 0 0 0 0 0 0 8 7 0 0 0 E A 3 73MaSaOl_Table2_l69
2980.5461 0.035 0 3 0 0 0 0 7 0 0 0 0 A A 2 0 0 0 0 0 0 6 0 0 0 0 A A 1 73MaSaOl_Table2_l7
3008.2512 0.035 0 3 0 0 0 0 10 7 0 0 0 E A 3 0 0 0 0 0 0 9 7 0 0 0 E A 3 73MaSaOl_Table2_l70
3008.6387 0.035 0 3 0 0 0 0 11 7 0 0 0 E A 3 0 0 0 0 0 0 10 7 0 0 0 E A 3 73MaSaOl_Table2_l71
3008.5401 0.035 0 3 0 0 0 0 12 7 0 0 0 E A 3 0 0 0 0 0 0 11 7 0 0 0 E A 3 73MaSaOl_Table2_l72
3008.0115 0.035 0 3 0 0 0 0 13 7 0 0 0 E A 3 0 0 0 0 0 0 12 7 0 0 0 E A 3 73MaSaOl_Table2_l73
3014.4153 0.035 0 3 0 0 0 0 9 8 0 0 0 E A 3 0 0 0 0 0 0 8 8 0 0 0 E A 3 73MaSaOl_Table2_l74
3015.2715 0.035 0 3 0 0 0 0 11 8 0 0 0 E A 3 0 0 0 0 0 0 10 8 0 0 0 E A 3 73MaSaOl_Table2_l75
3013.0108 0.035 0 3 0 0 0 0 14 8 0 0 0 E A 3 0 0 0 0 0 0 13 8 0 0 0 E A 3 73MaSaOl_Table2_l76
3023.1362 0.035 0 3 0 0 0 0 10 9 0 0 0 A A 1 0 0 0 0 0 0 9 9 0 0 0 A A 2 73MaSaOl_Table2_l77
3023.006 0.035 0 3 0 0 0 0 11 9 0 0 0 A A 2 0 0 0 0 0 0 10 9 0 0 0 A A 1 73MaSaOl_Table2_l78
3022.3749 0.035 0 3 0 0 0 0 12 9 0 0 0 A A 1 0 0 0 0 0 0 11 9 0 0 0 A A 2 73MaSaOl_Table2_l79
2983.3177 0.035 0 3 0 0 0 0 8 0 0 0 0 A A 1 0 0 0 0 0 0 7 0 0 0 0 A A 2 73MaSaOl_Table2_l8
3021.3112 0.035 0 3 0 0 0 0 13 9 0 0 0 A A 2 0 0 0 0 0 0 12 9 0 0 0 A A 1 73MaSaOl_Table2_l80
3019.8719 0.035 0 3 0 0 0 0 14 9 0 0 0 A A 1 0 0 0 0 0 0 13 9 0 0 0 A A 2 73MaSaOl_Table2_l81
3018.0963 0.035 0 3 0 0 0 0 15 9 0 0 0 A A 2 0 0 0 0 0 0 14 9 0 0 0 A A 1 73MaSaOl_Table2_l82
3016.0454 0.035 0 3 0 0 0 0 16 9 0 0 0 A A 1 0 0 0 0 0 0 15 9 0 0 0 A A 2 73MaSaOl_Table2_l83
3029.5503 0.035 0 3 0 0 0 0 13 10 0 0 0 E A 3 0 0 0 0 0 0 12 10 0 0 0 E A 3 73MaSaOl_Table2_l84
3027.7733 0.035 0 3 0 0 0 0 14 10 0 0 0 E A 3 0 0 0 0 0 0 13 10 0 0 0 E A 3 73MaSaOl_Table2_l85
3025.6708 0.035 0 3 0 0 0 0 15 10 0 0 0 E A 3 0 0 0 0 0 0 14 10 0 0 0 E A 3 73MaSaOl_Table2_l86
3023.2876 0.035 0 3 0 0 0 0 16 10 0 0 0 E A 3 0 0 0 0 0 0 15 10 0 0 0 E A 3 73MaSaOl_Table2_l87
3049.797 0.035 0 3 0 0 0 0 13 12 0 0 0 A A 2 0 0 0 0 0 0 12 12 0 0 0 A A 1 73MaSaOl_Table2_l88
3047.0847 0.035 0 3 0 0 0 0 14 12 0 0 0 A A 2 0 0 0 0 0 0 13 12 0 0 0 A A 1 73MaSaOl_Table2_l89
2985.4752 0.035 0 3 0 0 0 0 9 0 0 0 0 A A 2 0 0 0 0 0 0 8 0 0 0 0 A A 1 73MaSaOl_Table2_l9
3044.0797 0.035 0 3 0 0 0 0 15 12 0 0 0 A A 2 0 0 0 0 0 0 14 12 0 0 0 A A 1 73MaSaOl_Table2_l90
3037.4445 0.035 0 3 0 0 0 0 17 12 0 0 0 A A 2 0 0 0 0 0 0 16 12 0 0 0 A A 1 73MaSaOl_Table2_l91
2940.4282 0.035 0 3 0 0 0 0 1 1 0 0 0 E A 3 0 0 0 0 0 0 1 1 0 0 0 E A 3 73MaSaOl_Table2_l92
2938.7683 0.035 0 3 0 0 0 0 2 1 0 0 0 E A 3 0 0 0 0 0 0 2 1 0 0 0 E A 3 73MaSaOl_Table2_l93
2936.2958 0.035 0 3 0 0 0 0 3 1 0 0 0 E A 3 0 0 0 0 0 0 3 1 0 0 0 E A 3 73MaSaOl_Table2_l94
2933.0291 0.035 0 3 0 0 0 0 4 1 0 0 0 E A 3 0 0 0 0 0 0 4 1 0 0 0 E A 3 73MaSaOl_Table2_l95
2924.2659 0.035 0 3 0 0 0 0 6 1 0 0 0 E A 3 0 0 0 0 0 0 6 1 0 0 0 E A 3 73MaSaOl_Table2_l96
2937.7468 0.035 0 3 0 0 0 0 3 2 0 0 0 E A 3 0 0 0 0 0 0 3 2 0 0 0 E A 3 73MaSaOl_Table2_l97
2930.4163 0.035 0 3 0 0 0 0 5 2 0 0 0 E A 3 0 0 0 0 0 0 5 2 0 0 0 E A 3 73MaSaOl_Table2_l98
2920.1864 0.035 0 3 0 0 0 0 7 2 0 0 0 E A 3 0 0 0 0 0 0 7 2 0 0 0 E A 3 73MaSaOl_Table2_l99
2988.0431 0.035 0 3 0 0 0 0 8 0 0 0 0 A A 1 0 0 0 0 0 0 7 3 0 0 0 A A 2 73MaSaOl_Table3_l1
2879.9723 0.035 0 3 0 0 0 0 5 0 0 0 0 A A 2 0 0 0 0 0 0 6 3 0 0 0 A A 1 73MaSaOl_Table3_l10
2866.3771 0.035 0 3 0 0 0 0 6 0 0 0 0 A A 1 0 0 0 0 0 0 7 3 0 0 0 A A 2 73MaSaOl_Table3_l11
2852.1269 0.035 0 3 0 0 0 0 7 0 0 0 0 A A 2 0 0 0 0 0 0 8 3 0 0 0 A A 1 73MaSaOl_Table3_l12
2837.252 0.035 0 3 0 0 0 0 8 0 0 0 0 A A 1 0 0 0 0 0 0 9 3 0 0 0 A A 2 73MaSaOl_Table3_l13
2821.8171 0.035 0 3 0 0 0 0 9 0 0 0 0 A A 2 0 0 0 0 0 0 10 3 0 0 0 A A 1 73MaSaOl_Table3_l14
2805.8836 0.035 0 3 0 0 0 0 10 0 0 0 0 A A 1 0 0 0 0 0 0 11 3 0 0 0 A A 2 73MaSaOl_Table3_l15
2789.4848 0.035 0 3 0 0 0 0 11 0 0 0 0 A A 2 0 0 0 0 0 0 12 3 0 0 0 A A 1 73MaSaOl_Table3_l16
2772.6808 0.035 0 3 0 0 0 0 12 0 0 0 0 A A 1 0 0 0 0 0 0 13 3 0 0 0 A A 2 73MaSaOl_Table3_l17
2755.5279 0.035 0 3 0 0 0 0 13 0 0 0 0 A A 2 0 0 0 0 0 0 14 3 0 0 0 A A 1 73MaSaOl_Table3_l18
2849.434 0.035 0 3 0 0 0 0 7 1 0 0 0 E A 3 0 0 0 0 0 0 8 2 0 0 0 E A 3 73MaSaOl_Table3_l19
2991.739 0.035 0 3 0 0 0 0 10 0 0 0 0 A A 1 0 0 0 0 0 0 9 3 0 0 0 A A 2 73MaSaOl_Table3_l2
2786.8134 0.035 0 3 0 0 0 0 11 1 0 0 0 E A 3 0 0 0 0 0 0 12 2 0 0 0 E A 3 73MaSaOl_Table3_l20
2770.0128 0.035 0 3 0 0 0 0 12 1 0 0 0 E A 3 0 0 0 0 0 0 13 2 0 0 0 E A 3 73MaSaOl_Table3_l21
2840.8233 0.035 0 3 0 0 0 0 8 1 0 0 0 E A 3 0 0 0 0 0 0 9 4 0 0 0 E A 3 73MaSaOl_Table3_l22
2809.3796 0.035 0 3 0 0 0 0 10 1 0 0 0 E A 3 0 0 0 0 0 0 11 4 0 0 0 E A 3 73MaSaOl_Table3_l23
2792.9419 0.035 0 3 0 0 0 0 11 1 0 0 0 E A 3 0 0 0 0 0 0 12 4 0 0 0 E A 3 73MaSaOl_Table3_l24
2776.0916 0.035 0 3 0 0 0 0 12 1 0 0 0 E A 3 0 0 0 0 0 0 13 4 0 0 0 E A 3 73MaSaOl_Table3_l25
2758.9122 0.035 0 3 0 0 0 0 13 1 0 0 0 E A 3 0 0 0 0 0 0 14 4 0 0 0 E A 3 73MaSaOl_Table3_l26
2847.6451 0.035 0 3 0 0 0 0 7 2 0 0 0 E A 3 0 0 0 0 0 0 8 1 0 0 0 E A 3 73MaSaOl_Table3_l27
2817.3176 0.035 0 3 0 0 0 0 9 2 0 0 0 E A 3 0 0 0 0 0 0 10 1 0 0 0 E A 3 73MaSaOl_Table3_l28
2801.3695 0.035 0 3 0 0 0 0 10 2 0 0 0 E A 3 0 0 0 0 0 0 11 1 0 0 0 E A 3 73MaSaOl_Table3_l29
2992.7829 0.035 0 3 0 0 0 0 11 0 0 0 0 A A 2 0 0 0 0 0 0 10 3 0 0 0 A A 1 73MaSaOl_Table3_l3
2813.7283 0.035 0 3 0 0 0 0 10 2 0 0 0 E A 3 0 0 0 0 0 0 11 5 0 0 0 E A 3 73MaSaOl_Table3_l30
2797.228 0.035 0 3 0 0 0 0 11 2 0 0 0 E A 3 0 0 0 0 0 0 12 5 0 0 0 E A 3 73MaSaOl_Table3_l31
2780.3178 0.035 0 3 0 0 0 0 12 2 0 0 0 E A 3 0 0 0 0 0 0 13 5 0 0 0 E A 3 73MaSaOl_Table3_l32
2874.6894 0.035 0 3 0 0 0 0 5 3 0 0 0 A A 2 0 0 0 0 0 0 6 0 0 0 0 A A 1 73MaSaOl_Table3_l33
2861.0518 0.035 0 3 0 0 0 0 6 3 0 0 0 A A 1 0 0 0 0 0 0 7 0 0 0 0 A A 2 73MaSaOl_Table3_l34
2846.7427 0.035 0 3 0 0 0 0 7 3 0 0 0 A A 2 0 0 0 0 0 0 8 0 0 0 0 A A 1 73MaSaOl_Table3_l35
2831.8057 0.035 0 3 0 0 0 0 8 3 0 0 0 A A 1 0 0 0 0 0 0 9 0 0 0 0 A A 2 73MaSaOl_Table3_l36
2816.2968 0.035 0 3 0 0 0 0 9 3 0 0 0 A A 2 0 0 0 0 0 0 10 0 0 0 0 A A 1 73MaSaOl_Table3_l37
2800.2719 0.035 0 3 0 0 0 0 10 3 0 0 0 A A 1 0 0 0 0 0 0 11 0 0 0 0 A A 2 73MaSaOl_Table3_l38
2783.7789 0.035 0 3 0 0 0 0 11 3 0 0 0 A A 2 0 0 0 0 0 0 12 0 0 0 0 A A 1 73MaSaOl_Table3_l39
2993.3572 0.035 0 3 0 0 0 0 12 0 0 0 0 A A 1 0 0 0 0 0 0 11 3 0 0 0 A A 2 73MaSaOl_Table3_l4
2766.8672 0.035 0 3 0 0 0 0 12 3 0 0 0 A A 1 0 0 0 0 0 0 13 0 0 0 0 A A 2 73MaSaOl_Table3_l40
2749.5897 0.035 0 3 0 0 0 0 13 3 0 0 0 A A 2 0 0 0 0 0 0 14 0 0 0 0 A A 1 73MaSaOl_Table3_l41
2816.2419 0.035 0 3 0 0 0 0 9 4 0 0 0 E A 3 0 0 0 0 0 0 10 1 0 0 0 E A 3 73MaSaOl_Table3_l42
2800.1628 0.035 0 3 0 0 0 0 10 4 0 0 0 E A 3 0 0 0 0 0 0 11 1 0 0 0 E A 3 73MaSaOl_Table3_l43
2783.6324 0.035 0 3 0 0 0 0 11 4 0 0 0 E A 3 0 0 0 0 0 0 12 1 0 0 0 E A 3 73MaSaOl_Table3_l44
2766.6935 0.035 0 3 0 0 0 0 12 4 0 0 0 E A 3 0 0 0 0 0 0 13 1 0 0 0 E A 3 73MaSaOl_Table3_l45
2817.0246 0.035 0 3 0 0 0 0 9 5 0 0 0 E A 3 0 0 0 0 0 0 10 2 0 0 0 E A 3 73MaSaOl_Table3_l46
2800.858 0.035 0 3 0 0 0 0 10 5 0 0 0 E A 3 0 0 0 0 0 0 11 2 0 0 0 E A 3 73MaSaOl_Table3_l47
2784.2223 0.035 0 3 0 0 0 0 11 5 0 0 0 E A 3 0 0 0 0 0 0 12 2 0 0 0 E A 3 73MaSaOl_Table3_l48
2767.1732 0.035 0 3 0 0 0 0 12 5 0 0 0 E A 3 0 0 0 0 0 0 13 2 0 0 0 E A 3 73MaSaOl_Table3_l49
2995.2849 0.035 0 3 0 0 0 0 10 1 0 0 0 E A 3 0 0 0 0 0 0 9 4 0 0 0 E A 3 73MaSaOl_Table3_l5
2749.7748 0.035 0 3 0 0 0 0 13 5 0 0 0 E A 3 0 0 0 0 0 0 14 2 0 0 0 E A 3 73MaSaOl_Table3_l50
2996.2964 0.035 0 3 0 0 0 0 11 1 0 0 0 E A 3 0 0 0 0 0 0 10 4 0 0 0 E A 3 73MaSaOl_Table3_l6
2998.218 0.035 0 3 0 0 0 0 9 2 0 0 0 E A 3 0 0 0 0 0 0 8 5 0 0 0 E A 3 73MaSaOl_Table3_l7
2986.0743 0.035 0 3 0 0 0 0 10 3 0 0 0 A A 1 0 0 0 0 0 0 9 0 0 0 0 A A 2 73MaSaOl_Table3_l8
2987.0252 0.035 0 3 0 0 0 0 11 3 0 0 0 A A 2 0 0 0 0 0 0 10 0 0 0 0 A A 1 73MaSaOl_Table3_l9
2911.8004 0.035 0 4 0 0 0 0 1 0 0 0 0 A A 2 0 1 0 0 0 0 0 0 0 0 0 A A 1 73MaSaOl_Table4_l1
2946.411 0.035 0 4 0 0 0 0 7 1 0 0 0 E A 3 0 1 0 0 0 0 6 1 0 0 0 E A 3 73MaSaOl_Table4_l10
2949.9198 0.035 0 4 0 0 0 0 8 1 0 0 0 E A 3 0 1 0 0 0 0 7 1 0 0 0 E A 3 73MaSaOl_Table4_l11
2927.2529 0.035 0 4 0 0 0 0 3 2 0 0 0 E A 3 0 1 0 0 0 0 2 2 0 0 0 E A 3 73MaSaOl_Table4_l12
2933.259 0.035 0 4 0 0 0 0 4 2 0 0 0 E A 3 0 1 0 0 0 0 3 2 0 0 0 E A 3 73MaSaOl_Table4_l13
2938.6506 0.035 0 4 0 0 0 0 5 2 0 0 0 E A 3 0 1 0 0 0 0 4 2 0 0 0 E A 3 73MaSaOl_Table4_l14
2943.4163 0.035 0 4 0 0 0 0 6 2 0 0 0 E A 3 0 1 0 0 0 0 5 2 0 0 0 E A 3 73MaSaOl_Table4_l15
2947.5625 0.035 0 4 0 0 0 0 7 2 0 0 0 E A 3 0 1 0 0 0 0 6 2 0 0 0 E A 3 73MaSaOl_Table4_l16
2951.0762 0.035 0 4 0 0 0 0 8 2 0 0 0 E A 3 0 1 0 0 0 0 7 2 0 0 0 E A 3 73MaSaOl_Table4_l17
2935.182 0.035 0 4 0 0 0 0 4 3 0 0 0 A A 1 0 1 0 0 0 0 3 3 0 0 0 A A 2 73MaSaOl_Table4_l18
2940.5601 0.035 0 4 0 0 0 0 5 3 0 0 0 A A 2 0 1 0 0 0 0 4 3 0 0 0 A A 1 73MaSaOl_Table4_l19
2919.0671 0.035 0 4 0 0 0 0 2 0 0 0 0 A A 1 0 1 0 0 0 0 1 0 0 0 0 A A 2 73MaSaOl_Table4_l2
2949.4526 0.035 0 4 0 0 0 0 7 3 0 0 0 A A 2 0 1 0 0 0 0 6 3 0 0 0 A A 1 73MaSaOl_Table4_l20
2943.2361 0.035 0 4 0 0 0 0 5 4 0 0 0 E A 3 0 1 0 0 0 0 4 4 0 0 0 E A 3 73MaSaOl_Table4_l21
2947.9979 0.035 0 4 0 0 0 0 6 4 0 0 0 E A 3 0 1 0 0 0 0 5 4 0 0 0 E A 3 73MaSaOl_Table4_l22
2903.6345 0.035 0 4 0 0 0 0 1 1 0 0 0 E A 3 0 1 0 0 0 0 1 1 0 0 0 E A 3 73MaSaOl_Table4_l23
2900.4386 0.035 0 4 0 0 0 0 3 1 0 0 0 E A 3 0 1 0 0 0 0 3 1 0 0 0 E A 3 73MaSaOl_Table4_l24
2901.599 0.035 0 4 0 0 0 0 3 2 0 0 0 E A 3 0 1 0 0 0 0 3 2 0 0 0 E A 3 73MaSaOl_Table4_l25
2899.0504 0.035 0 4 0 0 0 0 4 2 0 0 0 E A 3 0 1 0 0 0 0 4 2 0 0 0 E A 3 73MaSaOl_Table4_l26
2892.0504 0.035 0 4 0 0 0 0 6 2 0 0 0 E A 3 0 1 0 0 0 0 6 2 0 0 0 E A 3 73MaSaOl_Table4_l27
2887.6078 0.035 0 4 0 0 0 0 7 2 0 0 0 E A 3 0 1 0 0 0 0 7 2 0 0 0 E A 3 73MaSaOl_Table4_l28
2900.9818 0.035 0 4 0 0 0 0 4 3 0 0 0 A A 2 0 1 0 0 0 0 4 3 0 0 0 A A 1 73MaSaOl_Table4_l29
2925.7148 0.035 0 4 0 0 0 0 3 0 0 0 0 A A 2 0 1 0 0 0 0 2 0 0 0 0 A A 1 73MaSaOl_Table4_l3
2897.7949 0.035 0 4 0 0 0 0 5 3 0 0 0 A A 1 0 1 0 0 0 0 5 3 0 0 0 A A 2 73MaSaOl_Table4_l30
2893.9771 0.035 0 4 0 0 0 0 6 3 0 0 0 A A 2 0 1 0 0 0 0 6 3 0 0 0 A A 1 73MaSaOl_Table4_l31
2889.5484 0.035 0 4 0 0 0 0 7 3 0 0 0 A A 1 0 1 0 0 0 0 7 3 0 0 0 A A 2 73MaSaOl_Table4_l32
2903.7006 0.035 0 4 0 0 0 0 4 4 0 0 0 E A 3 0 1 0 0 0 0 4 4 0 0 0 E A 3 73MaSaOl_Table4_l33
2900.5003 0.035 0 4 0 0 0 0 5 4 0 0 0 E A 3 0 1 0 0 0 0 5 4 0 0 0 E A 3 73MaSaOl_Table4_l34
2896.6783 0.035 0 4 0 0 0 0 6 4 0 0 0 E A 3 0 1 0 0 0 0 6 4 0 0 0 E A 3 73MaSaOl_Table4_l35
2892.247 0.035 0 4 0 0 0 0 7 4 0 0 0 E A 3 0 1 0 0 0 0 7 4 0 0 0 E A 3 73MaSaOl_Table4_l36
2887.2173 0.035 0 4 0 0 0 0 8 4 0 0 0 E A 3 0 1 0 0 0 0 8 4 0 0 0 E A 3 73MaSaOl_Table4_l37
2903.9874 0.035 0 4 0 0 0 0 5 5 0 0 0 E A 3 0 1 0 0 0 0 5 5 0 0 0 E A 3 73MaSaOl_Table4_l38
2895.7062 0.035 0 4 0 0 0 0 7 5 0 0 0 E A 3 0 1 0 0 0 0 7 5 0 0 0 E A 3 73MaSaOl_Table4_l39
2931.7281 0.035 0 4 0 0 0 0 4 0 0 0 0 A A 1 0 1 0 0 0 0 3 0 0 0 0 A A 2 73MaSaOl_Table4_l4
2890.679 0.035 0 4 0 0 0 0 8 5 0 0 0 E A 3 0 1 0 0 0 0 8 5 0 0 0 E A 3 73MaSaOl_Table4_l40
2879.0106 0.035 0 4 0 0 0 0 10 5 0 0 0 E A 3 0 1 0 0 0 0 10 5 0 0 0 E A 3 73MaSaOl_Table4_l41
2904.4035 0.035 0 4 0 0 0 0 6 6 0 0 0 A A 2 0 1 0 0 0 0 6 6 0 0 0 A A 1 73MaSaOl_Table4_l42
2894.8817 0.035 0 4 0 0 0 0 8 6 0 0 0 A A 2 0 1 0 0 0 0 8 6 0 0 0 A A 1 73MaSaOl_Table4_l43
2889.2933 0.035 0 4 0 0 0 0 9 6 0 0 0 A A 1 0 1 0 0 0 0 9 6 0 0 0 A A 2 73MaSaOl_Table4_l44
2904.9489 0.035 0 4 0 0 0 0 7 7 0 0 0 E A 3 0 1 0 0 0 0 7 7 0 0 0 E A 3 73MaSaOl_Table4_l45
2899.8455 0.035 0 4 0 0 0 0 8 7 0 0 0 E A 3 0 1 0 0 0 0 8 7 0 0 0 E A 3 73MaSaOl_Table4_l46
2894.2257 0.035 0 4 0 0 0 0 9 7 0 0 0 E A 3 0 1 0 0 0 0 9 7 0 0 0 E A 3 73MaSaOl_Table4_l47
2893.6942 0.035 0 4 0 0 0 0 10 8 0 0 0 E A 3 0 1 0 0 0 0 10 8 0 0 0 E A 3 73MaSaOl_Table4_l48
2906.4066 0.035 0 4 0 0 0 0 9 9 0 0 0 A A 1 0 1 0 0 0 0 9 9 0 0 0 A A 2 73MaSaOl_Table4_l49
2937.1211 0.035 0 4 0 0 0 0 5 0 0 0 0 A A 2 0 1 0 0 0 0 4 0 0 0 0 A A 1 73MaSaOl_Table4_l5
2876.3114 0.035 0 4 0 0 0 0 2 0 0 0 0 A A 1 0 1 0 0 0 0 3 0 0 0 0 A A 2 73MaSaOl_Table4_l50
2854.7074 0.035 0 4 0 0 0 0 4 0 0 0 0 A A 1 0 1 0 0 0 0 5 0 0 0 0 A A 2 73MaSaOl_Table4_l51
2842.9364 0.035 0 4 0 0 0 0 5 0 0 0 0 A A 2 0 1 0 0 0 0 6 0 0 0 0 A A 1 73MaSaOl_Table4_l52
2830.5319 0.035 0 4 0 0 0 0 6 0 0 0 0 A A 1 0 1 0 0 0 0 7 0 0 0 0 A A 2 73MaSaOl_Table4_l53
2817.4926 0.035 0 4 0 0 0 0 7 0 0 0 0 A A 2 0 1 0 0 0 0 8 0 0 0 0 A A 1 73MaSaOl_Table4_l54
2886.5358 0.035 0 4 0 0 0 0 1 1 0 0 0 E A 3 0 1 0 0 0 0 2 1 0 0 0 E A 3 73MaSaOl_Table4_l55
2876.7016 0.035 0 4 0 0 0 0 2 1 0 0 0 E A 3 0 1 0 0 0 0 3 1 0 0 0 E A 3 73MaSaOl_Table4_l56
2866.2189 0.035 0 4 0 0 0 0 3 1 0 0 0 E A 3 0 1 0 0 0 0 4 1 0 0 0 E A 3 73MaSaOl_Table4_l57
2855.0977 0.035 0 4 0 0 0 0 4 1 0 0 0 E A 3 0 1 0 0 0 0 5 1 0 0 0 E A 3 73MaSaOl_Table4_l58
2843.327 0.035 0 4 0 0 0 0 5 1 0 0 0 E A 3 0 1 0 0 0 0 6 1 0 0 0 E A 3 73MaSaOl_Table4_l59
2946.0219 0.035 0 4 0 0 0 0 7 0 0 0 0 A A 2 0 1 0 0 0 0 6 0 0 0 0 A A 1 73MaSaOl_Table4_l6
2830.9232 0.035 0 4 0 0 0 0 6 1 0 0 0 E A 3 0 1 0 0 0 0 7 1 0 0 0 E A 3 73MaSaOl_Table4_l60
2804.2268 0.035 0 4 0 0 0 0 8 1 0 0 0 E A 3 0 1 0 0 0 0 9 1 0 0 0 E A 3 73MaSaOl_Table4_l61
2877.8756 0.035 0 4 0 0 0 0 2 2 0 0 0 E A 3 0 1 0 0 0 0 3 2 0 0 0 E A 3 73MaSaOl_Table4_l62
2867.3914 0.035 0 4 0 0 0 0 3 2 0 0 0 E A 3 0 1 0 0 0 0 4 2 0 0 0 E A 3 73MaSaOl_Table4_l63
2856.265 0.035 0 4 0 0 0 0 4 2 0 0 0 E A 3 0 1 0 0 0 0 5 2 0 0 0 E A 3 73MaSaOl_Table4_l64
2844.4988 0.035 0 4 0 0 0 0 5 2 0 0 0 E A 3 0 1 0 0 0 0 6 2 0 0 0 E A 3 73MaSaOl_Table4_l65
2832.0953 0.035 0 4 0 0 0 0 6 2 0 0 0 E A 3 0 1 0 0 0 0 7 2 0 0 0 E A 3 73MaSaOl_Table4_l66
2819.0585 0.035 0 4 0 0 0 0 7 2 0 0 0 E A 3 0 1 0 0 0 0 8 2 0 0 0 E A 3 73MaSaOl_Table4_l67
2805.382 0.035 0 4 0 0 0 0 8 2 0 0 0 E A 3 0 1 0 0 0 0 9 2 0 0 0 E A 3 73MaSaOl_Table4_l68
2869.3439 0.035 0 4 0 0 0 0 3 3 0 0 0 A A 2 0 1 0 0 0 0 4 3 0 0 0 A A 1 73MaSaOl_Table4_l69
2926.1018 0.035 0 4 0 0 0 0 3 1 0 0 0 E A 3 0 1 0 0 0 0 2 1 0 0 0 E A 3 73MaSaOl_Table4_l7
2858.219 0.035 0 4 0 0 0 0 4 3 0 0 0 A A 1 0 1 0 0 0 0 5 3 0 0 0 A A 2 73MaSaOl_Table4_l70
2846.4513 0.035 0 4 0 0 0 0 5 3 0 0 0 A A 2 0 1 0 0 0 0 6 3 0 0 0 A A 1 73MaSaOl_Table4_l71
2834.0462 0.035 0 4 0 0 0 0 6 3 0 0 0 A A 1 0 1 0 0 0 0 7 3 0 0 0 A A 2 73MaSaOl_Table4_l72
2807.3696 0.035 0 4 0 0 0 0 8 3 0 0 0 A A 1 0 1 0 0 0 0 9 3 0 0 0 A A 2 73MaSaOl_Table4_l73
2860.957 0.035 0 4 0 0 0 0 4 4 0 0 0 E A 3 0 1 0 0 0 0 5 4 0 0 0 E A 3 73MaSaOl_Table4_l74
2823.744 0.035 0 4 0 0 0 0 7 4 0 0 0 E A 3 0 1 0 0 0 0 8 4 0 0 0 E A 3 73MaSaOl_Table4_l75
2810.1176 0.035 0 4 0 0 0 0 8 4 0 0 0 E A 3 0 1 0 0 0 0 9 4 0 0 0 E A 3 73MaSaOl_Table4_l76
2852.7074 0.035 0 4 0 0 0 0 5 5 0 0 0 E A 3 0 1 0 0 0 0 6 5 0 0 0 E A 3 73MaSaOl_Table4_l77
2840.285 0.035 0 4 0 0 0 0 6 5 0 0 0 E A 3 0 1 0 0 0 0 7 5 0 0 0 E A 3 73MaSaOl_Table4_l78
2827.252 0.035 0 4 0 0 0 0 7 5 0 0 0 E A 3 0 1 0 0 0 0 8 5 0 0 0 E A 3 73MaSaOl_Table4_l79
2932.1115 0.035 0 4 0 0 0 0 4 1 0 0 0 E A 3 0 1 0 0 0 0 3 1 0 0 0 E A 3 73MaSaOl_Table4_l8
2813.6207 0.035 0 4 0 0 0 0 8 5 0 0 0 E A 3 0 1 0 0 0 0 9 5 0 0 0 E A 3 73MaSaOl_Table4_l80
2844.5883 0.035 0 4 0 0 0 0 6 6 0 0 0 A A 1 0 1 0 0 0 0 7 6 0 0 0 A A 2 73MaSaOl_Table4_l81
2831.5247 0.035 0 4 0 0 0 0 7 6 0 0 0 A A 2 0 1 0 0 0 0 8 6 0 0 0 A A 1 73MaSaOl_Table4_l82
2836.6086 0.035 0 4 0 0 0 0 7 7 0 0 0 E A 3 0 1 0 0 0 0 8 7 0 0 0 E A 3 73MaSaOl_Table4_l83
2822.8949 0.035 0 4 0 0 0 0 8 7 0 0 0 E A 3 0 1 0 0 0 0 9 7 0 0 0 E A 3 73MaSaOl_Table4_l84
2942.2633 0.035 0 4 0 0 0 0 6 1 0 0 0 E A 3 0 1 0 0 0 0 5 1 0 0 0 E A 3 73MaSaOl_Table4_l9
906.9947 0.0001 0 1 0 0 0 0 8 6 0 0 0 A A 1 0 0 0 0 0 0 9 6 0 0 0 A A 2 91KsSiCu_l1_b
929.7199 0.0001 0 1 0 0 0 0 6 6 0 0 0 A A 1 0 0 0 0 0 0 7 6 0 0 0 A A 2 91KsSiCu_l10_b
933.6917 0.0001 0 1 0 0 0 0 5 0 0 0 0 A A 2 0 0 0 0 0 0 6 0 0 0 0 A A 1 91KsSiCu_l11
933.8776 0.0001 0 1 0 0 0 0 5 1 0 0 0 E A 3 0 0 0 0 0 0 6 1 0 0 0 E A 3 91KsSiCu_l12
935.3834 0.000228 0 1 0 0 0 0 5 3 0 0 0 A A 2 0 0 0 0 0 0 6 3 0 0 0 A A 1 91KsSiCu_l13_b
954.4449 0.0001 0 1 0 0 0 0 3 0 0 0 0 A A 2 0 0 0 0 0 0 4 0 0 0 0 A A 1 91KsSiCu_l14
954.641 0.0001 0 1 0 0 0 0 3 1 0 0 0 E A 3 0 0 0 0 0 0 4 1 0 0 0 E A 3 91KsSiCu_l15
964.373 0.0001 0 1 0 0 0 0 2 0 0 0 0 A A 1 0 0 0 0 0 0 3 0 0 0 0 A A 2 91KsSiCu_l16
965.175 0.0001 0 1 0 0 0 0 2 2 0 0 0 E A 3 0 0 0 0 0 0 3 2 0 0 0 E A 3 91KsSiCu_l17
989.328 0.0001 0 1 0 0 0 0 8 7 0 0 0 E A 3 0 0 0 0 0 0 8 7 0 0 0 E A 3 91KsSiCu_l18
989.4439 0.0001 0 1 0 0 0 0 4 2 0 0 0 E A 3 0 0 0 0 0 0 4 2 0 0 0 E A 3 91KsSiCu_l19
911.9146 0.0001 0 1 0 0 0 0 7 0 0 0 0 A A 2 0 0 0 0 0 0 8 0 0 0 0 A A 1 91KsSiCu_l2
989.5316 0.0001 0 1 0 0 0 0 7 6 0 0 0 A A 1 0 0 0 0 0 0 7 6 0 0 0 A A 2 91KsSiCu_l20_b
991.8228 0.0001 0 1 0 0 0 0 4 4 0 0 0 E A 3 0 0 0 0 0 0 4 4 0 0 0 E A 3 91KsSiCu_l21_ce
991.8254 0.0001 0 1 0 0 0 0 3 3 0 0 0 A A 1 0 0 0 0 0 0 3 3 0 0 0 A A 2 91KsSiCu_l22_ce
991.869 0.0001 0 1 0 0 0 0 5 5 0 0 0 E A 3 0 0 0 0 0 0 5 5 0 0 0 E A 3 91KsSiCu_l23
991.8793 0.0001 0 1 0 0 0 0 2 2 0 0 0 E A 3 0 0 0 0 0 0 2 2 0 0 0 E A 3 91KsSiCu_l24
991.9603 0.0001 0 1 0 0 0 0 6 6 0 0 0 A A 2 0 0 0 0 0 0 6 6 0 0 0 A A 1 91KsSiCu_l25_b
991.9815 0.0001 0 1 0 0 0 0 1 1 0 0 0 E A 3 0 0 0 0 0 0 1 1 0 0 0 E A 3 91KsSiCu_l26
992.0988 0.0001 0 1 0 0 0 0 7 7 0 0 0 E A 3 0 0 0 0 0 0 7 7 0 0 0 E A 3 91KsSiCu_l27
992.2803 0.0001 0 1 0 0 0 0 8 8 0 0 0 E A 3 0 0 0 0 0 0 8 8 0 0 0 E A 3 91KsSiCu_l28
992.5043 0.0001 0 1 0 0 0 0 9 9 0 0 0 A A 1 0 0 0 0 0 0 9 9 0 0 0 A A 2 91KsSiCu_l29_b
912.0887 0.0001 0 1 0 0 0 0 7 1 0 0 0 E A 3 0 0 0 0 0 0 8 1 0 0 0 E A 3 91KsSiCu_l3
999.7992 0.0001 0 0 0 1 0 -1 12 5 0 1 1 E E 1 0 0 0 0 0 0 13 6 0 0 0 A A 2 91KsSiCu_l30_b
999.9907 0.0001 0 0 0 1 0 -1 10 9 0 1 1 A E 3 0 0 0 0 0 0 11 10 0 0 0 E A 3 91KsSiCu_l31_c
1004.3359 0.0001 0 0 0 1 0 -1 10 8 0 1 1 E E 1 0 0 0 0 0 0 11 9 0 0 0 A A 2 91KsSiCu_l32_b
1004.3887 0.0001 0 0 0 1 0 -1 11 6 0 1 1 A E 3 0 0 0 0 0 0 12 7 0 0 0 E A 3 91KsSiCu_l33
1012.458 0.0001 0 0 0 1 0 -1 11 3 0 1 1 A E 3 0 0 0 0 0 0 12 4 0 0 0 E A 3 91KsSiCu_l34
1116.0412 0.0001 0 0 0 1 0 -1 5 2 0 1 1 E E 1 0 0 0 0 0 0 5 3 0 0 0 A A 2 91KsSiCu_l35
1116.0737 0.0001 0 0 0 1 0 -1 5 2 0 1 1 E E 2 0 0 0 0 0 0 5 3 0 0 0 A A 1 91KsSiCu_l36
1129.0047 0.0001 0 0 0 1 0 1 4 4 0 1 1 E E 1 0 0 0 0 0 0 4 3 0 0 0 A A 2 91KsSiCu_l37
1129.01 0.0001 0 0 0 1 0 1 4 4 0 1 1 E E 2 0 0 0 0 0 0 4 3 0 0 0 A A 1 91KsSiCu_l38
1131.6016 0.0001 0 0 0 1 0 1 6 4 0 1 1 E E 1 0 0 0 0 0 0 6 3 0 0 0 A A 2 91KsSiCu_l39
912.612 0.0001 0 1 0 0 0 0 7 2 0 0 0 E A 3 0 0 0 0 0 0 8 2 0 0 0 E A 3 91KsSiCu_l4
1131.6454 0.0001 0 0 0 1 0 1 6 4 0 1 1 E E 2 0 0 0 0 0 0 6 3 0 0 0 A A 1 91KsSiCu_l40
1134.4335 0.0001 0 0 0 1 0 1 7 5 0 1 1 E E 3 0 0 0 0 0 0 7 4 0 0 0 E A 3 91KsSiCu_l41
1134.631 0.0001 0 0 0 1 0 1 8 3 0 1 1 A E 3 0 0 0 0 0 0 8 2 0 0 0 E A 3 91KsSiCu_l42
1135.3313 0.0001 0 0 0 1 0 1 7 6 0 1 1 A E 3 0 0 0 0 0 0 7 5 0 0 0 E A 3 91KsSiCu_l43
1135.4359 0.0001 0 0 0 1 0 1 8 4 0 1 1 E E 1 0 0 0 0 0 0 8 3 0 0 0 A A 2 91KsSiCu_l44_d
1137.7996 0.0001 0 0 0 1 0 1 9 4 0 1 1 E E 2 0 0 0 0 0 0 9 3 0 0 0 A A 1 91KsSiCu_l45
1137.9933 0.0001 0 0 0 1 0 1 9 4 0 1 1 E E 1 0 0 0 0 0 0 9 3 0 0 0 A A 2 91KsSiCu_l46
1137.8239 0.0001 0 0 0 1 0 1 8 7 0 1 1 E E 2 0 0 0 0 0 0 8 6 0 0 0 A A 1 91KsSiCu_l47_b
1140.2536 0.0001 0 0 0 1 0 1 9 8 0 1 1 E E 3 0 0 0 0 0 0 9 7 0 0 0 E A 3 91KsSiCu_l48
1140.4024 0.0001 0 0 0 1 0 1 9 9 0 1 1 A E 3 0 0 0 0 0 0 9 8 0 0 0 E A 3 91KsSiCu_l49
916.3935 0.0001 0 1 0 0 0 0 7 5 0 0 0 E A 3 0 0 0 0 0 0 8 5 0 0 0 E A 3 91KsSiCu_l5
1140.427 0.0001 0 0 0 1 0 1 10 4 0 1 1 E E 1 0 0 0 0 0 0 10 3 0 0 0 A A 2 91KsSiCu_l50_d
1144.3932 0.0001 0 0 0 1 0 1 11 6 0 1 1 A E 3 0 0 0 0 0 0 11 5 0 0 0 E A 3 91KsSiCu_l51
1140.175 0.0001 0 0 0 1 0 1 2 1 0 1 1 E E 1 0 0 0 0 0 0 1 0 0 0 0 A A 2 91KsSiCu_l52
1144.4941 0.0001 0 0 0 1 0 1 11 11 0 1 1 E E 3 0 0 0 0 0 0 11 10 0 0 0 E A 3 91KsSiCu_l53
1175.8966 0.0001 0 0 0 1 0 1 5 5 0 1 1 E E 3 0 0 0 0 0 0 4 4 0 0 0 E A 3 91KsSiCu_l54
1182.0848 0.0001 0 0 0 1 0 1 6 1 0 1 1 E E 1 0 0 0 0 0 0 5 0 0 0 0 A A 2 91KsSiCu_l55
1195.6016 0.000252 0 0 0 1 0 1 7 4 0 1 1 E E 2 0 0 0 0 0 0 6 3 0 0 0 A A 1 91KsSiCu_l56
1195.6454 0.0001 0 0 0 1 0 1 7 4 0 1 1 E E 1 0 0 0 0 0 0 6 3 0 0 0 A A 2 91KsSiCu_l57
918.4623 0.0001 0 1 0 0 0 0 7 6 0 0 0 A A 2 0 0 0 0 0 0 8 6 0 0 0 A A 1 91KsSiCu_l6_b
922.9175 0.0001 0 1 0 0 0 0 6 0 0 0 0 A A 1 0 0 0 0 0 0 7 0 0 0 0 A A 2 91KsSiCu_l7
923.6401 0.0001 0 1 0 0 0 0 6 2 0 0 0 E A 3 0 0 0 0 0 0 7 2 0 0 0 E A 3 91KsSiCu_l8
927.5665 0.000265 0 1 0 0 0 0 6 5 0 0 0 E A 3 0 0 0 0 0 0 7 5 0 0 0 E A 3 91KsSiCu_l9
818.776 0.05 0 1 0 0 0 0 15 0 0 0 0 A A 2 0 0 0 0 0 0 16 0 0 0 0 A A 1 81TaDaGo_p314_l1
826.997 0.05 0 1 0 0 0 0 15 8 0 0 0 E A 3 0 0 0 0 0 0 16 8 0 0 0 E A 3 81TaDaGo_p314_l10
912.317 0.05 0 1 0 0 0 0 8 8 0 0 0 E A 3 0 0 0 0 0 0 9 8 0 0 0 E A 3 81TaDaGo_p314_l100
912.61 0.05 0 1 0 0 0 0 7 2 0 0 0 E A 3 0 0 0 0 0 0 8 2 0 0 0 E A 3 81TaDaGo_p314_l101
913.491 0.05 0 1 0 0 0 0 7 3 0 0 0 A A 2 0 0 0 0 0 0 8 3 0 0 0 A A 1 81TaDaGo_p314_l102
-914.284 0.05 0 0 0 1 0 -1 17 17 0 1 1 E E 2 0 0 0 0 0 0 18 18 0 0 0 A A 1 81TaDaGo_p314_l103
914.745 0.05 0 1 0 0 0 0 7 4 0 0 0 E A 3 0 0 0 0 0 0 8 4 0 0 0 E A 3 81TaDaGo_p314_l104
916.392 0.05 0 1 0 0 0 0 7 5 0 0 0 E A 3 0 0 0 0 0 0 8 5 0 0 0 E A 3 81TaDaGo_p314_l105
918.461 0.05 0 1 0 0 0 0 7 6 0 0 0 A A 2 0 0 0 0 0 0 8 6 0 0 0 A A 1 81TaDaGo_p314_l106
920.994 0.05 0 1 0 0 0 0 7 7 0 0 0 E A 3 0 0 0 0 0 0 8 7 0 0 0 E A 3 81TaDaGo_p314_l107
921.12 0.05 0 0 0 1 0 -1 17 16 0 1 1 E E 3 0 0 0 0 0 0 18 17 0 0 0 E A 3 81TaDaGo_p314_l108
922.916 0.05 0 1 0 0 0 0 6 0 0 0 0 A A 1 0 0 0 0 0 0 7 0 0 0 0 A A 2 81TaDaGo_p314_l109
829.34 0.05 0 1 0 0 0 0 15 9 0 0 0 A A 2 0 0 0 0 0 0 16 9 0 0 0 A A 1 81TaDaGo_p314_l11
923.095 0.05 0 1 0 0 0 0 6 1 0 0 0 E A 3 0 0 0 0 0 0 7 1 0 0 0 E A 3 81TaDaGo_p314_l110
923.638 0.05 0 1 0 0 0 0 6 2 0 0 0 E A 3 0 0 0 0 0 0 7 2 0 0 0 E A 3 81TaDaGo_p314_l111
924.553 0.05 0 1 0 0 0 0 6 3 0 0 0 A A 2 0 0 0 0 0 0 7 3 0 0 0 A A 1 81TaDaGo_p314_l112
-925.854 0.05 0 0 0 1 0 -1 16 16 0 1 1 E E 3 0 0 0 0 0 0 17 17 0 0 0 E A 3 81TaDaGo_p314_l113
925.854 0.05 0 1 0 0 0 0 6 4 0 0 0 E A 3 0 0 0 0 0 0 7 4 0 0 0 E A 3 81TaDaGo_p314_l114
926.834 0.05 0 0 0 1 0 -1 17 15 0 1 1 A E 3 0 0 0 0 0 0 18 16 0 0 0 E A 3 81TaDaGo_p314_l115
927.566 0.05 0 1 0 0 0 0 6 5 0 0 0 E A 3 0 0 0 0 0 0 7 5 0 0 0 E A 3 81TaDaGo_p314_l116
929.719 0.05 0 1 0 0 0 0 6 6 0 0 0 A A 2 0 0 0 0 0 0 7 6 0 0 0 A A 1 81TaDaGo_p314_l117
-931.84 0.05 0 0 0 1 0 -1 17 14 0 1 1 E E 2 0 0 0 0 0 0 18 15 0 0 0 A A 1 81TaDaGo_p314_l118
932.308 0.05 0 0 0 1 0 -1 16 15 0 1 1 A E 3 0 0 0 0 0 0 17 16 0 0 0 E A 3 81TaDaGo_p314_l119
830.707 0.05 0 1 0 0 0 0 14 0 0 0 0 A A 1 0 0 0 0 0 0 15 0 0 0 0 A A 2 81TaDaGo_p314_l12
933.692 0.05 0 1 0 0 0 0 5 0 0 0 0 A A 2 0 0 0 0 0 0 6 0 0 0 0 A A 1 81TaDaGo_p314_l120
933.875 0.05 0 1 0 0 0 0 5 1 0 0 0 E A 3 0 0 0 0 0 0 6 1 0 0 0 E A 3 81TaDaGo_p314_l121
934.437 0.05 0 1 0 0 0 0 5 2 0 0 0 E A 3 0 0 0 0 0 0 6 2 0 0 0 E A 3 81TaDaGo_p314_l122
935.385 0.05 0 1 0 0 0 0 5 3 0 0 0 A A 2 0 0 0 0 0 0 6 3 0 0 0 A A 1 81TaDaGo_p314_l123
-936.407 0.05 0 0 0 1 0 -1 17 13 0 1 1 E E 3 0 0 0 0 0 0 18 14 0 0 0 E A 3 81TaDaGo_p314_l124
936.727 0.05 0 1 0 0 0 0 5 4 0 0 0 E A 3 0 0 0 0 0 0 6 4 0 0 0 E A 3 81TaDaGo_p314_l125
937.308 0.05 0 0 0 1 0 -1 15 15 0 1 1 A E 3 0 0 0 0 0 0 16 16 0 0 0 E A 3 81TaDaGo_p314_l126
-937.832 0.05 0 0 0 1 0 -1 16 14 0 1 1 E E 2 0 0 0 0 0 0 17 15 0 0 0 A A 1 81TaDaGo_p314_l127
938.499 0.05 0 1 0 0 0 0 5 5 0 0 0 E A 3 0 0 0 0 0 0 6 5 0 0 0 E A 3 81TaDaGo_p314_l128
942.696 0.05 0 0 0 1 0 -1 16 13 0 1 1 E E 3 0 0 0 0 0 0 17 14 0 0 0 E A 3 81TaDaGo_p314_l129
830.836 0.05 0 1 0 0 0 0 14 1 0 0 0 E A 3 0 0 0 0 0 0 15 1 0 0 0 E A 3 81TaDaGo_p314_l13
-943.534 0.05 0 0 0 1 0 -1 15 14 0 1 1 E E 2 0 0 0 0 0 0 16 15 0 0 0 A A 1 81TaDaGo_p314_l130
944.21 0.05 0 1 0 0 0 0 4 0 0 0 0 A A 1 0 0 0 0 0 0 5 0 0 0 0 A A 2 81TaDaGo_p314_l131
944.398 0.05 0 1 0 0 0 0 4 1 0 0 0 E A 3 0 0 0 0 0 0 5 1 0 0 0 E A 3 81TaDaGo_p314_l132
944.976 0.05 0 1 0 0 0 0 4 2 0 0 0 E A 3 0 0 0 0 0 0 5 2 0 0 0 E A 3 81TaDaGo_p314_l133
945.95 0.05 0 1 0 0 0 0 4 3 0 0 0 A A 2 0 0 0 0 0 0 5 3 0 0 0 A A 1 81TaDaGo_p314_l134
947.091 0.05 0 0 0 1 0 -1 16 12 0 1 1 A E 3 0 0 0 0 0 0 17 13 0 0 0 E A 3 81TaDaGo_p314_l135
947.336 0.05 0 1 0 0 0 0 4 4 0 0 0 E A 3 0 0 0 0 0 0 5 4 0 0 0 E A 3 81TaDaGo_p314_l136
948.854 0.05 0 0 0 1 0 -1 14 14 0 1 1 E E 2 0 0 0 0 0 0 15 15 0 0 0 A A 1 81TaDaGo_p314_l137
948.854 0.05 0 0 0 1 0 -1 15 13 0 1 1 E E 3 0 0 0 0 0 0 16 14 0 0 0 E A 3 81TaDaGo_p314_l138
951.105 0.05 0 0 0 1 0 -1 16 11 0 1 1 E E 2 0 0 0 0 0 0 17 12 0 0 0 A A 1 81TaDaGo_p314_l139
831.22 0.05 0 1 0 0 0 0 14 2 0 0 0 E A 3 0 0 0 0 0 0 15 2 0 0 0 E A 3 81TaDaGo_p314_l14
953.568 0.05 0 0 0 1 0 -1 15 12 0 1 1 A E 3 0 0 0 0 0 0 16 13 0 0 0 E A 3 81TaDaGo_p314_l140
954.445 0.05 0 1 0 0 0 0 3 0 0 0 0 A A 2 0 0 0 0 0 0 4 0 0 0 0 A A 1 81TaDaGo_p314_l141
954.639 0.05 0 1 0 0 0 0 3 1 0 0 0 E A 3 0 0 0 0 0 0 4 1 0 0 0 E A 3 81TaDaGo_p314_l142
954.789 0.05 0 0 0 1 0 -1 14 13 0 1 1 E E 3 0 0 0 0 0 0 15 14 0 0 0 E A 3 81TaDaGo_p314_l143
954.902 0.05 0 0 0 1 0 -1 16 10 0 1 1 E E 3 0 0 0 0 0 0 17 11 0 0 0 E A 3 81TaDaGo_p314_l144
955.23 0.05 0 1 0 0 0 0 3 2 0 0 0 E A 3 0 0 0 0 0 0 4 2 0 0 0 E A 3 81TaDaGo_p314_l145
956.228 0.05 0 1 0 0 0 0 3 3 0 0 0 A A 2 0 0 0 0 0 0 4 3 0 0 0 A A 1 81TaDaGo_p314_l146
957.86 0.05 0 0 0 1 0 -1 15 11 0 1 1 E E 2 0 0 0 0 0 0 16 12 0 0 0 A A 1 81TaDaGo_p314_l147
958.296 0.05 0 0 0 1 0 -1 16 9 0 1 1 A E 3 0 0 0 0 0 0 17 10 0 0 0 E A 3 81TaDaGo_p314_l148
959.927 0.05 0 0 0 1 0 -1 14 12 0 1 1 A E 3 0 0 0 0 0 0 15 13 0 0 0 E A 3 81TaDaGo_p314_l149
831.855 0.05 0 1 0 0 0 0 14 3 0 0 0 A A 1 0 0 0 0 0 0 15 3 0 0 0 A A 2 81TaDaGo_p314_l15
960.219 0.05 0 1 0 0 0 0 15 3 0 0 0 A A 2 0 0 0 0 0 0 15 3 0 0 0 A A 1 81TaDaGo_p314_l150
960.219 0.05 0 1 0 0 0 0 16 6 0 0 0 A A 2 0 0 0 0 0 0 16 6 0 0 0 A A 1 81TaDaGo_p314_l151
960.406 0.05 0 0 0 1 0 -1 13 13 0 1 1 E E 3 0 0 0 0 0 0 14 14 0 0 0 E A 3 81TaDaGo_p314_l152
960.406 0.05 0 1 0 0 0 0 15 3 0 0 0 A A 1 0 0 0 0 0 0 15 3 0 0 0 A A 2 81TaDaGo_p314_l153
961.23 0.05 0 1 0 0 0 0 15 4 0 0 0 E A 3 0 0 0 0 0 0 15 4 0 0 0 E A 3 81TaDaGo_p314_l154
961.767 0.05 0 0 0 1 0 -1 15 10 0 1 1 E E 3 0 0 0 0 0 0 16 11 0 0 0 E A 3 81TaDaGo_p314_l155
961.878 0.05 0 1 0 0 0 0 16 7 0 0 0 E A 3 0 0 0 0 0 0 16 7 0 0 0 E A 3 81TaDaGo_p314_l156
962.159 0.05 0 1 0 0 0 0 17 9 0 0 0 A A 2 0 0 0 0 0 0 17 9 0 0 0 A A 1 81TaDaGo_p314_l157
962.412 0.05 0 1 0 0 0 0 15 5 0 0 0 E A 3 0 0 0 0 0 0 15 5 0 0 0 E A 3 81TaDaGo_p314_l158
963.071 0.05 0 1 0 0 0 0 14 2 0 0 0 E A 3 0 0 0 0 0 0 14 2 0 0 0 E A 3 81TaDaGo_p314_l159
831.877 0.05 0 1 0 0 0 0 14 3 0 0 0 A A 2 0 0 0 0 0 0 15 3 0 0 0 A A 1 81TaDaGo_p314_l16
963.222 0.05 0 1 0 0 0 0 18 11 0 0 0 E A 3 0 0 0 0 0 0 18 11 0 0 0 E A 3 81TaDaGo_p314_l160
963.708 0.05 0 1 0 0 0 0 14 3 0 0 0 A A 1 0 0 0 0 0 0 14 3 0 0 0 A A 2 81TaDaGo_p314_l161
963.875 0.05 0 1 0 0 0 0 15 6 0 0 0 A A 2 0 0 0 0 0 0 15 6 0 0 0 A A 1 81TaDaGo_p314_l162
963.875 0.05 0 1 0 0 0 0 16 8 0 0 0 E A 3 0 0 0 0 0 0 16 8 0 0 0 E A 3 81TaDaGo_p314_l163
963.875 0.05 0 1 0 0 0 0 14 3 0 0 0 A A 2 0 0 0 0 0 0 14 3 0 0 0 A A 1 81TaDaGo_p314_l164
964.372 0.05 0 1 0 0 0 0 2 0 0 0 0 A A 1 0 0 0 0 0 0 3 0 0 0 0 A A 2 81TaDaGo_p314_l165
964.575 0.05 0 1 0 0 0 0 2 1 0 0 0 E A 3 0 0 0 0 0 0 3 1 0 0 0 E A 3 81TaDaGo_p314_l166
964.575 0.055076 0 0 0 1 0 -1 14 11 0 1 1 E E 2 0 0 0 0 0 0 15 12 0 0 0 A A 1 81TaDaGo_p314_l167
964.695 0.05 0 1 0 0 0 0 14 4 0 0 0 E A 3 0 0 0 0 0 0 14 4 0 0 0 E A 3 81TaDaGo_p314_l168
964.695 0.05 0 1 0 0 0 0 17 10 0 0 0 E A 3 0 0 0 0 0 0 17 10 0 0 0 E A 3 81TaDaGo_p314_l169
832.03 0.05 0 1 0 0 0 0 15 10 0 0 0 E A 3 0 0 0 0 0 0 16 10 0 0 0 E A 3 81TaDaGo_p314_l17
965.174 0.05 0 1 0 0 0 0 2 2 0 0 0 E A 3 0 0 0 0 0 0 3 2 0 0 0 E A 3 81TaDaGo_p314_l170
965.337 0.05 0 0 0 1 0 -1 15 9 0 1 1 A E 3 0 0 0 0 0 0 16 10 0 0 0 E A 3 81TaDaGo_p314_l171
965.644 0.05 0 1 0 0 0 0 15 7 0 0 0 E A 3 0 0 0 0 0 0 15 7 0 0 0 E A 3 81TaDaGo_p314_l172
965.951 0.05 0 1 0 0 0 0 14 5 0 0 0 E A 3 0 0 0 0 0 0 14 5 0 0 0 E A 3 81TaDaGo_p314_l173
966.071 0.05 0 0 0 1 0 -1 13 12 0 1 1 A E 3 0 0 0 0 0 0 14 13 0 0 0 E A 3 81TaDaGo_p314_l174
966.172 0.05 0 1 0 0 0 0 16 9 0 0 0 A A 2 0 0 0 0 0 0 16 9 0 0 0 A A 1 81TaDaGo_p314_l175
966.407 0.05 0 1 0 0 0 0 13 2 0 0 0 E A 3 0 0 0 0 0 0 13 2 0 0 0 E A 3 81TaDaGo_p314_l176
967.07 0.05 0 1 0 0 0 0 13 3 0 0 0 A A 2 0 0 0 0 0 0 13 3 0 0 0 A A 1 81TaDaGo_p314_l177
967.162 0.05 0 1 0 0 0 0 13 3 0 0 0 A A 1 0 0 0 0 0 0 13 3 0 0 0 A A 2 81TaDaGo_p314_l178
967.485 0.05 0 1 0 0 0 0 14 6 0 0 0 A A 2 0 0 0 0 0 0 14 6 0 0 0 A A 1 81TaDaGo_p314_l179
832.783 0.05 0 1 0 0 0 0 14 4 0 0 0 E A 3 0 0 0 0 0 0 15 4 0 0 0 E A 3 81TaDaGo_p314_l18
967.726 0.05 0 1 0 0 0 0 15 8 0 0 0 E A 3 0 0 0 0 0 0 15 8 0 0 0 E A 3 81TaDaGo_p314_l180
968.107 0.05 0 1 0 0 0 0 13 4 0 0 0 E A 3 0 0 0 0 0 0 13 4 0 0 0 E A 3 81TaDaGo_p314_l181
968.635 0.05 0 0 0 1 0 -1 14 10 0 1 1 E E 3 0 0 0 0 0 0 15 11 0 0 0 E A 3 81TaDaGo_p314_l182
968.635 0.05 0 0 0 1 0 -1 15 8 0 1 1 E E 2 0 0 0 0 0 0 16 9 0 0 0 A A 1 81TaDaGo_p314_l183
968.742 0.05 0 1 0 0 0 0 19 14 0 0 0 E A 3 0 0 0 0 0 0 19 14 0 0 0 E A 3 81TaDaGo_p314_l184
968.817 0.05 0 1 0 0 0 0 16 10 0 0 0 E A 3 0 0 0 0 0 0 16 10 0 0 0 E A 3 81TaDaGo_p314_l185
969.327 0.05 0 1 0 0 0 0 14 7 0 0 0 E A 3 0 0 0 0 0 0 14 7 0 0 0 E A 3 81TaDaGo_p314_l186
969.403 0.05 0 1 0 0 0 0 13 5 0 0 0 E A 3 0 0 0 0 0 0 13 5 0 0 0 E A 3 81TaDaGo_p314_l187
969.637 0.05 0 1 0 0 0 0 12 2 0 0 0 E A 3 0 0 0 0 0 0 12 2 0 0 0 E A 3 81TaDaGo_p314_l188
969.772 0.05 0 1 0 0 0 0 18 13 0 0 0 E A 3 0 0 0 0 0 0 18 13 0 0 0 E A 3 81TaDaGo_p314_l189
833.973 0.05 0 1 0 0 0 0 14 5 0 0 0 E A 3 0 0 0 0 0 0 15 5 0 0 0 E A 3 81TaDaGo_p314_l19
970.144 0.05 0 1 0 0 0 0 15 9 0 0 0 A A 2 0 0 0 0 0 0 15 9 0 0 0 A A 1 81TaDaGo_p314_l190
970.364 0.05 0 1 0 0 0 0 12 3 0 0 0 A A 2 0 0 0 0 0 0 12 3 0 0 0 A A 1 81TaDaGo_p314_l191
970.787 0.05 0 1 0 0 0 0 17 12 0 0 0 A A 2 0 0 0 0 0 0 17 12 0 0 0 A A 1 81TaDaGo_p314_l192
971.011 0.05 0 0 0 1 0 -1 13 11 0 1 1 E E 2 0 0 0 0 0 0 14 12 0 0 0 A A 1 81TaDaGo_p314_l193
971.011 0.05 0 1 0 0 0 0 13 6 0 0 0 A A 2 0 0 0 0 0 0 13 6 0 0 0 A A 1 81TaDaGo_p314_l194
971.406 0.05 0 1 0 0 0 0 12 4 0 0 0 E A 3 0 0 0 0 0 0 12 4 0 0 0 E A 3 81TaDaGo_p314_l195
971.518 0.05 0 1 0 0 0 0 14 8 0 0 0 E A 3 0 0 0 0 0 0 14 8 0 0 0 E A 3 81TaDaGo_p314_l196
971.715 0.102002 0 0 0 1 0 -1 15 7 0 1 1 E E 3 0 0 0 0 0 0 16 8 0 0 0 E A 3 81TaDaGo_p314_l197
971.861 0.05 0 1 0 0 0 0 16 11 0 0 0 E A 3 0 0 0 0 0 0 16 11 0 0 0 E A 3 81TaDaGo_p314_l198
971.974 0.05 0 0 0 1 0 -1 12 12 0 1 1 A E 3 0 0 0 0 0 0 13 13 0 0 0 E A 3 81TaDaGo_p314_l199
818.879 0.05 0 1 0 0 0 0 15 1 0 0 0 E A 3 0 0 0 0 0 0 16 1 0 0 0 E A 3 81TaDaGo_p314_l2
835.132 0.05 0 1 0 0 0 0 15 11 0 0 0 E A 3 0 0 0 0 0 0 16 11 0 0 0 E A 3 81TaDaGo_p314_l20
972.299 0.05 0 1 0 0 0 0 11 1 0 0 0 E A 3 0 0 0 0 0 0 11 1 0 0 0 E A 3 81TaDaGo_p314_l200
972.417 0.05 0 0 0 1 0 -1 14 9 0 1 1 A E 3 0 0 0 0 0 0 15 10 0 0 0 E A 3 81TaDaGo_p314_l201
972.751 0.05 0 1 0 0 0 0 12 5 0 0 0 E A 3 0 0 0 0 0 0 12 5 0 0 0 E A 3 81TaDaGo_p314_l202
972.751 0.05 0 1 0 0 0 0 11 2 0 0 0 E A 3 0 0 0 0 0 0 11 2 0 0 0 E A 3 81TaDaGo_p314_l203
972.941 0.05 0 1 0 0 0 0 13 7 0 0 0 E A 3 0 0 0 0 0 0 13 7 0 0 0 E A 3 81TaDaGo_p314_l204
972.941 0.05 0 1 0 0 0 0 15 10 0 0 0 E A 3 0 0 0 0 0 0 15 10 0 0 0 E A 3 81TaDaGo_p314_l205
972.941 0.05 0 1 0 0 0 0 19 15 0 0 0 A A 2 0 0 0 0 0 0 19 15 0 0 0 A A 1 81TaDaGo_p314_l206
973.503 0.05 0 1 0 0 0 0 11 3 0 0 0 A A 2 0 0 0 0 0 0 11 3 0 0 0 A A 1 81TaDaGo_p314_l207
973.696 0.05 0 1 0 0 0 0 18 14 0 0 0 E A 3 0 0 0 0 0 0 18 14 0 0 0 E A 3 81TaDaGo_p314_l208
973.972 0.05 0 1 0 0 0 0 1 0 0 0 0 A A 2 0 0 0 0 0 0 2 0 0 0 0 A A 1 81TaDaGo_p314_l209
835.457 0.05 0 1 0 0 0 0 14 6 0 0 0 A A 2 0 0 0 0 0 0 15 6 0 0 0 A A 1 81TaDaGo_p314_l21
974.074 0.05 0 1 0 0 0 0 14 9 0 0 0 A A 2 0 0 0 0 0 0 14 9 0 0 0 A A 1 81TaDaGo_p314_l210
974.173 0.05 0 1 0 0 0 0 1 1 0 0 0 E A 3 0 0 0 0 0 0 2 1 0 0 0 E A 3 81TaDaGo_p314_l211
974.443 0.05 0 1 0 0 0 0 12 6 0 0 0 A A 2 0 0 0 0 0 0 12 6 0 0 0 A A 1 81TaDaGo_p314_l212
974.443 0.121449 0 0 0 1 0 -1 15 6 0 1 1 A E 3 0 0 0 0 0 0 16 7 0 0 0 E A 3 81TaDaGo_p314_l213
974.586 0.05 0 1 0 0 0 0 11 4 0 0 0 E A 3 0 0 0 0 0 0 11 4 0 0 0 E A 3 81TaDaGo_p314_l214
975.246 0.05 0 1 0 0 0 0 13 8 0 0 0 E A 3 0 0 0 0 0 0 13 8 0 0 0 E A 3 81TaDaGo_p314_l215
975.246 0.05 0 1 0 0 0 0 10 1 0 0 0 E A 3 0 0 0 0 0 0 10 1 0 0 0 E A 3 81TaDaGo_p314_l216
975.31 0.05 0 1 0 0 0 0 16 12 0 0 0 A A 2 0 0 0 0 0 0 16 12 0 0 0 A A 1 81TaDaGo_p314_l217
975.432 0.05 0 0 0 1 0 -1 13 10 0 1 1 E E 3 0 0 0 0 0 0 14 11 0 0 0 E A 3 81TaDaGo_p314_l218
975.708 0.05 0 1 0 0 0 0 10 2 0 0 0 E A 3 0 0 0 0 0 0 10 2 0 0 0 E A 3 81TaDaGo_p314_l219
837.243 0.05 0 1 0 0 0 0 14 7 0 0 0 E A 3 0 0 0 0 0 0 15 7 0 0 0 E A 3 81TaDaGo_p314_l22
975.881 0.05 0 0 0 1 0 -1 14 8 0 1 1 E E 2 0 0 0 0 0 0 15 9 0 0 0 A A 1 81TaDaGo_p314_l220
838.715 0.05 0 1 0 0 0 0 15 12 0 0 0 A A 2 0 0 0 0 0 0 16 12 0 0 0 A A 1 81TaDaGo_p314_l23
839.364 0.05 0 1 0 0 0 0 14 8 0 0 0 E A 3 0 0 0 0 0 0 15 8 0 0 0 E A 3 81TaDaGo_p314_l24
841.833 0.05 0 1 0 0 0 0 14 9 0 0 0 A A 2 0 0 0 0 0 0 15 9 0 0 0 A A 1 81TaDaGo_p314_l25
842.593 0.05 0 1 0 0 0 0 13 0 0 0 0 A A 2 0 0 0 0 0 0 14 0 0 0 0 A A 1 81TaDaGo_p314_l26
842.726 0.05 0 1 0 0 0 0 13 1 0 0 0 E A 3 0 0 0 0 0 0 14 1 0 0 0 E A 3 81TaDaGo_p314_l27
843.134 0.05 0 1 0 0 0 0 13 2 0 0 0 E A 3 0 0 0 0 0 0 14 2 0 0 0 E A 3 81TaDaGo_p314_l28
843.81 0.05 0 1 0 0 0 0 13 3 0 0 0 A A 2 0 0 0 0 0 0 14 3 0 0 0 A A 1 81TaDaGo_p314_l29
819.278 0.05 0 1 0 0 0 0 15 2 0 0 0 E A 3 0 0 0 0 0 0 16 2 0 0 0 E A 3 81TaDaGo_p314_l3
844.697 0.05 0 1 0 0 0 0 14 10 0 0 0 E A 3 0 0 0 0 0 0 15 10 0 0 0 E A 3 81TaDaGo_p314_l30
844.768 0.05 0 1 0 0 0 0 13 4 0 0 0 E A 3 0 0 0 0 0 0 14 4 0 0 0 E A 3 81TaDaGo_p314_l31
846.019 0.05 0 1 0 0 0 0 13 5 0 0 0 E A 3 0 0 0 0 0 0 14 5 0 0 0 E A 3 81TaDaGo_p314_l32
847.577 0.05 0 1 0 0 0 0 13 6 0 0 0 A A 2 0 0 0 0 0 0 14 6 0 0 0 A A 1 81TaDaGo_p314_l33
848.011 0.05 0 1 0 0 0 0 14 11 0 0 0 E A 3 0 0 0 0 0 0 15 11 0 0 0 E A 3 81TaDaGo_p314_l34
849.467 0.05 0 1 0 0 0 0 13 7 0 0 0 E A 3 0 0 0 0 0 0 14 7 0 0 0 E A 3 81TaDaGo_p314_l35
851.696 0.05 0 1 0 0 0 0 13 8 0 0 0 E A 3 0 0 0 0 0 0 14 8 0 0 0 E A 3 81TaDaGo_p314_l36
851.829 0.05 0 1 0 0 0 0 14 12 0 0 0 A A 2 0 0 0 0 0 0 15 12 0 0 0 A A 1 81TaDaGo_p314_l37
854.311 0.05 0 1 0 0 0 0 13 9 0 0 0 A A 2 0 0 0 0 0 0 14 9 0 0 0 A A 1 81TaDaGo_p314_l38
854.418 0.05 0 1 0 0 0 0 12 0 0 0 0 A A 1 0 0 0 0 0 0 13 0 0 0 0 A A 2 81TaDaGo_p314_l39
819.823 0.05 0 1 0 0 0 0 15 3 0 0 0 A A 2 0 0 0 0 0 0 16 3 0 0 0 A A 1 81TaDaGo_p314_l4
854.557 0.05 0 1 0 0 0 0 12 1 0 0 0 E A 3 0 0 0 0 0 0 13 1 0 0 0 E A 3 81TaDaGo_p314_l40
854.983 0.05 0 1 0 0 0 0 12 2 0 0 0 E A 3 0 0 0 0 0 0 13 2 0 0 0 E A 3 81TaDaGo_p314_l41
855.693 0.05 0 1 0 0 0 0 12 3 0 0 0 A A 2 0 0 0 0 0 0 13 3 0 0 0 A A 1 81TaDaGo_p314_l42
856.245 0.05 0 1 0 0 0 0 14 13 0 0 0 E A 3 0 0 0 0 0 0 15 13 0 0 0 E A 3 81TaDaGo_p314_l43
856.702 0.05 0 1 0 0 0 0 12 4 0 0 0 E A 3 0 0 0 0 0 0 13 4 0 0 0 E A 3 81TaDaGo_p314_l44
857.355 0.05 0 1 0 0 0 0 13 10 0 0 0 E A 3 0 0 0 0 0 0 14 10 0 0 0 E A 3 81TaDaGo_p314_l45
858.016 0.05 0 1 0 0 0 0 12 5 0 0 0 E A 3 0 0 0 0 0 0 13 5 0 0 0 E A 3 81TaDaGo_p314_l46
859.649 0.05 0 1 0 0 0 0 12 6 0 0 0 A A 2 0 0 0 0 0 0 13 6 0 0 0 A A 1 81TaDaGo_p314_l47
860.887 0.05 0 1 0 0 0 0 13 11 0 0 0 E A 3 0 0 0 0 0 0 14 11 0 0 0 E A 3 81TaDaGo_p314_l48
861.635 0.05 0 1 0 0 0 0 12 7 0 0 0 E A 3 0 0 0 0 0 0 13 7 0 0 0 E A 3 81TaDaGo_p314_l49
819.919 0.05 0 1 0 0 0 0 15 3 0 0 0 A A 1 0 0 0 0 0 0 16 3 0 0 0 A A 2 81TaDaGo_p314_l5
863.99 0.05 0 1 0 0 0 0 12 8 0 0 0 E A 3 0 0 0 0 0 0 13 8 0 0 0 E A 3 81TaDaGo_p314_l50
864.984 0.05 0 1 0 0 0 0 13 12 0 0 0 A A 2 0 0 0 0 0 0 14 12 0 0 0 A A 1 81TaDaGo_p314_l51
866.165 0.05 0 1 0 0 0 0 11 0 0 0 0 A A 2 0 0 0 0 0 0 12 0 0 0 0 A A 1 81TaDaGo_p314_l52
866.313 0.05 0 1 0 0 0 0 11 1 0 0 0 E A 3 0 0 0 0 0 0 12 1 0 0 0 E A 3 81TaDaGo_p314_l53
866.758 0.05 0 1 0 0 0 0 11 2 0 0 0 E A 3 0 0 0 0 0 0 12 2 0 0 0 E A 3 81TaDaGo_p314_l54
866.758 0.05 0 1 0 0 0 0 12 9 0 0 0 A A 2 0 0 0 0 0 0 13 9 0 0 0 A A 1 81TaDaGo_p314_l55
867.499 0.05 0 1 0 0 0 0 11 3 0 0 0 A A 2 0 0 0 0 0 0 12 3 0 0 0 A A 1 81TaDaGo_p314_l56
868.553 0.05 0 1 0 0 0 0 11 4 0 0 0 E A 3 0 0 0 0 0 0 12 4 0 0 0 E A 3 81TaDaGo_p314_l57
869.73 0.05 0 1 0 0 0 0 13 13 0 0 0 E A 3 0 0 0 0 0 0 14 13 0 0 0 E A 3 81TaDaGo_p314_l58
869.929 0.05 0 1 0 0 0 0 11 5 0 0 0 E A 3 0 0 0 0 0 0 12 5 0 0 0 E A 3 81TaDaGo_p314_l59
820.744 0.05 0 1 0 0 0 0 15 4 0 0 0 E A 3 0 0 0 0 0 0 16 4 0 0 0 E A 3 81TaDaGo_p314_l6
870.008 0.05 0 1 0 0 0 0 12 10 0 0 0 E A 3 0 0 0 0 0 0 13 10 0 0 0 E A 3 81TaDaGo_p314_l60
871.65 0.05 0 1 0 0 0 0 11 6 0 0 0 A A 2 0 0 0 0 0 0 12 6 0 0 0 A A 1 81TaDaGo_p314_l61
873.746 0.05 0 1 0 0 0 0 11 7 0 0 0 E A 3 0 0 0 0 0 0 12 7 0 0 0 E A 3 81TaDaGo_p314_l62
873.746 0.05 0 1 0 0 0 0 12 11 0 0 0 E A 3 0 0 0 0 0 0 13 11 0 0 0 E A 3 81TaDaGo_p314_l63
876.229 0.05 0 1 0 0 0 0 11 8 0 0 0 E A 3 0 0 0 0 0 0 12 8 0 0 0 E A 3 81TaDaGo_p314_l64
877.811 0.05 0 1 0 0 0 0 10 0 0 0 0 A A 1 0 0 0 0 0 0 11 0 0 0 0 A A 2 81TaDaGo_p314_l65
877.966 0.05 0 1 0 0 0 0 10 1 0 0 0 E A 3 0 0 0 0 0 0 11 1 0 0 0 E A 3 81TaDaGo_p314_l66
878.155 0.05 0 1 0 0 0 0 12 12 0 0 0 A A 2 0 0 0 0 0 0 13 12 0 0 0 A A 1 81TaDaGo_p314_l67
878.426 0.05 0 1 0 0 0 0 10 2 0 0 0 E A 3 0 0 0 0 0 0 11 2 0 0 0 E A 3 81TaDaGo_p314_l68
879.193 0.05 0 1 0 0 0 0 10 3 0 0 0 A A 2 0 0 0 0 0 0 11 3 0 0 0 A A 1 81TaDaGo_p314_l69
821.803 0.089 0 1 0 0 0 0 15 5 0 0 0 E A 3 0 0 0 0 0 0 16 5 0 0 0 E A 3 81TaDaGo_p314_l7
879.193 0.070650 0 1 0 0 0 0 11 9 0 0 0 A A 2 0 0 0 0 0 0 12 9 0 0 0 A A 1 81TaDaGo_p314_l70
880.312 0.070650 0 1 0 0 0 0 10 4 0 0 0 E A 3 0 0 0 0 0 0 11 4 0 0 0 E A 3 81TaDaGo_p314_l71
881.753 0.070650 0 1 0 0 0 0 10 5 0 0 0 E A 3 0 0 0 0 0 0 11 5 0 0 0 E A 3 81TaDaGo_p314_l72
882.599 0.070650 0 1 0 0 0 0 11 10 0 0 0 E A 3 0 0 0 0 0 0 12 10 0 0 0 E A 3 81TaDaGo_p314_l73
883.558 0.070650 0 1 0 0 0 0 10 6 0 0 0 A A 2 0 0 0 0 0 0 11 6 0 0 0 A A 1 81TaDaGo_p314_l74
885.756 0.070650 0 1 0 0 0 0 10 7 0 0 0 E A 3 0 0 0 0 0 0 11 7 0 0 0 E A 3 81TaDaGo_p314_l75
886.614 0.070650 0 1 0 0 0 0 11 11 0 0 0 E A 3 0 0 0 0 0 0 12 11 0 0 0 E A 3 81TaDaGo_p314_l76
888.38 0.070650 0 1 0 0 0 0 10 8 0 0 0 E A 3 0 0 0 0 0 0 11 8 0 0 0 E A 3 81TaDaGo_p314_l77
889.335 0.070650 0 1 0 0 0 0 9 0 0 0 0 A A 2 0 0 0 0 0 0 10 0 0 0 0 A A 1 81TaDaGo_p314_l78
889.492 0.070650 0 1 0 0 0 0 9 1 0 0 0 E A 3 0 0 0 0 0 0 10 1 0 0 0 E A 3 81TaDaGo_p314_l79
823.3 0.07 0 1 0 0 0 0 15 6 0 0 0 A A 2 0 0 0 0 0 0 16 6 0 0 0 A A 1 81TaDaGo_p314_l8
889.978 0.05 0 1 0 0 0 0 9 2 0 0 0 E A 3 0 0 0 0 0 0 10 2 0 0 0 E A 3 81TaDaGo_p314_l80
890.791 0.05 0 1 0 0 0 0 9 3 0 0 0 A A 2 0 0 0 0 0 0 10 3 0 0 0 A A 1 81TaDaGo_p314_l81
891.485 0.05 0 1 0 0 0 0 10 9 0 0 0 A A 2 0 0 0 0 0 0 11 9 0 0 0 A A 1 81TaDaGo_p314_l82
891.945 0.05 0 1 0 0 0 0 9 4 0 0 0 E A 3 0 0 0 0 0 0 10 4 0 0 0 E A 3 81TaDaGo_p314_l83
893.455 0.05 0 1 0 0 0 0 9 5 0 0 0 E A 3 0 0 0 0 0 0 10 5 0 0 0 E A 3 81TaDaGo_p314_l84
895.131 0.05 0 1 0 0 0 0 10 10 0 0 0 E A 3 0 0 0 0 0 0 11 10 0 0 0 E A 3 81TaDaGo_p314_l85
895.347 0.05 0 1 0 0 0 0 9 6 0 0 0 A A 2 0 0 0 0 0 0 10 6 0 0 0 A A 1 81TaDaGo_p314_l86
897.657 0.05 0 1 0 0 0 0 9 7 0 0 0 E A 3 0 0 0 0 0 0 10 7 0 0 0 E A 3 81TaDaGo_p314_l87
900.421 0.05 0 1 0 0 0 0 9 8 0 0 0 E A 3 0 0 0 0 0 0 10 8 0 0 0 E A 3 81TaDaGo_p314_l88
900.709 0.05 0 1 0 0 0 0 8 0 0 0 0 A A 1 0 0 0 0 0 0 9 0 0 0 0 A A 2 81TaDaGo_p314_l89
824.984 0.05 0 1 0 0 0 0 15 7 0 0 0 E A 3 0 0 0 0 0 0 16 7 0 0 0 E A 3 81TaDaGo_p314_l9
900.877 0.05 0 1 0 0 0 0 8 1 0 0 0 E A 3 0 0 0 0 0 0 9 1 0 0 0 E A 3 81TaDaGo_p314_l90
901.381 0.05 0 1 0 0 0 0 8 2 0 0 0 E A 3 0 0 0 0 0 0 9 2 0 0 0 E A 3 81TaDaGo_p314_l91
902.228 0.05 0 1 0 0 0 0 8 3 0 0 0 A A 2 0 0 0 0 0 0 9 3 0 0 0 A A 1 81TaDaGo_p314_l92
903.432 0.05 0 1 0 0 0 0 8 4 0 0 0 E A 3 0 0 0 0 0 0 9 4 0 0 0 E A 3 81TaDaGo_p314_l93
903.698 0.05 0 1 0 0 0 0 9 9 0 0 0 A A 2 0 0 0 0 0 0 10 9 0 0 0 A A 1 81TaDaGo_p314_l94
905.02 0.05 0 1 0 0 0 0 8 5 0 0 0 E A 3 0 0 0 0 0 0 9 5 0 0 0 E A 3 81TaDaGo_p314_l95
906.994 0.05 0 1 0 0 0 0 8 6 0 0 0 A A 2 0 0 0 0 0 0 9 6 0 0 0 A A 1 81TaDaGo_p314_l96
909.413 0.05 0 1 0 0 0 0 8 7 0 0 0 E A 3 0 0 0 0 0 0 9 7 0 0 0 E A 3 81TaDaGo_p314_l97
911.913 0.05 0 1 0 0 0 0 7 0 0 0 0 A A 2 0 0 0 0 0 0 8 0 0 0 0 A A 1 81TaDaGo_p314_l98
912.047 0.05 0 1 0 0 0 0 7 1 0 0 0 E A 3 0 0 0 0 0 0 8 1 0 0 0 E A 3 81TaDaGo_p314_l99
975.996 0.05 0 1 0 0 0 0 11 5 0 0 0 E A 3 0 0 0 0 0 0 11 5 0 0 0 E A 3 81TaDaGo_p315_l221
976.153 0.05 0 1 0 0 0 0 15 11 0 0 0 E A 3 0 0 0 0 0 0 15 11 0 0 0 E A 3 81TaDaGo_p315_l222
976.493 0.05 0 1 0 0 0 0 10 3 0 0 0 A A 2 0 0 0 0 0 0 10 3 0 0 0 A A 1 81TaDaGo_p315_l223
976.493 0.05 0 1 0 0 0 0 12 7 0 0 0 E A 3 0 0 0 0 0 0 12 7 0 0 0 E A 3 81TaDaGo_p315_l224
976.895 0.164303 0 0 0 1 0 -1 15 5 0 1 1 E E 2 0 0 0 0 0 0 16 6 0 0 0 A A 1 81TaDaGo_p315_l225
977.031 0.05 0 1 0 0 0 0 14 10 0 0 0 E A 3 0 0 0 0 0 0 14 10 0 0 0 E A 3 81TaDaGo_p315_l226
-977.365 0.05 0 0 0 1 0 -1 12 11 0 1 1 E E 2 0 0 0 0 0 0 13 12 0 0 0 A A 1 81TaDaGo_p315_l227
977.633 0.05 0 1 0 0 0 0 10 4 0 0 0 E A 3 0 0 0 0 0 0 10 4 0 0 0 E A 3 81TaDaGo_p315_l228
977.633 0.05 0 1 0 0 0 0 19 16 0 0 0 E A 3 0 0 0 0 0 0 19 16 0 0 0 E A 3 81TaDaGo_p315_l229
977.76 0.05 0 1 0 0 0 0 11 6 0 0 0 A A 2 0 0 0 0 0 0 11 6 0 0 0 A A 1 81TaDaGo_p315_l230
977.941 0.05 0 1 0 0 0 0 13 9 0 0 0 A A 2 0 0 0 0 0 0 13 9 0 0 0 A A 1 81TaDaGo_p315_l231
978.033 0.05 0 1 0 0 0 0 9 1 0 0 0 E A 3 0 0 0 0 0 0 9 1 0 0 0 E A 3 81TaDaGo_p315_l232
978.149 0.05 0 1 0 0 0 0 18 15 0 0 0 A A 2 0 0 0 0 0 0 18 15 0 0 0 A A 1 81TaDaGo_p315_l233
978.511 0.05 0 1 0 0 0 0 9 2 0 0 0 E A 3 0 0 0 0 0 0 9 2 0 0 0 E A 3 81TaDaGo_p315_l234
978.728 0.05 0 1 0 0 0 0 17 14 0 0 0 E A 3 0 0 0 0 0 0 17 14 0 0 0 E A 3 81TaDaGo_p315_l235
978.905 0.05 0 1 0 0 0 0 12 8 0 0 0 E A 3 0 0 0 0 0 0 12 8 0 0 0 E A 3 81TaDaGo_p315_l236
979.034 0.05 0 0 0 1 0 -1 15 4 0 1 1 E E 3 0 0 0 0 0 0 16 5 0 0 0 E A 3 81TaDaGo_p315_l237
979.113 0.05 0 1 0 0 0 0 10 5 0 0 0 E A 3 0 0 0 0 0 0 10 5 0 0 0 E A 3 81TaDaGo_p315_l238
979.113 0.081421 0 0 0 1 0 -1 14 7 0 1 1 E E 3 0 0 0 0 0 0 15 8 0 0 0 E A 3 81TaDaGo_p315_l239
979.268 0.05 0 1 0 0 0 0 16 13 0 0 0 E A 3 0 0 0 0 0 0 16 13 0 0 0 E A 3 81TaDaGo_p315_l240
979.353 0.05 0 1 0 0 0 0 9 3 0 0 0 A A 2 0 0 0 0 0 0 9 3 0 0 0 A A 1 81TaDaGo_p315_l241
979.44 0.05 0 0 0 1 0 -1 13 9 0 1 1 A E 3 0 0 0 0 0 0 14 10 0 0 0 E A 3 81TaDaGo_p315_l242
979.891 0.05 0 1 0 0 0 0 11 7 0 0 0 E A 3 0 0 0 0 0 0 11 7 0 0 0 E A 3 81TaDaGo_p315_l243
979.891 0.05 0 1 0 0 0 0 15 12 0 0 0 A A 2 0 0 0 0 0 0 15 12 0 0 0 A A 1 81TaDaGo_p315_l244
980.459 0.05 0 1 0 0 0 0 14 11 0 0 0 E A 3 0 0 0 0 0 0 14 11 0 0 0 E A 3 81TaDaGo_p315_l245
980.526 0.05 0 1 0 0 0 0 9 4 0 0 0 E A 3 0 0 0 0 0 0 9 4 0 0 0 E A 3 81TaDaGo_p315_l246
980.642 0.05 0 1 0 0 0 0 8 1 0 0 0 E A 3 0 0 0 0 0 0 8 1 0 0 0 E A 3 81TaDaGo_p315_l247
980.957 0.05 0 1 0 0 0 0 10 6 0 0 0 A A 2 0 0 0 0 0 0 10 6 0 0 0 A A 1 81TaDaGo_p315_l248
981.079 0.05 0 1 0 0 0 0 13 10 0 0 0 E A 3 0 0 0 0 0 0 13 10 0 0 0 E A 3 81TaDaGo_p315_l249
981.16 0.05 0 1 0 0 0 0 8 2 0 0 0 E A 3 0 0 0 0 0 0 8 2 0 0 0 E A 3 81TaDaGo_p315_l250
981.739 0.05 0 1 0 0 0 0 12 9 0 0 0 A A 2 0 0 0 0 0 0 12 9 0 0 0 A A 1 81TaDaGo_p315_l251
982.035 0.05 0 1 0 0 0 0 8 3 0 0 0 A A 2 0 0 0 0 0 0 8 3 0 0 0 A A 1 81TaDaGo_p315_l252
982.035 0.150171 0 0 0 1 0 -1 14 6 0 1 1 A E 3 0 0 0 0 0 0 15 7 0 0 0 E A 3 81TaDaGo_p315_l253
982.089 0.05 0 1 0 0 0 0 9 5 0 0 0 E A 3 0 0 0 0 0 0 9 5 0 0 0 E A 3 81TaDaGo_p315_l254
982.089 0.05 0 0 0 1 0 -1 12 10 0 1 1 E E 3 0 0 0 0 0 0 13 11 0 0 0 E A 3 81TaDaGo_p315_l255
982.446 0.05 0 1 0 0 0 0 11 8 0 0 0 E A 3 0 0 0 0 0 0 11 8 0 0 0 E A 3 81TaDaGo_p315_l256
982.962 0.05 0 1 0 0 0 0 19 17 0 0 0 E A 3 0 0 0 0 0 0 19 17 0 0 0 E A 3 81TaDaGo_p315_l257
983.081 0.05 0 0 0 1 0 -1 13 8 0 1 1 E E 2 0 0 0 0 0 0 14 9 0 0 0 A A 1 81TaDaGo_p315_l258
983.081 0.05 0 1 0 0 0 0 7 1 0 0 0 E A 3 0 0 0 0 0 0 7 1 0 0 0 E A 3 81TaDaGo_p315_l259
983.204 0.05 0 1 0 0 0 0 10 7 0 0 0 E A 3 0 0 0 0 0 0 10 7 0 0 0 E A 3 81TaDaGo_p315_l260
983.227 0.05 0 1 0 0 0 0 0 0 0 0 0 A A 1 0 0 0 0 0 0 1 0 0 0 0 A A 2 81TaDaGo_p315_l261
983.227 0.05 0 1 0 0 0 0 8 4 0 0 0 E A 3 0 0 0 0 0 0 8 4 0 0 0 E A 3 81TaDaGo_p315_l262
983.558 0.05 0 0 0 1 0 -1 11 11 0 1 1 E E 2 0 0 0 0 0 0 12 12 0 0 0 A A 1 81TaDaGo_p315_l263
983.558 0.05 0 1 0 0 0 0 7 2 0 0 0 E A 3 0 0 0 0 0 0 7 2 0 0 0 E A 3 81TaDaGo_p315_l264
983.558 0.05 0 1 0 0 0 0 17 15 0 0 0 A A 2 0 0 0 0 0 0 17 15 0 0 0 A A 1 81TaDaGo_p315_l265
983.799 0.05 0 1 0 0 0 0 16 14 0 0 0 E A 3 0 0 0 0 0 0 16 14 0 0 0 E A 3 81TaDaGo_p315_l266
983.998 0.05 0 1 0 0 0 0 9 6 0 0 0 A A 2 0 0 0 0 0 0 9 6 0 0 0 A A 1 81TaDaGo_p315_l267
983.998 0.092144 0 1 0 0 0 0 15 13 0 0 0 E A 3 0 0 0 0 0 0 15 13 0 0 0 E A 3 81TaDaGo_p315_l268
984.382 0.05 0 1 0 0 0 0 14 12 0 0 0 A A 2 0 0 0 0 0 0 14 12 0 0 0 A A 1 81TaDaGo_p315_l269
984.484 0.05 0 1 0 0 0 0 7 3 0 0 0 A A 2 0 0 0 0 0 0 7 3 0 0 0 A A 1 81TaDaGo_p315_l270
984.484 0.05 0 0 0 1 0 -1 14 5 0 1 1 E E 2 0 0 0 0 0 0 15 6 0 0 0 A A 1 81TaDaGo_p315_l271
984.707 0.05 0 1 0 0 0 0 13 11 0 0 0 E A 3 0 0 0 0 0 0 13 11 0 0 0 E A 3 81TaDaGo_p315_l272
984.854 0.05 0 1 0 0 0 0 8 5 0 0 0 E A 3 0 0 0 0 0 0 8 5 0 0 0 E A 3 81TaDaGo_p315_l273
985.062 0.05 0 1 0 0 0 0 12 10 0 0 0 E A 3 0 0 0 0 0 0 12 10 0 0 0 E A 3 81TaDaGo_p315_l274
985.252 0.05 0 1 0 0 0 0 6 1 0 0 0 E A 3 0 0 0 0 0 0 6 1 0 0 0 E A 3 81TaDaGo_p315_l275
985.45 0.05 0 1 0 0 0 0 11 9 0 0 0 A A 2 0 0 0 0 0 0 11 9 0 0 0 A A 1 81TaDaGo_p315_l276
985.776 0.05 0 1 0 0 0 0 7 4 0 0 0 E A 3 0 0 0 0 0 0 7 4 0 0 0 E A 3 81TaDaGo_p315_l277
985.776 0.05 0 1 0 0 0 0 6 2 0 0 0 E A 3 0 0 0 0 0 0 6 2 0 0 0 E A 3 81TaDaGo_p315_l278
985.878 0.05 0 1 0 0 0 0 10 8 0 0 0 E A 3 0 0 0 0 0 0 10 8 0 0 0 E A 3 81TaDaGo_p315_l279
986.357 0.05 0 1 0 0 0 0 9 7 0 0 0 E A 3 0 0 0 0 0 0 9 7 0 0 0 E A 3 81TaDaGo_p315_l280
986.357 0.05 0 0 0 1 0 -1 12 9 0 1 1 A E 3 0 0 0 0 0 0 13 10 0 0 0 E A 3 81TaDaGo_p315_l281
986.357 0.063535 0 0 0 1 0 -1 13 7 0 1 1 E E 3 0 0 0 0 0 0 14 8 0 0 0 E A 3 81TaDaGo_p315_l282
986.729 0.05 0 1 0 0 0 0 6 3 0 0 0 A A 2 0 0 0 0 0 0 6 3 0 0 0 A A 1 81TaDaGo_p315_l283
986.729 0.05 0 0 0 1 0 -1 14 4 0 1 1 E E 3 0 0 0 0 0 0 15 5 0 0 0 E A 3 81TaDaGo_p315_l284
986.865 0.05 0 1 0 0 0 0 8 6 0 0 0 A A 2 0 0 0 0 0 0 8 6 0 0 0 A A 1 81TaDaGo_p315_l285
987.195 0.05 0 1 0 0 0 0 5 1 0 0 0 E A 3 0 0 0 0 0 0 5 1 0 0 0 E A 3 81TaDaGo_p315_l286
987.434 0.05 0 1 0 0 0 0 7 5 0 0 0 E A 3 0 0 0 0 0 0 7 5 0 0 0 E A 3 81TaDaGo_p315_l287
987.761 0.05 0 1 0 0 0 0 5 2 0 0 0 E A 3 0 0 0 0 0 0 5 2 0 0 0 E A 3 81TaDaGo_p315_l288
988.048 0.05 0 1 0 0 0 0 6 4 0 0 0 E A 3 0 0 0 0 0 0 6 4 0 0 0 E A 3 81TaDaGo_p315_l289
988.702 0.05 0 1 0 0 0 0 5 3 0 0 0 A A 2 0 0 0 0 0 0 5 3 0 0 0 A A 1 81TaDaGo_p315_l290
-988.702 0.05 0 0 0 1 0 -1 11 10 0 1 1 E E 3 0 0 0 0 0 0 12 11 0 0 0 E A 3 81TaDaGo_p315_l291
988.956 0.05 0 1 0 0 0 0 11 10 0 0 0 E A 3 0 0 0 0 0 0 11 10 0 0 0 E A 3 81TaDaGo_p315_l292
988.956 0.05 0 1 0 0 0 0 13 12 0 0 0 A A 2 0 0 0 0 0 0 13 12 0 0 0 A A 1 81TaDaGo_p315_l293
988.956 0.05 0 1 0 0 0 0 12 11 0 0 0 E A 3 0 0 0 0 0 0 12 11 0 0 0 E A 3 81TaDaGo_p315_l294
988.956 0.05 0 1 0 0 0 0 14 13 0 0 0 E A 3 0 0 0 0 0 0 14 13 0 0 0 E A 3 81TaDaGo_p315_l295
988.956 0.103796 0 1 0 0 0 0 4 1 0 0 0 E A 3 0 0 0 0 0 0 4 1 0 0 0 E A 3 81TaDaGo_p315_l296
989.051 0.05 0 1 0 0 0 0 10 9 0 0 0 A A 2 0 0 0 0 0 0 10 9 0 0 0 A A 1 81TaDaGo_p315_l297
989.051 0.05 0 1 0 0 0 0 16 15 0 0 0 A A 2 0 0 0 0 0 0 16 15 0 0 0 A A 1 81TaDaGo_p315_l298
989.051 0.081324 0 1 0 0 0 0 15 14 0 0 0 E A 3 0 0 0 0 0 0 15 14 0 0 0 E A 3 81TaDaGo_p315_l299
989.163 0.05 0 1 0 0 0 0 9 8 0 0 0 E A 3 0 0 0 0 0 0 9 8 0 0 0 E A 3 81TaDaGo_p315_l300
989.328 0.05 0 1 0 0 0 0 8 7 0 0 0 E A 3 0 0 0 0 0 0 8 7 0 0 0 E A 3 81TaDaGo_p315_l301
989.328 0.05 0 1 0 0 0 0 19 18 0 0 0 A A 2 0 0 0 0 0 0 19 18 0 0 0 A A 1 81TaDaGo_p315_l302
989.454 0.05 0 1 0 0 0 0 4 2 0 0 0 E A 3 0 0 0 0 0 0 4 2 0 0 0 E A 3 81TaDaGo_p315_l303
989.454 0.05 0 0 0 1 0 -1 13 6 0 1 1 A E 3 0 0 0 0 0 0 14 7 0 0 0 E A 3 81TaDaGo_p315_l304
989.532 0.05 0 1 0 0 0 0 7 6 0 0 0 A A 2 0 0 0 0 0 0 7 6 0 0 0 A A 1 81TaDaGo_p315_l305
989.78 0.05 0 1 0 0 0 0 6 5 0 0 0 E A 3 0 0 0 0 0 0 6 5 0 0 0 E A 3 81TaDaGo_p315_l306
990.079 0.05 0 1 0 0 0 0 5 4 0 0 0 E A 3 0 0 0 0 0 0 5 4 0 0 0 E A 3 81TaDaGo_p315_l307
990.23 0.05 0 1 0 0 0 0 3 1 0 0 0 E A 3 0 0 0 0 0 0 3 1 0 0 0 E A 3 81TaDaGo_p315_l308
990.23 0.05 0 0 0 1 0 -1 12 8 0 1 1 E E 2 0 0 0 0 0 0 13 9 0 0 0 A A 1 81TaDaGo_p315_l309
990.428 0.05 0 1 0 0 0 0 4 3 0 0 0 A A 2 0 0 0 0 0 0 4 3 0 0 0 A A 1 81TaDaGo_p315_l310
990.824 0.05 0 1 0 0 0 0 3 2 0 0 0 E A 3 0 0 0 0 0 0 3 2 0 0 0 E A 3 81TaDaGo_p315_l311
991.274 0.05 0 1 0 0 0 0 2 1 0 0 0 E A 3 0 0 0 0 0 0 2 1 0 0 0 E A 3 81TaDaGo_p315_l312
991.798 0.05 0 1 0 0 0 0 3 3 0 0 0 A A 2 0 0 0 0 0 0 3 3 0 0 0 A A 1 81TaDaGo_p315_l313
991.798 0.078100 0 1 0 0 0 0 5 5 0 0 0 E A 3 0 0 0 0 0 0 5 5 0 0 0 E A 3 81TaDaGo_p315_l314
991.798 0.05 0 1 0 0 0 0 4 4 0 0 0 E A 3 0 0 0 0 0 0 4 4 0 0 0 E A 3 81TaDaGo_p315_l315
991.798 0.089430 0 1 0 0 0 0 2 2 0 0 0 E A 3 0 0 0 0 0 0 2 2 0 0 0 E A 3 81TaDaGo_p315_l316
991.98 0.05 0 1 0 0 0 0 6 6 0 0 0 A A 2 0 0 0 0 0 0 6 6 0 0 0 A A 1 81TaDaGo_p315_l317
991.98 0.05 0 1 0 0 0 0 1 1 0 0 0 E A 3 0 0 0 0 0 0 1 1 0 0 0 E A 3 81TaDaGo_p315_l318
992.094 0.05 0 1 0 0 0 0 7 7 0 0 0 E A 3 0 0 0 0 0 0 7 7 0 0 0 E A 3 81TaDaGo_p315_l319
992.278 0.05 0 1 0 0 0 0 8 8 0 0 0 E A 3 0 0 0 0 0 0 8 8 0 0 0 E A 3 81TaDaGo_p315_l320
992.278 0.152753 0 0 0 1 0 -1 13 5 0 1 1 E E 2 0 0 0 0 0 0 14 6 0 0 0 A A 1 81TaDaGo_p315_l321
992.507 0.05 0 1 0 0 0 0 9 9 0 0 0 A A 2 0 0 0 0 0 0 9 9 0 0 0 A A 1 81TaDaGo_p315_l322
992.767 0.05 0 1 0 0 0 0 10 10 0 0 0 E A 3 0 0 0 0 0 0 10 10 0 0 0 E A 3 81TaDaGo_p315_l323
993.071 0.05 0 1 0 0 0 0 11 11 0 0 0 E A 3 0 0 0 0 0 0 11 11 0 0 0 E A 3 81TaDaGo_p315_l324
993.222 0.05 0 0 0 1 0 -1 11 9 0 1 1 A E 3 0 0 0 0 0 0 12 10 0 0 0 E A 3 81TaDaGo_p315_l325
993.406 0.05 0 1 0 0 0 0 12 12 0 0 0 A A 2 0 0 0 0 0 0 12 12 0 0 0 A A 1 81TaDaGo_p315_l326
993.765 0.05 0 1 0 0 0 0 13 13 0 0 0 E A 3 0 0 0 0 0 0 13 13 0 0 0 E A 3 81TaDaGo_p315_l327
993.765 0.05 0 0 0 1 0 -1 12 7 0 1 1 E E 3 0 0 0 0 0 0 13 8 0 0 0 E A 3 81TaDaGo_p315_l328
994.178 0.05 0 1 0 0 0 0 14 14 0 0 0 E A 3 0 0 0 0 0 0 14 14 0 0 0 E A 3 81TaDaGo_p315_l329
994.606 0.05 0 1 0 0 0 0 15 15 0 0 0 A A 2 0 0 0 0 0 0 15 15 0 0 0 A A 1 81TaDaGo_p315_l330
994.606 0.098197 0 0 0 1 0 -1 13 4 0 1 1 E E 3 0 0 0 0 0 0 14 5 0 0 0 E A 3 81TaDaGo_p315_l331
995.114 0.05 0 0 0 1 0 -1 10 10 0 1 1 E E 3 0 0 0 0 0 0 11 11 0 0 0 E A 3 81TaDaGo_p315_l332
995.114 0.07 0 1 0 0 0 0 16 16 0 0 0 E A 3 0 0 0 0 0 0 16 16 0 0 0 E A 3 81TaDaGo_p315_l333
995.527 0.05 0 1 0 0 0 0 17 17 0 0 0 E A 3 0 0 0 0 0 0 17 17 0 0 0 E A 3 81TaDaGo_p315_l334
996.012 0.05 0 1 0 0 0 0 18 18 0 0 0 A A 2 0 0 0 0 0 0 18 18 0 0 0 A A 1 81TaDaGo_p315_l335
-996.525 0.05 0 1 0 0 0 0 19 19 0 0 0 E A 3 0 0 0 0 0 0 19 19 0 0 0 E A 3 81TaDaGo_p315_l336
996.635 0.105171 0 0 0 1 0 -1 13 3 0 1 1 A E 3 0 0 0 0 0 0 14 4 0 0 0 E A 3 81TaDaGo_p315_l337
996.925 0.05 0 0 0 1 0 -1 12 6 0 1 1 A E 3 0 0 0 0 0 0 13 7 0 0 0 E A 3 81TaDaGo_p315_l338
997.02 0.05 0 1 0 0 0 0 20 20 0 0 0 E A 3 0 0 0 0 0 0 20 20 0 0 0 E A 3 81TaDaGo_p315_l339
997.313 0.05 0 0 0 1 0 -1 11 8 0 1 1 E E 2 0 0 0 0 0 0 12 9 0 0 0 A A 1 81TaDaGo_p315_l340
997.944 0.05 0 0 0 1 0 -1 13 2 0 1 1 E E 1 0 0 0 0 0 0 14 3 0 0 0 A A 2 81TaDaGo_p315_l341
998.42 0.05 0 0 0 1 0 -1 13 2 0 1 1 E E 2 0 0 0 0 0 0 14 3 0 0 0 A A 1 81TaDaGo_p315_l342
999.797 0.05 0 0 0 1 0 -1 12 5 0 1 1 E E 2 0 0 0 0 0 0 13 6 0 0 0 A A 1 81TaDaGo_p315_l343
999.99 0.05 0 0 0 1 0 -1 10 9 0 1 1 A E 3 0 0 0 0 0 0 11 10 0 0 0 E A 3 81TaDaGo_p315_l344
1000.683 0.05 0 1 0 0 0 0 1 0 0 0 0 A A 2 0 0 0 0 0 0 0 0 0 0 0 A A 1 81TaDaGo_p315_l345
1001.022 0.05 0 0 0 1 0 -1 11 7 0 1 1 E E 3 0 0 0 0 0 0 12 8 0 0 0 E A 3 81TaDaGo_p315_l346
1002.332 0.05 0 0 0 1 0 -1 12 4 0 1 1 E E 3 0 0 0 0 0 0 13 5 0 0 0 E A 3 81TaDaGo_p315_l347
1004.349 0.05 0 0 0 1 0 -1 10 8 0 1 1 E E 2 0 0 0 0 0 0 11 9 0 0 0 A A 1 81TaDaGo_p315_l348
1004.349 0.05 0 0 0 1 0 -1 11 6 0 1 1 A E 3 0 0 0 0 0 0 12 7 0 0 0 E A 3 81TaDaGo_p315_l349
1004.494 0.05 0 0 0 1 0 -1 12 3 0 1 1 A E 3 0 0 0 0 0 0 13 4 0 0 0 E A 3 81TaDaGo_p315_l350
1006.084 0.05 0 0 0 1 0 -1 12 2 0 1 1 E E 2 0 0 0 0 0 0 13 3 0 0 0 A A 1 81TaDaGo_p315_l351
1006.489 0.05 0 0 0 1 0 -1 12 2 0 1 1 E E 1 0 0 0 0 0 0 13 3 0 0 0 A A 2 81TaDaGo_p315_l352
1006.683 0.05 0 0 0 1 0 -1 9 9 0 1 1 A E 3 0 0 0 0 0 0 10 10 0 0 0 E A 3 81TaDaGo_p315_l353
1006.945 0.05 0 0 0 1 0 1 17 1 0 1 1 E E 2 0 0 0 0 0 0 18 0 0 0 0 A A 1 81TaDaGo_p315_l354
1007.425 0.05 0 0 0 1 0 -1 11 5 0 1 1 E E 2 0 0 0 0 0 0 12 6 0 0 0 A A 1 81TaDaGo_p315_l355
1007.615 0.05 0 0 0 1 0 -1 12 1 0 1 1 E E 3 0 0 0 0 0 0 13 2 0 0 0 E A 3 81TaDaGo_p315_l356
1008.254 0.05 0 0 0 1 0 -1 10 7 0 1 1 E E 3 0 0 0 0 0 0 11 8 0 0 0 E A 3 81TaDaGo_p315_l357
1008.877 0.05 0 1 0 0 0 0 2 0 0 0 0 A A 1 0 0 0 0 0 0 1 0 0 0 0 A A 2 81TaDaGo_p315_l358
1009.08 0.05 0 1 0 0 0 0 2 1 0 0 0 E A 3 0 0 0 0 0 0 1 1 0 0 0 E A 3 81TaDaGo_p315_l359
1010.123 0.05 0 0 0 1 0 -1 11 4 0 1 1 E E 3 0 0 0 0 0 0 12 5 0 0 0 E A 3 81TaDaGo_p315_l360
1011.144 0.05 0 0 0 1 0 1 16 4 0 1 1 E E 1 0 0 0 0 0 0 17 3 0 0 0 A A 2 81TaDaGo_p315_l361
1011.304 0.05 0 0 0 1 0 -1 9 8 0 1 1 E E 2 0 0 0 0 0 0 10 9 0 0 0 A A 1 81TaDaGo_p315_l362
1011.566 0.05 0 0 0 1 0 1 16 1 0 1 1 E E 1 0 0 0 0 0 0 17 0 0 0 0 A A 2 81TaDaGo_p315_l363
1011.566 0.05 0 0 0 1 0 1 16 2 0 1 1 E E 3 0 0 0 0 0 0 17 1 0 0 0 E A 3 81TaDaGo_p315_l364
1011.566 0.05 0 0 0 1 0 1 16 3 0 1 1 A E 3 0 0 0 0 0 0 17 2 0 0 0 E A 3 81TaDaGo_p315_l365
1011.566 0.05 0 0 0 1 0 1 16 5 0 1 1 E E 3 0 0 0 0 0 0 17 4 0 0 0 E A 3 81TaDaGo_p315_l366
1011.566 0.05 0 0 0 1 0 1 16 7 0 1 1 E E 1 0 0 0 0 0 0 17 6 0 0 0 A A 2 81TaDaGo_p315_l367
1011.566 0.05 0 0 0 1 0 1 16 6 0 1 1 A E 3 0 0 0 0 0 0 17 5 0 0 0 E A 3 81TaDaGo_p315_l368
1011.804 0.05 0 0 0 1 0 -1 10 6 0 1 1 A E 3 0 0 0 0 0 0 11 7 0 0 0 E A 3 81TaDaGo_p315_l369
1011.993 0.05 0 0 0 1 0 1 16 4 0 1 1 E E 2 0 0 0 0 0 0 17 3 0 0 0 A A 1 81TaDaGo_p315_l370
1012.458 0.05 0 0 0 1 0 -1 11 3 0 1 1 A E 3 0 0 0 0 0 0 12 4 0 0 0 E A 3 81TaDaGo_p315_l371
1014.221 0.05 0 0 0 1 0 -1 11 2 0 1 1 E E 1 0 0 0 0 0 0 12 3 0 0 0 A A 2 81TaDaGo_p315_l372
1014.562 0.05 0 0 0 1 0 -1 11 2 0 1 1 E E 2 0 0 0 0 0 0 12 3 0 0 0 A A 1 81TaDaGo_p315_l373
1015.014 0.05 0 0 0 1 0 -1 10 5 0 1 1 E E 2 0 0 0 0 0 0 11 6 0 0 0 A A 1 81TaDaGo_p315_l374
1015.446 0.05 0 0 0 1 0 -1 9 7 0 1 1 E E 3 0 0 0 0 0 0 10 8 0 0 0 E A 3 81TaDaGo_p315_l375
1015.787 0.05 0 0 0 1 0 1 15 10 0 1 1 E E 2 0 0 0 0 0 0 16 9 0 0 0 A A 1 81TaDaGo_p315_l376
1015.863 0.05 0 0 0 1 0 -1 11 1 0 1 1 E E 3 0 0 0 0 0 0 12 2 0 0 0 E A 3 81TaDaGo_p315_l377
1016.031 0.05 0 0 0 1 0 1 15 4 0 1 1 E E 2 0 0 0 0 0 0 16 3 0 0 0 A A 1 81TaDaGo_p315_l378
1016.281 0.05 0 0 0 1 0 1 15 1 0 1 1 E E 2 0 0 0 0 0 0 16 0 0 0 0 A A 1 81TaDaGo_p315_l379
1016.281 0.07 0 0 0 1 0 1 15 2 0 1 1 E E 3 0 0 0 0 0 0 16 1 0 0 0 E A 3 81TaDaGo_p315_l380
1016.37 0.05 0 0 0 1 0 1 15 3 0 1 1 A E 3 0 0 0 0 0 0 16 2 0 0 0 E A 3 81TaDaGo_p315_l381
1016.37 0.05 0 0 0 1 0 1 15 9 0 1 1 A E 3 0 0 0 0 0 0 16 8 0 0 0 E A 3 81TaDaGo_p315_l382
1016.482 0.05 0 0 0 1 0 1 15 5 0 1 1 E E 3 0 0 0 0 0 0 16 4 0 0 0 E A 3 81TaDaGo_p315_l383
1016.566 0.05 0 0 0 1 0 1 15 7 0 1 1 E E 2 0 0 0 0 0 0 16 6 0 0 0 A A 1 81TaDaGo_p315_l384
1016.566 0.05 0 0 0 1 0 1 15 6 0 1 1 A E 3 0 0 0 0 0 0 16 5 0 0 0 E A 3 81TaDaGo_p315_l385
1016.566 0.066849 0 0 0 1 0 1 15 8 0 1 1 E E 3 0 0 0 0 0 0 16 7 0 0 0 E A 3 81TaDaGo_p315_l386
1016.728 0.05 0 1 0 0 0 0 3 0 0 0 0 A A 2 0 0 0 0 0 0 2 0 0 0 0 A A 1 81TaDaGo_p315_l387
1016.728 0.085372 0 0 0 1 0 1 15 4 0 1 1 E E 1 0 0 0 0 0 0 16 3 0 0 0 A A 2 81TaDaGo_p315_l388
1016.927 0.05 0 1 0 0 0 0 3 1 0 0 0 E A 3 0 0 0 0 0 0 2 1 0 0 0 E A 3 81TaDaGo_p315_l389
1017.527 0.05 0 1 0 0 0 0 3 2 0 0 0 E A 3 0 0 0 0 0 0 2 2 0 0 0 E A 3 81TaDaGo_p315_l390
1017.884 0.05 0 0 0 1 0 -1 10 4 0 1 1 E E 3 0 0 0 0 0 0 11 5 0 0 0 E A 3 81TaDaGo_p315_l391
1018.24 0.05 0 0 0 1 0 -1 8 8 0 1 1 E E 2 0 0 0 0 0 0 9 9 0 0 0 A A 1 81TaDaGo_p315_l392
1019.185 0.05 0 0 0 1 0 -1 9 6 0 1 1 A E 3 0 0 0 0 0 0 10 7 0 0 0 E A 3 81TaDaGo_p315_l393
1019.859 0.05 0 0 0 1 0 1 14 12 0 1 1 A E 3 0 0 0 0 0 0 15 11 0 0 0 E A 3 81TaDaGo_p315_l394
1020.392 0.05 0 0 0 1 0 -1 10 3 0 1 1 A E 3 0 0 0 0 0 0 11 4 0 0 0 E A 3 81TaDaGo_p315_l395
1020.704 0.05 0 0 0 1 0 1 14 11 0 1 1 E E 3 0 0 0 0 0 0 15 10 0 0 0 E A 3 81TaDaGo_p315_l396
1021.07 0.05 0 0 0 1 0 1 14 4 0 1 1 E E 1 0 0 0 0 0 0 15 3 0 0 0 A A 2 81TaDaGo_p315_l397
1021.17 0.05 0 0 0 1 0 1 14 1 0 1 1 E E 1 0 0 0 0 0 0 15 0 0 0 0 A A 2 81TaDaGo_p315_l398
1021.17 0.05 0 0 0 1 0 1 14 2 0 1 1 E E 3 0 0 0 0 0 0 15 1 0 0 0 E A 3 81TaDaGo_p315_l399
1021.17 0.05 0 0 0 1 0 1 14 10 0 1 1 E E 2 0 0 0 0 0 0 15 9 0 0 0 A A 1 81TaDaGo_p315_l400
1021.281 0.05 0 0 0 1 0 1 14 3 0 1 1 A E 3 0 0 0 0 0 0 15 2 0 0 0 E A 3 81TaDaGo_p315_l401
-1021.53 0.05 0 0 0 1 0 1 14 5 0 1 1 A E 3 0 0 0 0 0 0 15 4 0 0 0 E A 3 81TaDaGo_p315_l402
1021.753 0.05 0 0 0 1 0 1 14 7 0 1 1 E E 2 0 0 0 0 0 0 15 6 0 0 0 A A 1 81TaDaGo_p315_l403
1021.753 0.05 0 0 0 1 0 1 14 4 0 1 1 E E 2 0 0 0 0 0 0 15 3 0 0 0 A A 1 81TaDaGo_p315_l404
1021.753 0.082751 0 0 0 1 0 1 14 6 0 1 1 A E 3 0 0 0 0 0 0 15 5 0 0 0 E A 3 81TaDaGo_p315_l405
1021.753 0.05 0 0 0 1 0 1 14 8 0 1 1 E E 3 0 0 0 0 0 0 15 7 0 0 0 E A 3 81TaDaGo_p315_l406
1021.91 0.05 0 0 0 1 0 1 14 9 0 1 1 A E 3 0 0 0 0 0 0 15 8 0 0 0 E A 3 81TaDaGo_p315_l407
1022.358 0.05 0 0 0 1 0 -1 10 2 0 1 1 E E 2 0 0 0 0 0 0 11 3 0 0 0 A A 1 81TaDaGo_p315_l408
1022.588 0.05 0 0 0 1 0 -1 9 5 0 1 1 E E 2 0 0 0 0 0 0 10 6 0 0 0 A A 1 81TaDaGo_p315_l409
1022.588 0.05 0 0 0 1 0 -1 8 7 0 1 1 E E 3 0 0 0 0 0 0 9 8 0 0 0 E A 3 81TaDaGo_p315_l410
1022.588 0.05 0 0 0 1 0 -1 10 2 0 1 1 E E 1 0 0 0 0 0 0 11 3 0 0 0 A A 2 81TaDaGo_p315_l411
1024.118 0.05 0 0 0 1 0 -1 10 1 0 1 1 E E 3 0 0 0 0 0 0 11 2 0 0 0 E A 3 81TaDaGo_p315_l412
1024.25 0.05 0 1 0 0 0 0 4 0 0 0 0 A A 1 0 0 0 0 0 0 3 0 0 0 0 A A 2 81TaDaGo_p315_l413
1024.448 0.05 0 1 0 0 0 0 4 1 0 0 0 E A 3 0 0 0 0 0 0 3 1 0 0 0 E A 3 81TaDaGo_p315_l414
1025.032 0.05 0 1 0 0 0 0 4 2 0 0 0 E A 3 0 0 0 0 0 0 3 2 0 0 0 E A 3 81TaDaGo_p315_l415
1025.148 0.05 0 0 0 1 0 1 10 0 0 1 1 A E 3 0 0 0 0 0 0 11 1 0 0 0 E A 3 81TaDaGo_p315_l416
1025.475 0.05 0 0 0 1 0 1 13 12 0 1 1 A E 3 0 0 0 0 0 0 14 11 0 0 0 E A 3 81TaDaGo_p315_l417
1025.612 0.05 0 0 0 1 0 -1 9 4 0 1 1 E E 3 0 0 0 0 0 0 10 5 0 0 0 E A 3 81TaDaGo_p315_l418
1026.024 0.05 0 1 0 0 0 0 4 3 0 0 0 A A 2 0 0 0 0 0 0 3 3 0 0 0 A A 1 81TaDaGo_p315_l419
1026.177 0.05 0 0 0 1 0 1 13 1 0 1 1 E E 2 0 0 0 0 0 0 14 0 0 0 0 A A 1 81TaDaGo_p315_l420
1026.177 0.05 0 0 0 1 0 1 13 2 0 1 1 E E 3 0 0 0 0 0 0 14 1 0 0 0 E A 3 81TaDaGo_p315_l421
1026.279 0.05 0 0 0 1 0 1 13 4 0 1 1 E E 2 0 0 0 0 0 0 14 3 0 0 0 A A 1 81TaDaGo_p315_l422
1026.279 0.05 0 0 0 1 0 1 13 11 0 1 1 E E 3 0 0 0 0 0 0 14 10 0 0 0 E A 3 81TaDaGo_p315_l423
1026.334 0.05 0 0 0 1 0 1 13 3 0 1 1 A E 3 0 0 0 0 0 0 14 2 0 0 0 E A 3 81TaDaGo_p315_l424
1026.547 0.05 0 0 0 1 0 -1 8 6 0 1 1 A E 3 0 0 0 0 0 0 9 7 0 0 0 E A 3 81TaDaGo_p315_l425
1026.795 0.05 0 0 0 1 0 1 13 4 0 1 1 E E 1 0 0 0 0 0 0 14 3 0 0 0 A A 2 81TaDaGo_p315_l426
1026.795 0.05 0 0 0 1 0 1 13 5 0 1 1 E E 3 0 0 0 0 0 0 14 4 0 0 0 E A 3 81TaDaGo_p315_l427
1026.795 0.05 0 0 0 1 0 1 13 10 0 1 1 E E 2 0 0 0 0 0 0 14 9 0 0 0 A A 1 81TaDaGo_p315_l428
1027.005 0.05 0 0 0 1 0 1 13 6 0 1 1 A E 3 0 0 0 0 0 0 14 5 0 0 0 E A 3 81TaDaGo_p315_l429
1027.005 0.058946 0 0 0 1 0 1 13 9 0 1 1 A E 3 0 0 0 0 0 0 14 8 0 0 0 E A 3 81TaDaGo_p315_l430
1027.157 0.05 0 0 0 1 0 1 13 7 0 1 1 E E 2 0 0 0 0 0 0 14 6 0 0 0 A A 1 81TaDaGo_p315_l431
1027.241 0.05 0 0 0 1 0 1 13 8 0 1 1 E E 3 0 0 0 0 0 0 14 7 0 0 0 E A 3 81TaDaGo_p315_l432
1028.297 0.05 0 0 0 1 0 -1 9 3 0 1 1 A E 3 0 0 0 0 0 0 10 4 0 0 0 E A 3 81TaDaGo_p315_l433
1029.785 0.05 0 0 0 1 0 -1 7 7 0 1 1 E E 3 0 0 0 0 0 0 8 8 0 0 0 E A 3 81TaDaGo_p315_l434
1030.107 0.05 0 0 0 1 0 -1 8 5 0 1 1 E E 2 0 0 0 0 0 0 9 6 0 0 0 A A 1 81TaDaGo_p315_l435
1030.482 0.05 0 0 0 1 0 -1 9 2 0 1 1 E E 1 0 0 0 0 0 0 10 3 0 0 0 A A 2 81TaDaGo_p315_l436
1030.69 0.05 0 0 0 1 0 -1 9 2 0 1 1 E E 2 0 0 0 0 0 0 10 3 0 0 0 A A 1 81TaDaGo_p315_l437
1031.336 0.05 0 0 0 1 0 1 12 1 0 1 1 E E 1 0 0 0 0 0 0 13 0 0 0 0 A A 2 81TaDaGo_p315_l438
1031.336 0.064706 0 0 0 1 0 1 12 12 0 1 1 A E 3 0 0 0 0 0 0 13 11 0 0 0 E A 3 81TaDaGo_p315_l439
1031.438 0.05 0 0 0 1 0 1 12 2 0 1 1 E E 3 0 0 0 0 0 0 13 1 0 0 0 E A 3 81TaDaGo_p315_l440
1031.479 0.05 0 1 0 0 0 0 5 0 0 0 0 A A 2 0 0 0 0 0 0 4 0 0 0 0 A A 1 81TaDaGo_p316_l441
1031.659 0.05 0 1 0 0 0 0 5 1 0 0 0 E A 3 0 0 0 0 0 0 4 1 0 0 0 E A 3 81TaDaGo_p316_l442
1031.659 0.05 0 0 0 1 0 1 12 3 0 1 1 A E 3 0 0 0 0 0 0 13 2 0 0 0 E A 3 81TaDaGo_p316_l443
1031.659 0.05 0 0 0 1 0 1 12 4 0 1 1 E E 1 0 0 0 0 0 0 13 3 0 0 0 A A 2 81TaDaGo_p316_l444
1032.114 0.05 0 0 0 1 0 1 12 4 0 1 1 E E 2 0 0 0 0 0 0 13 3 0 0 0 A A 1 81TaDaGo_p316_l445
1032.114 0.05 0 0 0 1 0 1 12 11 0 1 1 E E 3 0 0 0 0 0 0 13 10 0 0 0 E A 3 81TaDaGo_p316_l446
1032.224 0.05 0 1 0 0 0 0 5 2 0 0 0 E A 3 0 0 0 0 0 0 4 2 0 0 0 E A 3 81TaDaGo_p316_l447
1032.224 0.05 0 0 0 1 0 1 12 5 0 1 1 E E 3 0 0 0 0 0 0 13 4 0 0 0 E A 3 81TaDaGo_p316_l448
1032.382 0.05 0 0 0 1 0 -1 9 1 0 1 1 E E 3 0 0 0 0 0 0 10 2 0 0 0 E A 3 81TaDaGo_p316_l449
1032.556 0.05 0 0 0 1 0 1 12 6 0 1 1 A E 3 0 0 0 0 0 0 13 5 0 0 0 E A 3 81TaDaGo_p316_l450
1032.556 0.05 0 0 0 1 0 1 12 10 0 1 1 E E 2 0 0 0 0 0 0 13 9 0 0 0 A A 1 81TaDaGo_p316_l451
1032.666 0.05 0 0 0 1 0 1 12 8 0 1 1 E E 3 0 0 0 0 0 0 13 7 0 0 0 E A 3 81TaDaGo_p316_l452
1032.798 0.05 0 0 0 1 0 1 12 7 0 1 1 E E 2 0 0 0 0 0 0 13 6 0 0 0 A A 1 81TaDaGo_p316_l453
1032.798 0.05 0 0 0 1 0 1 12 9 0 1 1 A E 3 0 0 0 0 0 0 13 8 0 0 0 E A 3 81TaDaGo_p316_l454
1033.192 0.05 0 1 0 0 0 0 5 3 0 0 0 A A 2 0 0 0 0 0 0 4 3 0 0 0 A A 1 81TaDaGo_p316_l455
1033.192 0.05 0 0 0 1 0 1 12 0 0 1 1 A E 3 0 0 0 0 0 0 13 7 0 0 0 E A 3 81TaDaGo_p316_l456
1033.312 0.05 0 0 0 1 0 -1 8 4 0 1 1 E E 3 0 0 0 0 0 0 9 5 0 0 0 E A 3 81TaDaGo_p316_l457
1033.563 0.05 0 0 0 1 0 1 9 0 0 1 1 A E 3 0 0 0 0 0 0 10 1 0 0 0 E A 3 81TaDaGo_p316_l458
1033.914 0.05 0 0 0 1 0 -1 7 6 0 1 1 A E 3 0 0 0 0 0 0 8 7 0 0 0 E A 3 81TaDaGo_p316_l459
1034.564 0.05 0 1 0 0 0 0 5 4 0 0 0 E A 3 0 0 0 0 0 0 4 4 0 0 0 E A 3 81TaDaGo_p316_l460
1036.175 0.05 0 0 0 1 0 -1 8 3 0 1 1 A E 3 0 0 0 0 0 0 9 4 0 0 0 E A 3 81TaDaGo_p316_l461
1036.674 0.05 0 0 0 1 0 1 11 1 0 1 1 E E 2 0 0 0 0 0 0 12 0 0 0 0 A A 1 81TaDaGo_p316_l462
1036.776 0.05 0 0 0 1 0 1 11 2 0 1 1 E E 3 0 0 0 0 0 0 12 1 0 0 0 E A 3 81TaDaGo_p316_l463
1037.063 0.05 0 0 0 1 0 1 11 3 0 1 1 A E 3 0 0 0 0 0 0 12 2 0 0 0 E A 3 81TaDaGo_p316_l464
1037.288 0.05 0 0 0 1 0 1 11 4 0 1 1 E E 2 0 0 0 0 0 0 12 3 0 0 0 A A 1 81TaDaGo_p316_l465
1037.636 0.05 0 0 0 1 0 -1 7 5 0 1 1 E E 2 0 0 0 0 0 0 8 6 0 0 0 A A 1 81TaDaGo_p316_l466
1037.636 0.05 0 0 0 1 0 1 11 4 0 1 1 E E 1 0 0 0 0 0 0 12 3 0 0 0 A A 2 81TaDaGo_p316_l467
1037.9 0.05 0 0 0 1 0 1 11 5 0 1 1 E E 3 0 0 0 0 0 0 12 4 0 0 0 E A 3 81TaDaGo_p316_l468
1038.399 0.05 0 1 0 0 0 0 6 0 0 0 0 A A 1 0 0 0 0 0 0 5 0 0 0 0 A A 2 81TaDaGo_p316_l469
1038.399 0.079782 0 0 0 1 0 1 11 6 0 1 1 A E 3 0 0 0 0 0 0 12 5 0 0 0 E A 3 81TaDaGo_p316_l470
1038.565 0.05 0 1 0 0 0 0 6 1 0 0 0 E A 3 0 0 0 0 0 0 5 1 0 0 0 E A 3 81TaDaGo_p316_l471
1038.565 0.05 0 0 0 1 0 -1 8 2 0 1 1 E E 2 0 0 0 0 0 0 9 3 0 0 0 A A 1 81TaDaGo_p316_l472
1038.565 0.064413 0 0 0 1 0 1 11 10 0 1 1 E E 2 0 0 0 0 0 0 12 9 0 0 0 A A 1 81TaDaGo_p316_l473
1038.712 0.05 0 0 0 1 0 -1 8 2 0 1 1 E E 1 0 0 0 0 0 0 9 3 0 0 0 A A 2 81TaDaGo_p316_l474
1038.712 0.060152 0 0 0 1 0 1 11 7 0 1 1 E E 2 0 0 0 0 0 0 12 6 0 0 0 A A 1 81TaDaGo_p316_l475
1038.838 0.05 0 0 0 1 0 1 11 8 0 1 1 E E 3 0 0 0 0 0 0 12 7 0 0 0 E A 3 81TaDaGo_p316_l476
1038.838 0.05 0 0 0 1 0 1 11 9 0 1 1 A E 3 0 0 0 0 0 0 12 8 0 0 0 E A 3 81TaDaGo_p316_l477
1039.127 0.05 0 1 0 0 0 0 6 2 0 0 0 E A 3 0 0 0 0 0 0 5 2 0 0 0 E A 3 81TaDaGo_p316_l478
1040.062 0.05 0 1 0 0 0 0 6 3 0 0 0 A A 2 0 0 0 0 0 0 5 3 0 0 0 A A 1 81TaDaGo_p316_l479
1040.652 0.05 0 0 0 1 0 -1 8 1 0 1 1 E E 3 0 0 0 0 0 0 9 2 0 0 0 E A 3 81TaDaGo_p316_l480
1040.999 0.05 0 0 0 1 0 -1 7 4 0 1 1 E E 3 0 0 0 0 0 0 8 5 0 0 0 E A 3 81TaDaGo_p316_l481
1041.32 0.05 0 0 0 1 0 -1 6 6 0 1 1 A E 3 0 0 0 0 0 0 7 7 0 0 0 E A 3 81TaDaGo_p316_l482
1041.399 0.05 0 1 0 0 0 0 6 4 0 0 0 E A 3 0 0 0 0 0 0 5 4 0 0 0 E A 3 81TaDaGo_p316_l483
1042 0.05 0 0 0 1 0 1 8 0 0 1 1 A E 3 0 0 0 0 0 0 9 1 0 0 0 E A 3 81TaDaGo_p316_l484
1042.211 0.05 0 0 0 1 0 1 10 1 0 1 1 E E 1 0 0 0 0 0 0 11 0 0 0 0 A A 2 81TaDaGo_p316_l485
1042.352 0.05 0 0 0 1 0 1 10 2 0 1 1 E E 3 0 0 0 0 0 0 11 1 0 0 0 E A 3 81TaDaGo_p316_l486
1042.733 0.05 0 0 0 1 0 1 10 3 0 1 1 A E 3 0 0 0 0 0 0 11 2 0 0 0 E A 3 81TaDaGo_p316_l487
1043.142 0.05 0 1 0 0 0 0 6 5 0 0 0 E A 3 0 0 0 0 0 0 5 5 0 0 0 E A 3 81TaDaGo_p316_l488
1043.142 0.05 0 0 0 1 0 1 10 4 0 1 1 E E 1 0 0 0 0 0 0 11 3 0 0 0 A A 2 81TaDaGo_p316_l489
1043.391 0.05 0 0 0 1 0 1 10 4 0 1 1 E E 2 0 0 0 0 0 0 11 3 0 0 0 A A 1 81TaDaGo_p316_l490
1043.836 0.05 0 0 0 1 0 1 10 5 0 1 1 E E 3 0 0 0 0 0 0 11 4 0 0 0 E A 3 81TaDaGo_p316_l491
1044.03 0.05 0 0 0 1 0 -1 7 3 0 1 1 A E 3 0 0 0 0 0 0 8 4 0 0 0 E A 3 81TaDaGo_p316_l492
1044.375 0.05 0 0 0 1 0 1 10 6 0 1 1 A E 3 0 0 0 0 0 0 11 5 0 0 0 E A 3 81TaDaGo_p316_l493
1044.594 0.05 0 0 0 1 0 1 9 4 0 1 1 E E 2 0 0 0 0 0 0 10 0 0 0 0 A A 1 81TaDaGo_p316_l494
1044.82 0.05 0 0 0 1 0 1 10 7 0 1 1 E E 2 0 0 0 0 0 0 11 6 0 0 0 A A 1 81TaDaGo_p316_l495
1044.902 0.05 0 0 0 1 0 1 10 10 0 1 1 E E 2 0 0 0 0 0 0 11 9 0 0 0 A A 1 81TaDaGo_p316_l496
1045.037 0.05 0 1 0 0 0 0 7 0 0 0 0 A A 2 0 0 0 0 0 0 6 0 0 0 0 A A 1 81TaDaGo_p316_l497
1045.037 0.05 0 0 0 1 0 1 10 8 0 1 1 E E 3 0 0 0 0 0 0 11 7 0 0 0 E A 3 81TaDaGo_p316_l498
1045.188 0.05 0 0 0 1 0 -1 6 5 0 1 1 E E 2 0 0 0 0 0 0 7 6 0 0 0 A A 1 81TaDaGo_p316_l499
1045.188 0.05 0 1 0 0 0 0 7 1 0 0 0 E A 3 0 0 0 0 0 0 6 1 0 0 0 E A 3 81TaDaGo_p316_l500
1045.188 0.077391 0 0 0 1 0 1 10 9 0 1 1 A E 3 0 0 0 0 0 0 11 8 0 0 0 E A 3 81TaDaGo_p316_l501
1045.759 0.05 0 1 0 0 0 0 7 2 0 0 0 E A 3 0 0 0 0 0 0 6 2 0 0 0 E A 3 81TaDaGo_p316_l502
1046.639 0.05 0 1 0 0 0 0 7 3 0 0 0 A A 2 0 0 0 0 0 0 6 3 0 0 0 A A 1 81TaDaGo_p316_l503
1046.639 0.05 0 0 0 1 0 -1 7 2 0 1 1 E E 1 0 0 0 0 0 0 8 3 0 0 0 A A 2 81TaDaGo_p316_l504
1046.723 0.05 0 0 0 1 0 -1 7 2 0 1 1 E E 2 0 0 0 0 0 0 8 3 0 0 0 A A 1 81TaDaGo_p316_l505
1047.954 0.05 0 1 0 0 0 0 7 4 0 0 0 E A 3 0 0 0 0 0 0 6 4 0 0 0 E A 3 81TaDaGo_p316_l506
1047.954 0.05 0 0 0 1 0 1 9 1 0 1 1 E E 2 0 0 0 0 0 0 10 0 0 0 0 A A 1 81TaDaGo_p316_l507
1048.144 0.05 0 0 0 1 0 1 9 2 0 1 1 E E 3 0 0 0 0 0 0 10 1 0 0 0 E A 3 81TaDaGo_p316_l508
1048.684 0.05 0 0 0 1 0 -1 6 4 0 1 1 E E 3 0 0 0 0 0 0 7 5 0 0 0 E A 3 81TaDaGo_p316_l509
1048.684 0.05 0 0 0 1 0 1 9 3 0 1 1 A E 3 0 0 0 0 0 0 10 2 0 0 0 E A 3 81TaDaGo_p316_l510
1048.902 0.05 0 0 0 1 0 -1 7 1 0 1 1 E E 3 0 0 0 0 0 0 8 2 0 0 0 E A 3 81TaDaGo_p316_l511
1049.241 0.05 0 0 0 1 0 1 9 4 0 1 1 E E 2 0 0 0 0 0 0 10 3 0 0 0 A A 1 81TaDaGo_p316_l512
1049.431 0.05 0 0 0 1 0 1 9 4 0 1 1 E E 1 0 0 0 0 0 0 10 3 0 0 0 A A 2 81TaDaGo_p316_l513
1049.648 0.05 0 1 0 0 0 0 7 5 0 0 0 E A 3 0 0 0 0 0 0 6 5 0 0 0 E A 3 81TaDaGo_p316_l514
1050.052 0.05 0 0 0 1 0 1 9 5 0 1 1 E E 3 0 0 0 0 0 0 10 4 0 0 0 E A 3 81TaDaGo_p316_l515
1050.475 0.05 0 0 0 1 0 1 7 0 0 1 1 A E 3 0 0 0 0 0 0 8 1 0 0 0 E A 3 81TaDaGo_p316_l516
1050.711 0.05 0 0 0 1 0 1 9 6 0 1 1 A E 3 0 0 0 0 0 0 10 5 0 0 0 E A 3 81TaDaGo_p316_l517
1050.968 0.05 0 0 0 1 0 1 8 4 0 1 1 E E 1 0 0 0 0 0 0 9 0 0 0 0 A A 2 81TaDaGo_p316_l518
1051.227 0.05 0 0 0 1 0 1 9 7 0 1 1 E E 2 0 0 0 0 0 0 10 6 0 0 0 A A 1 81TaDaGo_p316_l519
1051.452 0.05 0 1 0 0 0 0 8 0 0 0 0 A A 1 0 0 0 0 0 0 7 0 0 0 0 A A 2 81TaDaGo_p316_l520
1051.628 0.05 0 1 0 0 0 0 8 1 0 0 0 E A 3 0 0 0 0 0 0 7 1 0 0 0 E A 3 81TaDaGo_p316_l521
1051.628 0.075151 0 0 0 1 0 1 9 8 0 1 1 E E 3 0 0 0 0 0 0 10 7 0 0 0 E A 3 81TaDaGo_p316_l522
1051.628 0.05 0 0 0 1 0 1 9 9 0 1 1 A E 3 0 0 0 0 0 0 10 8 0 0 0 E A 3 81TaDaGo_p316_l523
1051.771 0.05 0 1 0 0 0 0 7 6 0 0 0 A A 2 0 0 0 0 0 0 6 6 0 0 0 A A 1 81TaDaGo_p316_l524
1051.877 0.05 0 0 0 1 0 -1 6 3 0 1 1 A E 3 0 0 0 0 0 0 7 4 0 0 0 E A 3 81TaDaGo_p316_l525
1052.144 0.05 0 1 0 0 0 0 8 2 0 0 0 E A 3 0 0 0 0 0 0 7 2 0 0 0 E A 3 81TaDaGo_p316_l526
1052.829 0.05 0 0 0 1 0 -1 5 5 0 1 1 E E 2 0 0 0 0 0 0 6 6 0 0 0 A A 1 81TaDaGo_p316_l527
1053.02 0.05 0 1 0 0 0 0 8 3 0 0 0 A A 2 0 0 0 0 0 0 7 3 0 0 0 A A 1 81TaDaGo_p316_l528
1053.92 0.05 0 0 0 1 0 1 8 1 0 1 1 E E 1 0 0 0 0 0 0 9 0 0 0 0 A A 2 81TaDaGo_p316_l529
1054.186 0.05 0 0 0 1 0 1 8 2 0 1 1 E E 3 0 0 0 0 0 0 9 1 0 0 0 E A 3 81TaDaGo_p316_l530
1054.267 0.05 0 1 0 0 0 0 8 4 0 0 0 E A 3 0 0 0 0 0 0 7 4 0 0 0 E A 3 81TaDaGo_p316_l531
1054.685 0.05 0 0 0 1 0 -1 6 2 0 1 1 E E 2 0 0 0 0 0 0 7 3 0 0 0 A A 1 81TaDaGo_p316_l532
1054.738 0.05 0 0 0 1 0 -1 6 2 0 1 1 E E 1 0 0 0 0 0 0 7 3 0 0 0 A A 2 81TaDaGo_p316_l533
1054.852 0.05 0 0 0 1 0 1 8 3 0 1 1 A E 3 0 0 0 0 0 0 9 2 0 0 0 E A 3 81TaDaGo_p316_l534
1055.651 0.05 0 0 0 1 0 1 8 4 0 1 1 E E 1 0 0 0 0 0 0 9 3 0 0 0 A A 2 81TaDaGo_p316_l535
1055.768 0.05 0 0 0 1 0 1 8 4 0 1 1 E E 2 0 0 0 0 0 0 9 3 0 0 0 A A 1 81TaDaGo_p316_l536
1055.888 0.05 0 1 0 0 0 0 8 5 0 0 0 E A 3 0 0 0 0 0 0 7 5 0 0 0 E A 3 81TaDaGo_p316_l537
1056.465 0.05 0 0 0 1 0 -1 5 4 0 1 1 E E 3 0 0 0 0 0 0 6 5 0 0 0 E A 3 81TaDaGo_p316_l538
1056.575 0.05 0 0 0 1 0 1 8 5 0 1 1 E E 3 0 0 0 0 0 0 9 4 0 0 0 E A 3 81TaDaGo_p316_l539
1057.124 0.05 0 0 0 1 0 -1 6 1 0 1 1 E E 3 0 0 0 0 0 0 7 2 0 0 0 E A 3 81TaDaGo_p316_l540
1057.348 0.05 0 0 0 1 0 1 8 6 0 1 1 A E 3 0 0 0 0 0 0 9 5 0 0 0 E A 3 81TaDaGo_p316_l541
1057.633 0.05 0 1 0 0 0 0 9 0 0 0 0 A A 2 0 0 0 0 0 0 8 0 0 0 0 A A 1 81TaDaGo_p316_l542
1057.633 0.11 0 0 0 1 0 1 7 4 0 1 1 E E 2 0 0 0 0 0 0 8 0 0 0 0 A A 1 81TaDaGo_p316_l543
1057.801 0.05 0 1 0 0 0 0 9 1 0 0 0 E A 3 0 0 0 0 0 0 8 1 0 0 0 E A 3 81TaDaGo_p316_l544
1057.937 0.05 0 1 0 0 0 0 8 6 0 0 0 A A 2 0 0 0 0 0 0 7 6 0 0 0 A A 1 81TaDaGo_p316_l545
1057.937 0.05 0 0 0 1 0 1 8 7 0 1 1 E E 2 0 0 0 0 0 0 9 6 0 0 0 A A 1 81TaDaGo_p316_l546
1058.301 0.05 0 1 0 0 0 0 9 2 0 0 0 E A 3 0 0 0 0 0 0 8 2 0 0 0 E A 3 81TaDaGo_p316_l547
1058.301 0.05 0 0 0 1 0 1 8 8 0 1 1 E E 3 0 0 0 0 0 0 9 7 0 0 0 E A 3 81TaDaGo_p316_l548
1058.955 0.05 0 0 0 1 0 1 6 0 0 1 1 A E 3 0 0 0 0 0 0 7 1 0 0 0 E A 3 81TaDaGo_p316_l549
1059.152 0.05 0 1 0 0 0 0 9 3 0 0 0 A A 2 0 0 0 0 0 0 8 3 0 0 0 A A 1 81TaDaGo_p316_l550
1059.761 0.05 0 0 0 1 0 -1 5 3 0 1 1 A E 3 0 0 0 0 0 0 6 4 0 0 0 E A 3 81TaDaGo_p316_l551
1060.133 0.05 0 0 0 1 0 1 7 1 0 1 1 E E 2 0 0 0 0 0 0 8 0 0 0 0 A A 1 81TaDaGo_p316_l552
1060.341 0.05 0 1 0 0 0 0 9 4 0 0 0 E A 3 0 0 0 0 0 0 8 4 0 0 0 E A 3 81TaDaGo_p316_l553
1060.486 0.05 0 0 0 1 0 1 7 2 0 1 1 E E 3 0 0 0 0 0 0 8 1 0 0 0 E A 3 81TaDaGo_p316_l554
1060.486 0.057952 0 1 0 0 0 0 8 7 0 0 0 E A 3 0 0 0 0 0 0 7 7 0 0 0 E A 3 81TaDaGo_p316_l555
1061.364 0.05 0 0 0 1 0 1 7 3 0 1 1 A E 3 0 0 0 0 0 0 8 2 0 0 0 E A 3 81TaDaGo_p316_l556
1061.911 0.05 0 1 0 0 0 0 9 5 0 0 0 E A 3 0 0 0 0 0 0 8 5 0 0 0 E A 3 81TaDaGo_p316_l557
1062.369 0.07 0 0 0 1 0 1 7 4 0 1 1 E E 2 0 0 0 0 0 0 8 3 0 0 0 A A 1 81TaDaGo_p316_l558
1062.444 0.05 0 0 0 1 0 1 7 4 0 1 1 E E 1 0 0 0 0 0 0 8 3 0 0 0 A A 2 81TaDaGo_p316_l559
1062.723 0.05 0 0 0 1 0 -1 5 2 0 1 1 E E 2 0 0 0 0 0 0 6 3 0 0 0 A A 1 81TaDaGo_p316_l560
1063.418 0.05 0 0 0 1 0 1 7 5 0 1 1 E E 3 0 0 0 0 0 0 8 4 0 0 0 E A 3 81TaDaGo_p316_l561
1063.611 0.05 0 1 0 0 0 0 10 0 0 0 0 A A 1 0 0 0 0 0 0 9 0 0 0 0 A A 2 81TaDaGo_p316_l562
1063.768 0.05 0 1 0 0 0 0 10 1 0 0 0 E A 3 0 0 0 0 0 0 9 1 0 0 0 E A 3 81TaDaGo_p316_l563
1063.876 0.05 0 1 0 0 0 0 9 6 0 0 0 A A 2 0 0 0 0 0 0 8 6 0 0 0 A A 1 81TaDaGo_p316_l564
1064.26 0.05 0 1 0 0 0 0 10 2 0 0 0 E A 3 0 0 0 0 0 0 9 2 0 0 0 E A 3 81TaDaGo_p316_l565
1064.305 0.05 0 0 0 1 0 -1 4 4 0 1 1 E E 3 0 0 0 0 0 0 5 5 0 0 0 E A 3 81TaDaGo_p316_l566
1064.305 0.05 0 0 0 1 0 1 7 6 0 1 1 A E 3 0 0 0 0 0 0 8 5 0 0 0 E A 3 81TaDaGo_p316_l567
1064.704 0.05 0 0 0 1 0 1 6 4 0 1 1 E E 1 0 0 0 0 0 0 7 0 0 0 0 A A 2 81TaDaGo_p316_l568
1064.986 0.05 0 0 0 1 0 1 7 7 0 1 1 E E 2 0 0 0 0 0 0 8 6 0 0 0 A A 1 81TaDaGo_p316_l569
1065.07 0.05 0 1 0 0 0 0 10 3 0 0 0 A A 2 0 0 0 0 0 0 9 3 0 0 0 A A 1 81TaDaGo_p316_l570
1065.327 0.05 0 0 0 1 0 -1 5 1 0 1 1 E E 3 0 0 0 0 0 0 6 2 0 0 0 E A 3 81TaDaGo_p316_l571
1066.219 0.05 0 1 0 0 0 0 10 4 0 0 0 E A 3 0 0 0 0 0 0 9 4 0 0 0 E A 3 81TaDaGo_p316_l572
1066.244 0.05 0 1 0 0 0 0 9 7 0 0 0 E A 3 0 0 0 0 0 0 8 7 0 0 0 E A 3 81TaDaGo_p316_l573
1066.611 0.05 0 0 0 1 0 1 6 1 0 1 1 E E 1 0 0 0 0 0 0 7 0 0 0 0 A A 2 81TaDaGo_p316_l574
1067.116 0.05 0 0 0 1 0 1 6 2 0 1 1 E E 3 0 0 0 0 0 0 7 1 0 0 0 E A 3 81TaDaGo_p316_l575
1067.414 0.05 0 0 0 1 0 1 5 0 0 1 1 A E 3 0 0 0 0 0 0 6 1 0 0 0 E A 3 81TaDaGo_p316_l576
1067.718 0.05 0 0 0 1 0 -1 4 3 0 1 1 A E 3 0 0 0 0 0 0 5 4 0 0 0 E A 3 81TaDaGo_p316_l577
1067.718 0.05 0 1 0 0 0 0 10 5 0 0 0 E A 3 0 0 0 0 0 0 9 5 0 0 0 E A 3 81TaDaGo_p316_l578
1068.221 0.05 0 0 0 1 0 1 6 3 0 1 1 A E 3 0 0 0 0 0 0 7 2 0 0 0 E A 3 81TaDaGo_p316_l579
1068.697 0.05 0 0 0 1 0 1 6 2 0 1 1 E E 3 0 0 0 0 0 0 7 2 0 0 0 E A 3 81TaDaGo_p316_l580
1069.129 0.05 0 1 0 0 0 0 9 8 0 0 0 E A 3 0 0 0 0 0 0 8 8 0 0 0 E A 3 81TaDaGo_p316_l581
1069.412 0.05 0 1 0 0 0 0 11 0 0 0 0 A A 2 0 0 0 0 0 0 10 0 0 0 0 A A 1 81TaDaGo_p316_l582
1069.412 0.05 0 0 0 1 0 1 6 4 0 1 1 E E 1 0 0 0 0 0 0 7 3 0 0 0 A A 2 81TaDaGo_p316_l583
1069.437 0.05 0 0 0 1 0 1 6 4 0 1 1 E E 2 0 0 0 0 0 0 7 3 0 0 0 A A 1 81TaDaGo_p316_l584
1069.592 0.05 0 1 0 0 0 0 10 6 0 0 0 A A 2 0 0 0 0 0 0 9 6 0 0 0 A A 1 81TaDaGo_p316_l585
1069.592 0.05 0 1 0 0 0 0 11 1 0 0 0 E A 3 0 0 0 0 0 0 10 1 0 0 0 E A 3 81TaDaGo_p316_l586
1070.023 0.05 0 1 0 0 0 0 11 2 0 0 0 E A 3 0 0 0 0 0 0 10 2 0 0 0 E A 3 81TaDaGo_p316_l587
1070.582 0.05 0 0 0 1 0 1 6 5 0 1 1 E E 3 0 0 0 0 0 0 7 4 0 0 0 E A 3 81TaDaGo_p316_l588
1070.776 0.05 0 0 0 1 0 -1 4 2 0 1 1 E E 2 0 0 0 0 0 0 5 3 0 0 0 A A 1 81TaDaGo_p316_l589
1070.776 0.05 0 1 0 0 0 0 11 3 0 0 0 A A 2 0 0 0 0 0 0 10 3 0 0 0 A A 1 81TaDaGo_p316_l590
1071.54 0.05 0 0 0 1 0 1 6 6 0 1 1 A E 3 0 0 0 0 0 0 7 5 0 0 0 E A 3 81TaDaGo_p316_l591
1071.903 0.05 0 1 0 0 0 0 11 4 0 0 0 E A 3 0 0 0 0 0 0 10 4 0 0 0 E A 3 81TaDaGo_p316_l592
1071.903 0.05 0 1 0 0 0 0 10 7 0 0 0 E A 3 0 0 0 0 0 0 9 7 0 0 0 E A 3 81TaDaGo_p316_l593
1072.064 0.05 0 0 0 1 0 1 5 4 0 1 1 E E 2 0 0 0 0 0 0 6 0 0 0 0 A A 1 81TaDaGo_p316_l594
1073.367 0.05 0 0 0 1 0 1 5 1 0 1 1 E E 2 0 0 0 0 0 0 6 0 0 0 0 A A 1 81TaDaGo_p316_l595
1073.367 0.05 0 1 0 0 0 0 11 5 0 0 0 E A 3 0 0 0 0 0 0 10 5 0 0 0 E A 3 81TaDaGo_p316_l596
1073.524 0.05 0 0 0 1 0 -1 4 1 0 1 1 E E 3 0 0 0 0 0 0 5 2 0 0 0 E A 3 81TaDaGo_p316_l597
1073.856 0.05 0 0 0 1 0 1 5 3 0 1 1 A E 3 0 0 0 0 0 0 6 1 0 0 0 E A 3 81TaDaGo_p316_l598
1074.086 0.05 0 0 0 1 0 1 5 2 0 1 1 E E 3 0 0 0 0 0 0 6 1 0 0 0 E A 3 81TaDaGo_p316_l599
1074.626 0.05 0 1 0 0 0 0 10 8 0 0 0 E A 3 0 0 0 0 0 0 9 8 0 0 0 E A 3 81TaDaGo_p316_l600
1075.029 0.05 0 1 0 0 0 0 12 0 0 0 0 A A 1 0 0 0 0 0 0 11 0 0 0 0 A A 2 81TaDaGo_p316_l601
1075.165 0.05 0 1 0 0 0 0 11 6 0 0 0 A A 2 0 0 0 0 0 0 10 6 0 0 0 A A 1 81TaDaGo_p316_l602
1075.165 0.05 0 1 0 0 0 0 12 1 0 0 0 E A 3 0 0 0 0 0 0 11 1 0 0 0 E A 3 81TaDaGo_p316_l603
1075.441 0.05 0 0 0 1 0 1 5 3 0 1 1 A E 3 0 0 0 0 0 0 6 2 0 0 0 E A 3 81TaDaGo_p316_l604
1075.627 0.05 0 1 0 0 0 0 12 2 0 0 0 E A 3 0 0 0 0 0 0 11 2 0 0 0 E A 3 81TaDaGo_p316_l605
1075.768 0.05 0 0 0 1 0 -1 3 3 0 1 1 A E 3 0 0 0 0 0 0 4 4 0 0 0 E A 3 81TaDaGo_p316_l606
1075.847 0.05 0 0 0 1 0 1 4 0 0 1 1 A E 3 0 0 0 0 0 0 5 1 0 0 0 E A 3 81TaDaGo_p316_l607
1076.375 0.05 0 1 0 0 0 0 12 3 0 0 0 A A 2 0 0 0 0 0 0 11 3 0 0 0 A A 1 81TaDaGo_p316_l608
1076.827 0.05 0 0 0 1 0 1 5 4 0 1 1 E E 2 0 0 0 0 0 0 6 3 0 0 0 A A 1 81TaDaGo_p316_l609
1077.345 0.05 0 1 0 0 0 0 11 7 0 0 0 E A 3 0 0 0 0 0 0 10 7 0 0 0 E A 3 81TaDaGo_p316_l610
1077.437 0.05 0 1 0 0 0 0 12 4 0 0 0 E A 3 0 0 0 0 0 0 11 4 0 0 0 E A 3 81TaDaGo_p316_l611
1077.851 0.05 0 1 0 0 0 0 10 9 0 0 0 A A 2 0 0 0 0 0 0 9 9 0 0 0 A A 1 81TaDaGo_p316_l612
1078.052 0.05 0 0 0 1 0 1 5 5 0 1 1 E E 3 0 0 0 0 0 0 6 4 0 0 0 E A 3 81TaDaGo_p316_l613
1078.827 0.05 0 1 0 0 0 0 12 5 0 0 0 E A 3 0 0 0 0 0 0 11 5 0 0 0 E A 3 81TaDaGo_p316_l614
1078.927 0.05 0 0 0 1 0 -1 3 2 0 1 1 E E 2 0 0 0 0 0 0 4 3 0 0 0 A A 1 81TaDaGo_p316_l615
1079.776 0.05 0 0 0 1 0 1 4 4 0 1 1 E E 1 0 0 0 0 0 0 5 0 0 0 0 A A 2 81TaDaGo_p316_l616
1079.949 0.05 0 1 0 0 0 0 11 8 0 0 0 E A 3 0 0 0 0 0 0 10 8 0 0 0 E A 3 81TaDaGo_p316_l617
1080.478 0.05 0 0 0 1 0 1 4 1 0 1 1 E E 1 0 0 0 0 0 0 5 0 0 0 0 A A 2 81TaDaGo_p316_l618
1080.478 0.05 0 1 0 0 0 0 13 0 0 0 0 A A 2 0 0 0 0 0 0 12 0 0 0 0 A A 1 81TaDaGo_p316_l619
1080.541 0.05 0 1 0 0 0 0 12 6 0 0 0 A A 2 0 0 0 0 0 0 11 6 0 0 0 A A 1 81TaDaGo_p316_l620
1080.641 0.05 0 1 0 0 0 0 13 1 0 0 0 E A 3 0 0 0 0 0 0 12 1 0 0 0 E A 3 81TaDaGo_p316_l621
1081.075 0.05 0 1 0 0 0 0 13 2 0 0 0 E A 3 0 0 0 0 0 0 12 2 0 0 0 E A 3 81TaDaGo_p316_l622
1081.441 0.05 0 0 0 1 0 1 4 2 0 1 1 E E 3 0 0 0 0 0 0 5 1 0 0 0 E A 3 81TaDaGo_p316_l623
-1081.441 0.05 0 0 0 1 0 1 4 3 0 1 1 A E 3 0 0 0 0 0 0 5 1 0 0 0 E A 3 81TaDaGo_p316_l624
1081.768 0.05 0 0 0 1 0 -1 3 1 0 1 1 E E 3 0 0 0 0 0 0 4 2 0 0 0 E A 3 81TaDaGo_p316_l625
1081.792 0.05 0 1 0 0 0 0 13 3 0 0 0 A A 2 0 0 0 0 0 0 12 3 0 0 0 A A 1 81TaDaGo_p316_l626
1081.792 0.05 0 1 0 0 0 0 13 3 0 0 0 A A 1 0 0 0 0 0 0 12 3 0 0 0 A A 2 81TaDaGo_p316_l627
1082.638 0.05 0 1 0 0 0 0 12 7 0 0 0 E A 3 0 0 0 0 0 0 11 7 0 0 0 E A 3 81TaDaGo_p316_l628
1082.814 0.05 0 1 0 0 0 0 13 4 0 0 0 E A 3 0 0 0 0 0 0 12 4 0 0 0 E A 3 81TaDaGo_p316_l629
1083.023 0.05 0 1 0 0 0 0 11 9 0 0 0 A A 2 0 0 0 0 0 0 10 9 0 0 0 A A 1 81TaDaGo_p316_l630
-1083.023 0.05 0 0 0 1 0 1 4 3 0 1 1 A E 3 0 0 0 0 0 0 5 2 0 0 0 E A 3 81TaDaGo_p316_l631
1083.023 0.05 0 0 0 1 0 1 4 2 0 1 1 E E 3 0 0 0 0 0 0 5 2 0 0 0 E A 3 81TaDaGo_p316_l632
1084.143 0.05 0 1 0 0 0 0 13 5 0 0 0 E A 3 0 0 0 0 0 0 12 5 0 0 0 E A 3 81TaDaGo_p316_l633
1084.27 0.05 0 0 0 1 0 1 3 0 0 1 1 A E 3 0 0 0 0 0 0 4 1 0 0 0 E A 3 81TaDaGo_p316_l634
1084.533 0.05 0 0 0 1 0 1 4 4 0 1 1 E E 2 0 0 0 0 0 0 5 3 0 0 0 A A 1 81TaDaGo_p316_l635
1085.116 0.05 0 1 0 0 0 0 12 8 0 0 0 E A 3 0 0 0 0 0 0 11 8 0 0 0 E A 3 81TaDaGo_p316_l636
1085.81 0.05 0 1 0 0 0 0 13 6 0 0 0 A A 2 0 0 0 0 0 0 12 6 0 0 0 A A 1 81TaDaGo_p316_l637
1085.81 0.05 0 1 0 0 0 0 14 0 0 0 0 A A 1 0 0 0 0 0 0 13 0 0 0 0 A A 2 81TaDaGo_p316_l638
1085.972 0.05 0 1 0 0 0 0 14 1 0 0 0 E A 3 0 0 0 0 0 0 13 1 0 0 0 E A 3 81TaDaGo_p316_l639
1086.387 0.05 0 1 0 0 0 0 14 2 0 0 0 E A 3 0 0 0 0 0 0 13 2 0 0 0 E A 3 81TaDaGo_p316_l640
1086.604 0.05 0 1 0 0 0 0 11 10 0 0 0 E A 3 0 0 0 0 0 0 10 10 0 0 0 E A 3 81TaDaGo_p316_l641
1087.042 0.05 0 1 0 0 0 0 14 3 0 0 0 A A 1 0 0 0 0 0 0 13 3 0 0 0 A A 2 81TaDaGo_p316_l642
1087.136 0.05 0 1 0 0 0 0 14 3 0 0 0 A A 2 0 0 0 0 0 0 13 3 0 0 0 A A 1 81TaDaGo_p316_l643
1087.205 0.05 0 0 0 1 0 -1 2 2 0 1 1 E E 2 0 0 0 0 0 0 3 3 0 0 0 A A 1 81TaDaGo_p316_l644
1087.792 0.05 0 1 0 0 0 0 13 7 0 0 0 E A 3 0 0 0 0 0 0 12 7 0 0 0 E A 3 81TaDaGo_p316_l645
1087.894 0.05 0 0 0 1 0 1 3 1 0 1 1 E E 2 0 0 0 0 0 0 4 0 0 0 0 A A 1 81TaDaGo_p316_l646
1088.038 0.05 0 1 0 0 0 0 12 9 0 0 0 A A 2 0 0 0 0 0 0 11 9 0 0 0 A A 1 81TaDaGo_p316_l647
1088.038 0.05 0 1 0 0 0 0 14 4 0 0 0 E A 3 0 0 0 0 0 0 13 4 0 0 0 E A 3 81TaDaGo_p316_l648
1089.202 0.05 0 0 0 1 0 1 3 2 0 1 1 E E 3 0 0 0 0 0 0 4 1 0 0 0 E A 3 81TaDaGo_p316_l649
1089.325 0.05 0 1 0 0 0 0 14 5 0 0 0 E A 3 0 0 0 0 0 0 13 5 0 0 0 E A 3 81TaDaGo_p316_l650
1090.106 0.05 0 0 0 1 0 -1 2 1 0 1 1 E E 3 0 0 0 0 0 0 3 2 0 0 0 E A 3 81TaDaGo_p316_l651
1090.144 0.05 0 1 0 0 0 0 13 8 0 0 0 E A 3 0 0 0 0 0 0 12 8 0 0 0 E A 3 81TaDaGo_p316_l652
1090.927 0.05 0 1 0 0 0 0 14 6 0 0 0 A A 2 0 0 0 0 0 0 13 6 0 0 0 A A 1 81TaDaGo_p316_l653
1090.927 0.05 0 0 0 1 0 1 3 3 0 1 1 A E 3 0 0 0 0 0 0 4 2 0 0 0 E A 3 81TaDaGo_p316_l654
1091.045 0.05 0 1 0 0 0 0 15 0 0 0 0 A A 2 0 0 0 0 0 0 14 0 0 0 0 A A 1 81TaDaGo_p316_l655
1091.174 0.05 0 1 0 0 0 0 15 1 0 0 0 E A 3 0 0 0 0 0 0 14 1 0 0 0 E A 3 81TaDaGo_p316_l656
1091.428 0.05 0 1 0 0 0 0 12 10 0 0 0 E A 3 0 0 0 0 0 0 11 10 0 0 0 E A 3 81TaDaGo_p316_l657
1091.575 0.05 0 1 0 0 0 0 15 2 0 0 0 E A 3 0 0 0 0 0 0 14 2 0 0 0 E A 3 81TaDaGo_p316_l658
1092.19 0.05 0 1 0 0 0 0 15 3 0 0 0 A A 2 0 0 0 0 0 0 14 3 0 0 0 A A 1 81TaDaGo_p316_l659
1092.288 0.05 0 1 0 0 0 0 15 3 0 0 0 A A 1 0 0 0 0 0 0 14 3 0 0 0 A A 2 81TaDaGo_p316_l660
1092.707 0.05 0 0 0 1 0 1 2 0 0 1 1 A E 3 0 0 0 0 0 0 3 1 0 0 0 E A 3 81TaDaGo_p317_l661
1092.817 0.05 0 1 0 0 0 0 14 7 0 0 0 E A 3 0 0 0 0 0 0 13 7 0 0 0 E A 3 81TaDaGo_p317_l662
1092.922 0.05 0 1 0 0 0 0 13 9 0 0 0 A A 2 0 0 0 0 0 0 12 9 0 0 0 A A 1 81TaDaGo_p317_l663
1093.171 0.05 0 1 0 0 0 0 15 4 0 0 0 E A 3 0 0 0 0 0 0 14 4 0 0 0 E A 3 81TaDaGo_p317_l664
1094.391 0.05 0 1 0 0 0 0 15 5 0 0 0 E A 3 0 0 0 0 0 0 14 5 0 0 0 E A 3 81TaDaGo_p317_l665
1094.94 0.05 0 0 0 1 0 -1 13 11 0 1 1 E E 2 0 0 0 0 0 0 13 12 0 0 0 A A 1 81TaDaGo_p317_l666
1095.071 0.05 0 1 0 0 0 0 14 8 0 0 0 E A 3 0 0 0 0 0 0 13 8 0 0 0 E A 3 81TaDaGo_p317_l667
-1095.155 0.05 0 0 0 1 0 -1 11 10 0 1 1 E E 3 0 0 0 0 0 0 11 11 0 0 0 E A 3 81TaDaGo_p317_l668
1095.378 0.05 0 1 0 0 0 0 12 11 0 0 0 E A 3 0 0 0 0 0 0 11 11 0 0 0 E A 3 81TaDaGo_p317_l669
1095.669 0.05 0 0 0 1 0 1 2 1 0 1 1 E E 1 0 0 0 0 0 0 3 0 0 0 0 A A 2 81TaDaGo_p317_l670
1095.906 0.06 0 1 0 0 0 0 15 6 0 0 0 A A 2 0 0 0 0 0 0 14 6 0 0 0 A A 1 81TaDaGo_p317_l671
1096.138 0.05 0 1 0 0 0 0 13 10 0 0 0 E A 3 0 0 0 0 0 0 12 10 0 0 0 E A 3 81TaDaGo_p317_l672
1096.138 0.05 0 1 0 0 0 0 16 0 0 0 0 A A 1 0 0 0 0 0 0 15 0 0 0 0 A A 2 81TaDaGo_p317_l673
1096.261 0.05 0 1 0 0 0 0 16 1 0 0 0 E A 3 0 0 0 0 0 0 15 1 0 0 0 E A 3 81TaDaGo_p317_l674
1096.642 0.05 0 1 0 0 0 0 16 2 0 0 0 E A 3 0 0 0 0 0 0 15 2 0 0 0 E A 3 81TaDaGo_p317_l675
1097.057 0.05 0 0 0 1 0 -1 14 11 0 1 1 E E 2 0 0 0 0 0 0 14 12 0 0 0 A A 1 81TaDaGo_p317_l676
1097.208 0.05 0 1 0 0 0 0 16 3 0 0 0 A A 1 0 0 0 0 0 0 15 3 0 0 0 A A 2 81TaDaGo_p317_l677
1097.208 0.065370 0 0 0 1 0 -1 12 10 0 1 1 E E 3 0 0 0 0 0 0 12 11 0 0 0 E A 3 81TaDaGo_p317_l678
1097.341 0.05 0 0 0 1 0 1 2 2 0 1 1 E E 3 0 0 0 0 0 0 3 1 0 0 0 E A 3 81TaDaGo_p317_l679
1097.341 0.05 0 1 0 0 0 0 16 3 0 0 0 A A 2 0 0 0 0 0 0 15 3 0 0 0 A A 1 81TaDaGo_p317_l680
1097.712 0.05 0 1 0 0 0 0 14 9 0 0 0 A A 2 0 0 0 0 0 0 13 9 0 0 0 A A 1 81TaDaGo_p317_l681
1097.712 0.05 0 1 0 0 0 0 15 7 0 0 0 E A 3 0 0 0 0 0 0 14 7 0 0 0 E A 3 81TaDaGo_p317_l682
1098.176 0.05 0 1 0 0 0 0 16 4 0 0 0 E A 3 0 0 0 0 0 0 15 4 0 0 0 E A 3 81TaDaGo_p317_l683
1098.585 0.05 0 0 0 1 0 -1 1 1 0 1 1 E E 3 0 0 0 0 0 0 2 2 0 0 0 E A 3 81TaDaGo_p317_l684
1098.987 0.05 0 0 0 1 0 -1 15 11 0 1 1 E E 2 0 0 0 0 0 0 15 12 0 0 0 A A 1 81TaDaGo_p317_l685
1099.247 0.05 0 0 0 1 0 -1 13 10 0 1 1 E E 3 0 0 0 0 0 0 13 11 0 0 0 E A 3 81TaDaGo_p317_l686
1099.348 0.05 0 1 0 0 0 0 16 5 0 0 0 E A 3 0 0 0 0 0 0 15 5 0 0 0 E A 3 81TaDaGo_p317_l687
1099.579 0.05 0 0 0 1 0 -1 11 9 0 1 1 A E 3 0 0 0 0 0 0 11 10 0 0 0 E A 3 81TaDaGo_p317_l688
1099.87 0.05 0 1 0 0 0 0 13 11 0 0 0 E A 3 0 0 0 0 0 0 12 11 0 0 0 E A 3 81TaDaGo_p317_l689
1099.87 0.05 0 1 0 0 0 0 15 8 0 0 0 E A 3 0 0 0 0 0 0 14 8 0 0 0 E A 3 81TaDaGo_p317_l690
1100.106 0.05 0 0 0 1 0 -1 9 8 0 1 1 E E 2 0 0 0 0 0 0 9 9 0 0 0 A A 1 81TaDaGo_p317_l691
1100.774 0.05 0 1 0 0 0 0 14 10 0 0 0 E A 3 0 0 0 0 0 0 13 10 0 0 0 E A 3 81TaDaGo_p317_l692
1100.774 0.05 0 1 0 0 0 0 16 6 0 0 0 A A 2 0 0 0 0 0 0 15 6 0 0 0 A A 1 81TaDaGo_p317_l693
1101.116 0.05 0 1 0 0 0 0 17 0 0 0 0 A A 2 0 0 0 0 0 0 16 0 0 0 0 A A 1 81TaDaGo_p317_l694
1101.116 0.05 0 0 0 1 0 -1 14 10 0 1 1 E E 3 0 0 0 0 0 0 14 11 0 0 0 E A 3 81TaDaGo_p317_l695
1101.236 0.05 0 0 0 1 0 1 1 0 0 1 1 A E 3 0 0 0 0 0 0 2 1 0 0 0 E A 3 81TaDaGo_p317_l696
1101.236 0.05 0 1 0 0 0 0 17 1 0 0 0 E A 3 0 0 0 0 0 0 16 1 0 0 0 E A 3 81TaDaGo_p317_l697
1101.432 0.05 0 0 0 1 0 -1 12 9 0 1 1 A E 3 0 0 0 0 0 0 12 10 0 0 0 E A 3 81TaDaGo_p317_l698
1101.609 0.05 0 1 0 0 0 0 17 2 0 0 0 E A 3 0 0 0 0 0 0 16 2 0 0 0 E A 3 81TaDaGo_p317_l699
1101.897 0.05 0 0 0 1 0 -1 10 8 0 1 1 E E 2 0 0 0 0 0 0 10 9 0 0 0 A A 1 81TaDaGo_p317_l700
1102.122 0.05 0 1 0 0 0 0 17 3 0 0 0 A A 2 0 0 0 0 0 0 16 3 0 0 0 A A 1 81TaDaGo_p317_l701
1102.31 0.11 0 1 0 0 0 0 17 3 0 0 0 A A 1 0 0 0 0 0 0 16 3 0 0 0 A A 2 81TaDaGo_p317_l702
1102.389 0.05 0 1 0 0 0 0 15 9 0 0 0 A A 2 0 0 0 0 0 0 14 9 0 0 0 A A 1 81TaDaGo_p317_l703
1102.551 0.05 0 0 0 1 0 -1 8 7 0 1 1 E E 3 0 0 0 0 0 0 8 8 0 0 0 E A 3 81TaDaGo_p317_l704
1102.551 0.05 0 1 0 0 0 0 16 7 0 0 0 E A 3 0 0 0 0 0 0 15 7 0 0 0 E A 3 81TaDaGo_p317_l705
1103.075 0.05 0 1 0 0 0 0 17 4 0 0 0 E A 3 0 0 0 0 0 0 16 4 0 0 0 E A 3 81TaDaGo_p317_l706
1103.158 0.05 0 0 0 1 0 -1 13 9 0 1 1 A E 3 0 0 0 0 0 0 13 10 0 0 0 E A 3 81TaDaGo_p317_l707
1103.601 0.05 0 0 0 1 0 -1 11 8 0 1 1 E E 2 0 0 0 0 0 0 11 9 0 0 0 A A 1 81TaDaGo_p317_l708
1103.814 0.05 0 0 0 1 0 1 1 1 0 1 1 E E 2 0 0 0 0 0 0 2 0 0 0 0 A A 1 81TaDaGo_p317_l709
1104.178 0.05 0 1 0 0 0 0 13 12 0 0 0 A A 2 0 0 0 0 0 0 12 12 0 0 0 A A 1 81TaDaGo_p317_l710
1104.178 0.05 0 0 0 1 0 -1 9 7 0 1 1 E E 3 0 0 0 0 0 0 9 8 0 0 0 E A 3 81TaDaGo_p317_l711
1104.258 0.05 0 1 0 0 0 0 14 11 0 0 0 E A 3 0 0 0 0 0 0 13 11 0 0 0 E A 3 81TaDaGo_p317_l712
1104.258 0.063973 0 1 0 0 0 0 17 5 0 0 0 E A 3 0 0 0 0 0 0 16 5 0 0 0 E A 3 81TaDaGo_p317_l713
1104.441 0.05 0 0 0 1 0 -1 16 10 0 1 1 E E 3 0 0 0 0 0 0 16 11 0 0 0 E A 3 81TaDaGo_p317_l714
1104.594 0.05 0 1 0 0 0 0 16 8 0 0 0 E A 3 0 0 0 0 0 0 15 8 0 0 0 E A 3 81TaDaGo_p317_l715
1104.756 0.05 0 0 0 1 0 -1 14 9 0 1 1 A E 3 0 0 0 0 0 0 14 10 0 0 0 E A 3 81TaDaGo_p317_l716
1105.02 0.05 0 0 0 1 0 -1 7 6 0 1 1 A E 3 0 0 0 0 0 0 7 7 0 0 0 E A 3 81TaDaGo_p317_l717
1105.213 0.05 0 0 0 1 0 -1 12 8 0 1 1 E E 2 0 0 0 0 0 0 12 9 0 0 0 A A 1 81TaDaGo_p317_l718
1105.276 0.05 0 1 0 0 0 0 15 10 0 0 0 E A 3 0 0 0 0 0 0 14 10 0 0 0 E A 3 81TaDaGo_p317_l719
1105.588 0.06 0 1 0 0 0 0 17 6 0 0 0 A A 2 0 0 0 0 0 0 16 6 0 0 0 A A 1 81TaDaGo_p317_l720
1105.754 0.05 0 0 0 1 0 -1 10 7 0 1 1 E E 3 0 0 0 0 0 0 10 8 0 0 0 E A 3 81TaDaGo_p317_l721
-1106.006 0.12 0 1 0 0 0 0 18 0 0 0 0 A A 1 0 0 0 0 0 0 17 0 0 0 0 A A 2 81TaDaGo_p317_l722
1106.125 0.05 0 1 0 0 0 0 18 1 0 0 0 E A 3 0 0 0 0 0 0 17 1 0 0 0 E A 3 81TaDaGo_p317_l723
1106.339 0.102356 0 0 0 1 0 -1 15 9 0 1 1 A E 3 0 0 0 0 0 0 15 10 0 0 0 E A 3 81TaDaGo_p317_l724
1106.466 0.05 0 0 0 1 0 -1 8 6 0 1 1 A E 3 0 0 0 0 0 0 8 7 0 0 0 E A 3 81TaDaGo_p317_l725
1106.466 0.05 0 1 0 0 0 0 18 2 0 0 0 E A 3 0 0 0 0 0 0 17 2 0 0 0 E A 3 81TaDaGo_p317_l726
1106.714 0.05 0 0 0 1 0 -1 13 8 0 1 1 E E 2 0 0 0 0 0 0 13 9 0 0 0 A A 1 81TaDaGo_p317_l727
1106.972 0.05 0 1 0 0 0 0 16 9 0 0 0 A A 2 0 0 0 0 0 0 15 9 0 0 0 A A 1 81TaDaGo_p317_l728
1106.972 0.13 0 1 0 0 0 0 18 3 0 0 0 A A 1 0 0 0 0 0 0 17 3 0 0 0 A A 2 81TaDaGo_p317_l729
1107.171 0.05 0 1 0 0 0 0 18 3 0 0 0 A A 2 0 0 0 0 0 0 17 3 0 0 0 A A 1 81TaDaGo_p317_l730
1107.248 0.05 0 0 0 1 0 -1 11 7 0 1 1 E E 3 0 0 0 0 0 0 11 8 0 0 0 E A 3 81TaDaGo_p317_l731
1107.248 0.05 0 1 0 0 0 0 17 7 0 0 0 E A 3 0 0 0 0 0 0 16 7 0 0 0 E A 3 81TaDaGo_p317_l732
1107.439 0.05 0 0 0 1 0 -1 6 5 0 1 1 E E 2 0 0 0 0 0 0 6 6 0 0 0 A A 1 81TaDaGo_p317_l733
1107.788 0.05 0 0 0 1 0 -1 16 9 0 1 1 A E 3 0 0 0 0 0 0 16 10 0 0 0 E A 3 81TaDaGo_p317_l734
1107.88 0.05 0 0 0 1 0 -1 9 6 0 1 1 A E 3 0 0 0 0 0 0 9 7 0 0 0 E A 3 81TaDaGo_p317_l735
1107.88 0.05 0 1 0 0 0 0 18 4 0 0 0 E A 3 0 0 0 0 0 0 17 4 0 0 0 E A 3 81TaDaGo_p317_l736
1108.123 0.05 0 0 0 1 0 -1 14 8 0 1 1 E E 2 0 0 0 0 0 0 14 9 0 0 0 A A 1 81TaDaGo_p317_l737
1108.308 0.05 0 1 0 0 0 0 14 12 0 0 0 A A 2 0 0 0 0 0 0 13 12 0 0 0 A A 1 81TaDaGo_p317_l738
1108.601 0.05 0 1 0 0 0 0 15 11 0 0 0 E A 3 0 0 0 0 0 0 14 11 0 0 0 E A 3 81TaDaGo_p317_l739
1108.704 0.05 0 0 0 1 0 -1 7 5 0 1 1 E E 2 0 0 0 0 0 0 7 6 0 0 0 A A 1 81TaDaGo_p317_l740
1108.704 0.060004 0 0 0 1 0 -1 12 7 0 1 1 E E 3 0 0 0 0 0 0 12 8 0 0 0 E A 3 81TaDaGo_p317_l741
1108.954 0.05 0 1 0 0 0 0 18 5 0 0 0 E A 3 0 0 0 0 0 0 17 5 0 0 0 E A 3 81TaDaGo_p317_l742
1109.238 0.05 0 0 0 1 0 -1 10 6 0 1 1 A E 3 0 0 0 0 0 0 10 7 0 0 0 E A 3 81TaDaGo_p317_l743
1109.238 0.05 0 1 0 0 0 0 17 8 0 0 0 E A 3 0 0 0 0 0 0 16 8 0 0 0 E A 3 81TaDaGo_p317_l744
1109.431 0.05 0 0 0 1 0 -1 15 8 0 1 1 E E 2 0 0 0 0 0 0 15 9 0 0 0 A A 1 81TaDaGo_p317_l745
1109.726 0.05 0 1 0 0 0 0 16 10 0 0 0 E A 3 0 0 0 0 0 0 15 10 0 0 0 E A 3 81TaDaGo_p317_l746
1109.832 0.05 0 0 0 1 0 -1 5 4 0 1 1 E E 3 0 0 0 0 0 0 5 5 0 0 0 E A 3 81TaDaGo_p317_l747
1109.958 0.05 0 0 0 1 0 -1 8 5 0 1 1 E E 2 0 0 0 0 0 0 8 6 0 0 0 A A 1 81TaDaGo_p317_l748
1109.958 0.05 0 0 0 1 0 1 0 0 0 1 1 A E 3 0 0 0 0 0 0 1 1 0 0 0 E A 3 81TaDaGo_p317_l749
1109.958 0.05 0 0 0 1 0 -1 13 7 0 1 1 E E 3 0 0 0 0 0 0 13 8 0 0 0 E A 3 81TaDaGo_p317_l750
1110.289 0.05 0 1 0 0 0 0 18 6 0 0 0 A A 2 0 0 0 0 0 0 17 6 0 0 0 A A 1 81TaDaGo_p317_l751
1110.551 0.05 0 0 0 1 0 -1 11 6 0 1 1 A E 3 0 0 0 0 0 0 11 7 0 0 0 E A 3 81TaDaGo_p317_l752
-1110.796 0.05 0 0 0 1 0 -1 16 8 0 1 1 E E 2 0 0 0 0 0 0 16 9 0 0 0 A A 1 81TaDaGo_p317_l753
1110.796 0.05 0 1 0 0 0 0 19 0 0 0 0 A A 2 0 0 0 0 0 0 18 0 0 0 0 A A 1 81TaDaGo_p317_l754
1110.924 0.05 0 0 0 1 0 -1 6 4 0 1 1 E E 3 0 0 0 0 0 0 6 5 0 0 0 E A 3 81TaDaGo_p317_l755
-1110.924 0.05 0 1 0 0 0 0 19 1 0 0 0 E A 3 0 0 0 0 0 0 18 1 0 0 0 E A 3 81TaDaGo_p317_l756
1111.22 0.05 0 0 0 1 0 -1 9 5 0 1 1 E E 2 0 0 0 0 0 0 9 6 0 0 0 A A 1 81TaDaGo_p317_l757
1111.22 0.05 0 0 0 1 0 -1 14 7 0 1 1 E E 3 0 0 0 0 0 0 14 8 0 0 0 E A 3 81TaDaGo_p317_l758
1111.22 0.05 0 1 0 0 0 0 19 2 0 0 0 E A 3 0 0 0 0 0 0 18 2 0 0 0 E A 3 81TaDaGo_p317_l759
1111.493 0.05 0 1 0 0 0 0 17 9 0 0 0 A A 2 0 0 0 0 0 0 16 9 0 0 0 A A 1 81TaDaGo_p317_l760
-1111.656 0.06 0 1 0 0 0 0 19 3 0 0 0 A A 2 0 0 0 0 0 0 18 3 0 0 0 A A 1 81TaDaGo_p317_l761
1111.777 0.05 0 0 0 1 0 -1 12 6 0 1 1 A E 3 0 0 0 0 0 0 12 7 0 0 0 E A 3 81TaDaGo_p317_l762
1111.89 0.05 0 1 0 0 0 0 18 7 0 0 0 E A 3 0 0 0 0 0 0 17 7 0 0 0 E A 3 81TaDaGo_p317_l763
-1111.89 0.05 0 1 0 0 0 0 19 3 0 0 0 A A 1 0 0 0 0 0 0 18 3 0 0 0 A A 2 81TaDaGo_p317_l764
1112.045 0.05 0 0 0 1 0 -1 7 4 0 1 1 E E 3 0 0 0 0 0 0 7 5 0 0 0 E A 3 81TaDaGo_p317_l765
1112.192 0.05 0 0 0 1 0 -1 4 3 0 1 1 A E 3 0 0 0 0 0 0 4 4 0 0 0 E A 3 81TaDaGo_p317_l766
1112.407 0.05 0 0 0 1 0 -1 10 5 0 1 1 E E 2 0 0 0 0 0 0 10 6 0 0 0 A A 1 81TaDaGo_p317_l767
1112.407 0.05 0 1 0 0 0 0 15 12 0 0 0 A A 2 0 0 0 0 0 0 14 12 0 0 0 A A 1 81TaDaGo_p317_l768
1112.407 0.08 0 0 0 1 0 -1 15 7 0 1 1 E E 3 0 0 0 0 0 0 15 8 0 0 0 E A 3 81TaDaGo_p317_l769
1112.587 0.05 0 1 0 0 0 0 19 4 0 0 0 E A 3 0 0 0 0 0 0 18 4 0 0 0 E A 3 81TaDaGo_p317_l770
1112.883 0.05 0 1 0 0 0 0 16 11 0 0 0 E A 3 0 0 0 0 0 0 15 11 0 0 0 E A 3 81TaDaGo_p317_l771
1112.969 0.055562 0 0 0 1 0 -1 13 6 0 1 1 A E 3 0 0 0 0 0 0 13 7 0 0 0 E A 3 81TaDaGo_p317_l772
1112.969 0.05 0 1 0 0 0 0 14 13 0 0 0 E A 3 0 0 0 0 0 0 13 13 0 0 0 E A 3 81TaDaGo_p317_l773
1113.132 0.05 0 0 0 1 0 -1 5 3 0 1 1 A E 3 0 0 0 0 0 0 5 4 0 0 0 E A 3 81TaDaGo_p317_l774
1113.132 0.05 0 0 0 1 0 -1 8 4 0 1 1 E E 3 0 0 0 0 0 0 8 5 0 0 0 E A 3 81TaDaGo_p317_l775
1113.535 0.05 0 0 0 1 0 -1 11 5 0 1 1 E E 2 0 0 0 0 0 0 11 6 0 0 0 A A 1 81TaDaGo_p317_l776
1113.653 0.05 0 0 0 1 0 -1 16 7 0 1 1 E E 3 0 0 0 0 0 0 16 8 0 0 0 E A 3 81TaDaGo_p317_l777
1113.653 0.05 0 1 0 0 0 0 19 5 0 0 0 E A 3 0 0 0 0 0 0 18 5 0 0 0 E A 3 81TaDaGo_p317_l778
1113.77 0.05 0 1 0 0 0 0 18 8 0 0 0 E A 3 0 0 0 0 0 0 17 8 0 0 0 E A 3 81TaDaGo_p317_l779
1114.081 0.05 0 0 0 1 0 -1 6 3 0 1 1 A E 3 0 0 0 0 0 0 6 4 0 0 0 E A 3 81TaDaGo_p317_l780
1114.081 0.104842 0 0 0 1 0 -1 14 6 0 1 1 A E 3 0 0 0 0 0 0 14 7 0 0 0 E A 3 81TaDaGo_p317_l781
1114.081 0.05 0 1 0 0 0 0 17 10 0 0 0 E A 3 0 0 0 0 0 0 16 10 0 0 0 E A 3 81TaDaGo_p317_l782
1114.227 0.05 0 0 0 1 0 -1 9 4 0 1 1 E E 3 0 0 0 0 0 0 9 5 0 0 0 E A 3 81TaDaGo_p317_l783
1114.382 0.05 0 0 0 1 0 -1 9 2 0 1 1 E E 1 0 0 0 0 0 0 9 0 0 0 0 A A 2 81TaDaGo_p317_l784
1114.521 0.05 0 0 0 1 0 -1 3 2 0 1 1 E E 2 0 0 0 0 0 0 3 3 0 0 0 A A 1 81TaDaGo_p317_l785
1114.589 0.05 0 0 0 1 0 -1 12 5 0 1 1 E E 2 0 0 0 0 0 0 12 6 0 0 0 A A 1 81TaDaGo_p317_l786
1114.9 0.05 0 1 0 0 0 0 19 6 0 0 0 A A 2 0 0 0 0 0 0 18 6 0 0 0 A A 1 81TaDaGo_p317_l787
1115.043 0.05 0 0 0 1 0 -1 7 3 0 1 1 A E 3 0 0 0 0 0 0 7 4 0 0 0 E A 3 81TaDaGo_p317_l788
1115.15 0.187704 0 0 0 1 0 -1 15 6 0 1 1 A E 3 0 0 0 0 0 0 15 7 0 0 0 E A 3 81TaDaGo_p317_l789
1115.249 0.05 0 0 0 1 0 -1 4 2 0 1 1 E E 2 0 0 0 0 0 0 4 3 0 0 0 A A 1 81TaDaGo_p317_l790
1115.249 0.05 0 0 0 1 0 -1 10 4 0 1 1 E E 3 0 0 0 0 0 0 10 5 0 0 0 E A 3 81TaDaGo_p317_l791
1115.565 0.05 0 0 0 1 0 -1 13 5 0 1 1 E E 2 0 0 0 0 0 0 13 6 0 0 0 A A 1 81TaDaGo_p317_l792
1115.565 0.05 0 1 0 0 0 0 20 1 0 0 0 E A 3 0 0 0 0 0 0 19 1 0 0 0 E A 3 81TaDaGo_p317_l793
-1115.833 0.05 0 1 0 0 0 0 20 2 0 0 0 E A 3 0 0 0 0 0 0 19 2 0 0 0 E A 3 81TaDaGo_p317_l794
1116.02 0.05 0 0 0 1 0 -1 8 3 0 1 1 A E 3 0 0 0 0 0 0 8 4 0 0 0 E A 3 81TaDaGo_p317_l795
1116.02 0.10 0 1 0 0 0 0 18 9 0 0 0 A A 2 0 0 0 0 0 0 17 9 0 0 0 A A 1 81TaDaGo_p317_l796
1116.065 0.05 0 0 0 1 0 -1 5 2 0 1 1 E E 2 0 0 0 0 0 0 5 3 0 0 0 A A 1 81TaDaGo_p317_l797
1116.065 0.05 0 0 0 1 0 -1 16 6 0 1 1 A E 3 0 0 0 0 0 0 16 7 0 0 0 E A 3 81TaDaGo_p317_l798
1116.189 0.05 0 0 0 1 0 -1 11 4 0 1 1 E E 3 0 0 0 0 0 0 11 5 0 0 0 E A 3 81TaDaGo_p317_l799
1116.282 0.05 0 1 0 0 0 0 20 3 0 0 0 A A 1 0 0 0 0 0 0 19 3 0 0 0 A A 2 81TaDaGo_p317_l800
1116.461 0.05 0 0 0 1 0 -1 14 5 0 1 1 E E 2 0 0 0 0 0 0 14 6 0 0 0 A A 1 81TaDaGo_p317_l801
1116.461 0.05 0 1 0 0 0 0 16 12 0 0 0 A A 2 0 0 0 0 0 0 15 12 0 0 0 A A 1 81TaDaGo_p317_l802
1116.461 0.05 0 1 0 0 0 0 19 7 0 0 0 E A 3 0 0 0 0 0 0 18 7 0 0 0 E A 3 81TaDaGo_p317_l803
1116.56 0.13 0 1 0 0 0 0 20 3 0 0 0 A A 2 0 0 0 0 0 0 19 3 0 0 0 A A 1 81TaDaGo_p317_l804
1116.852 0.05 0 0 0 1 0 -1 6 2 0 1 1 E E 2 0 0 0 0 0 0 6 3 0 0 0 A A 1 81TaDaGo_p317_l805
1116.852 0.055200 0 0 0 1 0 -1 2 1 0 1 1 E E 3 0 0 0 0 0 0 2 2 0 0 0 E A 3 81TaDaGo_p317_l806
1116.852 0.101061 0 1 0 0 0 0 15 13 0 0 0 E A 3 0 0 0 0 0 0 14 13 0 0 0 E A 3 81TaDaGo_p317_l807
1116.899 0.05 0 0 0 1 0 -1 6 2 0 1 1 E E 1 0 0 0 0 0 0 6 3 0 0 0 A A 2 81TaDaGo_p317_l808
1116.899 0.05 0 0 0 1 0 -1 9 3 0 1 1 A E 3 0 0 0 0 0 0 9 4 0 0 0 E A 3 81TaDaGo_p317_l809
1117.072 0.05 0 0 0 1 0 -1 12 4 0 1 1 E E 3 0 0 0 0 0 0 12 5 0 0 0 E A 3 81TaDaGo_p317_l810
1117.072 0.05 0 1 0 0 0 0 17 11 0 0 0 E A 3 0 0 0 0 0 0 16 11 0 0 0 E A 3 81TaDaGo_p317_l811
-1117.072 0.05 0 0 0 1 0 -1 17 6 0 1 1 A E 3 0 0 0 0 0 0 17 7 0 0 0 E A 3 81TaDaGo_p317_l812
1117.238 0.05 0 1 0 0 0 0 20 4 0 0 0 E A 3 0 0 0 0 0 0 19 4 0 0 0 E A 3 81TaDaGo_p317_l813
1117.349 0.05 0 0 0 1 0 -1 3 1 0 1 1 E E 3 0 0 0 0 0 0 3 2 0 0 0 E A 3 81TaDaGo_p317_l814
1117.507 0.195638 0 0 0 1 0 -1 15 5 0 1 1 E E 2 0 0 0 0 0 0 15 6 0 0 0 A A 1 81TaDaGo_p317_l815
1117.635 0.05 0 0 0 1 0 -1 7 2 0 1 1 E E 1 0 0 0 0 0 0 7 3 0 0 0 A A 2 81TaDaGo_p317_l816
1117.73 0.05 0 0 0 1 0 -1 7 2 0 1 1 E E 2 0 0 0 0 0 0 7 3 0 0 0 A A 1 81TaDaGo_p317_l817
1117.73 0.05 0 0 0 1 0 -1 10 3 0 1 1 A E 3 0 0 0 0 0 0 10 4 0 0 0 E A 3 81TaDaGo_p317_l818
1117.993 0.05 0 0 0 1 0 -1 4 1 0 1 1 E E 3 0 0 0 0 0 0 4 2 0 0 0 E A 3 81TaDaGo_p317_l819
1117.993 0.107526 0 0 0 1 0 -1 13 4 0 1 1 E E 3 0 0 0 0 0 0 13 5 0 0 0 E A 3 81TaDaGo_p317_l820
1118.225 0.05 0 1 0 0 0 0 19 8 0 0 0 E A 3 0 0 0 0 0 0 18 8 0 0 0 E A 3 81TaDaGo_p317_l821
1118.225 0.05 0 1 0 0 0 0 20 5 0 0 0 E A 3 0 0 0 0 0 0 19 5 0 0 0 E A 3 81TaDaGo_p317_l822
1118.374 0.05 0 0 0 1 0 -1 8 2 0 1 1 E E 2 0 0 0 0 0 0 8 3 0 0 0 A A 1 81TaDaGo_p317_l823
-1118.374 0.05 0 0 0 1 0 -1 16 5 0 1 1 E E 2 0 0 0 0 0 0 16 6 0 0 0 A A 1 81TaDaGo_p317_l824
1118.511 0.05 0 0 0 1 0 -1 8 2 0 1 1 E E 1 0 0 0 0 0 0 8 3 0 0 0 A A 2 81TaDaGo_p317_l825
1118.511 0.05 0 0 0 1 0 -1 11 3 0 1 1 A E 3 0 0 0 0 0 0 11 4 0 0 0 E A 3 81TaDaGo_p317_l826
1118.511 0.103103 0 1 0 0 0 0 18 10 0 0 0 E A 3 0 0 0 0 0 0 17 10 0 0 0 E A 3 81TaDaGo_p317_l827
1118.653 0.05 0 0 0 1 0 -1 5 1 0 1 1 E E 3 0 0 0 0 0 0 5 2 0 0 0 E A 3 81TaDaGo_p317_l828
1118.653 0.05 0 0 0 1 0 -1 14 4 0 1 1 E E 3 0 0 0 0 0 0 14 5 0 0 0 E A 3 81TaDaGo_p317_l829
1119.045 0.05 0 0 0 1 0 -1 9 2 0 1 1 E E 1 0 0 0 0 0 0 9 3 0 0 0 A A 2 81TaDaGo_p317_l830
1119.045 0.05 0 0 0 1 0 1 1 0 0 1 1 A E 3 0 0 0 0 0 0 1 1 0 0 0 E A 3 81TaDaGo_p317_l831
1119.283 0.05 0 0 0 1 0 -1 6 1 0 1 1 E E 3 0 0 0 0 0 0 6 2 0 0 0 E A 3 81TaDaGo_p317_l832
1119.283 0.05 0 0 0 1 0 -1 9 2 0 1 1 E E 2 0 0 0 0 0 0 9 3 0 0 0 A A 1 81TaDaGo_p317_l833
1119.283 0.080964 0 0 0 1 0 -1 12 3 0 1 1 A E 3 0 0 0 0 0 0 12 4 0 0 0 E A 3 81TaDaGo_p317_l834
1119.408 0.05 0 0 0 1 0 1 2 0 0 1 1 A E 3 0 0 0 0 0 0 2 1 0 0 0 E A 3 81TaDaGo_p317_l835
1119.408 0.05 0 1 0 0 0 0 20 6 0 0 0 A A 2 0 0 0 0 0 0 19 6 0 0 0 A A 1 81TaDaGo_p317_l836
1119.53 0.05 0 0 0 1 0 -1 15 4 0 1 1 E E 3 0 0 0 0 0 0 15 5 0 0 0 E A 3 81TaDaGo_p317_l837
1119.664 0.05 0 0 0 1 0 -1 10 2 0 1 1 E E 2 0 0 0 0 0 0 10 3 0 0 0 A A 1 81TaDaGo_p317_l838
1119.876 0.05 0 0 0 1 0 1 3 0 0 1 1 A E 3 0 0 0 0 0 0 3 1 0 0 0 E A 3 81TaDaGo_p317_l839
1119.876 0.05 0 0 0 1 0 -1 7 1 0 1 1 E E 3 0 0 0 0 0 0 7 2 0 0 0 E A 3 81TaDaGo_p317_l840
1119.914 0.05 0 0 0 1 0 -1 10 2 0 1 1 E E 1 0 0 0 0 0 0 10 3 0 0 0 A A 2 81TaDaGo_p317_l841
1119.914 0.05 0 0 0 1 0 -1 13 3 0 1 1 A E 3 0 0 0 0 0 0 13 4 0 0 0 E A 3 81TaDaGo_p317_l842
1120.245 0.05 0 0 0 1 0 -1 11 2 0 1 1 E E 1 0 0 0 0 0 0 11 3 0 0 0 A A 2 81TaDaGo_p317_l843
1120.321 0.05 0 0 0 1 0 1 4 0 0 1 1 A E 3 0 0 0 0 0 0 4 1 0 0 0 E A 3 81TaDaGo_p317_l844
1120.321 0.05 0 0 0 1 0 -1 16 4 0 1 1 E E 3 0 0 0 0 0 0 16 5 0 0 0 E A 3 81TaDaGo_p317_l845
1120.321 0.05 0 1 0 0 0 0 19 9 0 0 0 A A 2 0 0 0 0 0 0 18 9 0 0 0 A A 1 81TaDaGo_p317_l846
1120.434 0.05 0 0 0 1 0 -1 8 1 0 1 1 E E 3 0 0 0 0 0 0 8 2 0 0 0 E A 3 81TaDaGo_p317_l847
1120.434 0.05 0 1 0 0 0 0 17 12 0 0 0 A A 2 0 0 0 0 0 0 16 12 0 0 0 A A 1 81TaDaGo_p317_l848
1120.544 0.05 0 0 0 1 0 -1 11 2 0 1 1 E E 2 0 0 0 0 0 0 11 3 0 0 0 A A 1 81TaDaGo_p317_l849
1120.544 0.05 0 0 0 1 0 -1 14 3 0 1 1 A E 3 0 0 0 0 0 0 14 4 0 0 0 E A 3 81TaDaGo_p317_l850
1120.544 0.05 0 1 0 0 0 0 16 13 0 0 0 E A 3 0 0 0 0 0 0 15 13 0 0 0 E A 3 81TaDaGo_p317_l851
1120.745 0.05 0 0 0 1 0 1 5 0 0 1 1 A E 3 0 0 0 0 0 0 5 1 0 0 0 E A 3 81TaDaGo_p317_l852
1120.745 0.05 0 0 0 1 0 -1 12 2 0 1 1 E E 2 0 0 0 0 0 0 12 3 0 0 0 A A 1 81TaDaGo_p317_l853
1120.931 0.05 0 0 0 1 0 -1 9 1 0 1 1 E E 3 0 0 0 0 0 0 9 2 0 0 0 E A 3 81TaDaGo_p317_l854
1120.931 0.05 0 1 0 0 0 0 20 7 0 0 0 E A 3 0 0 0 0 0 0 19 7 0 0 0 E A 3 81TaDaGo_p317_l855
1121.121 0.05 0 0 0 1 0 1 6 0 0 1 1 A E 3 0 0 0 0 0 0 6 1 0 0 0 E A 3 81TaDaGo_p317_l856
1121.121 0.05 0 0 0 1 0 -1 12 2 0 1 1 E E 1 0 0 0 0 0 0 12 3 0 0 0 A A 2 81TaDaGo_p317_l857
1121.121 0.092615 0 0 0 1 0 1 6 6 0 1 1 A E 3 0 0 0 0 0 0 6 1 0 0 0 E A 3 81TaDaGo_p317_l858
1121.274 0.05 0 0 0 1 0 1 1 1 0 1 1 E E 1 0 0 0 0 0 0 1 0 0 0 0 A A 2 81TaDaGo_p317_l859
1121.274 0.05 0 0 0 1 0 -1 15 3 0 1 1 A E 3 0 0 0 0 0 0 15 4 0 0 0 E A 3 81TaDaGo_p317_l860
1121.338 0.05 0 0 0 1 0 1 2 1 0 1 1 E E 2 0 0 0 0 0 0 2 0 0 0 0 A A 1 81TaDaGo_p317_l861
1121.338 0.069515 0 0 0 1 0 -1 13 2 0 1 1 E E 1 0 0 0 0 0 0 13 3 0 0 0 A A 2 81TaDaGo_p317_l862
-1121.338 0.08 0 1 0 0 0 0 18 11 0 0 0 E A 3 0 0 0 0 0 0 17 11 0 0 0 E A 3 81TaDaGo_p317_l863
1121.424 0.05 0 0 0 1 0 1 3 1 0 1 1 E E 1 0 0 0 0 0 0 3 0 0 0 0 A A 2 81TaDaGo_p317_l864
1121.424 0.05 0 0 0 1 0 1 7 0 0 1 1 A E 3 0 0 0 0 0 0 7 1 0 0 0 E A 3 81TaDaGo_p317_l865
1121.424 0.05 0 0 0 1 0 -1 10 1 0 1 1 E E 3 0 0 0 0 0 0 10 2 0 0 0 E A 3 81TaDaGo_p317_l866
1121.527 0.05 0 0 0 1 0 1 4 1 0 1 1 E E 2 0 0 0 0 0 0 4 0 0 0 0 A A 1 81TaDaGo_p317_l867
1121.685 0.05 0 0 0 1 0 1 5 1 0 1 1 E E 1 0 0 0 0 0 0 5 0 0 0 0 A A 2 81TaDaGo_p317_l868
1121.817 0.05 0 0 0 1 0 1 8 0 0 1 1 A E 3 0 0 0 0 0 0 8 1 0 0 0 E A 3 81TaDaGo_p317_l869
1121.817 0.115614 0 0 0 1 0 -1 13 2 0 1 1 E E 2 0 0 0 0 0 0 13 3 0 0 0 A A 1 81TaDaGo_p317_l870
1121.817 0.05 0 1 0 0 0 0 15 14 0 0 0 E A 3 0 0 0 0 0 0 14 14 0 0 0 E A 3 81TaDaGo_p317_l871
1121.843 0.05 0 0 0 1 0 1 6 1 0 1 1 E E 2 0 0 0 0 0 0 6 0 0 0 0 A A 1 81TaDaGo_p317_l872
1121.843 0.05 0 0 0 1 0 -1 11 1 0 1 1 E E 3 0 0 0 0 0 0 11 2 0 0 0 E A 3 81TaDaGo_p317_l873
1121.843 0.05 0 0 0 1 0 -1 14 2 0 1 1 E E 2 0 0 0 0 0 0 14 3 0 0 0 A A 1 81TaDaGo_p317_l874
1121.843 0.05 0 0 0 1 0 -1 16 3 0 1 1 A E 3 0 0 0 0 0 0 16 4 0 0 0 E A 3 81TaDaGo_p317_l875
1122.091 0.05 0 0 0 1 0 1 7 1 0 1 1 E E 1 0 0 0 0 0 0 7 0 0 0 0 A A 2 81TaDaGo_p317_l876
1122.091 0.05 0 0 0 1 0 1 9 0 0 1 1 A E 3 0 0 0 0 0 0 9 1 0 0 0 E A 3 81TaDaGo_p317_l877
1122.272 0.05 0 0 0 1 0 1 8 1 0 1 1 E E 2 0 0 0 0 0 0 8 0 0 0 0 A A 1 81TaDaGo_p317_l878
1122.272 0.05 0 0 0 1 0 -1 12 1 0 1 1 E E 3 0 0 0 0 0 0 12 2 0 0 0 E A 3 81TaDaGo_p317_l879
1122.416 0.05 0 0 0 1 0 1 10 0 0 1 1 A E 3 0 0 0 0 0 0 10 1 0 0 0 E A 3 81TaDaGo_p317_l880
1141.16 0.05 0 0 0 1 0 1 9 1 0 1 1 E E 2 0 0 0 0 0 0 9 3 0 0 0 A A 1 81TaDaGo_p318_l1000
1141.447 0.05 0 0 0 1 0 1 10 1 0 1 1 E E 2 0 0 0 0 0 0 10 6 0 0 0 A A 1 81TaDaGo_p318_l1001
1141.733 0.05 0 0 0 1 0 1 10 6 0 1 1 A E 3 0 0 0 0 0 0 10 5 0 0 0 E A 3 81TaDaGo_p318_l1002
1141.843 0.05 0 0 0 1 0 1 2 2 0 1 1 E E 3 0 0 0 0 0 0 1 1 0 0 0 E A 3 81TaDaGo_p318_l1003
1142.082 0.05 0 1 0 0 0 0 18 16 0 0 0 E A 3 0 0 0 0 0 0 17 16 0 0 0 E A 3 81TaDaGo_p318_l1004
1142.216 0.05 0 0 0 1 0 1 10 7 0 1 1 E E 2 0 0 0 0 0 0 10 6 0 0 0 A A 1 81TaDaGo_p318_l1005
1142.495 0.05 0 0 0 1 0 1 10 10 0 1 1 E E 2 0 0 0 0 0 0 10 9 0 0 0 A A 1 81TaDaGo_p318_l1006
1142.495 0.05 0 0 0 1 0 1 10 8 0 1 1 E E 3 0 0 0 0 0 0 10 7 0 0 0 E A 3 81TaDaGo_p318_l1007
1142.616 0.05 0 0 0 1 0 1 10 9 0 1 1 A E 3 0 0 0 0 0 0 10 8 0 0 0 E A 3 81TaDaGo_p318_l1008
1142.752 0.05 0 0 0 1 0 1 11 2 0 1 1 E E 3 0 0 0 0 0 0 11 1 0 0 0 E A 3 81TaDaGo_p318_l1009
1143.05 0.05 0 0 0 1 0 1 11 3 0 1 1 A E 3 0 0 0 0 0 0 11 2 0 0 0 E A 3 81TaDaGo_p318_l1010
1143.284 0.05 0 0 0 1 0 1 11 4 0 1 1 E E 2 0 0 0 0 0 0 11 3 0 0 0 A A 1 81TaDaGo_p318_l1011
1143.284 0.05 0 1 0 0 0 0 20 15 0 0 0 A A 2 0 0 0 0 0 0 19 15 0 0 0 A A 1 81TaDaGo_p318_l1012
1143.644 0.05 0 0 0 1 0 1 11 4 0 1 1 E E 1 0 0 0 0 0 0 11 3 0 0 0 A A 2 81TaDaGo_p318_l1013
1143.933 0.05 0 0 0 1 0 1 11 5 0 1 1 E E 3 0 0 0 0 0 0 11 4 0 0 0 E A 3 81TaDaGo_p318_l1014
1144.053 0.05 0 0 0 1 0 -1 3 1 0 1 1 E E 3 0 0 0 0 0 0 2 2 0 0 0 E A 3 81TaDaGo_p318_l1015
1144.124 0.05 0 0 0 1 0 1 10 1 0 1 1 E E 1 0 0 0 0 0 0 10 3 0 0 0 A A 2 81TaDaGo_p318_l1016
1144.392 0.05 0 0 0 1 0 1 11 6 0 1 1 A E 3 0 0 0 0 0 0 11 5 0 0 0 E A 3 81TaDaGo_p318_l1017
1144.493 0.05 0 0 0 1 0 1 11 11 0 1 1 E E 3 0 0 0 0 0 0 11 10 0 0 0 E A 3 81TaDaGo_p318_l1018
1144.777 0.05 0 0 0 1 0 1 11 7 0 1 1 E E 2 0 0 0 0 0 0 11 6 0 0 0 A A 1 81TaDaGo_p318_l1019
1144.907 0.05 0 0 0 1 0 1 11 10 0 1 1 E E 2 0 0 0 0 0 0 11 9 0 0 0 A A 1 81TaDaGo_p318_l1020
1144.907 0.05 0 1 0 0 0 0 19 16 0 0 0 E A 3 0 0 0 0 0 0 18 16 0 0 0 E A 3 81TaDaGo_p318_l1021
1144.995 0.05 0 0 0 1 0 1 11 8 0 1 1 E E 3 0 0 0 0 0 0 11 7 0 0 0 E A 3 81TaDaGo_p318_l1022
1145.07 0.05 0 0 0 1 0 1 11 9 0 1 1 A E 3 0 0 0 0 0 0 11 8 0 0 0 E A 3 81TaDaGo_p318_l1023
1146.047 0.05 0 0 0 1 0 1 12 2 0 1 1 E E 3 0 0 0 0 0 0 12 1 0 0 0 E A 3 81TaDaGo_p318_l1024
1146.267 0.05 0 0 0 1 0 1 12 3 0 1 1 A E 3 0 0 0 0 0 0 12 2 0 0 0 E A 3 81TaDaGo_p318_l1025
1146.344 0.05 0 0 0 1 0 1 12 4 0 1 1 E E 1 0 0 0 0 0 0 12 3 0 0 0 A A 2 81TaDaGo_p318_l1026
1146.432 0.05 0 0 0 1 0 1 12 12 0 1 1 A E 3 0 0 0 0 0 0 12 11 0 0 0 E A 3 81TaDaGo_p318_l1027
1146.559 0.05 0 0 0 1 0 1 3 0 0 1 1 A E 3 0 0 0 0 0 0 2 1 0 0 0 E A 3 81TaDaGo_p318_l1028
1146.806 0.05 0 0 0 1 0 1 12 4 0 1 1 E E 2 0 0 0 0 0 0 12 3 0 0 0 A A 1 81TaDaGo_p318_l1029
1146.925 0.05 0 0 0 1 0 1 12 5 0 1 1 E E 3 0 0 0 0 0 0 12 4 0 0 0 E A 3 81TaDaGo_p318_l1030
1147.139 0.05 0 0 0 1 0 1 12 11 0 1 1 E E 3 0 0 0 0 0 0 12 10 0 0 0 E A 3 81TaDaGo_p318_l1031
1147.282 0.05 0 0 0 1 0 1 12 6 0 1 1 A E 3 0 0 0 0 0 0 12 5 0 0 0 E A 3 81TaDaGo_p318_l1032
1147.282 0.05 0 0 0 1 0 1 11 1 0 1 1 E E 2 0 0 0 0 0 0 11 3 0 0 0 A A 1 81TaDaGo_p318_l1033
1147.575 0.05 0 0 0 1 0 1 12 10 0 1 1 E E 2 0 0 0 0 0 0 12 9 0 0 0 A A 1 81TaDaGo_p318_l1034
1147.575 0.05 0 0 0 1 0 1 12 7 0 1 1 E E 2 0 0 0 0 0 0 12 6 0 0 0 A A 1 81TaDaGo_p318_l1035
1147.575 0.057334 0 0 0 1 0 1 12 8 0 1 1 E E 3 0 0 0 0 0 0 12 7 0 0 0 E A 3 81TaDaGo_p318_l1036
1147.745 0.05 0 0 0 1 0 1 12 9 0 1 1 A E 3 0 0 0 0 0 0 12 8 0 0 0 E A 3 81TaDaGo_p318_l1037
1147.995 0.05 0 0 0 1 0 1 12 0 0 1 1 A E 3 0 0 0 0 0 0 12 7 0 0 0 E A 3 81TaDaGo_p318_l1038
1148.287 0.05 0 0 0 1 0 1 13 13 0 1 1 E E 2 0 0 0 0 0 0 13 12 0 0 0 A A 1 81TaDaGo_p318_l1039
1149.287 0.05 0 0 0 1 0 1 13 12 0 1 1 A E 3 0 0 0 0 0 0 13 11 0 0 0 E A 3 81TaDaGo_p318_l1040
1149.484 0.05 0 0 0 1 0 1 13 2 0 1 1 E E 3 0 0 0 0 0 0 13 1 0 0 0 E A 3 81TaDaGo_p318_l1041
1149.57 0.05 0 0 0 1 0 1 13 4 0 1 1 E E 2 0 0 0 0 0 0 13 3 0 0 0 A A 1 81TaDaGo_p318_l1042
1149.632 0.05 0 0 0 1 0 1 13 3 0 1 1 A E 3 0 0 0 0 0 0 13 2 0 0 0 E A 3 81TaDaGo_p318_l1043
1149.988 0.05 0 0 0 1 0 1 13 11 0 1 1 E E 3 0 0 0 0 0 0 13 10 0 0 0 E A 3 81TaDaGo_p318_l1044
1150.176 0.05 0 0 0 1 0 1 3 1 0 1 1 E E 2 0 0 0 0 0 0 2 0 0 0 0 A A 1 81TaDaGo_p318_l1045
1150.176 0.068679 0 0 0 1 0 1 13 5 0 1 1 E E 3 0 0 0 0 0 0 13 4 0 0 0 E A 3 81TaDaGo_p318_l1046
1150.176 0.109519 0 0 0 1 0 1 14 14 0 1 1 E E 3 0 0 0 0 0 0 14 13 0 0 0 E A 3 81TaDaGo_p318_l1047
1150.176 0.05 0 0 0 1 0 1 13 4 0 1 1 E E 1 0 0 0 0 0 0 13 3 0 0 0 A A 2 81TaDaGo_p318_l1048
1150.412 0.05 0 0 0 1 0 1 13 10 0 1 1 E E 2 0 0 0 0 0 0 13 9 0 0 0 A A 1 81TaDaGo_p318_l1049
1150.412 0.05 0 0 0 1 0 1 13 6 0 1 1 A E 3 0 0 0 0 0 0 13 5 0 0 0 E A 3 81TaDaGo_p318_l1050
1150.412 0.05 0 1 0 0 0 0 19 17 0 0 0 E A 3 0 0 0 0 0 0 18 17 0 0 0 E A 3 81TaDaGo_p318_l1051
1150.597 0.05 0 0 0 1 0 1 13 7 0 1 1 E E 2 0 0 0 0 0 0 13 6 0 0 0 A A 1 81TaDaGo_p318_l1052
1150.597 0.05 0 0 0 1 0 1 13 9 0 1 1 A E 3 0 0 0 0 0 0 13 8 0 0 0 E A 3 81TaDaGo_p318_l1053
1150.725 0.05 0 0 0 1 0 1 13 8 0 1 1 E E 3 0 0 0 0 0 0 13 7 0 0 0 E A 3 81TaDaGo_p318_l1054
1150.855 0.05 0 0 0 1 0 -1 4 2 0 1 1 E E 2 0 0 0 0 0 0 3 3 0 0 0 A A 1 81TaDaGo_p318_l1055
1151.374 0.05 0 0 0 1 0 1 14 13 0 1 1 E E 2 0 0 0 0 0 0 14 12 0 0 0 A A 1 81TaDaGo_p318_l1056
1151.488 0.05 0 0 0 1 0 1 3 2 0 1 1 E E 3 0 0 0 0 0 0 2 1 0 0 0 E A 3 81TaDaGo_p318_l1057
1151.78 0.05 0 0 0 1 0 1 15 15 0 1 1 A E 3 0 0 0 0 0 0 15 14 0 0 0 E A 3 81TaDaGo_p318_l1058
1152.343 0.05 0 0 0 1 0 1 14 12 0 1 1 A E 3 0 0 0 0 0 0 14 11 0 0 0 E A 3 81TaDaGo_p318_l1059
1152.936 0.05 0 0 0 1 0 1 14 4 0 1 1 E E 1 0 0 0 0 0 0 14 3 0 0 0 A A 2 81TaDaGo_p318_l1060
1153.029 0.05 0 0 0 1 0 1 14 11 0 1 1 E E 3 0 0 0 0 0 0 14 10 0 0 0 E A 3 81TaDaGo_p318_l1061
1153.248 0.05 0 0 0 1 0 1 3 3 0 1 1 A E 3 0 0 0 0 0 0 2 2 0 0 0 E A 3 81TaDaGo_p318_l1062
1153.248 0.05 0 0 0 1 0 -1 14 1 0 1 1 E E 3 0 0 0 0 0 0 14 8 0 0 0 E A 3 81TaDaGo_p318_l1063
1153.38 0.05 0 0 0 1 0 1 15 14 0 1 1 E E 3 0 0 0 0 0 0 15 13 0 0 0 E A 3 81TaDaGo_p318_l1064
1153.38 0.05 0 0 0 1 0 1 16 16 0 1 1 E E 2 0 0 0 0 0 0 16 15 0 0 0 A A 1 81TaDaGo_p318_l1065
1153.459 0.05 0 0 0 1 0 1 14 10 0 1 1 E E 2 0 0 0 0 0 0 14 9 0 0 0 A A 1 81TaDaGo_p318_l1066
1153.459 0.05 0 0 0 1 0 1 14 5 0 1 1 E E 3 0 0 0 0 0 0 14 4 0 0 0 E A 3 81TaDaGo_p318_l1067
1153.574 0.05 0 0 0 1 0 -1 4 1 0 1 1 E E 3 0 0 0 0 0 0 3 2 0 0 0 E A 3 81TaDaGo_p318_l1068
1153.661 0.05 0 0 0 1 0 1 14 6 0 1 1 A E 3 0 0 0 0 0 0 14 5 0 0 0 E A 3 81TaDaGo_p318_l1069
1153.661 0.05 0 0 0 1 0 1 14 4 0 1 1 E E 2 0 0 0 0 0 0 14 3 0 0 0 A A 1 81TaDaGo_p318_l1070
1153.791 0.05 0 0 0 1 0 1 14 7 0 1 1 E E 2 0 0 0 0 0 0 14 6 0 0 0 A A 1 81TaDaGo_p318_l1071
1153.791 0.065177 0 0 0 1 0 1 14 8 0 1 1 E E 3 0 0 0 0 0 0 14 7 0 0 0 E A 3 81TaDaGo_p318_l1072
1153.962 0.05 0 0 0 1 0 1 13 1 0 1 1 E E 2 0 0 0 0 0 0 13 3 0 0 0 A A 1 81TaDaGo_p318_l1073
1154.077 0.05 0 0 0 1 0 1 14 9 0 1 1 A E 3 0 0 0 0 0 0 14 8 0 0 0 E A 3 81TaDaGo_p318_l1074
1154.624 0.05 0 0 0 1 0 1 15 13 0 1 1 E E 2 0 0 0 0 0 0 15 12 0 0 0 A A 1 81TaDaGo_p318_l1075
1154.941 0.05 0 0 0 1 0 1 17 17 0 1 1 E E 3 0 0 0 0 0 0 17 16 0 0 0 E A 3 81TaDaGo_p318_l1076
1155.305 0.05 0 0 0 1 0 1 16 15 0 1 1 A E 3 0 0 0 0 0 0 16 14 0 0 0 E A 3 81TaDaGo_p318_l1077
1155.559 0.05 0 0 0 1 0 1 15 12 0 1 1 A E 3 0 0 0 0 0 0 15 11 0 0 0 E A 3 81TaDaGo_p318_l1078
1155.903 0.05 0 0 0 1 0 1 4 0 0 1 1 A E 3 0 0 0 0 0 0 3 1 0 0 0 E A 3 81TaDaGo_p318_l1079
1156.226 0.05 0 0 0 1 0 1 15 11 0 1 1 E E 3 0 0 0 0 0 0 15 10 0 0 0 E A 3 81TaDaGo_p318_l1080
1156.596 0.05 0 0 0 1 0 1 15 10 0 1 1 E E 2 0 0 0 0 0 0 15 9 0 0 0 A A 1 81TaDaGo_p318_l1081
1156.828 0.05 0 0 0 1 0 1 16 14 0 1 1 E E 3 0 0 0 0 0 0 16 13 0 0 0 E A 3 81TaDaGo_p318_l1082
1156.96 0.05 0 0 0 1 0 1 15 5 0 1 1 E E 3 0 0 0 0 0 0 15 4 0 0 0 E A 3 81TaDaGo_p318_l1083
1157.099 0.05 0 0 0 1 0 1 15 7 0 1 1 E E 2 0 0 0 0 0 0 15 6 0 0 0 A A 1 81TaDaGo_p318_l1084
1157.099 0.05 0 0 0 1 0 1 15 9 0 1 1 A E 3 0 0 0 0 0 0 15 8 0 0 0 E A 3 81TaDaGo_p318_l1085
1157.099 0.05 0 0 0 1 0 1 15 6 0 1 1 A E 3 0 0 0 0 0 0 15 5 0 0 0 E A 3 81TaDaGo_p318_l1086
1157.15 0.05 0 0 0 1 0 1 15 8 0 1 1 E E 3 0 0 0 0 0 0 15 7 0 0 0 E A 3 81TaDaGo_p318_l1087
1157.15 0.05 0 0 0 1 0 1 17 16 0 1 1 E E 2 0 0 0 0 0 0 17 15 0 0 0 A A 1 81TaDaGo_p318_l1088
1157.301 0.05 0 0 0 1 0 1 15 4 0 1 1 E E 1 0 0 0 0 0 0 15 3 0 0 0 A A 2 81TaDaGo_p318_l1089
1158.023 0.05 0 0 0 1 0 1 16 13 0 1 1 E E 2 0 0 0 0 0 0 16 12 0 0 0 A A 1 81TaDaGo_p318_l1090
1158.928 0.05 0 0 0 1 0 1 16 12 0 1 1 A E 3 0 0 0 0 0 0 16 11 0 0 0 E A 3 81TaDaGo_p318_l1091
1159.541 0.05 0 0 0 1 0 1 16 11 0 1 1 E E 3 0 0 0 0 0 0 16 10 0 0 0 E A 3 81TaDaGo_p318_l1092
-1159.809 0.05 0 0 0 1 0 1 4 4 0 1 1 E E 2 0 0 0 0 0 0 3 0 0 0 0 A A 1 81TaDaGo_p318_l1093
1160.512 0.05 0 0 0 1 0 1 4 1 0 1 1 E E 1 0 0 0 0 0 0 3 0 0 0 0 A A 2 81TaDaGo_p318_l1094
1160.512 0.05 0 0 0 1 0 1 16 9 0 1 1 A E 3 0 0 0 0 0 0 16 8 0 0 0 E A 3 81TaDaGo_p318_l1095
1160.512 0.05 0 0 0 1 0 -1 5 2 0 1 1 E E 2 0 0 0 0 0 0 4 3 0 0 0 A A 1 81TaDaGo_p318_l1096
1160.607 0.05 0 0 0 1 0 1 16 7 0 1 1 E E 1 0 0 0 0 0 0 16 6 0 0 0 A A 2 81TaDaGo_p318_l1097
1161.491 0.05 0 0 0 1 0 1 4 2 0 1 1 E E 3 0 0 0 0 0 0 3 1 0 0 0 E A 3 81TaDaGo_p318_l1098
-1161.491 0.05 0 0 0 1 0 1 4 3 0 1 1 A E 3 0 0 0 0 0 0 3 1 0 0 0 E A 3 81TaDaGo_p318_l1099
1162.385 0.05 0 0 0 1 0 1 17 12 0 1 1 A E 3 0 0 0 0 0 0 17 11 0 0 0 E A 3 81TaDaGo_p318_l1100
1122.416 0.177586 0 0 0 1 0 -1 14 2 0 1 1 E E 1 0 0 0 0 0 0 14 3 0 0 0 A A 2 81TaDaGo_p318_l881
1122.416 0.05 0 0 0 1 0 -1 15 2 0 1 1 E E 1 0 0 0 0 0 0 15 3 0 0 0 A A 2 81TaDaGo_p318_l882
1122.523 0.05 0 0 0 1 0 1 9 1 0 1 1 E E 1 0 0 0 0 0 0 9 0 0 0 0 A A 2 81TaDaGo_p318_l883
1122.728 0.05 0 0 0 1 0 1 10 1 0 1 1 E E 2 0 0 0 0 0 0 10 0 0 0 0 A A 1 81TaDaGo_p318_l884
1122.728 0.065 0 1 0 0 0 0 19 10 0 0 0 E A 3 0 0 0 0 0 0 18 10 0 0 0 E A 3 81TaDaGo_p318_l885
1122.805 0.058558 0 0 0 1 0 1 11 0 0 1 1 A E 3 0 0 0 0 0 0 11 1 0 0 0 E A 3 81TaDaGo_p318_l886
1122.805 0.105739 0 0 0 1 0 -1 13 1 0 1 1 E E 3 0 0 0 0 0 0 13 2 0 0 0 E A 3 81TaDaGo_p318_l887
1122.805 0.05 0 0 0 1 0 1 12 8 0 1 1 E E 3 0 0 0 0 0 0 12 1 0 0 0 E A 3 81TaDaGo_p318_l888
1122.805 0.05 0 0 0 1 0 -1 14 1 0 1 1 E E 3 0 0 0 0 0 0 14 2 0 0 0 E A 3 81TaDaGo_p318_l889
1123.033 0.05 0 0 0 1 0 1 11 1 0 1 1 E E 1 0 0 0 0 0 0 11 0 0 0 0 A A 2 81TaDaGo_p318_l890
1123.033 0.221021 0 0 0 1 0 -1 15 2 0 1 1 E E 2 0 0 0 0 0 0 15 3 0 0 0 A A 1 81TaDaGo_p318_l891
1123.339 0.05 0 0 0 1 0 1 12 1 0 1 1 E E 2 0 0 0 0 0 0 12 0 0 0 0 A A 1 81TaDaGo_p318_l892
1123.339 0.05 0 0 0 1 0 1 13 0 0 1 1 A E 3 0 0 0 0 0 0 13 1 0 0 0 E A 3 81TaDaGo_p318_l893
1123.339 0.05 0 0 0 1 0 1 12 0 0 1 1 A E 3 0 0 0 0 0 0 12 1 0 0 0 E A 3 81TaDaGo_p318_l894
-1123.528 0.05 0 0 0 1 0 -1 15 1 0 1 1 E E 3 0 0 0 0 0 0 15 2 0 0 0 E A 3 81TaDaGo_p318_l895
1123.528 0.05 0 0 0 1 0 1 10 7 0 1 1 E E 2 0 0 0 0 0 0 10 0 0 0 0 A A 1 81TaDaGo_p318_l896
1123.616 0.05 0 0 0 1 0 1 14 9 0 1 1 A E 3 0 0 0 0 0 0 14 2 0 0 0 E A 3 81TaDaGo_p318_l897
1123.698 0.05 0 0 0 1 0 1 13 1 0 1 1 E E 1 0 0 0 0 0 0 13 0 0 0 0 A A 2 81TaDaGo_p318_l898
1123.77 0.073044 0 0 0 1 0 1 14 0 0 1 1 A E 3 0 0 0 0 0 0 14 1 0 0 0 E A 3 81TaDaGo_p318_l899
-1123.77 0.05 0 0 0 1 0 -1 17 2 0 1 1 E E 2 0 0 0 0 0 0 17 3 0 0 0 A A 1 81TaDaGo_p318_l900
1124.034 0.05 0 0 0 1 0 1 2 2 0 1 1 E E 3 0 0 0 0 0 0 2 1 0 0 0 E A 3 81TaDaGo_p318_l901
1124.034 0.05 0 0 0 1 0 1 14 1 0 1 1 E E 2 0 0 0 0 0 0 14 0 0 0 0 A A 1 81TaDaGo_p318_l902
1124.034 0.05 0 0 0 1 0 -1 16 1 0 1 1 E E 3 0 0 0 0 0 0 16 2 0 0 0 E A 3 81TaDaGo_p318_l903
1124.145 0.142947 0 0 0 1 0 1 15 0 0 1 1 A E 3 0 0 0 0 0 0 15 1 0 0 0 E A 3 81TaDaGo_p318_l904
1124.33 0.05 0 1 0 0 0 0 17 13 0 0 0 E A 3 0 0 0 0 0 0 16 13 0 0 0 E A 3 81TaDaGo_p318_l905
1124.444 0.05 0 0 0 1 0 1 15 1 0 1 1 E E 1 0 0 0 0 0 0 15 0 0 0 0 A A 2 81TaDaGo_p318_l906
1124.444 0.05 0 1 0 0 0 0 18 12 0 0 0 A A 2 0 0 0 0 0 0 17 12 0 0 0 A A 1 81TaDaGo_p318_l907
1124.444 0.05 0 0 0 1 0 -1 17 1 0 1 1 E E 3 0 0 0 0 0 0 17 2 0 0 0 E A 3 81TaDaGo_p318_l908
1124.574 0.245172 0 0 0 1 0 1 16 0 0 1 1 A E 3 0 0 0 0 0 0 16 1 0 0 0 E A 3 81TaDaGo_p318_l909
1124.574 0.05 0 1 0 0 0 0 20 9 0 0 0 A A 2 0 0 0 0 0 0 19 9 0 0 0 A A 1 81TaDaGo_p318_l910
1124.79 0.05 0 0 0 1 0 1 3 2 0 1 1 E E 3 0 0 0 0 0 0 3 1 0 0 0 E A 3 81TaDaGo_p318_l911
-1124.79 0.05 0 0 0 1 0 1 16 1 0 1 1 E E 2 0 0 0 0 0 0 16 0 0 0 0 A A 1 81TaDaGo_p318_l912
-1124.95 0.05 0 0 0 1 0 -1 18 1 0 1 1 E E 3 0 0 0 0 0 0 18 2 0 0 0 E A 3 81TaDaGo_p318_l913
-1124.95 0.05 0 0 0 1 0 1 17 0 0 1 1 A E 3 0 0 0 0 0 0 17 1 0 0 0 E A 3 81TaDaGo_p318_l914
1125.208 0.05 0 1 0 0 0 0 16 14 0 0 0 E A 3 0 0 0 0 0 0 15 14 0 0 0 E A 3 81TaDaGo_p318_l915
1125.208 0.05 0 0 0 1 0 1 17 1 0 1 1 E E 1 0 0 0 0 0 0 17 0 0 0 0 A A 2 81TaDaGo_p318_l916
-1125.351 0.05 0 0 0 1 0 1 18 0 0 1 1 A E 3 0 0 0 0 0 0 18 1 0 0 0 E A 3 81TaDaGo_p318_l917
1125.351 0.05 0 1 0 0 0 0 19 11 0 0 0 E A 3 0 0 0 0 0 0 18 11 0 0 0 E A 3 81TaDaGo_p318_l918
1125.903 0.05 0 0 0 1 0 1 4 2 0 1 1 E E 3 0 0 0 0 0 0 4 1 0 0 0 E A 3 81TaDaGo_p318_l919
-1125.903 0.05 0 0 0 1 0 1 4 3 0 1 1 A E 3 0 0 0 0 0 0 4 1 0 0 0 E A 3 81TaDaGo_p318_l920
1126.55 0.05 0 0 0 1 0 1 3 3 0 1 1 A E 3 0 0 0 0 0 0 3 2 0 0 0 E A 3 81TaDaGo_p318_l921
1126.55 0.05 0 0 0 1 0 1 6 1 0 1 1 E E 2 0 0 0 0 0 0 6 3 0 0 0 A A 1 81TaDaGo_p318_l922
1126.774 0.05 0 0 0 1 0 1 7 1 0 1 1 E E 1 0 0 0 0 0 0 7 3 0 0 0 A A 2 81TaDaGo_p318_l923
1126.878 0.05 0 0 0 1 0 1 6 4 0 1 1 E E 2 0 0 0 0 0 0 6 0 0 0 0 A A 1 81TaDaGo_p318_l924
1126.878 0.05 0 1 0 0 0 0 20 10 0 0 0 E A 3 0 0 0 0 0 0 19 10 0 0 0 E A 3 81TaDaGo_p318_l925
1126.973 0.05 0 0 0 1 0 1 8 1 0 1 1 E E 2 0 0 0 0 0 0 8 3 0 0 0 A A 1 81TaDaGo_p318_l926
1127.194 0.05 0 0 0 1 0 1 5 3 0 1 1 A E 3 0 0 0 0 0 0 5 1 0 0 0 E A 3 81TaDaGo_p318_l927
1127.194 0.05 0 0 0 1 0 1 9 1 0 1 1 E E 1 0 0 0 0 0 0 9 3 0 0 0 A A 2 81TaDaGo_p318_l928
1127.402 0.05 0 0 0 1 0 1 5 2 0 1 1 E E 3 0 0 0 0 0 0 5 1 0 0 0 E A 3 81TaDaGo_p318_l929
-1127.497 0.05 0 0 0 1 0 1 4 3 0 1 1 A E 3 0 0 0 0 0 0 4 2 0 0 0 E A 3 81TaDaGo_p318_l930
1127.497 0.05 0 0 0 1 0 1 4 2 0 1 1 E E 3 0 0 0 0 0 0 4 2 0 0 0 E A 3 81TaDaGo_p318_l931
1127.649 0.05 0 0 0 1 0 1 11 1 0 1 1 E E 1 0 0 0 0 0 0 11 3 0 0 0 A A 2 81TaDaGo_p318_l932
1128.171 0.104959 0 1 0 0 0 0 18 13 0 0 0 E A 3 0 0 0 0 0 0 17 13 0 0 0 E A 3 81TaDaGo_p318_l933
1128.393 0.05 0 1 0 0 0 0 19 12 0 0 0 A A 2 0 0 0 0 0 0 18 12 0 0 0 A A 1 81TaDaGo_p318_l934
1128.673 0.075878 0 0 0 1 0 1 7 4 0 1 1 E E 1 0 0 0 0 0 0 7 0 0 0 0 A A 2 81TaDaGo_p318_l935
1128.765 0.05 0 0 0 1 0 1 5 3 0 1 1 A E 3 0 0 0 0 0 0 5 2 0 0 0 E A 3 81TaDaGo_p318_l936
1128.765 0.107606 0 1 0 0 0 0 17 14 0 0 0 E A 3 0 0 0 0 0 0 16 14 0 0 0 E A 3 81TaDaGo_p318_l937
1129.007 0.05 0 0 0 1 0 1 4 4 0 1 1 E E 2 0 0 0 0 0 0 4 3 0 0 0 A A 1 81TaDaGo_p318_l938
1129.007 0.05 0 0 0 1 0 1 5 2 0 1 1 E E 3 0 0 0 0 0 0 5 2 0 0 0 E A 3 81TaDaGo_p318_l939
1129.272 0.05 0 0 0 1 0 1 6 2 0 1 1 E E 3 0 0 0 0 0 0 6 1 0 0 0 E A 3 81TaDaGo_p318_l940
1129.421 0.05 0 1 0 0 0 0 20 11 0 0 0 E A 3 0 0 0 0 0 0 19 11 0 0 0 E A 3 81TaDaGo_p318_l941
1130.162 0.05 0 0 0 1 0 1 5 4 0 1 1 E E 2 0 0 0 0 0 0 5 3 0 0 0 A A 1 81TaDaGo_p318_l942
1130.385 0.05 0 0 0 1 0 1 6 3 0 1 1 A E 3 0 0 0 0 0 0 6 2 0 0 0 E A 3 81TaDaGo_p318_l943
1130.522 0.05 0 0 0 1 0 1 1 1 0 1 1 E E 2 0 0 0 0 0 0 0 0 0 0 0 A A 1 81TaDaGo_p318_l944
1130.616 0.05 0 1 0 0 0 0 16 15 0 0 0 A A 2 0 0 0 0 0 0 15 15 0 0 0 A A 1 81TaDaGo_p318_l945
1130.776 0.05 0 0 0 1 0 1 7 3 0 1 1 A E 3 0 0 0 0 0 0 7 1 0 0 0 E A 3 81TaDaGo_p318_l946
1130.855 0.05 0 0 0 1 0 1 8 4 0 1 1 E E 2 0 0 0 0 0 0 8 0 0 0 0 A A 1 81TaDaGo_p318_l947
1130.855 0.05 0 0 0 1 0 1 6 2 0 1 1 E E 3 0 0 0 0 0 0 6 2 0 0 0 E A 3 81TaDaGo_p318_l948
1131.416 0.05 0 0 0 1 0 1 5 5 0 1 1 E E 3 0 0 0 0 0 0 5 4 0 0 0 E A 3 81TaDaGo_p318_l949
1131.416 0.058728 0 0 0 1 0 1 7 2 0 1 1 E E 3 0 0 0 0 0 0 7 1 0 0 0 E A 3 81TaDaGo_p318_l950
1131.628 0.05 0 0 0 1 0 1 6 4 0 1 1 E E 2 0 0 0 0 0 0 6 3 0 0 0 A A 1 81TaDaGo_p318_l951
1131.78 0.05 0 1 0 0 0 0 19 13 0 0 0 E A 3 0 0 0 0 0 0 18 13 0 0 0 E A 3 81TaDaGo_p318_l952
1132.156 0.05 0 1 0 0 0 0 18 14 0 0 0 E A 3 0 0 0 0 0 0 17 14 0 0 0 E A 3 81TaDaGo_p318_l953
1132.344 0.05 0 0 0 1 0 1 7 3 0 1 1 A E 3 0 0 0 0 0 0 7 2 0 0 0 E A 3 81TaDaGo_p318_l954
1132.344 0.05 0 1 0 0 0 0 20 12 0 0 0 A A 2 0 0 0 0 0 0 19 12 0 0 0 A A 1 81TaDaGo_p318_l955
1132.775 0.05 0 0 0 1 0 1 6 5 0 1 1 E E 3 0 0 0 0 0 0 6 4 0 0 0 E A 3 81TaDaGo_p318_l956
1133.041 0.05 0 0 0 1 0 1 7 2 0 1 1 E E 3 0 0 0 0 0 0 7 2 0 0 0 E A 3 81TaDaGo_p318_l957
1133.364 0.07 0 0 0 1 0 1 7 4 0 1 1 E E 2 0 0 0 0 0 0 7 3 0 0 0 A A 1 81TaDaGo_p318_l958
1133.44 0.05 0 0 0 1 0 1 7 4 0 1 1 E E 1 0 0 0 0 0 0 7 3 0 0 0 A A 2 81TaDaGo_p318_l959
1133.66 0.05 0 1 0 0 0 0 17 15 0 0 0 A A 2 0 0 0 0 0 0 16 15 0 0 0 A A 1 81TaDaGo_p318_l960
1133.752 0.05 0 0 0 1 0 1 6 6 0 1 1 A E 3 0 0 0 0 0 0 6 5 0 0 0 E A 3 81TaDaGo_p318_l961
1133.844 0.05 0 0 0 1 0 1 6 0 0 1 1 A E 3 0 0 0 0 0 0 6 5 0 0 0 E A 3 81TaDaGo_p318_l962
1133.951 0.05 0 0 0 1 0 1 8 2 0 1 1 E E 3 0 0 0 0 0 0 8 1 0 0 0 E A 3 81TaDaGo_p318_l963
1134.433 0.05 0 0 0 1 0 1 7 5 0 1 1 E E 3 0 0 0 0 0 0 7 4 0 0 0 E A 3 81TaDaGo_p318_l964
1134.631 0.05 0 0 0 1 0 1 8 3 0 1 1 A E 3 0 0 0 0 0 0 8 2 0 0 0 E A 3 81TaDaGo_p318_l965
1135.331 0.05 0 0 0 1 0 1 7 6 0 1 1 A E 3 0 0 0 0 0 0 7 5 0 0 0 E A 3 81TaDaGo_p318_l966
1135.437 0.05 0 0 0 1 0 1 8 4 0 1 1 E E 1 0 0 0 0 0 0 8 3 0 0 0 A A 2 81TaDaGo_p318_l967
1135.563 0.05 0 0 0 1 0 1 8 4 0 1 1 E E 2 0 0 0 0 0 0 8 3 0 0 0 A A 1 81TaDaGo_p318_l968
1135.659 0.05 0 0 0 1 0 1 9 3 0 1 1 A E 3 0 0 0 0 0 0 9 1 0 0 0 E A 3 81TaDaGo_p318_l969
1135.659 0.05 0 1 0 0 0 0 19 14 0 0 0 E A 3 0 0 0 0 0 0 18 14 0 0 0 E A 3 81TaDaGo_p318_l970
1135.828 0.05 0 0 0 1 0 1 7 1 0 1 1 E E 2 0 0 0 0 0 0 7 3 0 0 0 A A 1 81TaDaGo_p318_l971
1136.035 0.05 0 0 0 1 0 1 7 7 0 1 1 E E 2 0 0 0 0 0 0 7 6 0 0 0 A A 1 81TaDaGo_p318_l972
1136.035 0.05 0 0 0 1 0 1 10 4 0 1 1 E E 2 0 0 0 0 0 0 10 0 0 0 0 A A 1 81TaDaGo_p318_l973
1136.389 0.05 0 0 0 1 0 1 8 5 0 1 1 E E 3 0 0 0 0 0 0 8 4 0 0 0 E A 3 81TaDaGo_p318_l974
1136.68 0.05 0 0 0 1 0 1 9 2 0 1 1 E E 3 0 0 0 0 0 0 9 1 0 0 0 E A 3 81TaDaGo_p318_l975
1136.784 0.05 0 1 0 0 0 0 18 15 0 0 0 A A 2 0 0 0 0 0 0 17 15 0 0 0 A A 1 81TaDaGo_p318_l976
1137.195 0.05 0 0 0 1 0 1 8 6 0 1 1 A E 3 0 0 0 0 0 0 8 5 0 0 0 E A 3 81TaDaGo_p318_l977
1137.195 0.05 0 0 0 1 0 1 9 3 0 1 1 A E 3 0 0 0 0 0 0 9 2 0 0 0 E A 3 81TaDaGo_p318_l978
1137.195 0.05 0 0 0 1 0 1 2 0 0 1 1 A E 3 0 0 0 0 0 0 1 1 0 0 0 E A 3 81TaDaGo_p318_l979
1137.815 0.05 0 0 0 1 0 1 8 7 0 1 1 E E 2 0 0 0 0 0 0 8 6 0 0 0 A A 1 81TaDaGo_p318_l980
1137.815 0.05 0 0 0 1 0 1 9 4 0 1 1 E E 2 0 0 0 0 0 0 9 3 0 0 0 A A 1 81TaDaGo_p318_l981
1137.992 0.05 0 0 0 1 0 1 9 4 0 1 1 E E 1 0 0 0 0 0 0 9 3 0 0 0 A A 2 81TaDaGo_p318_l982
1138.251 0.05 0 0 0 1 0 1 8 8 0 1 1 E E 3 0 0 0 0 0 0 8 7 0 0 0 E A 3 81TaDaGo_p318_l983
1138.251 0.05 0 0 0 1 0 1 9 2 0 1 1 E E 3 0 0 0 0 0 0 9 2 0 0 0 E A 3 81TaDaGo_p318_l984
1138.385 0.05 0 0 0 1 0 1 8 1 0 1 1 E E 1 0 0 0 0 0 0 8 3 0 0 0 A A 2 81TaDaGo_p318_l985
1138.637 0.05 0 0 0 1 0 1 9 5 0 1 1 E E 3 0 0 0 0 0 0 9 4 0 0 0 E A 3 81TaDaGo_p318_l986
1139.027 0.05 0 0 0 1 0 1 11 4 0 1 1 E E 1 0 0 0 0 0 0 11 0 0 0 0 A A 2 81TaDaGo_p318_l987
1139.324 0.05 0 0 0 1 0 1 9 6 0 1 1 A E 3 0 0 0 0 0 0 9 5 0 0 0 E A 3 81TaDaGo_p318_l988
1139.439 0.05 0 1 0 0 0 0 17 16 0 0 0 E A 3 0 0 0 0 0 0 16 16 0 0 0 E A 3 81TaDaGo_p318_l989
1139.624 0.05 0 0 0 1 0 1 10 2 0 1 1 E E 3 0 0 0 0 0 0 10 1 0 0 0 E A 3 81TaDaGo_p318_l990
1139.877 0.05 0 0 0 1 0 1 9 7 0 1 1 E E 2 0 0 0 0 0 0 9 6 0 0 0 A A 1 81TaDaGo_p318_l991
1140.008 0.05 0 0 0 1 0 1 10 3 0 1 1 A E 3 0 0 0 0 0 0 10 2 0 0 0 E A 3 81TaDaGo_p318_l992
1140.008 0.05 0 1 0 0 0 0 19 15 0 0 0 A A 2 0 0 0 0 0 0 18 15 0 0 0 A A 1 81TaDaGo_p318_l993
1140.174 0.05 0 0 0 1 0 1 2 1 0 1 1 E E 1 0 0 0 0 0 0 1 0 0 0 0 A A 2 81TaDaGo_p318_l994
1140.248 0.05 0 0 0 1 0 1 9 8 0 1 1 E E 3 0 0 0 0 0 0 9 7 0 0 0 E A 3 81TaDaGo_p318_l995
1140.413 0.05 0 0 0 1 0 1 9 9 0 1 1 A E 3 0 0 0 0 0 0 9 8 0 0 0 E A 3 81TaDaGo_p318_l996
1140.413 0.05 0 0 0 1 0 1 10 4 0 1 1 E E 1 0 0 0 0 0 0 10 3 0 0 0 A A 2 81TaDaGo_p318_l997
1140.695 0.05 0 0 0 1 0 1 10 4 0 1 1 E E 2 0 0 0 0 0 0 10 3 0 0 0 A A 1 81TaDaGo_p318_l998
1141.16 0.05 0 0 0 1 0 1 10 5 0 1 1 E E 3 0 0 0 0 0 0 10 4 0 0 0 E A 3 81TaDaGo_p318_l999
1162.775 0.079453 0 0 0 1 0 1 17 11 0 1 1 E E 3 0 0 0 0 0 0 17 10 0 0 0 E A 3 81TaDaGo_p319_l1101
-1163.089 0.05 0 0 0 1 0 1 4 3 0 1 1 A E 3 0 0 0 0 0 0 3 2 0 0 0 E A 3 81TaDaGo_p319_l1102
1163.089 0.05 0 0 0 1 0 1 4 2 0 1 1 E E 3 0 0 0 0 0 0 3 2 0 0 0 E A 3 81TaDaGo_p319_l1103
1163.765 0.05 0 0 0 1 0 1 17 10 0 1 1 E E 2 0 0 0 0 0 0 17 9 0 0 0 A A 1 81TaDaGo_p319_l1104
1164.012 0.05 0 0 0 1 0 1 17 9 0 1 1 A E 3 0 0 0 0 0 0 17 8 0 0 0 E A 3 81TaDaGo_p319_l1105
1164.6 0.05 0 0 0 1 0 1 4 4 0 1 1 E E 2 0 0 0 0 0 0 3 3 0 0 0 A A 1 81TaDaGo_p319_l1106
1165.174 0.05 0 0 0 1 0 1 5 0 0 1 1 A E 3 0 0 0 0 0 0 4 1 0 0 0 E A 3 81TaDaGo_p319_l1107
1165.309 0.05 0 0 0 1 0 1 4 1 0 1 1 E E 1 0 0 0 0 0 0 3 3 0 0 0 A A 2 81TaDaGo_p319_l1108
1169.845 0.05 0 0 0 1 0 1 5 4 0 1 1 E E 2 0 0 0 0 0 0 4 0 0 0 0 A A 1 81TaDaGo_p319_l1109
1171.162 0.05 0 0 0 1 0 1 5 1 0 1 1 E E 2 0 0 0 0 0 0 4 0 0 0 0 A A 1 81TaDaGo_p319_l1110
1171.638 0.05 0 0 0 1 0 1 5 3 0 1 1 A E 3 0 0 0 0 0 0 4 1 0 0 0 E A 3 81TaDaGo_p319_l1111
1171.865 0.05 0 0 0 1 0 1 5 2 0 1 1 E E 3 0 0 0 0 0 0 4 1 0 0 0 E A 3 81TaDaGo_p319_l1112
1173.231 0.05 0 0 0 1 0 1 5 3 0 1 1 A E 3 0 0 0 0 0 0 4 2 0 0 0 E A 3 81TaDaGo_p319_l1113
1173.456 0.05 0 0 0 1 0 1 5 2 0 1 1 E E 3 0 0 0 0 0 0 4 2 0 0 0 E A 3 81TaDaGo_p319_l1114
1174.44 0.05 0 0 0 1 0 1 6 0 0 1 1 A E 3 0 0 0 0 0 0 5 1 0 0 0 E A 3 81TaDaGo_p319_l1115
1174.64 0.05 0 0 0 1 0 1 5 4 0 1 1 E E 2 0 0 0 0 0 0 4 3 0 0 0 A A 1 81TaDaGo_p319_l1116
1175.9 0.05 0 0 0 1 0 1 5 5 0 1 1 E E 3 0 0 0 0 0 0 4 4 0 0 0 E A 3 81TaDaGo_p319_l1117
1177.568 0.05 0 0 0 1 0 -1 8 6 0 1 1 A E 3 0 0 0 0 0 0 7 7 0 0 0 E A 3 81TaDaGo_p319_l1118
1179.922 0.05 0 0 0 1 0 1 6 1 0 1 1 E E 2 0 0 0 0 0 0 5 3 0 0 0 A A 1 81TaDaGo_p319_l1119
1180.172 0.05 0 0 0 1 0 1 6 4 0 1 1 E E 1 0 0 0 0 0 0 5 0 0 0 0 A A 2 81TaDaGo_p319_l1120
1181.049 0.05 0 0 0 1 0 -1 8 5 0 1 1 E E 2 0 0 0 0 0 0 7 6 0 0 0 A A 1 81TaDaGo_p319_l1121
1182.085 0.05 0 0 0 1 0 1 6 1 0 1 1 E E 1 0 0 0 0 0 0 5 0 0 0 0 A A 2 81TaDaGo_p319_l1122
1182.591 0.05 0 0 0 1 0 1 6 2 0 1 1 E E 3 0 0 0 0 0 0 5 1 0 0 0 E A 3 81TaDaGo_p319_l1123
1183.711 0.05 0 0 0 1 0 1 6 3 0 1 1 A E 3 0 0 0 0 0 0 5 2 0 0 0 E A 3 81TaDaGo_p319_l1124
1184.179 0.05 0 0 0 1 0 1 6 2 0 1 1 E E 3 0 0 0 0 0 0 5 2 0 0 0 E A 3 81TaDaGo_p319_l1125
1184.179 0.05 0 0 0 1 0 -1 8 4 0 1 1 E E 3 0 0 0 0 0 0 7 5 0 0 0 E A 3 81TaDaGo_p319_l1126
1184.947 0.05 0 0 0 1 0 1 6 4 0 1 1 E E 1 0 0 0 0 0 0 5 3 0 0 0 A A 2 81TaDaGo_p319_l1127
1184.97 0.05 0 0 0 1 0 1 6 4 0 1 1 E E 2 0 0 0 0 0 0 5 3 0 0 0 A A 1 81TaDaGo_p319_l1128
1186.123 0.05 0 0 0 1 0 1 6 5 0 1 1 E E 3 0 0 0 0 0 0 5 4 0 0 0 E A 3 81TaDaGo_p319_l1129
1186.846 0.05 0 0 0 1 0 1 6 1 0 1 1 E E 1 0 0 0 0 0 0 5 3 0 0 0 A A 2 81TaDaGo_p319_l1130
1187.116 0.05 0 0 0 1 0 1 6 6 0 1 1 A E 3 0 0 0 0 0 0 5 5 0 0 0 E A 3 81TaDaGo_p319_l1131
1187.116 0.085488 0 0 0 1 0 1 6 0 0 1 1 A E 3 0 0 0 0 0 0 5 5 0 0 0 E A 3 81TaDaGo_p319_l1132
1187.785 0.05 0 0 0 1 0 -1 9 6 0 1 1 A E 3 0 0 0 0 0 0 8 7 0 0 0 E A 3 81TaDaGo_p319_l1133
1188.944 0.05 0 0 0 1 0 1 7 1 0 1 1 E E 1 0 0 0 0 0 0 6 3 0 0 0 A A 2 81TaDaGo_p319_l1134
1190.799 0.06 0 0 0 1 0 1 7 4 0 1 1 E E 2 0 0 0 0 0 0 6 0 0 0 0 A A 1 81TaDaGo_p319_l1135
1191.095 0.05 0 0 0 1 0 -1 9 5 0 1 1 E E 2 0 0 0 0 0 0 8 6 0 0 0 A A 1 81TaDaGo_p319_l1136
1192.933 0.05 0 0 0 1 0 1 7 3 0 1 1 A E 3 0 0 0 0 0 0 6 1 0 0 0 E A 3 81TaDaGo_p319_l1137
1193.26 0.05 0 0 0 1 0 1 7 1 0 1 1 E E 2 0 0 0 0 0 0 6 0 0 0 0 A A 1 81TaDaGo_p319_l1138
1193.627 0.05 0 0 0 1 0 1 7 2 0 1 1 E E 3 0 0 0 0 0 0 6 1 0 0 0 E A 3 81TaDaGo_p319_l1139
1194.513 0.05 0 0 0 1 0 1 7 3 0 1 1 A E 3 0 0 0 0 0 0 6 2 0 0 0 E A 3 81TaDaGo_p319_l1140
1195.205 0.05 0 0 0 1 0 1 7 2 0 1 1 E E 3 0 0 0 0 0 0 6 2 0 0 0 E A 3 81TaDaGo_p319_l1141
1195.543 0.064208 0 0 0 1 0 1 7 4 0 1 1 E E 2 0 0 0 0 0 0 6 3 0 0 0 A A 1 81TaDaGo_p319_l1142
1195.618 0.05 0 0 0 1 0 1 7 4 0 1 1 E E 1 0 0 0 0 0 0 6 3 0 0 0 A A 2 81TaDaGo_p319_l1143
1196.626 0.05 0 0 0 1 0 1 7 5 0 1 1 E E 3 0 0 0 0 0 0 6 4 0 0 0 E A 3 81TaDaGo_p319_l1144
1197.223 0.05 0 0 0 1 0 -1 11 9 0 1 1 A E 3 0 0 0 0 0 0 10 10 0 0 0 E A 3 81TaDaGo_p319_l1145
1197.543 0.05 0 0 0 1 0 1 7 6 0 1 1 A E 3 0 0 0 0 0 0 6 5 0 0 0 E A 3 81TaDaGo_p319_l1146
1197.947 0.05 0 0 0 1 0 1 8 1 0 1 1 E E 2 0 0 0 0 0 0 7 3 0 0 0 A A 1 81TaDaGo_p319_l1147
1197.947 0.05 0 0 0 1 0 -1 10 6 0 1 1 A E 3 0 0 0 0 0 0 9 7 0 0 0 E A 3 81TaDaGo_p319_l1148
1198.287 0.05 0 0 0 1 0 1 7 7 0 1 1 E E 2 0 0 0 0 0 0 6 6 0 0 0 A A 1 81TaDaGo_p319_l1149
1201.062 0.05 0 0 0 1 0 -1 10 5 0 1 1 E E 2 0 0 0 0 0 0 9 6 0 0 0 A A 1 81TaDaGo_p319_l1150
1201.165 0.05 0 0 0 1 0 -1 11 8 0 1 1 E E 2 0 0 0 0 0 0 10 9 0 0 0 A A 1 81TaDaGo_p319_l1151
1203.851 0.05 0 0 0 1 0 -1 10 4 0 1 1 E E 3 0 0 0 0 0 0 9 5 0 0 0 E A 3 81TaDaGo_p319_l1152
1203.851 0.05 0 0 0 1 0 -1 10 2 0 1 1 E E 1 0 0 0 0 0 0 9 0 0 0 0 A A 2 81TaDaGo_p319_l1153
1204.657 0.05 0 0 0 1 0 1 8 1 0 1 1 E E 1 0 0 0 0 0 0 7 0 0 0 0 A A 2 81TaDaGo_p319_l1154
1204.747 0.05 0 0 0 1 0 -1 11 7 0 1 1 E E 3 0 0 0 0 0 0 10 8 0 0 0 E A 3 81TaDaGo_p319_l1155
1204.927 0.05 0 0 0 1 0 1 8 2 0 1 1 E E 3 0 0 0 0 0 0 7 1 0 0 0 E A 3 81TaDaGo_p319_l1156
1205.615 0.05 0 0 0 1 0 1 8 3 0 1 1 A E 3 0 0 0 0 0 0 7 2 0 0 0 E A 3 81TaDaGo_p319_l1157
1206.434 0.05 0 0 0 1 0 1 8 4 0 1 1 E E 1 0 0 0 0 0 0 7 3 0 0 0 A A 2 81TaDaGo_p319_l1158
1206.56 0.05 0 0 0 1 0 1 8 4 0 1 1 E E 2 0 0 0 0 0 0 7 3 0 0 0 A A 1 81TaDaGo_p319_l1159
1206.984 0.05 0 0 0 1 0 1 9 1 0 1 1 E E 1 0 0 0 0 0 0 8 3 0 0 0 A A 2 81TaDaGo_p319_l1160
1207.404 0.05 0 0 0 1 0 1 8 5 0 1 1 E E 3 0 0 0 0 0 0 7 4 0 0 0 E A 3 81TaDaGo_p319_l1161
1207.797 0.05 0 0 0 1 0 -1 12 9 0 1 1 A E 3 0 0 0 0 0 0 11 10 0 0 0 E A 3 81TaDaGo_p319_l1162
1207.994 0.05 0 0 0 1 0 -1 11 6 0 1 1 A E 3 0 0 0 0 0 0 10 7 0 0 0 E A 3 81TaDaGo_p319_l1163
1208.226 0.05 0 0 0 1 0 1 8 6 0 1 1 A E 3 0 0 0 0 0 0 7 5 0 0 0 E A 3 81TaDaGo_p319_l1164
1208.895 0.05 0 0 0 1 0 1 8 7 0 1 1 E E 2 0 0 0 0 0 0 7 6 0 0 0 A A 1 81TaDaGo_p319_l1165
1209.355 0.05 0 0 0 1 0 1 8 8 0 1 1 E E 3 0 0 0 0 0 0 7 7 0 0 0 E A 3 81TaDaGo_p319_l1166
1210.932 0.05 0 0 0 1 0 -1 11 5 0 1 1 E E 2 0 0 0 0 0 0 10 6 0 0 0 A A 1 81TaDaGo_p319_l1167
1211.498 0.05 0 0 0 1 0 -1 12 8 0 1 1 E E 2 0 0 0 0 0 0 11 9 0 0 0 A A 1 81TaDaGo_p319_l1168
1213.549 0.05 0 0 0 1 0 -1 11 4 0 1 1 E E 3 0 0 0 0 0 0 10 5 0 0 0 E A 3 81TaDaGo_p319_l1169
1214.402 0.05 0 0 0 1 0 -1 13 10 0 1 1 E E 3 0 0 0 0 0 0 12 11 0 0 0 E A 3 81TaDaGo_p319_l1170
1214.871 0.05 0 0 0 1 0 -1 12 7 0 1 1 E E 3 0 0 0 0 0 0 11 8 0 0 0 E A 3 81TaDaGo_p319_l1171
1215.957 0.05 0 0 0 1 0 1 10 1 0 1 1 E E 2 0 0 0 0 0 0 9 3 0 0 0 A A 1 81TaDaGo_p319_l1172
1216.25 0.05 0 0 0 1 0 1 9 1 0 1 1 E E 2 0 0 0 0 0 0 8 0 0 0 0 A A 1 81TaDaGo_p319_l1173
1216.447 0.05 0 0 0 1 0 1 9 2 0 1 1 E E 3 0 0 0 0 0 0 8 1 0 0 0 E A 3 81TaDaGo_p319_l1174
1216.976 0.05 0 0 0 1 0 1 9 3 0 1 1 A E 3 0 0 0 0 0 0 8 2 0 0 0 E A 3 81TaDaGo_p319_l1175
1217.595 0.05 0 0 0 1 0 1 9 4 0 1 1 E E 2 0 0 0 0 0 0 8 3 0 0 0 A A 1 81TaDaGo_p319_l1176
1217.784 0.05 0 0 0 1 0 1 9 4 0 1 1 E E 1 0 0 0 0 0 0 8 3 0 0 0 A A 2 81TaDaGo_p319_l1177
1217.932 0.05 0 0 0 1 0 -1 12 6 0 1 1 A E 3 0 0 0 0 0 0 11 7 0 0 0 E A 3 81TaDaGo_p319_l1178
1218.214 0.05 0 0 0 1 0 -1 13 9 0 1 1 A E 3 0 0 0 0 0 0 12 10 0 0 0 E A 3 81TaDaGo_p319_l1179
1218.45 0.05 0 0 0 1 0 1 9 5 0 1 1 E E 3 0 0 0 0 0 0 8 4 0 0 0 E A 3 81TaDaGo_p319_l1180
1219.166 0.05 0 0 0 1 0 1 9 6 0 1 1 A E 3 0 0 0 0 0 0 8 5 0 0 0 E A 3 81TaDaGo_p319_l1181
1219.75 0.05 0 0 0 1 0 1 9 7 0 1 1 E E 2 0 0 0 0 0 0 8 6 0 0 0 A A 1 81TaDaGo_p319_l1182
1220.165 0.05 0 0 0 1 0 1 9 8 0 1 1 E E 3 0 0 0 0 0 0 8 7 0 0 0 E A 3 81TaDaGo_p319_l1183
1220.363 0.05 0 0 0 1 0 1 9 9 0 1 1 A E 3 0 0 0 0 0 0 8 8 0 0 0 E A 3 81TaDaGo_p319_l1184
1220.694 0.05 0 0 0 1 0 -1 12 5 0 1 1 E E 2 0 0 0 0 0 0 11 6 0 0 0 A A 1 81TaDaGo_p319_l1185
1220.969 0.05 0 0 0 1 0 -1 14 11 0 1 1 E E 2 0 0 0 0 0 0 13 12 0 0 0 A A 1 81TaDaGo_p319_l1186
1221.695 0.05 0 0 0 1 0 -1 13 8 0 1 1 E E 2 0 0 0 0 0 0 12 9 0 0 0 A A 1 81TaDaGo_p319_l1187
1223.137 0.05 0 0 0 1 0 -1 12 4 0 1 1 E E 3 0 0 0 0 0 0 11 5 0 0 0 E A 3 81TaDaGo_p319_l1188
1224.883 0.05 0 0 0 1 0 -1 13 7 0 1 1 E E 3 0 0 0 0 0 0 12 8 0 0 0 E A 3 81TaDaGo_p319_l1189
1224.883 0.05 0 0 0 1 0 -1 14 10 0 1 1 E E 3 0 0 0 0 0 0 13 11 0 0 0 E A 3 81TaDaGo_p319_l1190
1227.169 0.05 0 0 0 1 0 -1 12 2 0 1 1 E E 1 0 0 0 0 0 0 11 3 0 0 0 A A 2 81TaDaGo_p319_l1191
1227.761 0.05 0 0 0 1 0 1 11 0 0 1 1 A E 3 0 0 0 0 0 0 10 4 0 0 0 E A 3 81TaDaGo_p319_l1192
1227.761 0.05 0 0 0 1 0 -1 13 6 0 1 1 A E 3 0 0 0 0 0 0 12 7 0 0 0 E A 3 81TaDaGo_p319_l1193
1228.012 0.05 0 0 0 1 0 1 10 1 0 1 1 E E 1 0 0 0 0 0 0 9 0 0 0 0 A A 2 81TaDaGo_p319_l1194
1228.159 0.05 0 0 0 1 0 1 10 2 0 1 1 E E 3 0 0 0 0 0 0 9 1 0 0 0 E A 3 81TaDaGo_p319_l1195
1228.564 0.05 0 0 0 1 0 1 10 3 0 1 1 A E 3 0 0 0 0 0 0 9 2 0 0 0 E A 3 81TaDaGo_p319_l1196
1228.99 0.05 0 0 0 1 0 1 10 4 0 1 1 E E 1 0 0 0 0 0 0 9 3 0 0 0 A A 2 81TaDaGo_p319_l1197
1229.255 0.05 0 0 0 1 0 1 10 4 0 1 1 E E 2 0 0 0 0 0 0 9 3 0 0 0 A A 1 81TaDaGo_p319_l1198
1229.743 0.05 0 0 0 1 0 1 10 5 0 1 1 E E 3 0 0 0 0 0 0 9 4 0 0 0 E A 3 81TaDaGo_p319_l1199
1230.096 0.05 0 0 0 1 0 1 10 1 0 1 1 E E 2 0 0 0 0 0 0 9 6 0 0 0 A A 1 81TaDaGo_p319_l1200
1230.347 0.05 0 0 0 1 0 1 10 6 0 1 1 A E 3 0 0 0 0 0 0 9 5 0 0 0 E A 3 81TaDaGo_p319_l1201
1230.867 0.05 0 0 0 1 0 1 10 7 0 1 1 E E 2 0 0 0 0 0 0 9 6 0 0 0 A A 1 81TaDaGo_p319_l1202
1231.206 0.05 0 0 0 1 0 1 10 8 0 1 1 E E 3 0 0 0 0 0 0 9 7 0 0 0 E A 3 81TaDaGo_p319_l1203
1231.291 0.05 0 0 0 1 0 1 10 10 0 1 1 E E 2 0 0 0 0 0 0 9 9 0 0 0 A A 1 81TaDaGo_p319_l1204
1231.361 0.05 0 0 0 1 0 1 10 9 0 1 1 A E 3 0 0 0 0 0 0 9 8 0 0 0 E A 3 81TaDaGo_p319_l1205
1231.751 0.05 0 0 0 1 0 -1 14 8 0 1 1 E E 2 0 0 0 0 0 0 13 9 0 0 0 A A 1 81TaDaGo_p319_l1206
1233.903 0.05 0 0 0 1 0 1 12 1 0 1 1 E E 2 0 0 0 0 0 0 11 3 0 0 0 A A 1 81TaDaGo_p319_l1207
1239.921 0.05 0 0 0 1 0 1 11 1 0 1 1 E E 2 0 0 0 0 0 0 10 0 0 0 0 A A 1 81TaDaGo_p319_l1208
1240.028 0.05 0 0 0 1 0 1 11 2 0 1 1 E E 3 0 0 0 0 0 0 10 1 0 0 0 E A 3 81TaDaGo_p319_l1209
1240.333 0.05 0 0 0 1 0 1 11 3 0 1 1 A E 3 0 0 0 0 0 0 10 2 0 0 0 E A 3 81TaDaGo_p319_l1210
1240.59 0.05 0 0 0 1 0 1 11 4 0 1 1 E E 2 0 0 0 0 0 0 10 3 0 0 0 A A 1 81TaDaGo_p319_l1211
1240.937 0.05 0 0 0 1 0 1 11 4 0 1 1 E E 1 0 0 0 0 0 0 10 3 0 0 0 A A 2 81TaDaGo_p319_l1212
1241.257 0.05 0 0 0 1 0 1 11 5 0 1 1 E E 3 0 0 0 0 0 0 10 4 0 0 0 E A 3 81TaDaGo_p319_l1213
1241.75 0.05 0 0 0 1 0 1 11 6 0 1 1 A E 3 0 0 0 0 0 0 10 5 0 0 0 E A 3 81TaDaGo_p319_l1214
1242.158 0.05 0 0 0 1 0 1 11 11 0 1 1 E E 3 0 0 0 0 0 0 10 10 0 0 0 E A 3 81TaDaGo_p319_l1215
1242.158 0.05 0 0 0 1 0 1 11 7 0 1 1 E E 2 0 0 0 0 0 0 10 6 0 0 0 A A 1 81TaDaGo_p319_l1216
1242.461 0.05 0 0 0 1 0 1 11 10 0 1 1 E E 2 0 0 0 0 0 0 10 9 0 0 0 A A 1 81TaDaGo_p319_l1217
1242.461 0.05 0 0 0 1 0 1 11 8 0 1 1 E E 3 0 0 0 0 0 0 10 7 0 0 0 E A 3 81TaDaGo_p319_l1218
1242.567 0.05 0 0 0 1 0 1 11 9 0 1 1 A E 3 0 0 0 0 0 0 10 8 0 0 0 E A 3 81TaDaGo_p319_l1219
1242.911 0.05 0 0 0 1 0 1 13 1 0 1 1 E E 1 0 0 0 0 0 0 12 3 0 0 0 A A 2 81TaDaGo_p319_l1220
1251.939 0.05 0 0 0 1 0 1 12 1 0 1 1 E E 1 0 0 0 0 0 0 11 0 0 0 0 A A 2 81TaDaGo_p319_l1221
1252.027 0.05 0 0 0 1 0 1 12 2 0 1 1 E E 3 0 0 0 0 0 0 11 1 0 0 0 E A 3 81TaDaGo_p319_l1222
1252.255 0.05 0 0 0 1 0 1 12 3 0 1 1 A E 3 0 0 0 0 0 0 11 2 0 0 0 E A 3 81TaDaGo_p319_l1223
1252.358 0.05 0 0 0 1 0 1 12 4 0 1 1 E E 1 0 0 0 0 0 0 11 3 0 0 0 A A 2 81TaDaGo_p319_l1224
1252.802 0.05 0 0 0 1 0 1 12 4 0 1 1 E E 2 0 0 0 0 0 0 11 3 0 0 0 A A 1 81TaDaGo_p319_l1225
1252.884 0.05 0 0 0 1 0 1 12 12 0 1 1 A E 3 0 0 0 0 0 0 11 11 0 0 0 E A 3 81TaDaGo_p319_l1226
1252.956 0.05 0 0 0 1 0 1 12 5 0 1 1 E E 3 0 0 0 0 0 0 11 4 0 0 0 E A 3 81TaDaGo_p319_l1227
1253.352 0.05 0 0 0 1 0 1 12 6 0 1 1 A E 3 0 0 0 0 0 0 11 5 0 0 0 E A 3 81TaDaGo_p319_l1228
1253.504 0.05 0 0 0 1 0 1 12 11 0 1 1 E E 3 0 0 0 0 0 0 11 10 0 0 0 E A 3 81TaDaGo_p319_l1229
1253.679 0.05 0 0 0 1 0 1 12 7 0 1 1 E E 2 0 0 0 0 0 0 11 6 0 0 0 A A 1 81TaDaGo_p319_l1230
1253.679 0.05 0 0 0 1 0 1 12 8 0 1 1 E E 3 0 0 0 0 0 0 11 7 0 0 0 E A 3 81TaDaGo_p319_l1231
1253.855 0.05 0 0 0 1 0 1 12 10 0 1 1 E E 2 0 0 0 0 0 0 11 9 0 0 0 A A 1 81TaDaGo_p319_l1232
1253.965 0.05 0 0 0 1 0 1 12 9 0 1 1 A E 3 0 0 0 0 0 0 11 8 0 0 0 E A 3 81TaDaGo_p319_l1233
1254.155 0.05 0 0 0 1 0 1 12 0 0 1 1 A E 3 0 0 0 0 0 0 11 7 0 0 0 E A 3 81TaDaGo_p319_l1234
1263.548 0.05 0 0 0 1 0 1 13 13 0 1 1 E E 2 0 0 0 0 0 0 12 12 0 0 0 A A 1 81TaDaGo_p319_l1235
1264.072 0.05 0 0 0 1 0 1 13 1 0 1 1 E E 2 0 0 0 0 0 0 12 0 0 0 0 A A 1 81TaDaGo_p319_l1236
1264.127 0.05 0 0 0 1 0 1 13 2 0 1 1 E E 3 0 0 0 0 0 0 12 1 0 0 0 E A 3 81TaDaGo_p319_l1237
1264.279 0.05 0 0 0 1 0 1 13 4 0 1 1 E E 2 0 0 0 0 0 0 12 3 0 0 0 A A 1 81TaDaGo_p319_l1238
1264.279 0.05 0 0 0 1 0 1 13 3 0 1 1 A E 3 0 0 0 0 0 0 12 2 0 0 0 E A 3 81TaDaGo_p319_l1239
1264.445 0.05 0 0 0 1 0 1 13 12 0 1 1 A E 3 0 0 0 0 0 0 12 11 0 0 0 E A 3 81TaDaGo_p319_l1240
1264.815 0.05 0 0 0 1 0 1 13 5 0 1 1 E E 3 0 0 0 0 0 0 12 4 0 0 0 E A 3 81TaDaGo_p319_l1241
1264.815 0.05 0 0 0 1 0 1 13 4 0 1 1 E E 1 0 0 0 0 0 0 12 3 0 0 0 A A 2 81TaDaGo_p319_l1242
1265.049 0.05 0 0 0 1 0 1 13 11 0 1 1 E E 3 0 0 0 0 0 0 12 10 0 0 0 E A 3 81TaDaGo_p319_l1243
1265.118 0.05 0 0 0 1 0 1 13 6 0 1 1 A E 3 0 0 0 0 0 0 12 5 0 0 0 E A 3 81TaDaGo_p319_l1244
1265.39 0.05 0 0 0 1 0 1 13 10 0 1 1 E E 2 0 0 0 0 0 0 12 9 0 0 0 A A 1 81TaDaGo_p319_l1245
1265.39 0.05 0 0 0 1 0 1 13 7 0 1 1 E E 2 0 0 0 0 0 0 12 6 0 0 0 A A 1 81TaDaGo_p319_l1246
1265.54 0.05 0 0 0 1 0 1 13 9 0 1 1 A E 3 0 0 0 0 0 0 12 8 0 0 0 E A 3 81TaDaGo_p319_l1247
1265.54 0.05 0 0 0 1 0 1 13 8 0 1 1 E E 3 0 0 0 0 0 0 12 7 0 0 0 E A 3 81TaDaGo_p319_l1248
1274.12 0.05 0 0 0 1 0 1 14 14 0 1 1 E E 3 0 0 0 0 0 0 13 13 0 0 0 E A 3 81TaDaGo_p319_l1249
1275.296 0.05 0 0 0 1 0 1 14 13 0 1 1 E E 2 0 0 0 0 0 0 13 12 0 0 0 A A 1 81TaDaGo_p319_l1250
1276.159 0.05 0 0 0 1 0 1 14 12 0 1 1 A E 3 0 0 0 0 0 0 13 11 0 0 0 E A 3 81TaDaGo_p319_l1251
1276.279 0.05 0 0 0 1 0 1 14 4 0 1 1 E E 1 0 0 0 0 0 0 13 3 0 0 0 A A 2 81TaDaGo_p319_l1252
1276.279 0.05 0 0 0 1 0 1 14 2 0 1 1 E E 3 0 0 0 0 0 0 13 1 0 0 0 E A 3 81TaDaGo_p319_l1253
1276.279 0.05 0 0 0 1 0 1 14 1 0 1 1 E E 1 0 0 0 0 0 0 13 0 0 0 0 A A 2 81TaDaGo_p319_l1254
1276.449 0.05 0 0 0 1 0 1 14 3 0 1 1 A E 3 0 0 0 0 0 0 13 2 0 0 0 E A 3 81TaDaGo_p319_l1255
1276.751 0.05 0 0 0 1 0 1 14 11 0 1 1 E E 3 0 0 0 0 0 0 13 10 0 0 0 E A 3 81TaDaGo_p319_l1256
1276.751 0.05 0 0 0 1 0 -1 14 1 0 1 1 E E 3 0 0 0 0 0 0 13 8 0 0 0 E A 3 81TaDaGo_p319_l1257
1276.751 0.058829 0 0 0 1 0 1 14 5 0 1 1 E E 3 0 0 0 0 0 0 13 4 0 0 0 E A 3 81TaDaGo_p319_l1258
1276.942 0.05 0 0 0 1 0 1 14 4 0 1 1 E E 2 0 0 0 0 0 0 13 3 0 0 0 A A 1 81TaDaGo_p319_l1259
1277.087 0.05 0 0 0 1 0 1 14 10 0 1 1 E E 2 0 0 0 0 0 0 13 9 0 0 0 A A 1 81TaDaGo_p319_l1260
1277.087 0.061340 0 0 0 1 0 1 14 6 0 1 1 A E 3 0 0 0 0 0 0 13 5 0 0 0 E A 3 81TaDaGo_p319_l1261
1277.214 0.05 0 0 0 1 0 1 14 7 0 1 1 E E 2 0 0 0 0 0 0 13 6 0 0 0 A A 1 81TaDaGo_p319_l1262
1277.334 0.05 0 0 0 1 0 1 14 8 0 1 1 E E 3 0 0 0 0 0 0 13 7 0 0 0 E A 3 81TaDaGo_p319_l1263
1277.63 0.05 0 0 0 1 0 1 14 9 0 1 1 A E 3 0 0 0 0 0 0 13 8 0 0 0 E A 3 81TaDaGo_p319_l1264
1284.599 0.05 0 0 0 1 0 1 15 15 0 1 1 A E 3 0 0 0 0 0 0 14 14 0 0 0 E A 3 81TaDaGo_p319_l1265
1286.055 0.05 0 0 0 1 0 1 15 14 0 1 1 E E 3 0 0 0 0 0 0 14 13 0 0 0 E A 3 81TaDaGo_p319_l1266
1287.174 0.05 0 0 0 1 0 1 15 13 0 1 1 E E 2 0 0 0 0 0 0 14 12 0 0 0 A A 1 81TaDaGo_p319_l1267
1287.998 0.05 0 0 0 1 0 1 15 12 0 1 1 A E 3 0 0 0 0 0 0 14 11 0 0 0 E A 3 81TaDaGo_p319_l1268
1288.368 0.05 0 0 0 1 0 1 15 4 0 1 1 E E 2 0 0 0 0 0 0 14 3 0 0 0 A A 1 81TaDaGo_p319_l1269
1288.56 0.05 0 0 0 1 0 1 15 11 0 1 1 E E 3 0 0 0 0 0 0 14 10 0 0 0 E A 3 81TaDaGo_p319_l1270
1288.67 0.07 0 0 0 1 0 1 15 2 0 1 1 E E 3 0 0 0 0 0 0 14 1 0 0 0 E A 3 81TaDaGo_p319_l1271
1288.67 0.05 0 0 0 1 0 1 15 3 0 1 1 A E 3 0 0 0 0 0 0 14 2 0 0 0 E A 3 81TaDaGo_p319_l1272
1288.838 0.05 0 0 0 1 0 1 15 10 0 1 1 E E 2 0 0 0 0 0 0 14 9 0 0 0 A A 1 81TaDaGo_p319_l1273
1288.838 0.058524 0 0 0 1 0 1 15 5 0 1 1 E E 3 0 0 0 0 0 0 14 4 0 0 0 E A 3 81TaDaGo_p319_l1274
1289.056 0.05 0 0 0 1 0 1 15 6 0 1 1 A E 3 0 0 0 0 0 0 14 5 0 0 0 E A 3 81TaDaGo_p319_l1275
1289.174 0.05 0 0 0 1 0 1 15 7 0 1 1 E E 2 0 0 0 0 0 0 14 6 0 0 0 A A 1 81TaDaGo_p319_l1276
1289.174 0.05 0 0 0 1 0 1 15 4 0 1 1 E E 1 0 0 0 0 0 0 14 3 0 0 0 A A 2 81TaDaGo_p319_l1277
1289.242 0.05 0 0 0 1 0 1 15 9 0 1 1 A E 3 0 0 0 0 0 0 14 8 0 0 0 E A 3 81TaDaGo_p319_l1278
1289.242 0.05 0 0 0 1 0 1 15 8 0 1 1 E E 3 0 0 0 0 0 0 14 7 0 0 0 E A 3 81TaDaGo_p319_l1279
1294.978 0.05 0 0 0 1 0 1 16 16 0 1 1 E E 2 0 0 0 0 0 0 15 15 0 0 0 A A 1 81TaDaGo_p319_l1280
1296.718 0.05 0 0 0 1 0 1 16 15 0 1 1 A E 3 0 0 0 0 0 0 15 14 0 0 0 E A 3 81TaDaGo_p319_l1281
1298.097 0.05 0 0 0 1 0 1 16 14 0 1 1 E E 3 0 0 0 0 0 0 15 13 0 0 0 E A 3 81TaDaGo_p319_l1282
1299.156 0.05 0 0 0 1 0 1 16 13 0 1 1 E E 2 0 0 0 0 0 0 15 12 0 0 0 A A 1 81TaDaGo_p319_l1283
1299.936 0.05 0 0 0 1 0 1 16 12 0 1 1 A E 3 0 0 0 0 0 0 15 11 0 0 0 E A 3 81TaDaGo_p319_l1284
1300.445 0.05 0 0 0 1 0 1 16 11 0 1 1 E E 3 0 0 0 0 0 0 15 10 0 0 0 E A 3 81TaDaGo_p319_l1285
1300.961 0.05 0 0 0 1 0 1 16 2 0 1 1 E E 3 0 0 0 0 0 0 15 1 0 0 0 E A 3 81TaDaGo_p319_l1286
1301.206 0.05 0 0 0 1 0 1 16 9 0 1 1 A E 3 0 0 0 0 0 0 15 8 0 0 0 E A 3 81TaDaGo_p319_l1287
1301.274 0.158279 0 0 0 1 0 1 16 10 0 1 1 E E 2 0 0 0 0 0 0 15 9 0 0 0 A A 1 81TaDaGo_p319_l1288
1301.274 0.05 0 0 0 1 0 1 16 8 0 1 1 E E 3 0 0 0 0 0 0 15 7 0 0 0 E A 3 81TaDaGo_p319_l1289
1305.255 0.05 0 0 0 1 0 1 17 17 0 1 1 E E 3 0 0 0 0 0 0 16 16 0 0 0 E A 3 81TaDaGo_p319_l1290
1307.283 0.05 0 0 0 1 0 1 17 16 0 1 1 E E 2 0 0 0 0 0 0 16 15 0 0 0 A A 1 81TaDaGo_p319_l1291
1308.922 0.05 0 0 0 1 0 1 17 15 0 1 1 A E 3 0 0 0 0 0 0 16 14 0 0 0 E A 3 81TaDaGo_p319_l1292
1310.212 0.05 0 0 0 1 0 1 17 14 0 1 1 E E 3 0 0 0 0 0 0 16 13 0 0 0 E A 3 81TaDaGo_p319_l1293
1311.212 0.05 0 0 0 1 0 1 17 13 0 1 1 E E 2 0 0 0 0 0 0 16 12 0 0 0 A A 1 81TaDaGo_p319_l1294
1311.931 0.05 0 0 0 1 0 1 17 12 0 1 1 A E 3 0 0 0 0 0 0 16 11 0 0 0 E A 3 81TaDaGo_p319_l1295
1312.13 0.05 0 0 0 1 0 1 17 11 0 1 1 E E 3 0 0 0 0 0 0 16 10 0 0 0 E A 3 81TaDaGo_p319_l1296
-1312.956 0.05 0 0 0 1 0 1 17 10 0 1 1 E E 1 0 0 0 0 0 0 16 9 0 0 0 A A 2 81TaDaGo_p319_l1297
1313.098 0.05 0 0 0 1 0 1 17 10 0 1 1 E E 2 0 0 0 0 0 0 16 9 0 0 0 A A 1 81TaDaGo_p319_l1298
1313.244 0.05 0 0 0 1 0 1 17 9 0 1 1 A E 3 0 0 0 0 0 0 16 8 0 0 0 E A 3 81TaDaGo_p319_l1299
1313.342 0.05 0 0 0 1 0 1 17 7 0 1 1 E E 2 0 0 0 0 0 0 16 6 0 0 0 A A 1 81TaDaGo_p319_l1300
1313.342 0.05 0 0 0 1 0 1 17 8 0 1 1 E E 3 0 0 0 0 0 0 16 7 0 0 0 E A 3 81TaDaGo_p319_l1301
-1315.43 0.05 0 0 0 1 0 1 18 18 0 1 1 A E 3 0 0 0 0 0 0 17 17 0 0 0 E A 3 81TaDaGo_p319_l1302
1317.747 0.05 0 0 0 1 0 1 18 17 0 1 1 E E 3 0 0 0 0 0 0 17 16 0 0 0 E A 3 81TaDaGo_p319_l1303
1319.646 0.05 0 0 0 1 0 1 18 16 0 1 1 E E 2 0 0 0 0 0 0 17 15 0 0 0 A A 1 81TaDaGo_p319_l1304
1321.181 0.05 0 0 0 1 0 1 18 15 0 1 1 A E 3 0 0 0 0 0 0 17 14 0 0 0 E A 3 81TaDaGo_p319_l1305
1322.391 0.05 0 0 0 1 0 1 18 14 0 1 1 E E 3 0 0 0 0 0 0 17 13 0 0 0 E A 3 81TaDaGo_p319_l1306
1323.308 0.05 0 0 0 1 0 1 18 13 0 1 1 E E 2 0 0 0 0 0 0 17 12 0 0 0 A A 1 81TaDaGo_p319_l1307
1323.866 0.05 0 0 0 1 0 1 18 12 0 1 1 A E 3 0 0 0 0 0 0 17 11 0 0 0 E A 3 81TaDaGo_p319_l1308
1324.937 0.05 0 0 0 1 0 1 18 11 0 1 1 E E 3 0 0 0 0 0 0 17 10 0 0 0 E A 3 81TaDaGo_p319_l1309
1325.501 0.05 0 0 0 1 0 1 19 19 0 1 1 E E 2 0 0 0 0 0 0 18 18 0 0 0 A A 1 81TaDaGo_p319_l1310
1328.109 0.05 0 0 0 1 0 1 19 18 0 1 1 A E 3 0 0 0 0 0 0 18 17 0 0 0 E A 3 81TaDaGo_p319_l1311
1330.272 0.05 0 0 0 1 0 1 19 17 0 1 1 E E 3 0 0 0 0 0 0 18 16 0 0 0 E A 3 81TaDaGo_p319_l1312
1332.039 0.05 0 0 0 1 0 1 19 16 0 1 1 E E 2 0 0 0 0 0 0 18 15 0 0 0 A A 1 81TaDaGo_p319_l1313
1333.465 0.05 0 0 0 1 0 1 19 15 0 1 1 A E 3 0 0 0 0 0 0 18 14 0 0 0 E A 3 81TaDaGo_p319_l1314
1334.585 0.05 0 0 0 1 0 1 19 14 0 1 1 E E 3 0 0 0 0 0 0 18 13 0 0 0 E A 3 81TaDaGo_p319_l1315
-1335.366 0.05 0 0 0 1 0 1 20 20 0 1 1 E E 3 0 0 0 0 0 0 19 19 0 0 0 E A 3 81TaDaGo_p319_l1316
1338.366 0.05 0 0 0 1 0 1 20 19 0 1 1 E E 2 0 0 0 0 0 0 19 18 0 0 0 A A 1 81TaDaGo_p319_l1317
-1340.792 0.05 0 0 0 1 0 1 20 16 0 1 1 E E 3 0 0 0 0 0 0 19 17 0 0 0 E A 3 81TaDaGo_p319_l1318
2184.0785 0.005 0 0 1 0 1 0 13 13 1 0 1 E E 2 0 0 0 0 0 0 14 12 0 0 0 A A 1 80BaMaNa_l1_a2
2184.8219 0.005 0 0 1 0 1 0 13 12 1 0 1 A E 3 0 0 0 0 0 0 14 11 0 0 0 E A 3 80BaMaNa_l2
2185.5191 0.007615 0 0 1 0 1 0 13 11 1 0 1 E E 3 0 0 0 0 0 0 14 10 0 0 0 E A 3 80BaMaNa_l3
2186.1397 0.005 0 0 1 0 1 0 13 10 1 0 1 E E 2 0 0 0 0 0 0 14 9 0 0 0 A A 1 80BaMaNa_l4_a2
-2186.3028 0.01 1 0 0 0 0 0 13 2 0 0 0 E A 3 0 0 0 0 0 0 14 1 0 0 0 E A 3 80BaMaNa_l5_a
-2187.0589 0.005 0 0 1 0 -1 0 13 6 1 0 1 A E 3 0 0 0 0 0 0 14 4 0 0 0 E A 3 80BaMaNa_l6_a
2187.2029 0.015 0 0 1 0 1 0 13 8 1 0 1 E E 3 0 0 0 0 0 0 14 7 0 0 0 E A 3 80BaMaNa_l7
-2187.5198 0.005 1 0 0 0 0 0 13 3 0 0 0 A A 2 0 0 0 0 0 0 14 3 0 0 0 A A 1 80BaMaNa_l8_a2
2187.8257 0.01 1 0 0 0 0 0 13 2 0 0 0 E A 3 0 0 0 0 0 0 14 2 0 0 0 E A 3 80BaMaNa_l9
2187.9485 0.005 1 0 0 0 0 0 13 0 0 0 0 A A 2 0 0 0 0 0 0 14 0 0 0 0 A A 1 80BaMaNa_l10
2188.0250 0.005 1 0 0 0 0 0 13 1 0 0 0 E A 3 0 0 0 0 0 0 14 1 0 0 0 E A 3 80BaMaNa_l11
2188.5799 0.005 1 0 0 0 0 0 13 5 0 0 0 E A 3 0 0 0 0 0 0 14 5 0 0 0 E A 3 80BaMaNa_l12
2189.1974 0.008 0 0 1 0 1 0 13 4 1 0 1 E E 2 0 0 0 0 0 0 14 0 0 0 0 A A 1 80BaMaNa_l13_a
-2189.4704 0.005 1 0 0 0 0 0 13 4 0 0 0 E A 3 0 0 0 0 0 0 14 4 0 0 0 E A 3 80BaMaNa_l14_zero
2189.5152 0.01 1 0 0 0 0 0 13 1 0 0 0 E A 3 0 0 0 0 0 0 14 2 0 0 0 E A 3 80BaMaNa_l15_a
2190.5773 0.005 1 0 0 0 0 0 13 13 0 0 0 E A 3 0 0 0 0 0 0 14 13 0 0 0 E A 3 80BaMaNa_l16
2190.6406 0.005 1 0 0 0 0 0 13 12 0 0 0 A A 2 0 0 0 0 0 0 14 12 0 0 0 A A 1 80BaMaNa_l17_a2
2190.7520 0.005 1 0 0 0 0 0 13 11 0 0 0 E A 3 0 0 0 0 0 0 14 11 0 0 0 E A 3 80BaMaNa_l18
2190.9201 0.01 1 0 0 0 0 0 13 10 0 0 0 E A 3 0 0 0 0 0 0 14 10 0 0 0 E A 3 80BaMaNa_l19
2191.1436 0.005 1 0 0 0 0 0 13 9 0 0 0 A A 2 0 0 0 0 0 0 14 9 0 0 0 A A 1 80BaMaNa_l20_a2
2191.4279 0.005 1 0 0 0 0 0 13 8 0 0 0 E A 3 0 0 0 0 0 0 14 8 0 0 0 E A 3 80BaMaNa_l21
2191.7667 0.006508 1 0 0 0 0 0 13 7 0 0 0 E A 3 0 0 0 0 0 0 14 7 0 0 0 E A 3 80BaMaNa_l22
2192.1366 0.005 0 0 1 0 1 0 13 7 1 0 1 E E 2 0 0 0 0 0 0 14 6 0 0 0 A A 1 80BaMaNa_l23_a2
2192.4647 0.005 1 0 0 0 0 0 13 0 0 0 0 A A 2 0 0 0 0 0 0 14 3 0 0 0 A A 1 80BaMaNa_l24_a
2192.5476 0.005 0 0 1 0 1 0 13 6 1 0 1 A E 3 0 0 0 0 0 0 14 5 0 0 0 E A 3 80BaMaNa_l25
2192.8043 0.005 0 0 1 0 -1 0 12 10 1 0 1 E E 3 0 0 0 0 0 0 13 8 0 0 0 E A 3 80BaMaNa_l26_a
2193.0179 0.011 0 0 1 0 1 0 13 5 1 0 1 E E 3 0 0 0 0 0 0 14 4 0 0 0 E A 3 80BaMaNa_l27
2193.5781 0.005 0 0 1 0 1 0 13 4 1 0 1 E E 1 0 0 0 0 0 0 14 3 0 0 0 A A 2 80BaMaNa_l28
2193.7247 0.005 0 0 1 0 1 0 13 4 1 0 1 E E 2 0 0 0 0 0 0 14 3 0 0 0 A A 1 80BaMaNa_l29
2194.1772 0.007615 0 0 1 0 1 0 13 3 1 0 1 A E 3 0 0 0 0 0 0 14 2 0 0 0 E A 3 80BaMaNa_l30
2194.8744 0.007191 0 0 1 0 1 0 13 2 1 0 1 E E 3 0 0 0 0 0 0 14 1 0 0 0 E A 3 80BaMaNa_l31
2195.5490 0.007615 1 0 0 0 0 0 13 1 0 0 0 E A 3 0 0 0 0 0 0 14 4 0 0 0 E A 3 80BaMaNa_l32_a
2195.9651 0.007615 0 0 1 0 1 0 12 10 1 0 1 E E 2 0 0 0 0 0 0 13 9 0 0 0 A A 1 80BaMaNa_l33_a2
2196.4834 0.007615 0 0 1 0 -1 0 13 2 1 0 1 E E 2 0 0 0 0 0 0 14 0 0 0 0 A A 1 80BaMaNa_l34_a
2196.5351 0.01 0 0 1 0 1 0 12 9 1 0 1 A E 3 0 0 0 0 0 0 13 8 0 0 0 E A 3 80BaMaNa_l35
-2196.8369 0.007615 0 0 1 0 -1 0 12 6 1 0 1 A E 3 0 0 0 0 0 0 13 4 0 0 0 E A 3 80BaMaNa_l36_a
2197.1873 0.007615 0 0 1 0 1 0 12 8 1 0 1 E E 3 0 0 0 0 0 0 13 7 0 0 0 E A 3 80BaMaNa_l37
2197.3020 0.007615 0 0 1 0 1 0 13 0 1 0 1 A E 3 0 0 0 0 0 0 14 1 0 0 0 E A 3 80BaMaNa_l38
2197.5054 0.007615 1 0 0 0 0 0 12 3 0 0 0 A A 2 0 0 0 0 0 0 13 3 0 0 0 A A 1 80BaMaNa_l39_a2
2197.7538 0.005 1 0 0 0 0 0 12 6 0 0 0 A A 2 0 0 0 0 0 0 13 6 0 0 0 A A 1 80BaMaNa_l40_a2
2197.9172 0.005 1 0 0 0 0 0 12 2 0 0 0 E A 3 0 0 0 0 0 0 13 2 0 0 0 E A 3 80BaMaNa_l41
2198.0067 0.005 1 0 0 0 0 0 12 0 0 0 0 A A 1 0 0 0 0 0 0 13 0 0 0 0 A A 2 80BaMaNa_l42
2198.1290 0.005 1 0 0 0 0 0 12 1 0 0 0 E A 3 0 0 0 0 0 0 13 1 0 0 0 E A 3 80BaMaNa_l43
2198.3484 0.005 1 0 0 0 0 0 12 5 0 0 0 E A 3 0 0 0 0 0 0 13 5 0 0 0 E A 3 80BaMaNa_l44
2198.3846 0.005 1 0 0 0 0 0 13 2 0 0 0 E A 3 0 0 0 0 0 0 14 5 0 0 0 E A 3 80BaMaNa_l45_a
2198.5850 0.005 0 0 1 0 -1 0 13 1 1 0 1 E E 3 0 0 0 0 0 0 14 2 0 0 0 E A 3 80BaMaNa_l46
2198.5850 0.005 0 0 1 0 -1 0 13 2 1 0 1 E E 1 0 0 0 0 0 0 14 3 0 0 0 A A 2 80BaMaNa_l47
-2198.7812 0.005 0 0 1 0 1 0 13 0 1 0 1 A E 3 0 0 0 0 0 0 14 2 0 0 0 E A 3 80BaMaNa_l48_a
2199.0665 0.005 1 0 0 0 0 0 12 4 0 0 0 E A 3 0 0 0 0 0 0 13 4 0 0 0 E A 3 80BaMaNa_l49
2199.5158 0.005 0 0 1 0 1 0 13 1 1 0 1 E E 2 0 0 0 0 0 0 14 3 0 0 0 A A 1 80BaMaNa_l50_a
2199.6475 0.005 1 0 0 0 0 0 12 1 0 0 0 E A 3 0 0 0 0 0 0 13 2 0 0 0 E A 3 80BaMaNa_l51_a
-2200.0440 0.005 0 0 1 0 -1 0 12 5 1 0 1 E E 2 0 0 0 0 0 0 13 3 0 0 0 A A 1 80BaMaNa_l52_a
2200.2948 0.005 1 0 0 0 0 0 12 12 0 0 0 A A 2 0 0 0 0 0 0 13 12 0 0 0 A A 1 80BaMaNa_l53_a2
2200.3176 0.005559 1 0 0 0 0 0 12 11 0 0 0 E A 3 0 0 0 0 0 0 13 11 0 0 0 E A 3 80BaMaNa_l54
2200.4164 0.005 1 0 0 0 0 0 12 10 0 0 0 E A 3 0 0 0 0 0 0 13 10 0 0 0 E A 3 80BaMaNa_l55
2200.5511 0.005 1 0 0 0 0 0 12 9 0 0 0 A A 2 0 0 0 0 0 0 13 9 0 0 0 A A 1 80BaMaNa_l56_a2
2200.6984 0.008378 0 0 1 0 -1 0 13 3 1 0 1 A E 3 0 0 0 0 0 0 14 4 0 0 0 E A 3 80BaMaNa_l57
2200.7944 0.005 1 0 0 0 0 0 12 8 0 0 0 E A 3 0 0 0 0 0 0 13 8 0 0 0 E A 3 80BaMaNa_l58
2200.9580 0.005 0 0 1 0 1 0 13 1 1 0 1 E E 1 0 0 0 0 0 0 14 3 0 0 0 A A 2 80BaMaNa_l59_a
2201.0078 0.005 0 0 1 0 -1 0 13 2 1 0 1 E E 2 0 0 0 0 0 0 14 3 0 0 0 A A 1 80BaMaNa_l60
2201.0578 0.005 1 0 0 0 0 0 12 7 0 0 0 E A 3 0 0 0 0 0 0 13 7 0 0 0 E A 3 80BaMaNa_l61
-2201.1636 0.005 1 0 0 0 0 0 13 3 0 0 0 A A 2 0 0 0 0 0 0 14 6 0 0 0 A A 1 80BaMaNa_l62_a
-2201.2761 0.005 0 0 1 0 -1 0 12 4 1 0 1 E E 3 0 0 0 0 0 0 13 2 0 0 0 E A 3 80BaMaNa_l63_a
-2201.3885 0.005 0 0 1 0 1 0 12 7 1 0 1 E E 2 0 0 0 0 0 0 13 6 0 0 0 A A 1 80BaMaNa_l64_a2
-2201.7959 0.009 0 0 1 0 1 0 12 6 1 0 1 A E 3 0 0 0 0 0 0 13 5 0 0 0 E A 3 80BaMaNa_l65
2202.3249 0.010902 0 0 1 0 1 0 12 5 1 0 1 E E 3 0 0 0 0 0 0 13 4 0 0 0 E A 3 80BaMaNa_l66
2202.3249 0.005 0 0 1 0 -1 0 13 4 1 0 1 E E 3 0 0 0 0 0 0 14 5 0 0 0 E A 3 80BaMaNa_l67
-2202.3992 0.005 0 0 1 0 1 0 13 2 1 0 1 E E 3 0 0 0 0 0 0 14 4 0 0 0 E A 3 80BaMaNa_l68_a
-2202.5585 0.005 1 0 0 0 0 0 12 0 0 0 0 A A 1 0 0 0 0 0 0 13 3 0 0 0 A A 2 80BaMaNa_l69_a
-2202.7009 0.006508 0 0 1 0 -1 0 12 3 1 0 1 A E 3 0 0 0 0 0 0 13 1 0 0 0 E A 3 80BaMaNa_l70_a
2202.9450 0.006508 0 0 1 0 1 0 12 4 1 0 1 E E 2 0 0 0 0 0 0 13 3 0 0 0 A A 1 80BaMaNa_l71
-2203.1633 0.02 0 0 1 0 1 0 12 4 1 0 1 E E 1 0 0 0 0 0 0 13 3 0 0 0 A A 2 80BaMaNa_l72
2203.6552 0.006508 0 0 1 0 1 0 12 3 1 0 1 A E 3 0 0 0 0 0 0 13 2 0 0 0 E A 3 80BaMaNa_l73
-2203.8177 0.006508 0 0 1 0 -1 0 13 6 1 0 1 A E 3 0 0 0 0 0 0 14 7 0 0 0 E A 3 80BaMaNa_l74_zero
-2204.1887 0.006508 0 0 1 0 -1 0 13 5 1 0 1 E E 2 0 0 0 0 0 0 14 6 0 0 0 A A 1 80BaMaNa_l75_zero
2204.4286 0.006508 0 0 1 0 1 0 12 2 1 0 1 E E 3 0 0 0 0 0 0 13 1 0 0 0 E A 3 80BaMaNa_l76
2204.6294 0.01 0 0 1 0 1 0 12 1 1 0 1 E E 1 0 0 0 0 0 0 13 0 0 0 0 A A 2 80BaMaNa_l77
2204.7373 0.006508 0 0 1 0 1 0 13 3 1 0 1 A E 3 0 0 0 0 0 0 14 5 0 0 0 E A 3 80BaMaNa_l78_a
-2205.7294 0.006508 0 0 1 0 -1 0 12 2 1 0 1 E E 1 0 0 0 0 0 0 13 0 0 0 0 A A 2 80BaMaNa_l79_a
-2205.9432 0.005 0 0 1 0 1 0 12 2 1 0 1 E E 3 0 0 0 0 0 0 13 2 0 0 0 E A 3 80BaMaNa_l80_a
-2206.2400 0.005 0 0 1 0 -1 0 13 7 1 0 1 E E 3 0 0 0 0 0 0 14 8 0 0 0 E A 3 80BaMaNa_l81_zero
2206.4450 0.005 0 0 1 0 1 0 11 9 1 0 1 A E 3 0 0 0 0 0 0 12 8 0 0 0 E A 3 80BaMaNa_l82
-2206.5692 0.005 0 0 1 0 -1 0 11 6 1 0 1 A E 3 0 0 0 0 0 0 12 4 0 0 0 E A 3 80BaMaNa_l83_a
2206.7413 0.005 0 0 1 0 1 0 12 0 1 0 1 A E 3 0 0 0 0 0 0 13 1 0 0 0 E A 3 80BaMaNa_l84
2207.0699 0.008 0 0 1 0 1 0 11 8 1 0 1 E E 3 0 0 0 0 0 0 12 7 0 0 0 E A 3 80BaMaNa_l85
-2207.2331 0.005 0 0 1 0 1 0 13 4 1 0 1 E E 1 0 0 0 0 0 0 14 6 0 0 0 A A 2 80BaMaNa_l86_a
-2207.3527 0.005 0 0 1 0 1 0 13 4 1 0 1 E E 2 0 0 0 0 0 0 14 6 0 0 0 A A 1 80BaMaNa_l87_a
-2207.4581 0.005 0 0 1 0 -1 0 11 5 1 0 1 E E 2 0 0 0 0 0 0 12 3 0 0 0 A A 1 80BaMaNa_l88_a
-2207.6513 0.005 0 0 1 0 1 0 11 7 1 0 1 E E 2 0 0 0 0 0 0 12 6 0 0 0 A A 1 80BaMaNa_l89_a2
2207.9546 0.007113 1 0 0 0 0 0 11 2 0 0 0 E A 3 0 0 0 0 0 0 12 2 0 0 0 E A 3 80BaMaNa_l90
2207.9807 0.005 0 0 1 0 -1 0 12 1 1 0 1 E E 3 0 0 0 0 0 0 13 2 0 0 0 E A 3 80BaMaNa_l91
2208.1741 0.005 1 0 0 0 0 0 11 1 0 0 0 E A 3 0 0 0 0 0 0 12 1 0 0 0 E A 3 80BaMaNa_l92
2208.1741 0.009 1 0 0 0 0 0 11 5 0 0 0 E A 3 0 0 0 0 0 0 12 5 0 0 0 E A 3 80BaMaNa_l93
2208.2640 0.005 1 0 0 0 0 0 11 0 0 0 0 A A 2 0 0 0 0 0 0 12 0 0 0 0 A A 1 80BaMaNa_l94
2208.3490 0.005 0 0 1 0 -1 0 12 2 1 0 1 E E 2 0 0 0 0 0 0 13 3 0 0 0 A A 1 80BaMaNa_l95
-2208.5823 0.005 1 0 0 0 0 0 12 2 0 0 0 E A 3 0 0 0 0 0 0 13 5 0 0 0 E A 3 80BaMaNa_l96_a
-2208.6560 0.005 0 0 1 0 -1 0 13 8 1 0 1 E E 2 0 0 0 0 0 0 14 9 0 0 0 A A 1 80BaMaNa_l97_a
2208.7621 0.1 1 0 0 0 0 0 11 4 0 0 0 E A 3 0 0 0 0 0 0 12 4 0 0 0 E A 3 80BaMaNa_l98
-2209.1721 0.005 0 0 1 0 1 0 12 1 1 0 1 E E 1 0 0 0 0 0 0 13 3 0 0 0 A A 2 80BaMaNa_l99_a
-2209.5940 0.005 1 0 0 0 0 0 11 3 0 0 0 A A 2 0 0 0 0 0 0 12 3 0 0 0 A A 1 80BaMaNa_l100_a2
-2209.6945 0.005 1 0 0 0 0 0 11 1 0 0 0 E A 3 0 0 0 0 0 0 12 2 0 0 0 E A 3 80BaMaNa_l101_a
2209.9289 0.007 1 0 0 0 0 0 11 11 0 0 0 E A 3 0 0 0 0 0 0 12 11 0 0 0 E A 3 80BaMaNa_l102
2210.0045 0.005 1 0 0 0 0 0 11 10 0 0 0 E A 3 0 0 0 0 0 0 12 10 0 0 0 E A 3 80BaMaNa_l103
-2210.0815 0.005 1 0 0 0 0 0 11 9 0 0 0 A A 2 0 0 0 0 0 0 12 9 0 0 0 A A 1 80BaMaNa_l104_a2
2210.2191 0.005 1 0 0 0 0 0 11 8 0 0 0 E A 3 0 0 0 0 0 0 12 8 0 0 0 E A 3 80BaMaNa_l105
2210.2668 0.005 0 0 1 0 -1 0 12 2 1 0 1 E E 1 0 0 0 0 0 0 13 3 0 0 0 A A 2 80BaMaNa_l106
2210.3092 0.005 0 0 1 0 -1 0 12 3 1 0 1 A E 3 0 0 0 0 0 0 13 4 0 0 0 E A 3 80BaMaNa_l107
2210.4254 0.005 1 0 0 0 0 0 11 7 0 0 0 E A 3 0 0 0 0 0 0 12 7 0 0 0 E A 3 80BaMaNa_l108
-2210.4791 0.005 0 0 1 0 1 0 12 1 1 0 1 E E 2 0 0 0 0 0 0 13 3 0 0 0 A A 1 80BaMaNa_l109_a
-2210.7246 0.005 1 0 0 0 0 0 11 6 0 0 0 A A 2 0 0 0 0 0 0 12 6 0 0 0 A A 1 80BaMaNa_l110_a2
-2210.7901 0.005 0 0 1 0 -1 0 11 4 1 0 1 E E 3 0 0 0 0 0 0 12 2 0 0 0 E A 3 80BaMaNa_l111_a
-2211.1376 0.005 0 0 1 0 -1 0 13 9 1 0 1 A E 3 0 0 0 0 0 0 14 10 0 0 0 E A 3 80BaMaNa_l112_zero
2211.1376 0.007032 0 0 1 0 1 0 11 6 1 0 1 A E 3 0 0 0 0 0 0 12 5 0 0 0 E A 3 80BaMaNa_l113
-2211.2631 0.005 1 0 0 0 0 0 12 3 0 0 0 A A 2 0 0 0 0 0 0 13 6 0 0 0 A A 1 80BaMaNa_l114_a
2211.6753 0.005 0 0 1 0 1 0 11 5 1 0 1 E E 3 0 0 0 0 0 0 12 4 0 0 0 E A 3 80BaMaNa_l115
2211.9387 0.005 0 0 1 0 -1 0 12 4 1 0 1 E E 3 0 0 0 0 0 0 13 5 0 0 0 E A 3 80BaMaNa_l116
2212.2858 0.005 0 0 1 0 1 0 11 4 1 0 1 E E 2 0 0 0 0 0 0 12 3 0 0 0 A A 1 80BaMaNa_l117
2212.3377 0.006387 0 0 1 0 1 0 11 4 1 0 1 E E 1 0 0 0 0 0 0 12 3 0 0 0 A A 2 80BaMaNa_l118
2213.1208 0.008272 0 0 1 0 1 0 11 3 1 0 1 A E 3 0 0 0 0 0 0 12 2 0 0 0 E A 3 80BaMaNa_l119
-2213.5413 0.005 0 0 1 0 -1 0 13 10 1 0 1 E E 3 0 0 0 0 0 0 14 11 0 0 0 E A 3 80BaMaNa_l120_zero
-2213.7465 0.005 0 0 1 0 -1 0 12 6 1 0 1 A E 3 0 0 0 0 0 0 13 7 0 0 0 E A 3 80BaMaNa_l121_zero
-2213.7985 0.005 0 0 1 0 -1 0 12 5 1 0 1 E E 2 0 0 0 0 0 0 13 6 0 0 0 A A 1 80BaMaNa_l122_a2
2213.9644 0.005 0 0 1 0 1 0 11 2 1 0 1 E E 3 0 0 0 0 0 0 12 1 0 0 0 E A 3 80BaMaNa_l123
-2214.2186 0.005 0 0 1 0 -1 0 11 2 1 0 1 E E 2 0 0 0 0 0 0 12 0 0 0 0 A A 1 80BaMaNa_l124_a
-2214.3049 0.005 0 0 1 0 1 0 12 3 1 0 1 A E 3 0 0 0 0 0 0 13 5 0 0 0 E A 3 80BaMaNa_l125_a
-2214.5322 0.005 1 0 0 0 0 0 10 3 0 0 0 A A 1 0 0 0 0 0 0 11 0 0 0 0 A A 2 80BaMaNa_l126_a
2215.0276 0.005 0 0 1 0 -1 0 11 1 1 0 1 E E 2 0 0 0 0 0 0 12 0 0 0 0 A A 1 80BaMaNa_l127
-2215.8135 0.005 1 0 0 0 0 0 11 1 0 0 0 E A 3 0 0 0 0 0 0 12 4 0 0 0 E A 3 80BaMaNa_l128_a
-2215.9712 0.005 1 0 0 0 0 0 12 4 0 0 0 E A 3 0 0 0 0 0 0 13 7 0 0 0 E A 3 80BaMaNa_l129_a
-2216.0574 0.005 0 0 1 0 -1 0 12 7 1 0 1 E E 3 0 0 0 0 0 0 13 8 0 0 0 E A 3 80BaMaNa_l130_zero
2216.2291 0.008 0 0 1 0 1 0 11 0 1 0 1 A E 3 0 0 0 0 0 0 12 1 0 0 0 E A 3 80BaMaNa_l131
-2216.2455 0.005 0 0 1 0 -1 0 10 6 1 0 1 A E 3 0 0 0 0 0 0 11 4 0 0 0 E A 3 80BaMaNa_l132_a
2216.2455 0.006 0 0 1 0 1 0 10 9 1 0 1 A E 3 0 0 0 0 0 0 11 8 0 0 0 E A 3 80BaMaNa_l133
-2216.2891 0.005 0 0 1 0 -1 0 13 11 1 0 1 E E 2 0 0 0 0 0 0 14 12 0 0 0 A A 1 80BaMaNa_l134_zero
-2216.3553 0.005 1 0 0 0 0 0 10 2 0 0 0 E A 3 0 0 0 0 0 0 11 1 0 0 0 E A 3 80BaMaNa_l135_a
2216.9076 0.009 0 0 1 0 1 0 10 8 1 0 1 E E 3 0 0 0 0 0 0 11 7 0 0 0 E A 3 80BaMaNa_l136
-2217.3269 0.005 0 0 1 0 -1 0 10 5 1 0 1 E E 2 0 0 0 0 0 0 11 3 0 0 0 A A 1 80BaMaNa_l137_a
2217.4393 0.005 0 0 1 0 -1 0 11 1 1 0 1 E E 3 0 0 0 0 0 0 12 2 0 0 0 E A 3 80BaMaNa_l138
-2217.4897 0.005 0 0 1 0 1 0 10 7 1 0 1 E E 2 0 0 0 0 0 0 11 6 0 0 0 A A 1 80BaMaNa_l139_a2
-2217.7438 0.005 0 0 1 0 1 0 11 0 1 0 1 A E 3 0 0 0 0 0 0 12 2 0 0 0 E A 3 80BaMaNa_l140_a
2217.8985 0.005 1 0 0 0 0 0 10 2 0 0 0 E A 3 0 0 0 0 0 0 11 2 0 0 0 E A 3 80BaMaNa_l141
2218.0128 0.009078 1 0 0 0 0 0 10 5 0 0 0 E A 3 0 0 0 0 0 0 11 5 0 0 0 E A 3 80BaMaNa_l142
2218.0745 0.005 0 0 1 0 -1 0 11 2 1 0 1 E E 1 0 0 0 0 0 0 12 3 0 0 0 A A 2 80BaMaNa_l143
2218.1116 0.005 1 0 0 0 0 0 10 1 0 0 0 E A 3 0 0 0 0 0 0 11 1 0 0 0 E A 3 80BaMaNa_l144
-2218.1853 0.005 1 0 0 0 0 0 10 0 0 0 0 A A 2 0 0 0 0 0 0 11 0 0 0 0 A A 1 80BaMaNa_l145
-2218.1853 0.005 0 0 1 0 -1 0 12 8 1 0 1 E E 1 0 0 0 0 0 0 13 9 0 0 0 A A 2 80BaMaNa_l146_zero
-2218.4278 0.005 1 0 0 0 0 0 12 5 0 0 0 E A 3 0 0 0 0 0 0 13 8 0 0 0 E A 3 80BaMaNa_l147_a
2218.4836 0.005 1 0 0 0 0 0 10 4 0 0 0 E A 3 0 0 0 0 0 0 11 4 0 0 0 E A 3 80BaMaNa_l148
-2218.5923 0.005 0 0 1 0 -1 0 13 12 1 0 1 A E 3 0 0 0 0 0 0 14 13 0 0 0 E A 3 80BaMaNa_l149_zero
-2218.6872 0.005 1 0 0 0 0 0 11 2 0 0 0 E A 3 0 0 0 0 0 0 12 5 0 0 0 E A 3 80BaMaNa_l150_a
2218.8003 0.005 0 0 1 0 1 0 11 2 1 0 1 E E 2 0 0 0 0 0 0 12 3 0 0 0 A A 1 80BaMaNa_l151
-2219.1502 0.005 1 0 0 0 0 0 10 3 0 0 0 A A 2 0 0 0 0 0 0 11 3 0 0 0 A A 1 80BaMaNa_l152_a2
2219.5388 0.005 1 0 0 0 0 0 10 10 0 0 0 E A 3 0 0 0 0 0 0 11 10 0 0 0 E A 3 80BaMaNa_l153
-2219.5795 0.005 1 0 0 0 0 0 10 9 0 0 0 A A 2 0 0 0 0 0 0 11 9 0 0 0 A A 1 80BaMaNa_l154_a2
-2219.6164 0.005 0 0 1 0 1 0 11 1 1 0 1 E E 2 0 0 0 0 0 0 12 3 0 0 0 A A 1 80BaMaNa_l155_a
2219.6653 0.005 1 0 0 0 0 0 10 8 0 0 0 E A 3 0 0 0 0 0 0 11 8 0 0 0 E A 3 80BaMaNa_l156
2219.8200 0.005 1 0 0 0 0 0 10 7 0 0 0 E A 3 0 0 0 0 0 0 11 7 0 0 0 E A 3 80BaMaNa_l157
2219.9182 0.006058 0 0 1 0 -1 0 11 3 1 0 1 A E 3 0 0 0 0 0 0 12 4 0 0 0 E A 3 80BaMaNa_l158
-2219.9600 0.005 0 0 1 0 1 0 11 1 1 0 1 E E 1 0 0 0 0 0 0 12 3 0 0 0 A A 2 80BaMaNa_l159_a
-2220.0784 0.005 1 0 0 0 0 0 10 6 0 0 0 A A 2 0 0 0 0 0 0 11 6 0 0 0 A A 1 80BaMaNa_l160_a2
-2220.2960 0.005 0 0 1 0 -1 0 10 4 1 0 1 E E 3 0 0 0 0 0 0 11 2 0 0 0 E A 3 80BaMaNa_l161_a
-2220.4784 0.005 0 0 1 0 -1 0 12 9 1 0 1 A E 3 0 0 0 0 0 0 13 10 0 0 0 E A 3 80BaMaNa_l162_zero
2220.4784 0.005 0 0 1 0 1 0 10 6 1 0 1 A E 3 0 0 0 0 0 0 11 5 0 0 0 E A 3 80BaMaNa_l163
-2220.8888 0.005 0 0 1 0 -1 0 13 13 1 0 1 E E 3 0 0 0 0 0 0 14 14 0 0 0 E A 3 80BaMaNa_l164_zero
2221.0392 0.005 0 0 1 0 1 0 10 5 1 0 1 E E 3 0 0 0 0 0 0 11 4 0 0 0 E A 3 80BaMaNa_l165
-2221.0808 0.005 1 0 0 0 0 0 12 6 0 0 0 A A 2 0 0 0 0 0 0 13 9 0 0 0 A A 1 80BaMaNa_l166_a
-2221.3187 0.005 0 0 1 0 -1 0 11 5 1 0 1 E E 2 0 0 0 0 0 0 12 6 0 0 0 A A 1 80BaMaNa_l167_a2
2221.5445 0.005 0 0 1 0 -1 0 11 4 1 0 1 E E 3 0 0 0 0 0 0 12 5 0 0 0 E A 3 80BaMaNa_l168
-2221.6057 0.005 0 0 1 0 1 0 11 2 1 0 1 E E 3 0 0 0 0 0 0 12 4 0 0 0 E A 3 80BaMaNa_l169_a
-2221.7465 0.005 0 0 1 0 1 0 10 4 1 0 1 E E 2 0 0 0 0 0 0 11 3 0 0 0 A A 1 80BaMaNa_l170_a2
-2221.8787 0.005 0 0 1 0 1 0 12 6 1 0 1 A E 3 0 0 0 0 0 0 13 8 0 0 0 E A 3 80BaMaNa_l171_a
2222.5738 0.005 0 0 1 0 1 0 10 3 1 0 1 A E 3 0 0 0 0 0 0 11 2 0 0 0 E A 3 80BaMaNa_l172
-2222.7842 0.005 1 0 0 0 0 0 10 0 0 0 0 A A 1 0 0 0 0 0 0 11 3 0 0 0 A A 2 80BaMaNa_l173_a
-2222.8106 0.005 0 0 1 0 -1 0 12 10 1 0 1 E E 3 0 0 0 0 0 0 13 11 0 0 0 E A 3 80BaMaNa_l174_zero
2223.4705 0.005 0 0 1 0 1 0 10 2 1 0 1 E E 3 0 0 0 0 0 0 11 1 0 0 0 E A 3 80BaMaNa_l175
-2223.4705 0.005 1 0 0 0 0 0 11 3 0 0 0 A A 2 0 0 0 0 0 0 12 6 0 0 0 A A 1 80BaMaNa_l176_a
-2223.6040 0.005 0 0 1 0 -1 0 11 6 1 0 1 A E 3 0 0 0 0 0 0 12 7 0 0 0 E A 3 80BaMaNa_l177
-2223.7558 0.005 0 0 1 0 -1 0 10 2 1 0 1 E E 1 0 0 0 0 0 0 11 0 0 0 0 A A 2 80BaMaNa_l178_a
-2223.8607 0.005 0 0 1 0 1 0 11 3 1 0 1 A E 3 0 0 0 0 0 0 12 5 0 0 0 E A 3 80BaMaNa_l179_a
-2224.4132 0.005 0 0 1 0 -1 0 10 1 1 0 1 E E 1 0 0 0 0 0 0 11 0 0 0 0 A A 2 80BaMaNa_l180
-2225.2408 0.005 0 0 1 0 -1 0 12 11 1 0 1 E E 2 0 0 0 0 0 0 13 12 0 0 0 A A 1 80BaMaNa_l181_zero
-2225.6700 0.005 0 0 1 0 -1 0 11 7 1 0 1 E E 3 0 0 0 0 0 0 12 8 0 0 0 E A 3 80BaMaNa_l182_zero
2225.7135 0.005 0 0 1 0 1 0 10 0 1 0 1 A E 3 0 0 0 0 0 0 11 1 0 0 0 E A 3 80BaMaNa_l183
-2225.7860 0.005 1 0 0 0 0 0 11 4 0 0 0 E A 3 0 0 0 0 0 0 12 7 0 0 0 E A 3 80BaMaNa_l184_a
-2225.8165 0.005 1 0 0 0 0 0 10 1 0 0 0 E A 3 0 0 0 0 0 0 11 4 0 0 0 E A 3 80BaMaNa_l185_a
-2225.8558 0.005 0 0 1 0 -1 0 9 6 1 0 1 A E 3 0 0 0 0 0 0 10 4 0 0 0 E A 3 80BaMaNa_l186_a
2225.9374 0.016 0 0 1 0 1 0 9 9 1 0 1 A E 3 0 0 0 0 0 0 10 8 0 0 0 E A 3 80BaMaNa_l187
-2226.1417 0.005 0 0 1 0 1 0 11 4 1 0 1 E E 2 0 0 0 0 0 0 12 6 0 0 0 A A 1 80BaMaNa_l188_a
2226.6620 0.011 0 0 1 0 1 0 9 8 1 0 1 E E 3 0 0 0 0 0 0 10 7 0 0 0 E A 3 80BaMaNa_l189
2226.9199 0.007615 0 0 1 0 -1 0 10 1 1 0 1 E E 3 0 0 0 0 0 0 11 2 0 0 0 E A 3 80BaMaNa_l190
-2227.1071 0.007615 0 0 1 0 -1 0 9 5 1 0 1 E E 2 0 0 0 0 0 0 10 3 0 0 0 A A 1 80BaMaNa_l191_a
-2227.2590 0.007615 0 0 1 0 1 0 10 0 1 0 1 A E 3 0 0 0 0 0 0 11 2 0 0 0 E A 3 80BaMaNa_l192_a
-2227.2784 0.007615 0 0 1 0 1 0 9 7 1 0 1 E E 2 0 0 0 0 0 0 10 6 0 0 0 A A 1 80BaMaNa_l193_a2
-2227.3821 0.007615 0 0 1 0 -1 0 12 12 1 0 1 A E 3 0 0 0 0 0 0 13 13 0 0 0 E A 3 80BaMaNa_l194_zero
-2227.7217 0.007615 0 0 1 0 -1 0 11 8 1 0 1 E E 2 0 0 0 0 0 0 12 9 0 0 0 A A 1 80BaMaNa_l195_zero
2227.7605 0.007615 0 0 1 0 -1 0 10 2 1 0 1 E E 2 0 0 0 0 0 0 11 3 0 0 0 A A 1 80BaMaNa_l196
2227.7605 0.007615 1 0 0 0 0 0 9 2 0 0 0 E A 3 0 0 0 0 0 0 10 2 0 0 0 E A 3 80BaMaNa_l197
2227.7895 0.007615 1 0 0 0 0 0 9 5 0 0 0 E A 3 0 0 0 0 0 0 10 5 0 0 0 E A 3 80BaMaNa_l198
2227.9657 0.007615 1 0 0 0 0 0 9 1 0 0 0 E A 3 0 0 0 0 0 0 10 1 0 0 0 E A 3 80BaMaNa_l199
2228.0195 0.005 1 0 0 0 0 0 9 0 0 0 0 A A 2 0 0 0 0 0 0 10 0 0 0 0 A A 1 80BaMaNa_l200
2228.1813 0.006243 1 0 0 0 0 0 9 4 0 0 0 E A 3 0 0 0 0 0 0 10 4 0 0 0 E A 3 80BaMaNa_l201
2228.3722 0.005 0 0 1 0 1 0 10 2 1 0 1 E E 1 0 0 0 0 0 0 11 3 0 0 0 A A 2 80BaMaNa_l202
-2228.6765 0.005 1 0 0 0 0 0 9 3 0 0 0 A A 2 0 0 0 0 0 0 10 3 0 0 0 A A 1 80BaMaNa_l203_a2
-2228.7166 0.005 1 0 0 0 0 0 10 2 0 0 0 E A 3 0 0 0 0 0 0 11 5 0 0 0 E A 3 80BaMaNa_l204_a
-2229.0298 0.005 0 0 1 0 1 0 10 1 1 0 1 E E 1 0 0 0 0 0 0 11 3 0 0 0 A A 2 80BaMaNa_l205_a
-2229.0729 0.005 1 0 0 0 0 0 9 9 0 0 0 A A 2 0 0 0 0 0 0 10 9 0 0 0 A A 1 80BaMaNa_l206_a2
2229.1140 0.007 1 0 0 0 0 0 9 8 0 0 0 E A 3 0 0 0 0 0 0 10 8 0 0 0 E A 3 80BaMaNa_l207
2229.2209 0.005 1 0 0 0 0 0 9 7 0 0 0 E A 3 0 0 0 0 0 0 10 7 0 0 0 E A 3 80BaMaNa_l208
-2229.4307 0.005 1 0 0 0 0 0 9 6 0 0 0 A A 2 0 0 0 0 0 0 10 6 0 0 0 A A 1 80BaMaNa_l209_a2
2229.4953 0.005 0 0 1 0 -1 0 10 3 1 0 1 A E 3 0 0 0 0 0 0 11 4 0 0 0 E A 3 80BaMaNa_l210
-2229.7443 0.005 0 0 1 0 -1 0 9 4 1 0 1 E E 3 0 0 0 0 0 0 10 2 0 0 0 E A 3 80BaMaNa_l211_a
2229.8113 0.005 0 0 1 0 1 0 9 6 1 0 1 A E 3 0 0 0 0 0 0 10 5 0 0 0 E A 3 80BaMaNa_l212
-2229.8619 0.005 0 0 1 0 -1 0 11 9 1 0 1 A E 3 0 0 0 0 0 0 12 10 0 0 0 E A 3 80BaMaNa_l213_zero
2230.3960 0.007800 0 0 1 0 1 0 9 5 1 0 1 E E 3 0 0 0 0 0 0 10 4 0 0 0 E A 3 80BaMaNa_l214
2231.1180 0.005 0 0 1 0 -1 0 10 4 1 0 1 E E 3 0 0 0 0 0 0 11 5 0 0 0 E A 3 80BaMaNa_l215
-2231.1430 0.005 0 0 1 0 1 0 9 4 1 0 1 E E 2 0 0 0 0 0 0 10 3 0 0 0 A A 1 80BaMaNa_l216_a2
-2231.1826 0.005 0 0 1 0 1 0 10 2 1 0 1 E E 3 0 0 0 0 0 0 11 4 0 0 0 E A 3 80BaMaNa_l217_a
-2231.2999 0.005 0 0 1 0 -1 0 10 5 1 0 1 E E 2 0 0 0 0 0 0 11 6 0 0 0 A A 1 80BaMaNa_l218_a2
2232.0163 0.005 0 0 1 0 1 0 9 3 1 0 1 A E 3 0 0 0 0 0 0 10 2 0 0 0 E A 3 80BaMaNa_l219
-2232.0852 0.006508 0 0 1 0 -1 0 11 10 1 0 1 E E 3 0 0 0 0 0 0 12 11 0 0 0 E A 3 80BaMaNa_l220_zero
-2232.6660 0.006508 1 0 0 0 0 0 9 0 0 0 0 A A 2 0 0 0 0 0 0 10 3 0 0 0 A A 1 80BaMaNa_l221_a
2232.9595 0.006508 0 0 1 0 1 0 9 2 1 0 1 E E 3 0 0 0 0 0 0 10 1 0 0 0 E A 3 80BaMaNa_l222
-2233.1182 0.006508 1 0 0 0 0 0 10 3 0 0 0 A A 2 0 0 0 0 0 0 11 6 0 0 0 A A 1 80BaMaNa_l223_a
-2233.2269 0.006508 0 0 1 0 -1 0 9 2 1 0 1 E E 2 0 0 0 0 0 0 10 0 0 0 0 A A 1 80BaMaNa_l224_a
-2233.4030 0.006508 0 0 1 0 -1 0 10 6 1 0 1 A E 3 0 0 0 0 0 0 11 7 0 0 0 E A 3 80BaMaNa_l225
2233.8554 0.006508 0 0 1 0 1 0 9 1 1 0 1 E E 2 0 0 0 0 0 0 10 0 0 0 0 A A 1 80BaMaNa_l226
-2234.2242 0.006508 0 0 1 0 -1 0 11 11 1 0 1 E E 2 0 0 0 0 0 0 12 12 0 0 0 A A 1 80BaMaNa_l227_zero
2235.1932 0.006508 0 0 1 0 1 0 9 0 1 0 1 A E 3 0 0 0 0 0 0 10 1 0 0 0 E A 3 80BaMaNa_l228
2235.3260 0.006508 0 0 1 0 -1 0 10 7 1 0 1 E E 3 0 0 0 0 0 0 11 8 0 0 0 E A 3 80BaMaNa_l229
-2235.3848 0.005 0 0 1 0 -1 0 8 6 1 0 1 A E 3 0 0 0 0 0 0 9 4 0 0 0 E A 3 80BaMaNa_l230_a
-2235.6423 0.005 1 0 0 0 0 0 10 4 0 0 0 E A 3 0 0 0 0 0 0 11 7 0 0 0 E A 3 80BaMaNa_l231_a
-2235.7177 0.005 1 0 0 0 0 0 9 1 0 0 0 E A 3 0 0 0 0 0 0 10 4 0 0 0 E A 3 80BaMaNa_l232_a
-2235.7177 0.005 0 0 1 0 1 0 10 4 1 0 1 E E 2 0 0 0 0 0 0 11 6 0 0 0 A A 1 80BaMaNa_l233_a
-2235.9976 0.005 1 0 0 0 0 0 8 2 0 0 0 E A 3 0 0 0 0 0 0 9 1 0 0 0 E A 3 80BaMaNa_l234_a
2236.3913 0.008 0 0 1 0 -1 0 9 1 1 0 1 E E 3 0 0 0 0 0 0 10 2 0 0 0 E A 3 80BaMaNa_l235
-2236.7550 0.005 0 0 1 0 1 0 9 0 1 0 1 A E 3 0 0 0 0 0 0 10 2 0 0 0 E A 3 80BaMaNa_l236_a
-2236.7896 0.005 0 0 1 0 -1 0 8 5 1 0 1 E E 2 0 0 0 0 0 0 9 3 0 0 0 A A 1 80BaMaNa_l237_a
-2236.9821 0.005 0 0 1 0 1 0 8 7 1 0 1 E E 2 0 0 0 0 0 0 9 6 0 0 0 A A 1 80BaMaNa_l238_a2
-2237.2616 0.005 0 0 1 0 -1 0 10 8 1 0 1 E E 2 0 0 0 0 0 0 11 9 0 0 0 A A 1 80BaMaNa_l239_a2
2237.3752 0.007 0 0 1 0 -1 0 9 2 1 0 1 E E 1 0 0 0 0 0 0 10 3 0 0 0 A A 2 80BaMaNa_l240
2237.5078 0.005 1 0 0 0 0 0 8 5 0 0 0 E A 3 0 0 0 0 0 0 9 5 0 0 0 E A 3 80BaMaNa_l241
2237.5450 0.007 1 0 0 0 0 0 8 2 0 0 0 E A 3 0 0 0 0 0 0 9 2 0 0 0 E A 3 80BaMaNa_l242
2237.7170 0.008 1 0 0 0 0 0 8 1 0 0 0 E A 3 0 0 0 0 0 0 9 1 0 0 0 E A 3 80BaMaNa_l243
2237.7542 0.007 1 0 0 0 0 0 8 0 0 0 0 A A 1 0 0 0 0 0 0 9 0 0 0 0 A A 2 80BaMaNa_l244
2237.8326 0.007 1 0 0 0 0 0 8 4 0 0 0 E A 3 0 0 0 0 0 0 9 4 0 0 0 E A 3 80BaMaNa_l245
2237.8732 0.005 0 0 1 0 -1 0 9 2 1 0 1 E E 2 0 0 0 0 0 0 10 3 0 0 0 A A 1 80BaMaNa_l246
-2238.1757 0.005 1 0 0 0 0 0 8 3 0 0 0 A A 2 0 0 0 0 0 0 9 3 0 0 0 A A 1 80BaMaNa_l247_a2
-2238.2039 0.005 0 0 1 0 1 0 10 5 1 0 1 E E 3 0 0 0 0 0 0 11 7 0 0 0 E A 3 80BaMaNa_l248_a
-2238.5038 0.005 0 0 1 0 1 0 9 1 1 0 1 E E 2 0 0 0 0 0 0 10 3 0 0 0 A A 1 80BaMaNa_l249_a
2238.5557 0.005 1 0 0 0 0 0 8 8 0 0 0 E A 3 0 0 0 0 0 0 9 8 0 0 0 E A 3 80BaMaNa_l250
2238.6103 0.005 1 0 0 0 0 0 8 7 0 0 0 E A 3 0 0 0 0 0 0 9 7 0 0 0 E A 3 80BaMaNa_l251
-2238.6625 0.005 1 0 0 0 0 0 9 2 0 0 0 E A 3 0 0 0 0 0 0 10 5 0 0 0 E A 3 80BaMaNa_l252_a
-2238.7661 0.005 1 0 0 0 0 0 8 6 0 0 0 A A 2 0 0 0 0 0 0 9 6 0 0 0 A A 1 80BaMaNa_l253_a2
2239.0318 0.005 0 0 1 0 -1 0 9 3 1 0 1 A E 3 0 0 0 0 0 0 10 4 0 0 0 E A 3 80BaMaNa_l254
2239.1209 0.005 0 0 1 0 1 0 8 6 1 0 1 A E 3 0 0 0 0 0 0 9 5 0 0 0 E A 3 80BaMaNa_l255
-2239.1493 0.005 0 0 1 0 -1 0 8 4 1 0 1 E E 3 0 0 0 0 0 0 9 2 0 0 0 E A 3 80BaMaNa_l256_a
2239.2771 0.005 0 0 1 0 -1 0 10 9 1 0 1 A E 3 0 0 0 0 0 0 11 10 0 0 0 E A 3 80BaMaNa_l257_zero
2239.7312 0.005 0 0 1 0 1 0 8 5 1 0 1 E E 3 0 0 0 0 0 0 9 4 0 0 0 E A 3 80BaMaNa_l258
-2240.5276 0.005 0 0 1 0 1 0 8 4 1 0 1 E E 2 0 0 0 0 0 0 9 3 0 0 0 A A 1 80BaMaNa_l259_a2
2240.6435 0.005 0 0 1 0 -1 0 9 4 1 0 1 E E 3 0 0 0 0 0 0 10 5 0 0 0 E A 3 80BaMaNa_l260
-2240.7216 0.005 0 0 1 0 1 0 9 2 1 0 1 E E 3 0 0 0 0 0 0 10 4 0 0 0 E A 3 80BaMaNa_l261_a
-2241.1796 0.005 0 0 1 0 -1 0 9 5 1 0 1 E E 2 0 0 0 0 0 0 10 6 0 0 0 A A 1 80BaMaNa_l262_a2
2241.3695 0.005 0 0 1 0 -1 0 10 10 1 0 1 E E 3 0 0 0 0 0 0 11 11 0 0 0 E A 3 80BaMaNa_l263_zero
2241.4359 0.005 0 0 1 0 1 0 8 3 1 0 1 A E 3 0 0 0 0 0 0 9 2 0 0 0 E A 3 80BaMaNa_l264
2242.4177 0.005 0 0 1 0 1 0 8 2 1 0 1 E E 3 0 0 0 0 0 0 9 1 0 0 0 E A 3 80BaMaNa_l265
-2242.6247 0.005 0 0 1 0 -1 0 8 2 1 0 1 E E 1 0 0 0 0 0 0 9 0 0 0 0 A A 2 80BaMaNa_l266_a
-2242.7459 0.005 1 0 0 0 0 0 9 3 0 0 0 A A 2 0 0 0 0 0 0 10 6 0 0 0 A A 1 80BaMaNa_l267_a
-2243.1381 0.005 0 0 1 0 -1 0 9 6 1 0 1 A E 3 0 0 0 0 0 0 10 7 0 0 0 E A 3 80BaMaNa_l268
2243.3206 0.005 0 0 1 0 1 0 8 1 1 0 1 E E 1 0 0 0 0 0 0 9 0 0 0 0 A A 2 80BaMaNa_l269
2244.6571 0.008378 0 0 1 0 1 0 8 0 1 0 1 A E 3 0 0 0 0 0 0 9 1 0 0 0 E A 3 80BaMaNa_l270
-2244.8504 0.008378 0 0 1 0 -1 0 7 6 1 0 1 A E 3 0 0 0 0 0 0 8 4 0 0 0 E A 3 80BaMaNa_l271_a
2244.9642 0.008378 0 0 1 0 -1 0 9 7 1 0 1 E E 3 0 0 0 0 0 0 10 8 0 0 0 E A 3 80BaMaNa_l272
-2245.2140 0.008378 0 0 1 0 1 0 9 4 1 0 1 E E 2 0 0 0 0 0 0 10 6 0 0 0 A A 1 80BaMaNa_l273_a
-2245.4616 0.008378 1 0 0 0 0 0 9 4 0 0 0 E A 3 0 0 0 0 0 0 10 7 0 0 0 E A 3 80BaMaNa_l274_a
-2245.5323 0.008378 1 0 0 0 0 0 8 1 0 0 0 E A 3 0 0 0 0 0 0 9 4 0 0 0 E A 3 80BaMaNa_l275_a
2245.8622 0.008378 0 0 1 0 -1 0 8 1 1 0 1 E E 3 0 0 0 0 0 0 9 2 0 0 0 E A 3 80BaMaNa_l276
-2246.3709 0.008378 0 0 1 0 -1 0 7 5 1 0 1 E E 2 0 0 0 0 0 0 8 3 0 0 0 A A 1 80BaMaNa_l277_a
-2246.6387 0.008378 0 0 1 0 1 0 7 7 1 0 1 E E 2 0 0 0 0 0 0 8 6 0 0 0 A A 1 80BaMaNa_l278_a2
-2246.8380 0.008378 0 0 1 0 -1 0 9 8 1 0 1 E E 2 0 0 0 0 0 0 10 9 0 0 0 A A 1 80BaMaNa_l279_a2
2246.9493 0.005 0 0 1 0 -1 0 8 2 1 0 1 E E 2 0 0 0 0 0 0 9 3 0 0 0 A A 1 80BaMaNa_l280
2247.1803 0.006291 1 0 0 0 0 0 7 5 0 0 0 E A 3 0 0 0 0 0 0 8 5 0 0 0 E A 3 80BaMaNa_l281
2247.2434 0.005 1 0 0 0 0 0 7 2 0 0 0 E A 3 0 0 0 0 0 0 8 2 0 0 0 E A 3 80BaMaNa_l282
2247.2996 0.005 0 0 1 0 -1 0 8 2 1 0 1 E E 1 0 0 0 0 0 0 9 3 0 0 0 A A 2 80BaMaNa_l283
2247.3790 0.005630 1 0 0 0 0 0 7 1 0 0 0 E A 3 0 0 0 0 0 0 8 1 0 0 0 E A 3 80BaMaNa_l284
2247.3991 0.005 1 0 0 0 0 0 7 0 0 0 0 A A 2 0 0 0 0 0 0 8 0 0 0 0 A A 1 80BaMaNa_l285
2247.4466 0.005 1 0 0 0 0 0 7 4 0 0 0 E A 3 0 0 0 0 0 0 8 4 0 0 0 E A 3 80BaMaNa_l286
-2247.6444 0.005 1 0 0 0 0 0 7 3 0 0 0 A A 2 0 0 0 0 0 0 8 3 0 0 0 A A 1 80BaMaNa_l287_a2
-2247.6746 0.005 0 0 1 0 1 0 9 5 1 0 1 E E 3 0 0 0 0 0 0 10 7 0 0 0 E A 3 80BaMaNa_l288_a
2247.9855 0.005 1 0 0 0 0 0 7 7 0 0 0 E A 3 0 0 0 0 0 0 8 7 0 0 0 E A 3 80BaMaNa_l289
-2248.0725 0.005 1 0 0 0 0 0 7 6 0 0 0 A A 2 0 0 0 0 0 0 8 6 0 0 0 A A 1 80BaMaNa_l290_a2
2248.3893 0.005 0 0 1 0 1 0 7 6 1 0 1 A E 3 0 0 0 0 0 0 8 5 0 0 0 E A 3 80BaMaNa_l291
-2248.4926 0.005 0 0 1 0 -1 0 7 4 1 0 1 E E 3 0 0 0 0 0 0 8 2 0 0 0 E A 3 80BaMaNa_l292_a
-2248.5148 0.005 1 0 0 0 0 0 8 2 0 0 0 E A 3 0 0 0 0 0 0 9 5 0 0 0 E A 3 80BaMaNa_l293_a
2248.5148 0.005 0 0 1 0 -1 0 8 3 1 0 1 A E 3 0 0 0 0 0 0 9 4 0 0 0 E A 3 80BaMaNa_l294
2248.7948 0.005 0 0 1 0 -1 0 9 9 1 0 1 A E 3 0 0 0 0 0 0 10 10 0 0 0 E A 3 80BaMaNa_l295
2249.0397 0.005 0 0 1 0 1 0 7 5 1 0 1 E E 3 0 0 0 0 0 0 8 4 0 0 0 E A 3 80BaMaNa_l296
-2249.1083 0.005 1 0 0 0 0 0 6 4 0 0 0 E A 3 0 0 0 0 0 0 7 1 0 0 0 E A 3 80BaMaNa_l297_a
-2249.8852 0.005 0 0 1 0 1 0 7 4 1 0 1 E E 2 0 0 0 0 0 0 8 3 0 0 0 A A 1 80BaMaNa_l298_a2
2250.1111 0.005 0 0 1 0 -1 0 8 4 1 0 1 E E 3 0 0 0 0 0 0 9 5 0 0 0 E A 3 80BaMaNa_l299
-2250.2293 0.007615 0 0 1 0 1 0 8 2 1 0 1 E E 3 0 0 0 0 0 0 9 4 0 0 0 E A 3 80BaMaNa_l300_a
2250.8282 0.007615 0 0 1 0 1 0 7 3 1 0 1 A E 3 0 0 0 0 0 0 8 2 0 0 0 E A 3 80BaMaNa_l301
-2250.9539 0.007615 0 0 1 0 -1 0 8 5 1 0 1 E E 2 0 0 0 0 0 0 9 6 0 0 0 A A 1 80BaMaNa_l302_a2
2251.8388 0.007615 0 0 1 0 1 0 7 2 1 0 1 E E 3 0 0 0 0 0 0 8 1 0 0 0 E A 3 80BaMaNa_l303
-2251.9957 0.007615 0 0 1 0 -1 0 7 2 1 0 1 E E 2 0 0 0 0 0 0 8 0 0 0 0 A A 1 80BaMaNa_l304_a
-2252.1040 0.007615 1 0 0 0 0 0 7 0 0 0 0 A A 2 0 0 0 0 0 0 8 3 0 0 0 A A 1 80BaMaNa_l305_a
-2252.3355 0.007615 1 0 0 0 0 0 8 3 0 0 0 A A 2 0 0 0 0 0 0 9 6 0 0 0 A A 1 80BaMaNa_l306_a
-2252.4060 0.007615 0 0 1 0 1 0 8 3 1 0 1 A E 3 0 0 0 0 0 0 9 5 0 0 0 E A 3 80BaMaNa_l307_a
2252.7813 0.007615 0 0 1 0 1 0 7 1 1 0 1 E E 2 0 0 0 0 0 0 8 0 0 0 0 A A 1 80BaMaNa_l308
-2252.7813 0.007615 0 0 1 0 -1 0 8 6 1 0 1 A E 3 0 0 0 0 0 0 9 7 0 0 0 E A 3 80BaMaNa_l309
2254.0866 0.007191 0 0 1 0 1 0 7 0 1 0 1 A E 3 0 0 0 0 0 0 8 1 0 0 0 E A 3 80BaMaNa_l310
2254.5532 0.007191 0 0 1 0 -1 0 8 7 1 0 1 E E 3 0 0 0 0 0 0 9 8 0 0 0 E A 3 80BaMaNa_l311
-2254.6873 0.007191 0 0 1 0 1 0 8 4 1 0 1 E E 2 0 0 0 0 0 0 9 6 0 0 0 A A 1 80BaMaNa_l312_a
-2255.2118 0.007191 1 0 0 0 0 0 8 4 0 0 0 E A 3 0 0 0 0 0 0 9 7 0 0 0 E A 3 80BaMaNa_l313_a
-2255.2357 0.007191 1 0 0 0 0 0 7 1 0 0 0 E A 3 0 0 0 0 0 0 8 4 0 0 0 E A 3 80BaMaNa_l314_a
-2255.2692 0.007191 1 0 0 0 0 0 6 2 0 0 0 E A 3 0 0 0 0 0 0 7 1 0 0 0 E A 3 80BaMaNa_l315_a
2255.2956 0.007191 0 0 1 0 -1 0 7 1 1 0 1 E E 3 0 0 0 0 0 0 8 2 0 0 0 E A 3 80BaMaNa_l316
-2255.8457 0.007191 0 0 1 0 -1 0 6 5 1 0 1 E E 2 0 0 0 0 0 0 7 3 0 0 0 A A 1 80BaMaNa_l317_a
-2256.3915 0.007191 0 0 1 0 -1 0 8 8 1 0 1 E E 2 0 0 0 0 0 0 9 9 0 0 0 A A 1 80BaMaNa_l318_a2
2256.4619 0.007191 0 0 1 0 -1 0 7 2 1 0 1 E E 1 0 0 0 0 0 0 8 3 0 0 0 A A 2 80BaMaNa_l319
2256.6889 0.007615 0 0 1 0 -1 0 7 2 1 0 1 E E 2 0 0 0 0 0 0 8 3 0 0 0 A A 1 80BaMaNa_l320
-2256.8126 0.007615 0 0 1 0 1 0 6 6 1 0 1 A E 3 0 0 0 0 0 0 7 5 0 0 0 E A 3 80BaMaNa_l321
2256.8444 0.007615 1 0 0 0 0 0 6 2 0 0 0 E A 3 0 0 0 0 0 0 7 2 0 0 0 E A 3 80BaMaNa_l322
2256.9375 0.01 1 0 0 0 0 0 6 0 0 0 0 A A 1 0 0 0 0 0 0 7 0 0 0 0 A A 2 80BaMaNa_l323
2256.9375 0.013 1 0 0 0 0 0 6 1 0 0 0 E A 3 0 0 0 0 0 0 7 1 0 0 0 E A 3 80BaMaNa_l324
2256.9969 0.007615 1 0 0 0 0 0 6 4 0 0 0 E A 3 0 0 0 0 0 0 7 4 0 0 0 E A 3 80BaMaNa_l325
-2257.0816 0.007615 1 0 0 0 0 0 6 3 0 0 0 A A 2 0 0 0 0 0 0 7 3 0 0 0 A A 1 80BaMaNa_l326_a2
-2257.1308 0.007615 0 0 1 0 1 0 8 5 1 0 1 E E 3 0 0 0 0 0 0 9 7 0 0 0 E A 3 80BaMaNa_l327_a
-2257.3498 0.007615 1 0 0 0 0 0 6 6 0 0 0 A A 2 0 0 0 0 0 0 7 6 0 0 0 A A 1 80BaMaNa_l328_a2
-2257.4809 0.007615 0 0 1 0 1 0 7 1 1 0 1 E E 2 0 0 0 0 0 0 8 3 0 0 0 A A 1 80BaMaNa_l329_a
2257.6024 0.007615 1 0 0 0 0 0 6 5 0 0 0 E A 3 0 0 0 0 0 0 7 5 0 0 0 E A 3 80BaMaNa_l330
-2257.7905 0.007615 0 0 1 0 -1 0 6 4 1 0 1 E E 3 0 0 0 0 0 0 7 2 0 0 0 E A 3 80BaMaNa_l331_a
2257.9584 0.007615 0 0 1 0 -1 0 7 3 1 0 1 A E 3 0 0 0 0 0 0 8 4 0 0 0 E A 3 80BaMaNa_l332
-2258.2775 0.007615 1 0 0 0 0 0 7 2 0 0 0 E A 3 0 0 0 0 0 0 8 5 0 0 0 E A 3 80BaMaNa_l333_a
2258.3092 0.007615 0 0 1 0 1 0 6 5 1 0 1 E E 3 0 0 0 0 0 0 7 4 0 0 0 E A 3 80BaMaNa_l334
-2259.2100 0.007615 0 0 1 0 1 0 6 4 1 0 1 E E 2 0 0 0 0 0 0 7 3 0 0 0 A A 1 80BaMaNa_l335_a2
2259.5240 0.007615 0 0 1 0 -1 0 7 4 1 0 1 E E 3 0 0 0 0 0 0 8 5 0 0 0 E A 3 80BaMaNa_l336
-2259.6909 0.007615 0 0 1 0 1 0 7 2 1 0 1 E E 3 0 0 0 0 0 0 8 4 0 0 0 E A 3 80BaMaNa_l337_a
2260.1836 0.007615 0 0 1 0 1 0 6 3 1 0 1 A E 3 0 0 0 0 0 0 7 2 0 0 0 E A 3 80BaMaNa_l338
-2260.6148 0.007615 0 0 1 0 -1 0 7 5 1 0 1 E E 2 0 0 0 0 0 0 8 6 0 0 0 A A 1 80BaMaNa_l339_a2
2261.2129 0.007615 0 0 1 0 1 0 6 2 1 0 1 E E 3 0 0 0 0 0 0 7 1 0 0 0 E A 3 80BaMaNa_l340
-2261.6709 0.007615 1 0 0 0 0 0 6 0 0 0 0 A A 1 0 0 0 0 0 0 7 3 0 0 0 A A 2 80BaMaNa_l341_a
-2261.7312 0.007615 1 0 0 0 0 0 5 3 0 0 0 A A 2 0 0 0 0 0 0 6 0 0 0 0 A A 1 80BaMaNa_l342_a
-2261.8525 0.007615 0 0 1 0 1 0 7 3 1 0 1 A E 3 0 0 0 0 0 0 8 5 0 0 0 E A 3 80BaMaNa_l343_a
-2261.8852 0.007615 1 0 0 0 0 0 7 3 0 0 0 A A 2 0 0 0 0 0 0 8 6 0 0 0 A A 1 80BaMaNa_l344_a
2262.1923 0.007615 0 0 1 0 1 0 6 1 1 0 1 E E 1 0 0 0 0 0 0 7 0 0 0 0 A A 2 80BaMaNa_l345
-2262.3432 0.007615 0 0 1 0 -1 0 7 6 1 0 1 A E 3 0 0 0 0 0 0 8 7 0 0 0 E A 3 80BaMaNa_l346
-2263.1228 0.007615 0 0 1 0 -1 0 6 1 1 0 1 E E 3 0 0 0 0 0 0 7 1 0 0 0 E A 3 80BaMaNa_l347_a
2263.4687 0.007615 0 0 1 0 1 0 6 0 1 0 1 A E 3 0 0 0 0 0 0 7 1 0 0 0 E A 3 80BaMaNa_l348
2264.0794 0.007615 0 0 1 0 -1 0 7 7 1 0 1 E E 3 0 0 0 0 0 0 8 8 0 0 0 E A 3 80BaMaNa_l349
-2264.1229 0.007615 0 0 1 0 1 0 7 4 1 0 1 E E 2 0 0 0 0 0 0 8 6 0 0 0 A A 1 80BaMaNa_l350_a
2264.6864 0.007615 0 0 1 0 -1 0 6 1 1 0 1 E E 3 0 0 0 0 0 0 7 2 0 0 0 E A 3 80BaMaNa_l351
-2264.8325 0.007615 1 0 0 0 0 0 6 1 0 0 0 E A 3 0 0 0 0 0 0 7 4 0 0 0 E A 3 80BaMaNa_l352_a
-2265.2192 0.007615 0 0 1 0 -1 0 5 5 1 0 1 E E 2 0 0 0 0 0 0 6 3 0 0 0 A A 1 80BaMaNa_l353_a
2265.9074 0.007615 0 0 1 0 -1 0 6 2 1 0 1 E E 2 0 0 0 0 0 0 7 3 0 0 0 A A 1 80BaMaNa_l354
2266.0417 0.007615 0 0 1 0 -1 0 6 2 1 0 1 E E 1 0 0 0 0 0 0 7 3 0 0 0 A A 2 80BaMaNa_l355
2266.3461 0.007615 1 0 0 0 0 0 5 2 0 0 0 E A 3 0 0 0 0 0 0 6 2 0 0 0 E A 3 80BaMaNa_l356
2266.3849 0.007615 1 0 0 0 0 0 5 0 0 0 0 A A 2 0 0 0 0 0 0 6 0 0 0 0 A A 1 80BaMaNa_l357
2266.3849 0.007615 1 0 0 0 0 0 5 1 0 0 0 E A 3 0 0 0 0 0 0 6 1 0 0 0 E A 3 80BaMaNa_l358
2266.4775 0.007615 1 0 0 0 0 0 5 4 0 0 0 E A 3 0 0 0 0 0 0 6 4 0 0 0 E A 3 80BaMaNa_l359
-2266.4775 0.007615 1 0 0 0 0 0 5 3 0 0 0 A A 2 0 0 0 0 0 0 6 3 0 0 0 A A 1 80BaMaNa_l360_a2
-2266.5283 0.007615 0 0 1 0 1 0 7 5 1 0 1 E E 3 0 0 0 0 0 0 8 7 0 0 0 E A 3 80BaMaNa_l361_a
2266.6559 0.007615 1 0 0 0 0 0 5 5 0 0 0 E A 3 0 0 0 0 0 0 6 5 0 0 0 E A 3 80BaMaNa_l362
-2266.9226 0.007615 0 0 1 0 1 0 6 1 1 0 1 E E 1 0 0 0 0 0 0 7 3 0 0 0 A A 2 80BaMaNa_l363_a
-2267.0433 0.007615 0 0 1 0 -1 0 5 4 1 0 1 E E 3 0 0 0 0 0 0 6 2 0 0 0 E A 3 80BaMaNa_l364_a
-2267.1587 0.007615 0 0 1 0 1 0 6 1 1 0 1 E E 2 0 0 0 0 0 0 7 3 0 0 0 A A 1 80BaMaNa_l365_a
2267.3482 0.007615 0 0 1 0 -1 0 6 3 1 0 1 A E 3 0 0 0 0 0 0 7 4 0 0 0 E A 3 80BaMaNa_l366
2267.5363 0.007615 0 0 1 0 1 0 5 5 1 0 1 E E 3 0 0 0 0 0 0 6 4 0 0 0 E A 3 80BaMaNa_l367
-2267.9327 0.007615 1 0 0 0 0 0 6 2 0 0 0 E A 3 0 0 0 0 0 0 7 5 0 0 0 E A 3 80BaMaNa_l368_a
-2268.4933 0.007615 0 0 1 0 1 0 5 4 1 0 1 E E 2 0 0 0 0 0 0 6 3 0 0 0 A A 1 80BaMaNa_l369_a2
2268.8791 0.007615 0 0 1 0 -1 0 6 4 1 0 1 E E 3 0 0 0 0 0 0 7 5 0 0 0 E A 3 80BaMaNa_l370
-2269.1087 0.007615 0 0 1 0 1 0 6 2 1 0 1 E E 3 0 0 0 0 0 0 7 4 0 0 0 E A 3 80BaMaNa_l371_a
2269.4945 0.007615 0 0 1 0 1 0 5 3 1 0 1 A E 3 0 0 0 0 0 0 6 2 0 0 0 E A 3 80BaMaNa_l372
-2270.1618 0.007615 0 0 1 0 -1 0 6 5 1 0 1 E E 2 0 0 0 0 0 0 7 6 0 0 0 A A 1 80BaMaNa_l373_a2
2270.5415 0.007615 0 0 1 0 1 0 5 2 1 0 1 E E 3 0 0 0 0 0 0 6 1 0 0 0 E A 3 80BaMaNa_l374
-2271.1356 0.007615 1 0 0 0 0 0 5 0 0 0 0 A A 2 0 0 0 0 0 0 6 3 0 0 0 A A 1 80BaMaNa_l375_a
-2271.2678 0.007615 0 0 1 0 1 0 6 3 1 0 1 A E 3 0 0 0 0 0 0 7 5 0 0 0 E A 3 80BaMaNa_l376_a
-2271.3988 0.007615 1 0 0 0 0 0 6 3 0 0 0 A A 2 0 0 0 0 0 0 7 6 0 0 0 A A 1 80BaMaNa_l377_a
2271.5619 0.007615 0 0 1 0 1 0 5 1 1 0 1 E E 2 0 0 0 0 0 0 6 0 0 0 0 A A 1 80BaMaNa_l378
2271.8281 0.007615 0 0 1 0 -1 0 6 6 1 0 1 A E 3 0 0 0 0 0 0 7 7 0 0 0 E A 3 80BaMaNa_l379
-2272.4437 0.007615 0 0 1 0 -1 0 5 1 1 0 1 E E 3 0 0 0 0 0 0 6 1 0 0 0 E A 3 80BaMaNa_l380_a
2272.8079 0.007615 0 0 1 0 1 0 5 0 1 0 1 A E 3 0 0 0 0 0 0 6 1 0 0 0 E A 3 80BaMaNa_l381
-2273.5240 0.007615 0 0 1 0 1 0 6 4 1 0 1 E E 2 0 0 0 0 0 0 7 6 0 0 0 A A 1 80BaMaNa_l382_a
2274.0285 0.007615 0 0 1 0 -1 0 5 1 1 0 1 E E 3 0 0 0 0 0 0 6 2 0 0 0 E A 3 80BaMaNa_l383
-2274.3218 0.007615 1 0 0 0 0 0 5 1 0 0 0 E A 3 0 0 0 0 0 0 6 4 0 0 0 E A 3 80BaMaNa_l384_a
-2274.3912 0.007615 0 0 1 0 1 0 5 0 1 0 1 A E 3 0 0 0 0 0 0 6 2 0 0 0 E A 3 80BaMaNa_l385_a
2275.2824 0.007615 0 0 1 0 -1 0 5 2 1 0 1 E E 1 0 0 0 0 0 0 6 3 0 0 0 A A 2 80BaMaNa_l386
2275.3537 0.009 0 0 1 0 -1 0 5 2 1 0 1 E E 2 0 0 0 0 0 0 6 3 0 0 0 A A 1 80BaMaNa_l387
2275.7352 0.007615 1 0 0 0 0 0 4 0 0 0 0 A A 1 0 0 0 0 0 0 5 0 0 0 0 A A 2 80BaMaNa_l388
2275.7352 0.007615 1 0 0 0 0 0 4 1 0 0 0 E A 3 0 0 0 0 0 0 5 1 0 0 0 E A 3 80BaMaNa_l389
2275.7352 0.007615 1 0 0 0 0 0 4 2 0 0 0 E A 3 0 0 0 0 0 0 5 2 0 0 0 E A 3 80BaMaNa_l390
-2275.8076 0.007615 1 0 0 0 0 0 4 3 0 0 0 A A 2 0 0 0 0 0 0 5 3 0 0 0 A A 1 80BaMaNa_l391_a2
2275.8946 0.007615 1 0 0 0 0 0 4 4 0 0 0 E A 3 0 0 0 0 0 0 5 4 0 0 0 E A 3 80BaMaNa_l392
-2276.2528 0.007615 0 0 1 0 -1 0 4 4 1 0 1 E E 3 0 0 0 0 0 0 5 2 0 0 0 E A 3 80BaMaNa_l393_a
-2276.3096 0.007615 0 0 1 0 1 0 5 1 1 0 1 E E 2 0 0 0 0 0 0 6 3 0 0 0 A A 1 80BaMaNa_l394_a
-2276.4781 0.007615 0 0 1 0 1 0 5 1 1 0 1 E E 1 0 0 0 0 0 0 6 3 0 0 0 A A 2 80BaMaNa_l395_a
2276.6869 0.007615 0 0 1 0 -1 0 5 3 1 0 1 A E 3 0 0 0 0 0 0 6 4 0 0 0 E A 3 80BaMaNa_l396
-2277.4814 0.007615 1 0 0 0 0 0 5 2 0 0 0 E A 3 0 0 0 0 0 0 6 5 0 0 0 E A 3 80BaMaNa_l397_a
-2277.7275 0.007615 0 0 1 0 1 0 4 4 1 0 1 E E 2 0 0 0 0 0 0 5 3 0 0 0 A A 1 80BaMaNa_l398_a2
2278.1790 0.007615 0 0 1 0 -1 0 5 4 1 0 1 E E 3 0 0 0 0 0 0 6 5 0 0 0 E A 3 80BaMaNa_l399
-2278.4651 0.005 0 0 1 0 1 0 5 2 1 0 1 E E 3 0 0 0 0 0 0 6 4 0 0 0 E A 3 80BaMaNa_l400_a
2278.7455 0.005 0 0 1 0 1 0 4 3 1 0 1 A E 3 0 0 0 0 0 0 5 2 0 0 0 E A 3 80BaMaNa_l401
-2279.5966 0.005 0 0 1 0 -1 0 5 5 1 0 1 E E 2 0 0 0 0 0 0 6 6 0 0 0 A A 1 80BaMaNa_l402_a2
2279.8058 0.005 0 0 1 0 1 0 4 2 1 0 1 E E 3 0 0 0 0 0 0 5 1 0 0 0 E A 3 80BaMaNa_l403
-2280.4951 0.005 1 0 0 0 0 0 4 0 0 0 0 A A 1 0 0 0 0 0 0 5 3 0 0 0 A A 2 80BaMaNa_l404_a
-2280.6261 0.005 0 0 1 0 1 0 5 3 1 0 1 A E 3 0 0 0 0 0 0 6 5 0 0 0 E A 3 80BaMaNa_l405_a
2280.8577 0.005 0 0 1 0 1 0 4 1 1 0 1 E E 1 0 0 0 0 0 0 5 0 0 0 0 A A 2 80BaMaNa_l406
-2280.8577 0.005 1 0 0 0 0 0 5 3 0 0 0 A A 2 0 0 0 0 0 0 6 6 0 0 0 A A 1 80BaMaNa_l407_a
2282.0837 0.005 0 0 1 0 1 0 4 0 1 0 1 A E 3 0 0 0 0 0 0 5 1 0 0 0 E A 3 80BaMaNa_l408
-2282.8682 0.005 0 0 1 0 1 0 5 4 1 0 1 E E 2 0 0 0 0 0 0 6 6 0 0 0 A A 1 80BaMaNa_l409_a
2283.3129 0.005 0 0 1 0 -1 0 4 1 1 0 1 E E 3 0 0 0 0 0 0 5 2 0 0 0 E A 3 80BaMaNa_l410
-2283.6832 0.005 0 0 1 0 1 0 4 0 1 0 1 A E 3 0 0 0 0 0 0 5 2 0 0 0 E A 3 80BaMaNa_l411_a
2284.5927 0.005 0 0 1 0 -1 0 4 2 1 0 1 E E 2 0 0 0 0 0 0 5 3 0 0 0 A A 1 80BaMaNa_l412
2284.6167 0.005 0 0 1 0 -1 0 4 2 1 0 1 E E 1 0 0 0 0 0 0 5 3 0 0 0 A A 2 80BaMaNa_l413
2284.9921 0.01 1 0 0 0 0 0 3 0 0 0 0 A A 2 0 0 0 0 0 0 4 0 0 0 0 A A 1 80BaMaNa_l414
2284.9921 0.01 1 0 0 0 0 0 3 1 0 0 0 E A 3 0 0 0 0 0 0 4 1 0 0 0 E A 3 80BaMaNa_l415
2285.0186 0.005 1 0 0 0 0 0 3 2 0 0 0 E A 3 0 0 0 0 0 0 4 2 0 0 0 E A 3 80BaMaNa_l416
-2285.0741 0.005 1 0 0 0 0 0 3 3 0 0 0 A A 2 0 0 0 0 0 0 4 3 0 0 0 A A 1 80BaMaNa_l417_a2
-2285.6219 0.005 0 0 1 0 1 0 4 1 1 0 1 E E 1 0 0 0 0 0 0 5 3 0 0 0 A A 2 80BaMaNa_l418_a
-2285.7343 0.005 0 0 1 0 1 0 4 1 1 0 1 E E 2 0 0 0 0 0 0 5 3 0 0 0 A A 1 80BaMaNa_l419_a
2285.9737 0.005 0 0 1 0 -1 0 4 3 1 0 1 A E 3 0 0 0 0 0 0 5 4 0 0 0 E A 3 80BaMaNa_l420
-2286.9225 0.005 1 0 0 0 0 0 4 2 0 0 0 E A 3 0 0 0 0 0 0 5 5 0 0 0 E A 3 80BaMaNa_l421_a
2287.4325 0.005 0 0 1 0 -1 0 4 4 1 0 1 E E 3 0 0 0 0 0 0 5 5 0 0 0 E A 3 80BaMaNa_l422
-2287.7679 0.005 0 0 1 0 1 0 4 2 1 0 1 E E 3 0 0 0 0 0 0 5 4 0 0 0 E A 3 80BaMaNa_l423_a
2287.9445 0.005 0 0 1 0 1 0 3 3 1 0 1 A E 3 0 0 0 0 0 0 4 2 0 0 0 E A 3 80BaMaNa_l424
2289.0114 0.005 0 0 1 0 1 0 3 2 1 0 1 E E 3 0 0 0 0 0 0 4 1 0 0 0 E A 3 80BaMaNa_l425
-2289.9293 0.005 0 0 1 0 1 0 4 3 1 0 1 A E 3 0 0 0 0 0 0 5 5 0 0 0 E A 3 80BaMaNa_l426_a
2290.0946 0.005 0 0 1 0 1 0 3 1 1 0 1 E E 2 0 0 0 0 0 0 4 0 0 0 0 A A 1 80BaMaNa_l427
2291.2983 0.005 0 0 1 0 1 0 3 0 1 0 1 A E 3 0 0 0 0 0 0 4 1 0 0 0 E A 3 80BaMaNa_l428
2292.5270 0.005 0 0 1 0 -1 0 3 1 1 0 1 E E 3 0 0 0 0 0 0 4 2 0 0 0 E A 3 80BaMaNa_l429
-2292.8852 0.005 0 0 1 0 1 0 3 0 1 0 1 A E 3 0 0 0 0 0 0 4 2 0 0 0 E A 3 80BaMaNa_l430_a
-2293.8236 0.005 0 0 1 0 -1 0 3 2 1 0 1 E E 2 0 0 0 0 0 0 4 3 0 0 0 A A 1 80BaMaNa_l431_a2
2294.1527 0.006 1 0 0 0 0 0 2 0 0 0 0 A A 1 0 0 0 0 0 0 3 0 0 0 0 A A 2 80BaMaNa_l432
2294.1527 0.005 1 0 0 0 0 0 2 1 0 0 0 E A 3 0 0 0 0 0 0 3 1 0 0 0 E A 3 80BaMaNa_l433
2294.1813 0.005 1 0 0 0 0 0 2 2 0 0 0 E A 3 0 0 0 0 0 0 3 2 0 0 0 E A 3 80BaMaNa_l434
-2294.8746 0.005 0 0 1 0 1 0 3 1 1 0 1 E E 2 0 0 0 0 0 0 4 3 0 0 0 A A 1 80BaMaNa_l435_a
-2294.9431 0.005 0 0 1 0 1 0 3 1 1 0 1 E E 1 0 0 0 0 0 0 4 3 0 0 0 A A 2 80BaMaNa_l436_a
2295.1969 0.005 0 0 1 0 -1 0 3 3 1 0 1 A E 3 0 0 0 0 0 0 4 4 0 0 0 E A 3 80BaMaNa_l437
2298.1503 0.005 0 0 1 0 1 0 2 2 1 0 1 E E 3 0 0 0 0 0 0 3 1 0 0 0 E A 3 80BaMaNa_l438
2299.2516 0.005 0 0 1 0 1 0 2 1 1 0 1 E E 1 0 0 0 0 0 0 3 0 0 0 0 A A 2 80BaMaNa_l439
2300.4434 0.005 0 0 1 0 1 0 2 0 1 0 1 A E 3 0 0 0 0 0 0 3 1 0 0 0 E A 3 80BaMaNa_l440
2301.6764 0.005 0 0 1 0 -1 0 2 1 1 0 1 E E 3 0 0 0 0 0 0 3 2 0 0 0 E A 3 80BaMaNa_l441
-2302.0531 0.005 0 0 1 0 1 0 2 0 1 0 1 A E 3 0 0 0 0 0 0 3 2 0 0 0 E A 3 80BaMaNa_l442_a
-2302.9763 0.005 0 0 1 0 -1 0 2 2 1 0 1 E E 2 0 0 0 0 0 0 3 3 0 0 0 A A 1 80BaMaNa_l443_a2
2303.2303 0.006 1 0 0 0 0 0 1 0 0 0 0 A A 2 0 0 0 0 0 0 2 0 0 0 0 A A 1 80BaMaNa_l444
2303.2303 0.005 1 0 0 0 0 0 1 1 0 0 0 E A 3 0 0 0 0 0 0 2 1 0 0 0 E A 3 80BaMaNa_l445
-2305.4363 0.005 1 0 0 0 0 0 9 5 0 0 0 E A 3 0 0 0 0 0 0 9 2 0 0 0 E A 3 80BaMaNa_l446_a
-2307.6029 0.005 1 0 0 0 0 0 12 3 0 0 0 A A 2 0 0 0 0 0 0 12 0 0 0 0 A A 1 80BaMaNa_l447_a
-2307.9975 0.005 0 0 1 0 1 0 13 13 1 0 1 E E 2 0 0 0 0 0 0 13 12 0 0 0 A A 1 80BaMaNa_l448_a2
-2308.0672 0.02 1 0 0 0 0 0 10 4 0 0 0 E A 3 0 0 0 0 0 0 10 1 0 0 0 E A 3 80BaMaNa_l449_a
2308.3256 0.005 0 0 1 0 1 0 1 1 1 0 1 E E 2 0 0 0 0 0 0 2 0 0 0 0 A A 1 80BaMaNa_l450
2308.6283 0.014 0 0 1 0 1 0 13 12 1 0 1 A E 3 0 0 0 0 0 0 13 11 0 0 0 E A 3 80BaMaNa_l451
2309.2396 0.005 0 0 1 0 1 0 13 11 1 0 1 E E 3 0 0 0 0 0 0 13 10 0 0 0 E A 3 80BaMaNa_l452
2309.5044 0.005 0 0 1 0 1 0 1 0 1 0 1 A E 3 0 0 0 0 0 0 2 1 0 0 0 E A 3 80BaMaNa_l453
-2309.6907 0.005 0 0 1 0 -1 0 13 7 1 0 1 E E 3 0 0 0 0 0 0 13 5 0 0 0 E A 3 80BaMaNa_l454_a
2309.7568 0.005 0 0 1 0 1 0 12 12 1 0 1 A E 3 0 0 0 0 0 0 12 11 0 0 0 E A 3 80BaMaNa_l455
-2309.7748 0.005 0 0 1 0 1 0 13 10 1 0 1 E E 2 0 0 0 0 0 0 13 9 0 0 0 A A 1 80BaMaNa_l456_a2
-2310.1252 0.005 0 0 1 0 -1 0 12 5 1 0 1 E E 2 0 0 0 0 0 0 12 0 0 0 0 A A 1 80BaMaNa_l457_a
2310.2280 0.005 0 0 1 0 1 0 13 9 1 0 1 A E 3 0 0 0 0 0 0 13 8 0 0 0 E A 3 80BaMaNa_l458
2310.3629 0.005 0 0 1 0 1 0 12 11 1 0 1 E E 3 0 0 0 0 0 0 12 10 0 0 0 E A 3 80BaMaNa_l459
-2310.4208 0.005 0 0 1 0 -1 0 13 6 1 0 1 A E 3 0 0 0 0 0 0 13 4 0 0 0 E A 3 80BaMaNa_l460_a
2310.7054 0.007 0 0 1 0 1 0 13 8 1 0 1 E E 3 0 0 0 0 0 0 13 7 0 0 0 E A 3 80BaMaNa_l461
2310.7440 0.005 0 0 1 0 -1 0 1 1 1 0 1 E E 3 0 0 0 0 0 0 2 2 0 0 0 E A 3 80BaMaNa_l462
-2310.9415 0.005 0 0 1 0 1 0 12 10 1 0 1 E E 2 0 0 0 0 0 0 12 9 0 0 0 A A 1 80BaMaNa_l463_a2
-2310.9937 0.005 1 0 0 0 0 0 11 3 0 0 0 A A 1 0 0 0 0 0 0 11 0 0 0 0 A A 2 80BaMaNa_l464_a
-2311.0515 0.005 1 0 0 0 0 0 12 2 0 0 0 E A 3 0 0 0 0 0 0 12 1 0 0 0 E A 3 80BaMaNa_l465_a
2311.1055 0.005 1 0 0 0 0 0 13 2 0 0 0 E A 3 0 0 0 0 0 0 13 2 0 0 0 E A 3 80BaMaNa_l466
-2311.2544 0.005 1 0 0 0 0 0 13 6 0 0 0 A A 2 0 0 0 0 0 0 13 6 0 0 0 A A 1 80BaMaNa_l467_a2
2311.4535 0.005 0 0 1 0 1 0 11 11 1 0 1 E E 3 0 0 0 0 0 0 11 10 0 0 0 E A 3 80BaMaNa_l468
2311.4535 0.005 0 0 1 0 1 0 12 9 1 0 1 A E 3 0 0 0 0 0 0 12 8 0 0 0 E A 3 80BaMaNa_l469
-2311.5581 0.005 0 0 1 0 -1 0 12 6 1 0 1 A E 3 0 0 0 0 0 0 12 4 0 0 0 E A 3 80BaMaNa_l470_a
-2311.7987 0.005 1 0 0 0 0 0 10 3 0 0 0 A A 2 0 0 0 0 0 0 10 0 0 0 0 A A 1 80BaMaNa_l471_a
-2311.8985 0.005 0 0 1 0 -1 0 8 5 1 0 1 E E 2 0 0 0 0 0 0 8 0 0 0 0 A A 1 80BaMaNa_l472_a
2311.9622 0.005 1 0 0 0 0 0 13 5 0 0 0 E A 3 0 0 0 0 0 0 13 5 0 0 0 E A 3 80BaMaNa_l473
2312.0254 0.005 0 0 1 0 1 0 12 8 1 0 1 E E 3 0 0 0 0 0 0 12 7 0 0 0 E A 3 80BaMaNa_l474
-2312.0754 0.005 0 0 1 0 1 0 11 10 1 0 1 E E 2 0 0 0 0 0 0 11 9 0 0 0 A A 1 80BaMaNa_l475_a2
-2312.1756 0.005 1 0 0 0 0 0 12 3 0 0 0 A A 2 0 0 0 0 0 0 12 3 0 0 0 A A 1 80BaMaNa_l476_a2
2312.2150 0.005 1 0 0 0 0 0 0 0 0 0 0 A A 1 0 0 0 0 0 0 1 0 0 0 0 A A 2 80BaMaNa_l477
-2312.5343 0.005 1 0 0 0 0 0 12 6 0 0 0 A A 2 0 0 0 0 0 0 12 6 0 0 0 A A 1 80BaMaNa_l478_a2
2312.5781 0.005 1 0 0 0 0 0 12 2 0 0 0 E A 3 0 0 0 0 0 0 12 2 0 0 0 E A 3 80BaMaNa_l479
2312.6670 0.005 0 0 1 0 1 0 11 9 1 0 1 A E 3 0 0 0 0 0 0 11 8 0 0 0 E A 3 80BaMaNa_l480
2312.8121 0.005 1 0 0 0 0 0 13 4 0 0 0 E A 3 0 0 0 0 0 0 13 4 0 0 0 E A 3 80BaMaNa_l481_zero
2313.0957 0.005 1 0 0 0 0 0 12 5 0 0 0 E A 3 0 0 0 0 0 0 12 5 0 0 0 E A 3 80BaMaNa_l482
-2313.0957 0.005 0 0 1 0 1 0 10 10 1 0 1 E E 2 0 0 0 0 0 0 10 9 0 0 0 A A 1 80BaMaNa_l483_a2
2313.2383 0.005 0 0 1 0 1 0 11 8 1 0 1 E E 3 0 0 0 0 0 0 11 7 0 0 0 E A 3 80BaMaNa_l484
-2313.2816 0.005 1 0 0 0 0 0 8 3 0 0 0 A A 2 0 0 0 0 0 0 8 0 0 0 0 A A 1 80BaMaNa_l485_a
-2313.4568 0.005 0 0 1 0 -1 0 11 5 1 0 1 E E 2 0 0 0 0 0 0 11 3 0 0 0 A A 1 80BaMaNa_l486_a
-2313.6337 0.005 1 0 0 0 0 0 10 2 0 0 0 E A 3 0 0 0 0 0 0 10 1 0 0 0 E A 3 80BaMaNa_l487_a
2313.7396 0.005 0 0 1 0 1 0 10 9 1 0 1 A E 3 0 0 0 0 0 0 10 8 0 0 0 E A 3 80BaMaNa_l488
2313.7578 0.016 1 0 0 0 0 0 12 4 0 0 0 E A 3 0 0 0 0 0 0 12 4 0 0 0 E A 3 80BaMaNa_l489
-2313.7578 0.005 0 0 1 0 1 0 11 7 1 0 1 E E 2 0 0 0 0 0 0 11 6 0 0 0 A A 1 80BaMaNa_l490_a2
-2313.8630 0.005 0 0 1 0 -1 0 13 5 1 0 1 E E 2 0 0 0 0 0 0 13 3 0 0 0 A A 1 80BaMaNa_l491_a
2313.9193 0.005 1 0 0 0 0 0 7 3 0 0 0 A A 1 0 0 0 0 0 0 7 0 0 0 0 A A 2 80BaMaNa_l492
-2313.9193 0.005 1 0 0 0 0 0 11 2 0 0 0 E A 3 0 0 0 0 0 0 11 2 0 0 0 E A 3 80BaMaNa_l493_a
2314.2493 0.005 1 0 0 0 0 0 11 5 0 0 0 E A 3 0 0 0 0 0 0 11 5 0 0 0 E A 3 80BaMaNa_l494
-2314.2991 0.005 1 0 0 0 0 0 12 1 0 0 0 E A 3 0 0 0 0 0 0 12 2 0 0 0 E A 3 80BaMaNa_l495_a
2314.3376 0.009 0 0 1 0 1 0 10 8 1 0 1 E E 3 0 0 0 0 0 0 10 7 0 0 0 E A 3 80BaMaNa_l496
-2314.4351 0.005 0 0 1 0 -1 0 9 6 1 0 1 A E 3 0 0 0 0 0 0 9 4 0 0 0 E A 3 80BaMaNa_l497_a
-2314.5273 0.005 1 0 0 0 0 0 6 3 0 0 0 A A 2 0 0 0 0 0 0 6 0 0 0 0 A A 1 80BaMaNa_l498_a
2314.5674 0.005 1 0 0 0 0 0 13 11 0 0 0 E A 3 0 0 0 0 0 0 13 11 0 0 0 E A 3 80BaMaNa_l499
-2314.5674 0.005 1 0 0 0 0 0 13 12 0 0 0 A A 2 0 0 0 0 0 0 13 12 0 0 0 A A 1 80BaMaNa_l500_a2
2314.6196 0.01 1 0 0 0 0 0 13 10 0 0 0 E A 3 0 0 0 0 0 0 13 10 0 0 0 E A 3 80BaMaNa_l501
2314.6196 0.005 1 0 0 0 0 0 13 13 0 0 0 E A 3 0 0 0 0 0 0 13 13 0 0 0 E A 3 80BaMaNa_l502
2314.6966 0.005670 0 0 1 0 1 0 9 9 1 0 1 A E 3 0 0 0 0 0 0 9 8 0 0 0 E A 3 80BaMaNa_l503
-2314.7140 0.005 0 0 1 0 -1 0 12 5 1 0 1 E E 2 0 0 0 0 0 0 12 3 0 0 0 A A 1 80BaMaNa_l504_a
-2314.7768 0.005 1 0 0 0 0 0 13 9 0 0 0 A A 2 0 0 0 0 0 0 13 9 0 0 0 A A 1 80BaMaNa_l505_a2
2314.8049 0.005 1 0 0 0 0 0 11 4 0 0 0 E A 3 0 0 0 0 0 0 11 4 0 0 0 E A 3 80BaMaNa_l506
-2314.8939 0.005 0 0 1 0 1 0 10 7 1 0 1 E E 2 0 0 0 0 0 0 10 6 0 0 0 A A 1 80BaMaNa_l507_a2
2314.9851 0.005 1 0 0 0 0 0 13 8 0 0 0 E A 3 0 0 0 0 0 0 13 8 0 0 0 E A 3 80BaMaNa_l508
-2315.0577 0.005 1 0 0 0 0 0 5 3 0 0 0 A A 1 0 0 0 0 0 0 5 0 0 0 0 A A 2 80BaMaNa_l509_a
2315.2445 0.016 1 0 0 0 0 0 13 7 0 0 0 E A 3 0 0 0 0 0 0 13 7 0 0 0 E A 3 80BaMaNa_l510
2315.3509 0.017814 1 0 0 0 0 0 10 5 0 0 0 E A 3 0 0 0 0 0 0 10 5 0 0 0 E A 3 80BaMaNa_l511
2315.3509 0.006 0 0 1 0 1 0 9 8 1 0 1 E E 3 0 0 0 0 0 0 9 7 0 0 0 E A 3 80BaMaNa_l512
2315.4704 0.005 1 0 0 0 0 0 12 10 0 0 0 E A 3 0 0 0 0 0 0 12 10 0 0 0 E A 3 80BaMaNa_l513
2315.4704 0.005559 1 0 0 0 0 0 12 11 0 0 0 E A 3 0 0 0 0 0 0 12 11 0 0 0 E A 3 80BaMaNa_l514
-2315.5299 0.005 1 0 0 0 0 0 12 9 0 0 0 A A 2 0 0 0 0 0 0 12 9 0 0 0 A A 1 80BaMaNa_l515_a2
-2315.5555 0.005 1 0 0 0 0 0 12 12 0 0 0 A A 2 0 0 0 0 0 0 12 12 0 0 0 A A 1 80BaMaNa_l516_a2
-2315.5555 0.005 0 0 1 0 1 0 13 7 1 0 1 E E 2 0 0 0 0 0 0 13 6 0 0 0 A A 1 80BaMaNa_l517_a2
-2315.5971 0.005 1 0 0 0 0 0 11 3 0 0 0 A A 2 0 0 0 0 0 0 11 3 0 0 0 A A 1 80BaMaNa_l518_a2
-2315.6675 0.005 0 0 1 0 -1 0 9 5 1 0 1 E E 2 0 0 0 0 0 0 9 3 0 0 0 A A 1 80BaMaNa_l519_a
2315.6956 0.008 1 0 0 0 0 0 12 8 0 0 0 E A 3 0 0 0 0 0 0 12 8 0 0 0 E A 3 80BaMaNa_l520
2315.8061 0.005 1 0 0 0 0 0 10 4 0 0 0 E A 3 0 0 0 0 0 0 10 4 0 0 0 E A 3 80BaMaNa_l521
-2315.8651 0.005 1 0 0 0 0 0 3 3 0 0 0 A A 1 0 0 0 0 0 0 3 0 0 0 0 A A 2 80BaMaNa_l522_a
2315.8927 0.007 1 0 0 0 0 0 12 7 0 0 0 E A 3 0 0 0 0 0 0 12 7 0 0 0 E A 3 80BaMaNa_l523
2315.9244 0.005 0 0 1 0 1 0 13 6 1 0 1 A E 3 0 0 0 0 0 0 13 5 0 0 0 E A 3 80BaMaNa_l524
-2315.9244 0.005 0 0 1 0 1 0 9 7 1 0 1 E E 2 0 0 0 0 0 0 9 6 0 0 0 A A 1 80BaMaNa_l525_a2
-2316.0288 0.005 0 0 1 0 -1 0 10 4 1 0 1 E E 3 0 0 0 0 0 0 10 1 0 0 0 E A 3 80BaMaNa_l526_a
-2316.1681 0.005 0 0 1 0 1 0 12 7 1 0 1 E E 2 0 0 0 0 0 0 12 6 0 0 0 A A 1 80BaMaNa_l527_a2
2316.2347 0.005 0 0 1 0 1 0 8 8 1 0 1 E E 3 0 0 0 0 0 0 8 7 0 0 0 E A 3 80BaMaNa_l528
-2316.3686 0.005 1 0 0 0 0 0 11 10 0 0 0 E A 3 0 0 0 0 0 0 11 10 0 0 0 E A 3 80BaMaNa_l529_a2
2316.3686 0.007 1 0 0 0 0 0 11 11 0 0 0 E A 3 0 0 0 0 0 0 11 11 0 0 0 E A 3 80BaMaNa_l530
2316.3686 0.005 0 0 1 0 1 0 13 5 1 0 1 E E 3 0 0 0 0 0 0 13 4 0 0 0 E A 3 80BaMaNa_l531
2316.3686 0.005 1 0 0 0 0 0 11 9 0 0 0 A A 2 0 0 0 0 0 0 11 9 0 0 0 A A 1 80BaMaNa_l532
2316.4374 0.005 1 0 0 0 0 0 11 8 0 0 0 E A 3 0 0 0 0 0 0 11 8 0 0 0 E A 3 80BaMaNa_l533
-2316.4374 0.005 1 0 0 0 0 0 10 3 0 0 0 A A 2 0 0 0 0 0 0 10 3 0 0 0 A A 1 80BaMaNa_l534_a2
-2316.4374 0.005 0 0 1 0 -1 0 13 3 1 0 1 A E 3 0 0 0 0 0 0 13 1 0 0 0 E A 3 80BaMaNa_l535_a
-2316.5456 0.005 0 0 1 0 1 0 12 6 1 0 1 A E 3 0 0 0 0 0 0 12 5 0 0 0 E A 3 80BaMaNa_l536
2316.5836 0.008 1 0 0 0 0 0 11 7 0 0 0 E A 3 0 0 0 0 0 0 11 7 0 0 0 E A 3 80BaMaNa_l537
-2316.7382 0.005 0 0 1 0 -1 0 9 4 1 0 1 E E 3 0 0 0 0 0 0 9 1 0 0 0 E A 3 80BaMaNa_l538_a
2316.7840 0.019 1 0 0 0 0 0 9 4 0 0 0 E A 3 0 0 0 0 0 0 9 4 0 0 0 E A 3 80BaMaNa_l539
-2316.8296 0.005559 1 0 0 0 0 0 11 6 0 0 0 A A 2 0 0 0 0 0 0 11 6 0 0 0 A A 1 80BaMaNa_l540_a2
-2316.8650 0.005559 0 0 1 0 1 0 8 7 1 0 1 E E 2 0 0 0 0 0 0 8 6 0 0 0 A A 1 80BaMaNa_l541_a2
2316.9043 0.005559 0 0 1 0 1 0 13 4 1 0 1 E E 1 0 0 0 0 0 0 13 3 0 0 0 A A 2 80BaMaNa_l542
2317.0069 0.005559 0 0 1 0 1 0 13 4 1 0 1 E E 2 0 0 0 0 0 0 13 3 0 0 0 A A 1 80BaMaNa_l543
2317.0069 0.016 0 0 1 0 1 0 12 5 1 0 1 E E 3 0 0 0 0 0 0 12 4 0 0 0 E A 3 80BaMaNa_l544
-2317.1403 0.005559 1 0 0 0 0 0 10 9 0 0 0 A A 2 0 0 0 0 0 0 10 9 0 0 0 A A 1 80BaMaNa_l545_a2
2317.1625 0.005559 1 0 0 0 0 0 10 8 0 0 0 E A 3 0 0 0 0 0 0 10 8 0 0 0 E A 3 80BaMaNa_l546
2317.1625 0.009 1 0 0 0 0 0 10 10 0 0 0 E A 3 0 0 0 0 0 0 10 10 0 0 0 E A 3 80BaMaNa_l547
2317.1923 0.012 0 0 1 0 1 0 11 6 1 0 1 A E 3 0 0 0 0 0 0 11 5 0 0 0 E A 3 80BaMaNa_l548
2317.2579 0.007 1 0 0 0 0 0 10 7 0 0 0 E A 3 0 0 0 0 0 0 10 7 0 0 0 E A 3 80BaMaNa_l549
-2317.2579 0.005 1 0 0 0 0 0 9 3 0 0 0 A A 1 0 0 0 0 0 0 9 3 0 0 0 A A 2 80BaMaNa_l550_a2
2317.3165 0.013 1 0 0 0 0 0 8 2 0 0 0 E A 3 0 0 0 0 0 0 8 2 0 0 0 E A 3 80BaMaNa_l551
2317.3650 0.016 1 0 0 0 0 0 8 5 0 0 0 E A 3 0 0 0 0 0 0 8 5 0 0 0 E A 3 80BaMaNa_l552
2317.4724 0.016 0 0 1 0 1 0 13 3 1 0 1 A E 3 0 0 0 0 0 0 13 2 0 0 0 E A 3 80BaMaNa_l553
-2317.4724 0.005 1 0 0 0 0 0 10 6 0 0 0 A A 2 0 0 0 0 0 0 10 6 0 0 0 A A 1 80BaMaNa_l554_a2
-2317.5775 0.005 0 0 1 0 -1 0 10 4 1 0 1 E E 3 0 0 0 0 0 0 10 2 0 0 0 E A 3 80BaMaNa_l555_a
2317.6255 0.01 0 0 1 0 1 0 12 4 1 0 1 E E 2 0 0 0 0 0 0 12 3 0 0 0 A A 1 80BaMaNa_l556
2317.6255 0.03 1 0 0 0 0 0 8 4 0 0 0 E A 3 0 0 0 0 0 0 8 4 0 0 0 E A 3 80BaMaNa_l557
2317.7044 0.005563 0 0 1 0 1 0 11 5 1 0 1 E E 3 0 0 0 0 0 0 11 4 0 0 0 E A 3 80BaMaNa_l558
-2317.7044 0.005 0 0 1 0 1 0 7 7 1 0 1 E E 2 0 0 0 0 0 0 7 6 0 0 0 A A 1 80BaMaNa_l559_a2
2317.8391 0.005 0 0 1 0 1 0 10 6 1 0 1 A E 3 0 0 0 0 0 0 10 5 0 0 0 E A 3 80BaMaNa_l560
2317.8654 0.005 0 0 1 0 1 0 12 4 1 0 1 E E 1 0 0 0 0 0 0 12 3 0 0 0 A A 2 80BaMaNa_l561
2317.8654 0.005 1 0 0 0 0 0 9 8 0 0 0 E A 3 0 0 0 0 0 0 9 8 0 0 0 E A 3 80BaMaNa_l562
-2317.8654 0.005 1 0 0 0 0 0 9 9 0 0 0 A A 2 0 0 0 0 0 0 9 9 0 0 0 A A 1 80BaMaNa_l563_a2
2317.9104 0.005621 1 0 0 0 0 0 9 7 0 0 0 E A 3 0 0 0 0 0 0 9 7 0 0 0 E A 3 80BaMaNa_l564
-2317.9595 0.005 1 0 0 0 0 0 8 3 0 0 0 A A 2 0 0 0 0 0 0 8 3 0 0 0 A A 1 80BaMaNa_l565_a2
-2317.9595 0.005 0 0 1 0 -1 0 13 3 1 0 1 A E 3 0 0 0 0 0 0 13 2 0 0 0 E A 3 80BaMaNa_l566_a
-2318.0794 0.005 1 0 0 0 0 0 9 6 0 0 0 A A 2 0 0 0 0 0 0 9 6 0 0 0 A A 1 80BaMaNa_l567_a2
2318.1557 0.007246 0 0 1 0 1 0 13 2 1 0 1 E E 3 0 0 0 0 0 0 13 1 0 0 0 E A 3 80BaMaNa_l568
2318.2327 0.005 1 0 0 0 0 0 7 2 0 0 0 E A 3 0 0 0 0 0 0 7 2 0 0 0 E A 3 80BaMaNa_l569
2318.2327 0.012 1 0 0 0 0 0 7 5 0 0 0 E A 3 0 0 0 0 0 0 7 5 0 0 0 E A 3 80BaMaNa_l570
2318.2793 0.008378 0 0 1 0 1 0 11 4 1 0 1 E E 2 0 0 0 0 0 0 11 3 0 0 0 A A 1 80BaMaNa_l571
2318.2950 0.021 0 0 1 0 1 0 12 3 1 0 1 A E 3 0 0 0 0 0 0 12 2 0 0 0 E A 3 80BaMaNa_l572
2318.3570 0.008378 0 0 1 0 1 0 11 4 1 0 1 E E 1 0 0 0 0 0 0 11 3 0 0 0 A A 2 80BaMaNa_l573
2318.3570 0.008378 1 0 0 0 0 0 7 1 0 0 0 E A 3 0 0 0 0 0 0 7 1 0 0 0 E A 3 80BaMaNa_l574
2318.3570 0.008378 0 0 1 0 1 0 10 5 1 0 1 E E 3 0 0 0 0 0 0 10 4 0 0 0 E A 3 80BaMaNa_l575
2318.4260 0.008378 0 0 1 0 1 0 9 6 1 0 1 A E 3 0 0 0 0 0 0 9 5 0 0 0 E A 3 80BaMaNa_l576
2318.4542 0.01 1 0 0 0 0 0 7 4 0 0 0 E A 3 0 0 0 0 0 0 7 4 0 0 0 E A 3 80BaMaNa_l577
2318.4978 0.008378 0 0 1 0 1 0 0 0 1 0 1 A E 3 0 0 0 0 0 0 1 1 0 0 0 E A 3 80BaMaNa_l578
2318.5135 0.011 1 0 0 0 0 0 8 7 0 0 0 E A 3 0 0 0 0 0 0 8 7 0 0 0 E A 3 80BaMaNa_l579
2318.5135 0.005 1 0 0 0 0 0 8 8 0 0 0 E A 3 0 0 0 0 0 0 8 8 0 0 0 E A 3 80BaMaNa_l580
-2318.6395 0.005 1 0 0 0 0 0 8 6 0 0 0 A A 2 0 0 0 0 0 0 8 6 0 0 0 A A 1 80BaMaNa_l581_a2
-2318.6395 0.005 1 0 0 0 0 0 7 3 0 0 0 A A 2 0 0 0 0 0 0 7 3 0 0 0 A A 1 80BaMaNa_l582_a2
-2318.8816 0.005 1 0 0 0 0 0 11 0 0 0 0 A A 2 0 0 0 0 0 0 11 3 0 0 0 A A 1 80BaMaNa_l583_a
-2318.8816 0.005 0 0 1 0 -1 0 12 3 1 0 1 A E 3 0 0 0 0 0 0 12 2 0 0 0 E A 3 80BaMaNa_l584_a
-2318.9364 0.005 0 0 1 0 -1 0 8 4 1 0 1 E E 3 0 0 0 0 0 0 8 2 0 0 0 E A 3 80BaMaNa_l585_a
2318.9635 0.005 0 0 1 0 1 0 8 6 1 0 1 A E 3 0 0 0 0 0 0 8 5 0 0 0 E A 3 80BaMaNa_l586
2318.9635 0.016149 0 0 1 0 1 0 9 5 1 0 1 E E 3 0 0 0 0 0 0 9 4 0 0 0 E A 3 80BaMaNa_l587
2319.0148 0.006 1 0 0 0 0 0 6 2 0 0 0 E A 3 0 0 0 0 0 0 6 2 0 0 0 E A 3 80BaMaNa_l588
-2319.0328 0.01 0 0 1 0 1 0 6 6 1 0 1 A E 3 0 0 0 0 0 0 6 5 0 0 0 E A 3 80BaMaNa_l589
-2319.0328 0.005 0 0 1 0 1 0 10 4 1 0 1 E E 2 0 0 0 0 0 0 10 3 0 0 0 A A 1 80BaMaNa_l590_a2
2319.0574 0.017043 0 0 1 0 1 0 12 2 1 0 1 E E 3 0 0 0 0 0 0 12 1 0 0 0 E A 3 80BaMaNa_l591
2319.0880 0.005 1 0 0 0 0 0 7 7 0 0 0 E A 3 0 0 0 0 0 0 7 7 0 0 0 E A 3 80BaMaNa_l592
2319.0880 0.005 1 0 0 0 0 0 6 1 0 0 0 E A 3 0 0 0 0 0 0 6 1 0 0 0 E A 3 80BaMaNa_l593
2319.0880 0.017 0 0 1 0 1 0 11 3 1 0 1 A E 3 0 0 0 0 0 0 11 2 0 0 0 E A 3 80BaMaNa_l594
-2319.1425 0.005 1 0 0 0 0 0 7 6 0 0 0 A A 2 0 0 0 0 0 0 7 6 0 0 0 A A 1 80BaMaNa_l595_a2
2319.1782 0.014 1 0 0 0 0 0 6 4 0 0 0 E A 3 0 0 0 0 0 0 6 4 0 0 0 E A 3 80BaMaNa_l596
-2319.2571 0.005 1 0 0 0 0 0 6 3 0 0 0 A A 2 0 0 0 0 0 0 6 3 0 0 0 A A 1 80BaMaNa_l597_a2
2319.4292 0.005 0 0 1 0 1 0 7 6 1 0 1 A E 3 0 0 0 0 0 0 7 5 0 0 0 E A 3 80BaMaNa_l598
-2319.4699 0.005 0 0 1 0 -1 0 11 2 1 0 1 E E 1 0 0 0 0 0 0 11 0 0 0 0 A A 2 80BaMaNa_l599_a
2319.5483 0.005 0 0 1 0 1 0 8 5 1 0 1 E E 3 0 0 0 0 0 0 8 4 0 0 0 E A 3 80BaMaNa_l600
-2319.5859 0.005 1 0 0 0 0 0 6 6 0 0 0 A A 2 0 0 0 0 0 0 6 6 0 0 0 A A 1 80BaMaNa_l601_a2
2319.6663 0.005 1 0 0 0 0 0 5 2 0 0 0 E A 3 0 0 0 0 0 0 5 2 0 0 0 E A 3 80BaMaNa_l602
2319.7018 0.005 1 0 0 0 0 0 5 1 0 0 0 E A 3 0 0 0 0 0 0 5 1 0 0 0 E A 3 80BaMaNa_l603
-2319.7018 0.005 0 0 1 0 1 0 9 4 1 0 1 E E 2 0 0 0 0 0 0 9 3 0 0 0 A A 1 80BaMaNa_l604_a2
2319.7402 0.005 0 0 1 0 1 0 13 1 1 0 1 E E 1 0 0 0 0 0 0 13 0 0 0 0 A A 2 80BaMaNa_l605
2319.8180 0.012 1 0 0 0 0 0 5 4 0 0 0 E A 3 0 0 0 0 0 0 5 4 0 0 0 E A 3 80BaMaNa_l606
2319.8180 0.006 1 0 0 0 0 0 6 5 0 0 0 E A 3 0 0 0 0 0 0 6 5 0 0 0 E A 3 80BaMaNa_l607
-2319.8180 0.005 1 0 0 0 0 0 5 3 0 0 0 A A 2 0 0 0 0 0 0 5 3 0 0 0 A A 1 80BaMaNa_l608_a2
2319.8540 0.005 0 0 1 0 1 0 10 3 1 0 1 A E 3 0 0 0 0 0 0 10 2 0 0 0 E A 3 80BaMaNa_l609
2319.9350 0.005 0 0 1 0 1 0 11 2 1 0 1 E E 3 0 0 0 0 0 0 11 1 0 0 0 E A 3 80BaMaNa_l610
2320.0202 0.005 1 0 0 0 0 0 5 5 0 0 0 E A 3 0 0 0 0 0 0 5 5 0 0 0 E A 3 80BaMaNa_l611
2320.0521 0.005 0 0 1 0 1 0 7 5 1 0 1 E E 3 0 0 0 0 0 0 7 4 0 0 0 E A 3 80BaMaNa_l612
-2320.0902 0.005 1 0 0 0 0 0 10 0 0 0 0 A A 1 0 0 0 0 0 0 10 3 0 0 0 A A 2 80BaMaNa_l613_a
2320.2010 0.006 1 0 0 0 0 0 4 1 0 0 0 E A 3 0 0 0 0 0 0 4 1 0 0 0 E A 3 80BaMaNa_l614
2320.2010 0.005 1 0 0 0 0 0 4 2 0 0 0 E A 3 0 0 0 0 0 0 4 2 0 0 0 E A 3 80BaMaNa_l615
-2320.2812 0.005 1 0 0 0 0 0 4 3 0 0 0 A A 2 0 0 0 0 0 0 4 3 0 0 0 A A 1 80BaMaNa_l616_a2
-2320.3190 0.005 0 0 1 0 1 0 8 4 1 0 1 E E 2 0 0 0 0 0 0 8 3 0 0 0 A A 1 80BaMaNa_l617_a2
2320.3791 0.005 1 0 0 0 0 0 4 4 0 0 0 E A 3 0 0 0 0 0 0 4 4 0 0 0 E A 3 80BaMaNa_l618
-2320.4096 0.005 0 0 1 0 -1 0 10 2 1 0 1 E E 2 0 0 0 0 0 0 10 0 0 0 0 A A 1 80BaMaNa_l619_a
-2320.4096 0.005 1 0 0 0 0 0 12 1 0 0 0 E A 3 0 0 0 0 0 0 12 4 0 0 0 E A 3 80BaMaNa_l620_a
2320.4979 0.005 0 0 1 0 1 0 6 5 1 0 1 E E 3 0 0 0 0 0 0 6 4 0 0 0 E A 3 80BaMaNa_l621
2320.5652 0.005 0 0 1 0 1 0 12 1 1 0 1 E E 2 0 0 0 0 0 0 12 0 0 0 0 A A 1 80BaMaNa_l622
2320.5652 0.012 1 0 0 0 0 0 3 1 0 0 0 E A 3 0 0 0 0 0 0 3 1 0 0 0 E A 3 80BaMaNa_l623
2320.5652 0.005 0 0 1 0 1 0 9 3 1 0 1 A E 3 0 0 0 0 0 0 9 2 0 0 0 E A 3 80BaMaNa_l624
2320.6078 0.005 1 0 0 0 0 0 3 2 0 0 0 E A 3 0 0 0 0 0 0 3 2 0 0 0 E A 3 80BaMaNa_l625
-2320.6680 0.005 1 0 0 0 0 0 3 3 0 0 0 A A 2 0 0 0 0 0 0 3 3 0 0 0 A A 1 80BaMaNa_l626_a2
2320.7475 0.005 0 0 1 0 1 0 10 2 1 0 1 E E 3 0 0 0 0 0 0 10 1 0 0 0 E A 3 80BaMaNa_l627
2320.8637 0.01 1 0 0 0 0 0 2 1 0 0 0 E A 3 0 0 0 0 0 0 2 1 0 0 0 E A 3 80BaMaNa_l628
2320.8817 0.008 1 0 0 0 0 0 2 2 0 0 0 E A 3 0 0 0 0 0 0 2 2 0 0 0 E A 3 80BaMaNa_l629
2320.8817 0.005 0 0 1 0 1 0 5 5 1 0 1 E E 3 0 0 0 0 0 0 5 4 0 0 0 E A 3 80BaMaNa_l630
-2320.8817 0.005 0 0 1 0 1 0 7 4 1 0 1 E E 2 0 0 0 0 0 0 7 3 0 0 0 A A 1 80BaMaNa_l631_a2
2321.0414 0.005 1 0 0 0 0 0 1 1 0 0 0 E A 3 0 0 0 0 0 0 1 1 0 0 0 E A 3 80BaMaNa_l632
-2321.0792 0.005 0 0 1 0 -1 0 7 3 1 0 1 A E 3 0 0 0 0 0 0 7 1 0 0 0 E A 3 80BaMaNa_l633_a
-2321.1105 0.005 0 0 1 0 -1 0 12 1 1 0 1 E E 3 0 0 0 0 0 0 12 1 0 0 0 E A 3 80BaMaNa_l634_a
-2321.2184 0.005 1 0 0 0 0 0 9 0 0 0 0 A A 2 0 0 0 0 0 0 9 3 0 0 0 A A 1 80BaMaNa_l635_a
2321.2184 0.005 0 0 1 0 1 0 8 3 1 0 1 A E 3 0 0 0 0 0 0 8 2 0 0 0 E A 3 80BaMaNa_l636
-2321.2720 0.005 0 0 1 0 -1 0 9 2 1 0 1 E E 1 0 0 0 0 0 0 9 0 0 0 0 A A 2 80BaMaNa_l637_a
2321.3615 0.005 0 0 1 0 1 0 11 1 1 0 1 E E 1 0 0 0 0 0 0 11 0 0 0 0 A A 2 80BaMaNa_l638
2321.3826 0.005 0 0 1 0 1 0 12 0 1 0 1 A E 3 0 0 0 0 0 0 12 1 0 0 0 E A 3 80BaMaNa_l639
-2321.3826 0.005 0 0 1 0 1 0 6 4 1 0 1 E E 2 0 0 0 0 0 0 6 3 0 0 0 A A 1 80BaMaNa_l640_a2
2321.4977 0.005 0 0 1 0 1 0 9 2 1 0 1 E E 3 0 0 0 0 0 0 9 1 0 0 0 E A 3 80BaMaNa_l641
-2321.6109 0.005 0 0 1 0 -1 0 6 3 1 0 1 A E 3 0 0 0 0 0 0 6 1 0 0 0 E A 3 80BaMaNa_l642_a
-2321.7751 0.005 1 0 0 0 0 0 13 2 0 0 0 E A 3 0 0 0 0 0 0 13 5 0 0 0 E A 3 80BaMaNa_l643_a
2321.8221 0.012 0 0 1 0 1 0 7 3 1 0 1 A E 3 0 0 0 0 0 0 7 2 0 0 0 E A 3 80BaMaNa_l644
-2321.8221 0.005 0 0 1 0 1 0 5 4 1 0 1 E E 2 0 0 0 0 0 0 5 3 0 0 0 A A 1 80BaMaNa_l645_a2
-2321.8453 0.005 1 0 0 0 0 0 11 1 0 0 0 E A 3 0 0 0 0 0 0 11 4 0 0 0 E A 3 80BaMaNa_l646_a
-2321.8882 0.005 0 0 1 0 -1 0 11 1 1 0 1 E E 3 0 0 0 0 0 0 11 1 0 0 0 E A 3 80BaMaNa_l647_a
2321.9194 0.005 0 0 1 0 -1 0 13 2 1 0 1 E E 1 0 0 0 0 0 0 13 3 0 0 0 A A 2 80BaMaNa_l648
-2322.0452 0.005 0 0 1 0 -1 0 8 2 1 0 1 E E 2 0 0 0 0 0 0 8 0 0 0 0 A A 1 80BaMaNa_l649_a
-2322.0830 0.005 0 0 1 0 1 0 13 0 1 0 1 A E 3 0 0 0 0 0 0 13 2 0 0 0 E A 3 80BaMaNa_l650_a
-2322.0830 0.005 0 0 1 0 -1 0 5 3 1 0 1 A E 3 0 0 0 0 0 0 5 1 0 0 0 E A 3 80BaMaNa_l651_a
2322.1109 0.005 0 0 1 0 1 0 10 1 1 0 1 E E 2 0 0 0 0 0 0 10 0 0 0 0 A A 1 80BaMaNa_l652
2322.1951 0.005 0 0 1 0 1 0 11 0 1 0 1 A E 3 0 0 0 0 0 0 11 1 0 0 0 E A 3 80BaMaNa_l653
2322.1951 0.01 0 0 1 0 1 0 8 2 1 0 1 E E 3 0 0 0 0 0 0 8 1 0 0 0 E A 3 80BaMaNa_l654
-2322.1951 0.005 0 0 1 0 1 0 4 4 1 0 1 E E 2 0 0 0 0 0 0 4 3 0 0 0 A A 1 80BaMaNa_l655_a2
-2322.2250 0.005 1 0 0 0 0 0 8 0 0 0 0 A A 1 0 0 0 0 0 0 8 3 0 0 0 A A 2 80BaMaNa_l656_a
2322.3499 0.005 0 0 1 0 1 0 6 3 1 0 1 A E 3 0 0 0 0 0 0 6 2 0 0 0 E A 3 80BaMaNa_l657
-2322.4721 0.005 0 0 1 0 -1 0 4 3 1 0 1 A E 3 0 0 0 0 0 0 4 1 0 0 0 E A 3 80BaMaNa_l658_a
2322.6421 0.005 0 0 1 0 -1 0 12 1 1 0 1 E E 3 0 0 0 0 0 0 12 2 0 0 0 E A 3 80BaMaNa_l659
-2322.7331 0.010902 0 0 1 0 -1 0 7 2 1 0 1 E E 1 0 0 0 0 0 0 7 0 0 0 0 A A 2 80BaMaNa_l660_a
2322.8121 0.010902 0 0 1 0 1 0 9 1 1 0 1 E E 1 0 0 0 0 0 0 9 0 0 0 0 A A 2 80BaMaNa_l661
2322.8121 0.010902 0 0 1 0 1 0 5 3 1 0 1 A E 3 0 0 0 0 0 0 5 2 0 0 0 E A 3 80BaMaNa_l662
2322.8121 0.010902 0 0 1 0 1 0 7 2 1 0 1 E E 3 0 0 0 0 0 0 7 1 0 0 0 E A 3 80BaMaNa_l663
-2322.9038 0.010902 0 0 1 0 1 0 12 0 1 0 1 A E 3 0 0 0 0 0 0 12 2 0 0 0 E A 3 80BaMaNa_l664_a
2322.9860 0.010902 0 0 1 0 1 0 10 0 1 0 1 A E 3 0 0 0 0 0 0 10 1 0 0 0 E A 3 80BaMaNa_l665
2323.0412 0.010902 0 0 1 0 -1 0 12 2 1 0 1 E E 2 0 0 0 0 0 0 12 3 0 0 0 A A 1 80BaMaNa_l666
-2323.0647 0.010902 0 0 1 0 1 0 9 2 1 0 1 E E 3 0 0 0 0 0 0 9 2 0 0 0 E A 3 80BaMaNa_l667_a
-2323.0990 0.010902 1 0 0 0 0 0 7 0 0 0 0 A A 2 0 0 0 0 0 0 7 3 0 0 0 A A 1 80BaMaNa_l668_a
-2323.1418 0.010902 1 0 0 0 0 0 10 1 0 0 0 E A 3 0 0 0 0 0 0 10 4 0 0 0 E A 3 80BaMaNa_l669_a
2323.2125 0.005 0 0 1 0 1 0 4 3 1 0 1 A E 3 0 0 0 0 0 0 4 2 0 0 0 E A 3 80BaMaNa_l670
-2323.3170 0.005 1 0 0 0 0 0 12 2 0 0 0 E A 3 0 0 0 0 0 0 12 5 0 0 0 E A 3 80BaMaNa_l671_a
-2323.3348 0.005 0 0 1 0 -1 0 6 2 1 0 1 E E 2 0 0 0 0 0 0 6 0 0 0 0 A A 1 80BaMaNa_l672_a
2323.3746 0.005 0 0 1 0 1 0 6 2 1 0 1 E E 3 0 0 0 0 0 0 6 1 0 0 0 E A 3 80BaMaNa_l673
2323.4254 0.005 0 0 1 0 -1 0 11 1 1 0 1 E E 3 0 0 0 0 0 0 11 2 0 0 0 E A 3 80BaMaNa_l674
2323.4676 0.005 0 0 1 0 1 0 8 1 1 0 1 E E 2 0 0 0 0 0 0 8 0 0 0 0 A A 1 80BaMaNa_l675
2323.5303 0.005 0 0 1 0 1 0 3 3 1 0 1 A E 3 0 0 0 0 0 0 3 2 0 0 0 E A 3 80BaMaNa_l676
2323.7322 0.005 0 0 1 0 1 0 9 0 1 0 1 A E 3 0 0 0 0 0 0 9 1 0 0 0 E A 3 80BaMaNa_l677
-2323.8539 0.005 0 0 1 0 1 0 12 1 1 0 1 E E 1 0 0 0 0 0 0 12 3 0 0 0 A A 2 80BaMaNa_l678_a
2323.8539 0.005 0 0 1 0 1 0 5 2 1 0 1 E E 3 0 0 0 0 0 0 5 1 0 0 0 E A 3 80BaMaNa_l679
2324.0331 0.006343 0 0 1 0 -1 0 13 3 1 0 1 A E 3 0 0 0 0 0 0 13 4 0 0 0 E A 3 80BaMaNa_l680
2324.0662 0.008 0 0 1 0 1 0 7 1 1 0 1 E E 1 0 0 0 0 0 0 7 0 0 0 0 A A 2 80BaMaNa_l681
2324.0662 0.022 0 0 1 0 -1 0 11 2 1 0 1 E E 1 0 0 0 0 0 0 11 3 0 0 0 A A 2 80BaMaNa_l682
2324.2012 0.005 0 0 1 0 -1 0 10 1 1 0 1 E E 3 0 0 0 0 0 0 10 2 0 0 0 E A 3 80BaMaNa_l683
2324.2755 0.011 0 0 1 0 1 0 4 2 1 0 1 E E 3 0 0 0 0 0 0 4 1 0 0 0 E A 3 80BaMaNa_l684
-2324.3074 0.005 1 0 0 0 0 0 9 1 0 0 0 E A 3 0 0 0 0 0 0 9 4 0 0 0 E A 3 80BaMaNa_l685_a
2324.4252 0.005 0 0 1 0 1 0 8 0 1 0 1 A E 3 0 0 0 0 0 0 8 1 0 0 0 E A 3 80BaMaNa_l686
-2324.4634 0.005 1 0 0 0 0 0 5 0 0 0 0 A A 2 0 0 0 0 0 0 5 3 0 0 0 A A 1 80BaMaNa_l687_a
-2324.5331 0.005 0 0 1 0 1 0 10 0 1 0 1 A E 3 0 0 0 0 0 0 10 2 0 0 0 E A 3 80BaMaNa_l688_a
2324.5895 0.005 0 0 1 0 1 0 6 1 1 0 1 E E 2 0 0 0 0 0 0 6 0 0 0 0 A A 1 80BaMaNa_l689
2324.5895 0.007 0 0 1 0 1 0 3 2 1 0 1 E E 3 0 0 0 0 0 0 3 1 0 0 0 E A 3 80BaMaNa_l690
-2324.7011 0.005 0 0 1 0 -1 0 7 1 1 0 1 E E 3 0 0 0 0 0 0 7 1 0 0 0 E A 3 80BaMaNa_l691_a
-2324.7525 0.005 1 0 0 0 0 0 11 2 0 0 0 E A 3 0 0 0 0 0 0 11 5 0 0 0 E A 3 80BaMaNa_l692_a
2324.7944 0.007246 0 0 1 0 1 0 11 2 1 0 1 E E 2 0 0 0 0 0 0 11 3 0 0 0 A A 1 80BaMaNa_l693
2324.8488 0.005 0 0 1 0 1 0 2 2 1 0 1 E E 3 0 0 0 0 0 0 2 1 0 0 0 E A 3 80BaMaNa_l694
2324.9394 0.005 0 0 1 0 -1 0 9 1 1 0 1 E E 3 0 0 0 0 0 0 9 2 0 0 0 E A 3 80BaMaNa_l695
-2324.9394 0.011 0 0 1 0 1 0 12 2 1 0 1 E E 1 0 0 0 0 0 0 12 3 0 0 0 A A 2 80BaMaNa_l696
2325.0139 0.005 0 0 1 0 -1 0 12 3 1 0 1 A E 3 0 0 0 0 0 0 12 4 0 0 0 E A 3 80BaMaNa_l697
2325.0500 0.007 0 0 1 0 1 0 5 1 1 0 1 E E 1 0 0 0 0 0 0 5 0 0 0 0 A A 2 80BaMaNa_l698
2325.0500 0.008875 0 0 1 0 -1 0 10 2 1 0 1 E E 2 0 0 0 0 0 0 10 3 0 0 0 A A 1 80BaMaNa_l699
2325.0500 0.011 0 0 1 0 1 0 7 0 1 0 1 A E 3 0 0 0 0 0 0 7 1 0 0 0 E A 3 80BaMaNa_l700
-2325.1477 0.006508 0 0 1 0 1 0 12 1 1 0 1 E E 2 0 0 0 0 0 0 12 3 0 0 0 A A 1 80BaMaNa_l701_a
-2325.2806 0.006508 0 0 1 0 -1 0 6 1 1 0 1 E E 3 0 0 0 0 0 0 6 1 0 0 0 E A 3 80BaMaNa_l702_a
-2325.2806 0.006508 0 0 1 0 1 0 9 0 1 0 1 A E 3 0 0 0 0 0 0 9 2 0 0 0 E A 3 80BaMaNa_l703_a
-2325.3554 0.006508 1 0 0 0 0 0 8 1 0 0 0 E A 3 0 0 0 0 0 0 8 4 0 0 0 E A 3 80BaMaNa_l704_a
2325.4324 0.006508 0 0 1 0 1 0 4 1 1 0 1 E E 2 0 0 0 0 0 0 4 0 0 0 0 A A 1 80BaMaNa_l705
2325.6304 0.01 0 0 1 0 -1 0 8 1 1 0 1 E E 3 0 0 0 0 0 0 8 2 0 0 0 E A 3 80BaMaNa_l706
-2325.6304 0.006508 0 0 1 0 1 0 11 1 1 0 1 E E 2 0 0 0 0 0 0 11 3 0 0 0 A A 1 80BaMaNa_l707_a
2325.6304 0.006508 0 0 1 0 1 0 6 0 1 0 1 A E 3 0 0 0 0 0 0 6 1 0 0 0 E A 3 80BaMaNa_l708
2325.6675 0.006508 0 0 1 0 1 0 10 2 1 0 1 E E 1 0 0 0 0 0 0 10 3 0 0 0 A A 2 80BaMaNa_l709
2325.7450 0.006508 0 0 1 0 1 0 3 1 1 0 1 E E 1 0 0 0 0 0 0 3 0 0 0 0 A A 2 80BaMaNa_l710
2325.9528 0.006508 0 0 1 0 -1 0 11 3 1 0 1 A E 3 0 0 0 0 0 0 11 4 0 0 0 E A 3 80BaMaNa_l711
2325.9528 0.01 0 0 1 0 -1 0 9 2 1 0 1 E E 1 0 0 0 0 0 0 9 3 0 0 0 A A 2 80BaMaNa_l712
2325.9852 0.006508 0 0 1 0 1 0 2 1 1 0 1 E E 2 0 0 0 0 0 0 2 0 0 0 0 A A 1 80BaMaNa_l713
-2326.0598 0.006508 1 0 0 0 0 0 12 3 0 0 0 A A 2 0 0 0 0 0 0 12 6 0 0 0 A A 1 80BaMaNa_l714_a
-2326.0805 0.006508 1 0 0 0 0 0 10 2 0 0 0 E A 3 0 0 0 0 0 0 10 5 0 0 0 E A 3 80BaMaNa_l715_a
2326.1322 0.01 0 0 1 0 1 0 1 1 1 0 1 E E 1 0 0 0 0 0 0 1 0 0 0 0 A A 2 80BaMaNa_l716
2326.1322 0.011 0 0 1 0 1 0 5 0 1 0 1 A E 3 0 0 0 0 0 0 5 1 0 0 0 E A 3 80BaMaNa_l717
-2326.1920 0.006508 0 0 1 0 -1 0 4 1 1 0 1 E E 3 0 0 0 0 0 0 4 1 0 0 0 E A 3 80BaMaNa_l718_a
-2326.2487 0.006508 1 0 0 0 0 0 7 1 0 0 0 E A 3 0 0 0 0 0 0 7 4 0 0 0 E A 3 80BaMaNa_l719_a
2326.2769 0.006508 0 0 1 0 -1 0 7 1 1 0 1 E E 3 0 0 0 0 0 0 7 2 0 0 0 E A 3 80BaMaNa_l720
-2326.3236 0.006508 0 0 1 0 1 0 10 1 1 0 1 E E 1 0 0 0 0 0 0 10 3 0 0 0 A A 2 80BaMaNa_l721_a
2326.4273 0.006508 0 0 1 0 -1 0 9 2 1 0 1 E E 2 0 0 0 0 0 0 9 3 0 0 0 A A 1 80BaMaNa_l722
-2326.5131 0.006508 0 0 1 0 -1 0 3 1 1 0 1 E E 3 0 0 0 0 0 0 3 1 0 0 0 E A 3 80BaMaNa_l723_a
2326.5428 0.006508 0 0 1 0 1 0 4 0 1 0 1 A E 3 0 0 0 0 0 0 4 1 0 0 0 E A 3 80BaMaNa_l724
-2326.6299 0.006508 0 0 1 0 1 0 7 0 1 0 1 A E 3 0 0 0 0 0 0 7 2 0 0 0 E A 3 80BaMaNa_l725_a
2326.6765 0.006508 0 0 1 0 -1 0 12 4 1 0 1 E E 3 0 0 0 0 0 0 12 5 0 0 0 E A 3 80BaMaNa_l726
-2326.7198 0.006508 0 0 1 0 1 0 12 2 1 0 1 E E 3 0 0 0 0 0 0 12 4 0 0 0 E A 3 80BaMaNa_l727_a
2326.7485 0.006508 0 0 1 0 -1 0 8 2 1 0 1 E E 2 0 0 0 0 0 0 8 3 0 0 0 A A 1 80BaMaNa_l728
2326.8260 0.006508 0 0 1 0 -1 0 10 3 1 0 1 A E 3 0 0 0 0 0 0 10 4 0 0 0 E A 3 80BaMaNa_l729
2326.8551 0.006508 0 0 1 0 -1 0 6 1 1 0 1 E E 3 0 0 0 0 0 0 6 2 0 0 0 E A 3 80BaMaNa_l730
2326.8812 0.006508 0 0 1 0 1 0 3 0 1 0 1 A E 3 0 0 0 0 0 0 3 1 0 0 0 E A 3 80BaMaNa_l731
-2326.9398 0.006508 0 0 1 0 -1 0 1 1 1 0 1 E E 3 0 0 0 0 0 0 1 1 0 0 0 E A 3 80BaMaNa_l732_a
-2327.0229 0.006508 1 0 0 0 0 0 6 1 0 0 0 E A 3 0 0 0 0 0 0 6 4 0 0 0 E A 3 80BaMaNa_l733_a
-2327.0654 0.006508 0 0 1 0 1 0 9 1 1 0 1 E E 2 0 0 0 0 0 0 9 3 0 0 0 A A 1 80BaMaNa_l734_a
2327.0925 0.006508 0 0 1 0 -1 0 8 2 1 0 1 E E 1 0 0 0 0 0 0 8 3 0 0 0 A A 2 80BaMaNa_l735
2327.1436 0.006508 0 0 1 0 1 0 2 0 1 0 1 A E 3 0 0 0 0 0 0 2 1 0 0 0 E A 3 80BaMaNa_l736
-2327.2108 0.006508 0 0 1 0 1 0 6 0 1 0 1 A E 3 0 0 0 0 0 0 6 2 0 0 0 E A 3 80BaMaNa_l737_a
-2327.2834 0.006508 1 0 0 0 0 0 9 2 0 0 0 E A 3 0 0 0 0 0 0 9 5 0 0 0 E A 3 80BaMaNa_l738_a
2327.3158 0.006508 0 0 1 0 1 0 1 0 1 0 1 A E 3 0 0 0 0 0 0 1 1 0 0 0 E A 3 80BaMaNa_l739
2327.3520 0.006508 0 0 1 0 -1 0 5 1 1 0 1 E E 3 0 0 0 0 0 0 5 2 0 0 0 E A 3 80BaMaNa_l740
-2327.4336 0.006508 0 0 1 0 -1 0 11 5 1 0 1 E E 2 0 0 0 0 0 0 11 6 0 0 0 A A 1 80BaMaNa_l741_a2
2327.4576 0.006508 0 0 1 0 -1 0 7 2 1 0 1 E E 1 0 0 0 0 0 0 7 3 0 0 0 A A 2 80BaMaNa_l742
-2327.4919 0.006508 0 0 1 0 1 0 9 1 1 0 1 E E 1 0 0 0 0 0 0 9 3 0 0 0 A A 2 80BaMaNa_l743_a
2327.6186 0.006508 0 0 1 0 -1 0 9 3 1 0 1 A E 3 0 0 0 0 0 0 9 4 0 0 0 E A 3 80BaMaNa_l744
2327.6186 0.006508 0 0 1 0 -1 0 11 4 1 0 1 E E 3 0 0 0 0 0 0 11 5 0 0 0 E A 3 80BaMaNa_l745
-2327.6414 0.006508 0 0 1 0 1 0 11 2 1 0 1 E E 3 0 0 0 0 0 0 11 4 0 0 0 E A 3 80BaMaNa_l746_a
2327.6897 0.006508 0 0 1 0 -1 0 7 2 1 0 1 E E 2 0 0 0 0 0 0 7 3 0 0 0 A A 1 80BaMaNa_l747
2327.7815 0.006508 0 0 1 0 -1 0 4 1 1 0 1 E E 3 0 0 0 0 0 0 4 2 0 0 0 E A 3 80BaMaNa_l748
2328.0873 0.006510 0 0 1 0 -1 0 6 2 1 0 1 E E 2 0 0 0 0 0 0 6 3 0 0 0 A A 1 80BaMaNa_l749
2328.1207 0.006508 0 0 1 0 -1 0 3 1 1 0 1 E E 3 0 0 0 0 0 0 3 2 0 0 0 E A 3 80BaMaNa_l750
-2328.1757 0.006508 0 0 1 0 1 0 8 1 1 0 1 E E 2 0 0 0 0 0 0 8 3 0 0 0 A A 1 80BaMaNa_l751_a
2328.2148 0.006508 0 0 1 0 -1 0 6 2 1 0 1 E E 1 0 0 0 0 0 0 6 3 0 0 0 A A 2 80BaMaNa_l752
2328.3380 0.006508 0 0 1 0 -1 0 8 3 1 0 1 A E 3 0 0 0 0 0 0 8 4 0 0 0 E A 3 80BaMaNa_l753
-2328.3735 0.006508 0 0 1 0 -1 0 2 1 1 0 1 E E 3 0 0 0 0 0 0 2 2 0 0 0 E A 3 80BaMaNa_l754_a
-2328.3735 0.014 1 0 0 0 0 0 8 2 0 0 0 E A 3 0 0 0 0 0 0 8 5 0 0 0 E A 3 80BaMaNa_l755
2328.4803 0.006508 0 0 1 0 -1 0 10 4 1 0 1 E E 3 0 0 0 0 0 0 10 5 0 0 0 E A 3 80BaMaNa_l756
-2328.5055 0.006508 0 0 1 0 1 0 10 2 1 0 1 E E 3 0 0 0 0 0 0 10 4 0 0 0 E A 3 80BaMaNa_l757_a
-2328.5899 0.006508 0 0 1 0 -1 0 12 6 1 0 1 A E 3 0 0 0 0 0 0 12 7 0 0 0 E A 3 80BaMaNa_l758_zero
-2328.5899 0.006508 0 0 1 0 -1 0 12 5 1 0 1 E E 2 0 0 0 0 0 0 12 6 0 0 0 A A 1 80BaMaNa_l759_a2
2328.6165 0.006508 0 0 1 0 -1 0 5 2 1 0 1 E E 1 0 0 0 0 0 0 5 3 0 0 0 A A 2 80BaMaNa_l760
2328.6962 0.01 0 0 1 0 -1 0 5 2 1 0 1 E E 2 0 0 0 0 0 0 5 3 0 0 0 A A 1 80BaMaNa_l761
-2328.6962 0.006508 0 0 1 0 -1 0 10 5 1 0 1 E E 2 0 0 0 0 0 0 10 6 0 0 0 A A 1 80BaMaNa_l762_a2
-2328.7749 0.006508 0 0 1 0 1 0 7 1 1 0 1 E E 1 0 0 0 0 0 0 7 3 0 0 0 A A 2 80BaMaNa_l763_a
2328.9704 0.006508 0 0 1 0 -1 0 7 3 1 0 1 A E 3 0 0 0 0 0 0 7 4 0 0 0 E A 3 80BaMaNa_l764
2329.0656 0.006508 0 0 1 0 -1 0 4 2 1 0 1 E E 2 0 0 0 0 0 0 4 3 0 0 0 A A 1 80BaMaNa_l765
2329.0908 0.006508 0 0 1 0 -1 0 4 2 1 0 1 E E 1 0 0 0 0 0 0 4 3 0 0 0 A A 2 80BaMaNa_l766
2329.2599 0.006508 0 0 1 0 -1 0 9 4 1 0 1 E E 3 0 0 0 0 0 0 9 5 0 0 0 E A 3 80BaMaNa_l767
-2329.3171 0.006508 1 0 0 0 0 0 7 2 0 0 0 E A 3 0 0 0 0 0 0 7 5 0 0 0 E A 3 80BaMaNa_l768_a
-2329.4250 0.006508 0 0 1 0 -1 0 3 2 1 0 1 E E 2 0 0 0 0 0 0 3 3 0 0 0 A A 1 80BaMaNa_l769_a2
2329.5439 0.006508 0 0 1 0 -1 0 6 3 1 0 1 A E 3 0 0 0 0 0 0 6 4 0 0 0 E A 3 80BaMaNa_l770
-2329.5690 0.006508 1 0 0 0 0 0 11 3 0 0 0 A A 2 0 0 0 0 0 0 11 6 0 0 0 A A 1 80BaMaNa_l771_a
-2329.6392 0.006508 0 0 1 0 1 0 5 1 1 0 1 E E 2 0 0 0 0 0 0 5 3 0 0 0 A A 1 80BaMaNa_l772_a
-2329.7124 0.006508 1 0 0 0 0 0 13 4 0 0 0 E A 3 0 0 0 0 0 0 13 7 0 0 0 E A 3 80BaMaNa_l773_a
-2329.7669 0.006508 0 0 1 0 -1 0 11 6 1 0 1 A E 3 0 0 0 0 0 0 11 7 0 0 0 E A 3 80BaMaNa_l774
-2329.8294 0.006508 0 0 1 0 -1 0 9 5 1 0 1 E E 2 0 0 0 0 0 0 9 6 0 0 0 A A 1 80BaMaNa_l775_a2
2329.9466 0.013 1 0 0 0 0 0 1 0 0 0 0 A A 2 0 0 0 0 0 0 0 0 0 0 0 A A 1 80BaMaNa_l776
2329.9466 0.006508 0 0 1 0 -1 0 8 4 1 0 1 E E 3 0 0 0 0 0 0 8 5 0 0 0 E A 3 80BaMaNa_l777
2330.0401 0.006508 0 0 1 0 -1 0 5 3 1 0 1 A E 3 0 0 0 0 0 0 5 4 0 0 0 E A 3 80BaMaNa_l778
-2330.0954 0.006508 0 0 1 0 1 0 4 1 1 0 1 E E 1 0 0 0 0 0 0 4 3 0 0 0 A A 2 80BaMaNa_l779_a
-2330.1457 0.006508 1 0 0 0 0 0 6 2 0 0 0 E A 3 0 0 0 0 0 0 6 5 0 0 0 E A 3 80BaMaNa_l780_a
-2330.2047 0.006508 0 0 1 0 1 0 4 1 1 0 1 E E 2 0 0 0 0 0 0 4 3 0 0 0 A A 1 80BaMaNa_l781_a
2330.4606 0.006508 0 0 1 0 -1 0 4 3 1 0 1 A E 3 0 0 0 0 0 0 4 4 0 0 0 E A 3 80BaMaNa_l782
-2330.5224 0.006508 1 0 0 0 0 0 10 3 0 0 0 A A 2 0 0 0 0 0 0 10 6 0 0 0 A A 1 80BaMaNa_l783_a
2330.5546 0.008 0 0 1 0 -1 0 7 4 1 0 1 E E 3 0 0 0 0 0 0 7 5 0 0 0 E A 3 80BaMaNa_l784
-2330.6468 0.006508 0 0 1 0 1 0 13 4 1 0 1 E E 1 0 0 0 0 0 0 13 6 0 0 0 A A 2 80BaMaNa_l785_a
-2330.7076 0.006508 0 0 1 0 1 0 7 2 1 0 1 E E 3 0 0 0 0 0 0 7 4 0 0 0 E A 3 80BaMaNa_l786_a
-2330.7583 0.006508 0 0 1 0 1 0 13 4 1 0 1 E E 2 0 0 0 0 0 0 13 6 0 0 0 A A 1 80BaMaNa_l787_a
-2330.7583 0.006508 0 0 1 0 1 0 10 3 1 0 1 A E 3 0 0 0 0 0 0 10 5 0 0 0 E A 3 80BaMaNa_l788_a
-2330.8383 0.016 0 0 1 0 -1 0 10 6 1 0 1 A E 3 0 0 0 0 0 0 10 7 0 0 0 E A 3 80BaMaNa_l789
-2330.8383 0.006508 1 0 0 0 0 0 5 2 0 0 0 E A 3 0 0 0 0 0 0 5 5 0 0 0 E A 3 80BaMaNa_l790_a
-2330.8383 0.006508 0 0 1 0 -1 0 8 5 1 0 1 E E 2 0 0 0 0 0 0 8 6 0 0 0 A A 1 80BaMaNa_l791_a2
2330.9676 0.006508 0 0 1 0 -1 0 12 7 1 0 1 E E 3 0 0 0 0 0 0 12 8 0 0 0 E A 3 80BaMaNa_l792_zero
2331.0921 0.006508 0 0 1 0 -1 0 6 4 1 0 1 E E 3 0 0 0 0 0 0 6 5 0 0 0 E A 3 80BaMaNa_l793
-2331.3001 0.006508 0 0 1 0 1 0 6 2 1 0 1 E E 3 0 0 0 0 0 0 6 4 0 0 0 E A 3 80BaMaNa_l794_a
-2331.3963 0.006508 1 0 0 0 0 0 9 3 0 0 0 A A 2 0 0 0 0 0 0 9 6 0 0 0 A A 1 80BaMaNa_l795_a
-2331.4953 0.006508 0 0 1 0 1 0 12 4 1 0 1 E E 2 0 0 0 0 0 0 12 6 0 0 0 A A 1 80BaMaNa_l796_a
2331.5394 0.006508 0 0 1 0 -1 0 5 4 1 0 1 E E 3 0 0 0 0 0 0 5 5 0 0 0 E A 3 80BaMaNa_l797
-2331.6859 0.006508 0 0 1 0 -1 0 7 5 1 0 1 E E 2 0 0 0 0 0 0 7 6 0 0 0 A A 1 80BaMaNa_l798_a2
-2331.7239 0.006508 0 0 1 0 1 0 12 4 1 0 1 E E 1 0 0 0 0 0 0 12 6 0 0 0 A A 2 80BaMaNa_l799_a
-2331.8338 0.005 0 0 1 0 -1 0 9 6 1 0 1 A E 3 0 0 0 0 0 0 9 7 0 0 0 E A 3 80BaMaNa_l800
2331.8936 0.005 0 0 1 0 -1 0 11 7 1 0 1 E E 3 0 0 0 0 0 0 11 8 0 0 0 E A 3 80BaMaNa_l801_zero
-2331.9643 0.005 1 0 0 0 0 0 11 4 0 0 0 E A 3 0 0 0 0 0 0 11 7 0 0 0 E A 3 80BaMaNa_l802_a
-2332.2105 0.005 1 0 0 0 0 0 8 3 0 0 0 A A 2 0 0 0 0 0 0 8 6 0 0 0 A A 1 80BaMaNa_l803_a
-2332.2437 0.005 0 0 1 0 1 0 11 4 1 0 1 E E 2 0 0 0 0 0 0 11 6 0 0 0 A A 1 80BaMaNa_l804_a
-2332.3242 0.005 0 0 1 0 1 0 11 4 1 0 1 E E 1 0 0 0 0 0 0 11 6 0 0 0 A A 2 80BaMaNa_l805_a
-2332.3933 0.005 0 0 1 0 -1 0 6 5 1 0 1 E E 2 0 0 0 0 0 0 6 6 0 0 0 A A 1 80BaMaNa_l806_a2
-2332.6982 0.005 0 0 1 0 -1 0 8 6 1 0 1 A E 3 0 0 0 0 0 0 8 7 0 0 0 E A 3 80BaMaNa_l807
2332.8318 0.005 0 0 1 0 -1 0 10 7 1 0 1 E E 3 0 0 0 0 0 0 10 8 0 0 0 E A 3 80BaMaNa_l808
-2332.8980 0.005 0 0 1 0 1 0 7 3 1 0 1 A E 3 0 0 0 0 0 0 7 5 0 0 0 E A 3 80BaMaNa_l809_a
-2332.9584 0.005 1 0 0 0 0 0 7 3 0 0 0 A A 2 0 0 0 0 0 0 7 6 0 0 0 A A 1 80BaMaNa_l810_a
-2333.1123 0.005 0 0 1 0 1 0 10 4 1 0 1 E E 2 0 0 0 0 0 0 10 6 0 0 0 A A 1 80BaMaNa_l811_a
-2333.4523 0.005 0 0 1 0 -1 0 7 6 1 0 1 A E 3 0 0 0 0 0 0 7 7 0 0 0 E A 3 80BaMaNa_l812
-2333.6361 0.005 1 0 0 0 0 0 6 3 0 0 0 A A 2 0 0 0 0 0 0 6 6 0 0 0 A A 1 80BaMaNa_l813_a
2333.7109 0.005 0 0 1 0 -1 0 9 7 1 0 1 E E 3 0 0 0 0 0 0 9 8 0 0 0 E A 3 80BaMaNa_l814
-2333.8654 0.005 0 0 1 0 1 0 9 4 1 0 1 E E 2 0 0 0 0 0 0 9 6 0 0 0 A A 1 80BaMaNa_l815_a
2334.0063 0.005 0 0 1 0 -1 0 11 8 1 0 1 E E 2 0 0 0 0 0 0 11 9 0 0 0 A A 1 80BaMaNa_l816_zero
-2334.0558 0.005 0 0 1 0 1 0 12 5 1 0 1 E E 3 0 0 0 0 0 0 12 7 0 0 0 E A 3 80BaMaNa_l817_a
-2334.1533 0.005 1 0 0 0 0 0 9 4 0 0 0 E A 3 0 0 0 0 0 0 9 7 0 0 0 E A 3 80BaMaNa_l818_a
2334.5127 0.005 0 0 1 0 -1 0 8 7 1 0 1 E E 3 0 0 0 0 0 0 8 8 0 0 0 E A 3 80BaMaNa_l819
-2334.5591 0.005 0 0 1 0 1 0 8 4 1 0 1 E E 2 0 0 0 0 0 0 8 6 0 0 0 A A 1 80BaMaNa_l820_a
-2334.8277 0.005 0 0 1 0 -1 0 10 8 1 0 1 E E 2 0 0 0 0 0 0 10 9 0 0 0 A A 1 80BaMaNa_l821_a2
-2334.8690 0.005 0 0 1 0 1 0 11 5 1 0 1 E E 3 0 0 0 0 0 0 11 7 0 0 0 E A 3 80BaMaNa_l822_a
2335.0351 0.005 0 0 1 0 1 0 1 1 1 0 1 E E 2 0 0 0 0 0 0 0 0 0 0 0 A A 1 80BaMaNa_l823
-2335.1245 0.005 1 0 0 0 0 0 8 4 0 0 0 E A 3 0 0 0 0 0 0 8 7 0 0 0 E A 3 80BaMaNa_l824_a
-2335.1951 0.005 0 0 1 0 1 0 7 4 1 0 1 E E 2 0 0 0 0 0 0 7 6 0 0 0 A A 1 80BaMaNa_l825_a
-2335.6441 0.005 0 0 1 0 -1 0 9 8 1 0 1 E E 2 0 0 0 0 0 0 9 9 0 0 0 A A 1 80BaMaNa_l826_a2
-2335.7674 0.005 0 0 1 0 1 0 6 4 1 0 1 E E 2 0 0 0 0 0 0 6 6 0 0 0 A A 1 80BaMaNa_l827_a
2336.2282 0.005 0 0 1 0 -1 0 11 9 1 0 1 A E 3 0 0 0 0 0 0 11 10 0 0 0 E A 3 80BaMaNa_l828_zero
-2336.3711 0.005 0 0 1 0 1 0 9 5 1 0 1 E E 3 0 0 0 0 0 0 9 7 0 0 0 E A 3 80BaMaNa_l829_a
2336.9104 0.005 0 0 1 0 -1 0 10 9 1 0 1 A E 3 0 0 0 0 0 0 10 10 0 0 0 E A 3 80BaMaNa_l830_zero
-2337.0411 0.005 0 0 1 0 1 0 8 5 1 0 1 E E 3 0 0 0 0 0 0 8 7 0 0 0 E A 3 80BaMaNa_l831_a
-2337.6196 0.005 0 0 1 0 1 0 7 5 1 0 1 E E 3 0 0 0 0 0 0 7 7 0 0 0 E A 3 80BaMaNa_l832_a
-2338.1362 0.005 1 0 0 0 0 0 8 5 0 0 0 E A 3 0 0 0 0 0 0 8 8 0 0 0 E A 3 80BaMaNa_l833_a
2338.5388 0.005 0 0 1 0 -1 0 11 10 1 0 1 E E 3 0 0 0 0 0 0 11 11 0 0 0 E A 3 80BaMaNa_l834_zero
2338.6585 0.006 1 0 0 0 0 0 2 0 0 0 0 A A 1 0 0 0 0 0 0 1 0 0 0 0 A A 2 80BaMaNa_l835
2338.6585 0.005 1 0 0 0 0 0 2 1 0 0 0 E A 3 0 0 0 0 0 0 1 1 0 0 0 E A 3 80BaMaNa_l836
-2339.1105 0.005 0 0 1 0 1 0 9 6 1 0 1 A E 3 0 0 0 0 0 0 9 8 0 0 0 E A 3 80BaMaNa_l837_a
2340.4931 0.005 0 0 1 0 -1 0 12 11 1 0 1 E E 2 0 0 0 0 0 0 12 12 0 0 0 A A 1 80BaMaNa_l838_zero
2342.6547 0.005 0 0 1 0 1 0 2 2 1 0 1 E E 3 0 0 0 0 0 0 1 1 0 0 0 E A 3 80BaMaNa_l839
2343.7531 0.005 0 0 1 0 1 0 2 1 1 0 1 E E 1 0 0 0 0 0 0 1 0 0 0 0 A A 2 80BaMaNa_l840
2344.9455 0.005 0 0 1 0 1 0 2 0 1 0 1 A E 3 0 0 0 0 0 0 1 1 0 0 0 E A 3 80BaMaNa_l841
2347.2717 0.005 1 0 0 0 0 0 3 0 0 0 0 A A 2 0 0 0 0 0 0 2 0 0 0 0 A A 1 80BaMaNa_l842
2347.2717 0.007 1 0 0 0 0 0 3 1 0 0 0 E A 3 0 0 0 0 0 0 2 1 0 0 0 E A 3 80BaMaNa_l843
2347.3119 0.005 1 0 0 0 0 0 3 2 0 0 0 E A 3 0 0 0 0 0 0 2 2 0 0 0 E A 3 80BaMaNa_l844
-2349.4976 0.005 0 0 1 0 -1 0 3 3 1 0 1 A E 3 0 0 0 0 0 0 2 1 0 0 0 E A 3 80BaMaNa_l845_a
2350.2352 0.005 0 0 1 0 1 0 3 3 1 0 1 A E 3 0 0 0 0 0 0 2 2 0 0 0 E A 3 80BaMaNa_l846
-2351.0758 0.005 1 0 0 0 0 0 4 3 0 0 0 A A 1 0 0 0 0 0 0 3 0 0 0 0 A A 2 80BaMaNa_l847_a
2351.2984 0.005 0 0 1 0 1 0 3 2 1 0 1 E E 3 0 0 0 0 0 0 2 1 0 0 0 E A 3 80BaMaNa_l848
-2351.3235 0.005 0 0 1 0 -1 0 3 2 1 0 1 E E 2 0 0 0 0 0 0 2 0 0 0 0 A A 1 80BaMaNa_l849_a
2352.3779 0.005 0 0 1 0 1 0 3 1 1 0 1 E E 2 0 0 0 0 0 0 2 0 0 0 0 A A 1 80BaMaNa_l850
-2353.2234 0.005 0 0 1 0 -1 0 3 1 1 0 1 E E 3 0 0 0 0 0 0 2 1 0 0 0 E A 3 80BaMaNa_l851_a
2353.5843 0.005 0 0 1 0 1 0 3 0 1 0 1 A E 3 0 0 0 0 0 0 2 1 0 0 0 E A 3 80BaMaNa_l852
2354.8167 0.007 0 0 1 0 -1 0 3 1 1 0 1 E E 3 0 0 0 0 0 0 2 2 0 0 0 E A 3 80BaMaNa_l853
2355.7855 0.011 1 0 0 0 0 0 4 0 0 0 0 A A 1 0 0 0 0 0 0 3 0 0 0 0 A A 2 80BaMaNa_l854
2355.7855 0.005 1 0 0 0 0 0 4 1 0 0 0 E A 3 0 0 0 0 0 0 3 1 0 0 0 E A 3 80BaMaNa_l855
2355.7855 0.011 1 0 0 0 0 0 4 2 0 0 0 E A 3 0 0 0 0 0 0 3 2 0 0 0 E A 3 80BaMaNa_l856
-2355.8856 0.005 1 0 0 0 0 0 4 3 0 0 0 A A 2 0 0 0 0 0 0 3 3 0 0 0 A A 1 80BaMaNa_l857_a2
-2356.3107 0.005 0 0 1 0 -1 0 4 4 1 0 1 E E 3 0 0 0 0 0 0 3 2 0 0 0 E A 3 80BaMaNa_l858_a
-2357.7998 0.005 0 0 1 0 1 0 4 4 1 0 1 E E 2 0 0 0 0 0 0 3 3 0 0 0 A A 1 80BaMaNa_l859_a2
-2358.0645 0.005 0 0 1 0 -1 0 4 3 1 0 1 A E 3 0 0 0 0 0 0 3 1 0 0 0 E A 3 80BaMaNa_l860_a
2358.8061 0.005 0 0 1 0 1 0 4 3 1 0 1 A E 3 0 0 0 0 0 0 3 2 0 0 0 E A 3 80BaMaNa_l861
-2359.4919 0.005 1 0 0 0 0 0 5 3 0 0 0 A A 2 0 0 0 0 0 0 4 0 0 0 0 A A 1 80BaMaNa_l862_a
2359.8568 0.005 0 0 1 0 1 0 4 2 1 0 1 E E 3 0 0 0 0 0 0 3 1 0 0 0 E A 3 80BaMaNa_l863
-2359.9070 0.005 0 0 1 0 -1 0 4 2 1 0 1 E E 1 0 0 0 0 0 0 3 0 0 0 0 A A 2 80BaMaNa_l864_a
2360.9062 0.005 0 0 1 0 1 0 4 1 1 0 1 E E 1 0 0 0 0 0 0 3 0 0 0 0 A A 2 80BaMaNa_l865
-2361.7751 0.005 0 0 1 0 -1 0 4 1 1 0 1 E E 3 0 0 0 0 0 0 3 1 0 0 0 E A 3 80BaMaNa_l866_a
2362.1346 0.005 0 0 1 0 1 0 4 0 1 0 1 A E 3 0 0 0 0 0 0 3 1 0 0 0 E A 3 80BaMaNa_l867
2363.3699 0.005 0 0 1 0 -1 0 4 1 1 0 1 E E 3 0 0 0 0 0 0 3 2 0 0 0 E A 3 80BaMaNa_l868
-2363.7363 0.005 0 0 1 0 1 0 4 0 1 0 1 A E 3 0 0 0 0 0 0 3 2 0 0 0 E A 3 80BaMaNa_l869_a
2364.1299 0.005 1 0 0 0 0 0 5 2 0 0 0 E A 3 0 0 0 0 0 0 4 2 0 0 0 E A 3 80BaMaNa_l870
2364.1525 0.007 1 0 0 0 0 0 5 0 0 0 0 A A 2 0 0 0 0 0 0 4 0 0 0 0 A A 1 80BaMaNa_l871
2364.1525 0.01 1 0 0 0 0 0 5 1 0 0 0 E A 3 0 0 0 0 0 0 4 1 0 0 0 E A 3 80BaMaNa_l872
-2364.2855 0.005 1 0 0 0 0 0 5 3 0 0 0 A A 2 0 0 0 0 0 0 4 3 0 0 0 A A 1 80BaMaNa_l873_a2
2364.3119 0.005 1 0 0 0 0 0 5 4 0 0 0 E A 3 0 0 0 0 0 0 4 4 0 0 0 E A 3 80BaMaNa_l874
2364.6648 0.005 0 0 1 0 -1 0 4 2 1 0 1 E E 2 0 0 0 0 0 0 3 3 0 0 0 A A 1 80BaMaNa_l875
2364.6886 0.005 0 0 1 0 -1 0 4 2 1 0 1 E E 1 0 0 0 0 0 0 3 3 0 0 0 A A 2 80BaMaNa_l876
-2364.8336 0.005 0 0 1 0 -1 0 5 4 1 0 1 E E 3 0 0 0 0 0 0 4 2 0 0 0 E A 3 80BaMaNa_l877_a
2365.3770 0.008 0 0 1 0 1 0 5 5 1 0 1 E E 3 0 0 0 0 0 0 4 4 0 0 0 E A 3 80BaMaNa_l878
-2366.2998 0.005 0 0 1 0 1 0 5 4 1 0 1 E E 2 0 0 0 0 0 0 4 3 0 0 0 A A 1 80BaMaNa_l879_a2
-2366.5341 0.005 0 0 1 0 -1 0 5 3 1 0 1 A E 3 0 0 0 0 0 0 4 1 0 0 0 E A 3 80BaMaNa_l880_a
2367.2759 0.005 0 0 1 0 1 0 5 3 1 0 1 A E 3 0 0 0 0 0 0 4 2 0 0 0 E A 3 80BaMaNa_l881
2368.3145 0.005 0 0 1 0 1 0 5 2 1 0 1 E E 3 0 0 0 0 0 0 4 1 0 0 0 E A 3 80BaMaNa_l882
-2368.3731 0.005 0 0 1 0 -1 0 5 2 1 0 1 E E 2 0 0 0 0 0 0 4 0 0 0 0 A A 1 80BaMaNa_l883_a
2369.3323 0.005 0 0 1 0 1 0 5 1 1 0 1 E E 2 0 0 0 0 0 0 4 0 0 0 0 A A 1 80BaMaNa_l884
-2370.2280 0.005 0 0 1 0 -1 0 5 1 1 0 1 E E 3 0 0 0 0 0 0 4 1 0 0 0 E A 3 80BaMaNa_l885_a
2370.5838 0.005 0 0 1 0 1 0 5 0 1 0 1 A E 3 0 0 0 0 0 0 4 1 0 0 0 E A 3 80BaMaNa_l886
2371.8154 0.005 0 0 1 0 -1 0 5 1 1 0 1 E E 3 0 0 0 0 0 0 4 2 0 0 0 E A 3 80BaMaNa_l887
-2372.1744 0.005 0 0 1 0 1 0 5 0 1 0 1 A E 3 0 0 0 0 0 0 4 2 0 0 0 E A 3 80BaMaNa_l888_a
2372.3329 0.005 1 0 0 0 0 0 6 2 0 0 0 E A 3 0 0 0 0 0 0 5 2 0 0 0 E A 3 80BaMaNa_l889
2372.3964 0.018 1 0 0 0 0 0 6 0 0 0 0 A A 1 0 0 0 0 0 0 5 0 0 0 0 A A 2 80BaMaNa_l890
2372.3964 0.012 1 0 0 0 0 0 6 1 0 0 0 E A 3 0 0 0 0 0 0 5 1 0 0 0 E A 3 80BaMaNa_l891
-2372.3964 0.006 0 0 1 0 1 0 6 6 1 0 1 A E 3 0 0 0 0 0 0 5 5 0 0 0 E A 3 80BaMaNa_l892
2372.5430 0.006533 1 0 0 0 0 0 6 4 0 0 0 E A 3 0 0 0 0 0 0 5 4 0 0 0 E A 3 80BaMaNa_l893
-2372.5905 0.005 1 0 0 0 0 0 6 3 0 0 0 A A 2 0 0 0 0 0 0 5 3 0 0 0 A A 1 80BaMaNa_l894_a2
-2372.7367 0.005 1 0 0 0 0 0 7 4 0 0 0 E A 3 0 0 0 0 0 0 6 1 0 0 0 E A 3 80BaMaNa_l895_a
2373.0914 0.005 0 0 1 0 -1 0 5 2 1 0 1 E E 1 0 0 0 0 0 0 4 3 0 0 0 A A 2 80BaMaNa_l896
2373.1728 0.013 0 0 1 0 -1 0 5 2 1 0 1 E E 2 0 0 0 0 0 0 4 3 0 0 0 A A 1 80BaMaNa_l897
2373.1728 0.012 1 0 0 0 0 0 6 5 0 0 0 E A 3 0 0 0 0 0 0 5 5 0 0 0 E A 3 80BaMaNa_l898
-2373.2784 0.005 0 0 1 0 -1 0 6 4 1 0 1 E E 3 0 0 0 0 0 0 5 2 0 0 0 E A 3 80BaMaNa_l899_a
-2373.6311 0.007113 0 0 1 0 1 0 8 7 1 0 1 E E 2 0 0 0 0 0 0 7 3 0 0 0 A A 1 80BaMaNa_l900_a
2373.8512 0.007113 0 0 1 0 1 0 6 5 1 0 1 E E 3 0 0 0 0 0 0 5 4 0 0 0 E A 3 80BaMaNa_l901
-2374.2784 0.007113 0 0 1 0 1 0 5 1 1 0 1 E E 1 0 0 0 0 0 0 4 3 0 0 0 A A 2 80BaMaNa_l902_a
2374.5249 0.007113 0 0 1 0 -1 0 5 3 1 0 1 A E 3 0 0 0 0 0 0 4 4 0 0 0 E A 3 80BaMaNa_l903
-2374.7250 0.007113 0 0 1 0 1 0 6 4 1 0 1 E E 2 0 0 0 0 0 0 5 3 0 0 0 A A 1 80BaMaNa_l904_a2
-2374.9295 0.007113 0 0 1 0 -1 0 6 3 1 0 1 A E 3 0 0 0 0 0 0 5 1 0 0 0 E A 3 80BaMaNa_l905_a
2375.6735 0.007113 0 0 1 0 1 0 6 3 1 0 1 A E 3 0 0 0 0 0 0 5 2 0 0 0 E A 3 80BaMaNa_l906
-2376.0696 0.007113 1 0 0 0 0 0 7 3 0 0 0 A A 2 0 0 0 0 0 0 6 0 0 0 0 A A 1 80BaMaNa_l907_a
-2376.5348 0.007113 0 0 1 0 -1 0 7 7 1 0 1 E E 3 0 0 0 0 0 0 6 5 0 0 0 E A 3 80BaMaNa_l908_a
2376.6882 0.007113 0 0 1 0 1 0 6 2 1 0 1 E E 3 0 0 0 0 0 0 5 1 0 0 0 E A 3 80BaMaNa_l909
-2376.7866 0.005 0 0 1 0 -1 0 6 2 1 0 1 E E 1 0 0 0 0 0 0 5 0 0 0 0 A A 2 80BaMaNa_l910_a
2377.6655 0.005 0 0 1 0 1 0 6 1 1 0 1 E E 1 0 0 0 0 0 0 5 0 0 0 0 A A 2 80BaMaNa_l911
-2378.0599 0.005 0 0 1 0 -1 0 7 6 1 0 1 A E 3 0 0 0 0 0 0 6 4 0 0 0 E A 3 80BaMaNa_l912_a
-2378.5848 0.005 0 0 1 0 -1 0 6 1 1 0 1 E E 3 0 0 0 0 0 0 5 1 0 0 0 E A 3 80BaMaNa_l913_a
2378.9452 0.005 0 0 1 0 1 0 6 0 1 0 1 A E 3 0 0 0 0 0 0 5 1 0 0 0 E A 3 80BaMaNa_l914
-2379.5449 0.005 0 0 1 0 -1 0 7 5 1 0 1 E E 2 0 0 0 0 0 0 6 3 0 0 0 A A 1 80BaMaNa_l915_a
-2379.9533 0.005 0 0 1 0 1 0 7 7 1 0 1 E E 2 0 0 0 0 0 0 6 6 0 0 0 A A 1 80BaMaNa_l916_a2
2380.1759 0.005 0 0 1 0 -1 0 6 1 1 0 1 E E 3 0 0 0 0 0 0 5 2 0 0 0 E A 3 80BaMaNa_l917
2380.3968 0.005 1 0 0 0 0 0 7 2 0 0 0 E A 3 0 0 0 0 0 0 6 2 0 0 0 E A 3 80BaMaNa_l918
2380.4369 0.005 1 0 0 0 0 0 7 5 0 0 0 E A 3 0 0 0 0 0 0 6 5 0 0 0 E A 3 80BaMaNa_l919
2380.5223 0.007 1 0 0 0 0 0 7 0 0 0 0 A A 2 0 0 0 0 0 0 6 0 0 0 0 A A 1 80BaMaNa_l920
2380.5223 0.011 1 0 0 0 0 0 7 1 0 0 0 E A 3 0 0 0 0 0 0 6 1 0 0 0 E A 3 80BaMaNa_l921
2380.6568 0.005 1 0 0 0 0 0 7 4 0 0 0 E A 3 0 0 0 0 0 0 6 4 0 0 0 E A 3 80BaMaNa_l922
-2380.8196 0.005 1 0 0 0 0 0 7 3 0 0 0 A A 2 0 0 0 0 0 0 6 3 0 0 0 A A 1 80BaMaNa_l923_a2
-2381.3855 0.005 1 0 0 0 0 0 7 6 0 0 0 A A 2 0 0 0 0 0 0 6 6 0 0 0 A A 1 80BaMaNa_l924_a2
2381.4097 0.008 0 0 1 0 -1 0 6 2 1 0 1 E E 2 0 0 0 0 0 0 5 3 0 0 0 A A 1 80BaMaNa_l925
2381.5526 0.005 0 0 1 0 -1 0 6 2 1 0 1 E E 1 0 0 0 0 0 0 5 3 0 0 0 A A 2 80BaMaNa_l926
2381.6409 0.005 0 0 1 0 -1 0 7 4 1 0 1 E E 3 0 0 0 0 0 0 6 2 0 0 0 E A 3 80BaMaNa_l927_a
2381.6409 0.005 0 0 1 0 1 0 7 6 1 0 1 A E 3 0 0 0 0 0 0 6 5 0 0 0 E A 3 80BaMaNa_l928
2382.2476 0.005 0 0 1 0 1 0 7 5 1 0 1 E E 3 0 0 0 0 0 0 6 4 0 0 0 E A 3 80BaMaNa_l929
-2382.4297 0.006608 0 0 1 0 1 0 6 1 1 0 1 E E 1 0 0 0 0 0 0 5 3 0 0 0 A A 2 80BaMaNa_l930_a
-2382.6778 0.006608 0 0 1 0 1 0 6 1 1 0 1 E E 2 0 0 0 0 0 0 5 3 0 0 0 A A 1 80BaMaNa_l931_a
2382.8900 0.006608 0 0 1 0 -1 0 6 3 1 0 1 A E 3 0 0 0 0 0 0 5 4 0 0 0 E A 3 80BaMaNa_l932
-2383.0582 0.006608 0 0 1 0 1 0 7 4 1 0 1 E E 2 0 0 0 0 0 0 6 3 0 0 0 A A 1 80BaMaNa_l933_a2
-2383.2342 0.006608 0 0 1 0 -1 0 7 3 1 0 1 A E 3 0 0 0 0 0 0 6 1 0 0 0 E A 3 80BaMaNa_l934_a
-2383.5111 0.006608 1 0 0 0 0 0 6 2 0 0 0 E A 3 0 0 0 0 0 0 5 5 0 0 0 E A 3 80BaMaNa_l935_a
2383.9759 0.006608 0 0 1 0 1 0 7 3 1 0 1 A E 3 0 0 0 0 0 0 6 2 0 0 0 E A 3 80BaMaNa_l936
-2384.2346 0.006608 1 0 0 0 0 0 8 3 0 0 0 A A 1 0 0 0 0 0 0 7 0 0 0 0 A A 2 80BaMaNa_l937_a
2384.4534 0.006608 0 0 1 0 -1 0 6 4 1 0 1 E E 3 0 0 0 0 0 0 5 5 0 0 0 E A 3 80BaMaNa_l938
-2384.7533 0.006608 0 0 1 0 -1 0 8 7 1 0 1 E E 3 0 0 0 0 0 0 7 5 0 0 0 E A 3 80BaMaNa_l939_a
2384.9711 0.005 0 0 1 0 1 0 7 2 1 0 1 E E 3 0 0 0 0 0 0 6 1 0 0 0 E A 3 80BaMaNa_l940
-2385.1190 0.005 0 0 1 0 -1 0 7 2 1 0 1 E E 2 0 0 0 0 0 0 6 0 0 0 0 A A 1 80BaMaNa_l941_a
-2385.2691 0.005 1 0 0 0 0 0 7 0 0 0 0 A A 2 0 0 0 0 0 0 6 3 0 0 0 A A 1 80BaMaNa_l942_a
2385.9050 0.005 0 0 1 0 1 0 7 1 1 0 1 E E 2 0 0 0 0 0 0 6 0 0 0 0 A A 1 80BaMaNa_l943
-2386.8615 0.005 0 0 1 0 -1 0 7 1 1 0 1 E E 3 0 0 0 0 0 0 6 1 0 0 0 E A 3 80BaMaNa_l944_a
-2386.8615 0.005 0 0 1 0 1 0 6 3 1 0 1 A E 3 0 0 0 0 0 0 5 5 0 0 0 E A 3 80BaMaNa_l945_a
2387.2158 0.005 0 0 1 0 1 0 7 0 1 0 1 A E 3 0 0 0 0 0 0 6 1 0 0 0 E A 3 80BaMaNa_l946
2387.3411 0.005 0 0 1 0 1 0 8 8 1 0 1 E E 3 0 0 0 0 0 0 7 7 0 0 0 E A 3 80BaMaNa_l947
-2387.5806 0.005 0 0 1 0 -1 0 8 5 1 0 1 E E 2 0 0 0 0 0 0 7 3 0 0 0 A A 1 80BaMaNa_l948_a
-2387.9400 0.005 0 0 1 0 1 0 8 7 1 0 1 E E 2 0 0 0 0 0 0 7 6 0 0 0 A A 1 80BaMaNa_l949_a2
2388.3143 0.007 1 0 0 0 0 0 8 2 0 0 0 E A 3 0 0 0 0 0 0 7 2 0 0 0 E A 3 80BaMaNa_l950
2388.3912 0.005 1 0 0 0 0 0 8 5 0 0 0 E A 3 0 0 0 0 0 0 7 5 0 0 0 E A 3 80BaMaNa_l951
2388.4440 0.005 0 0 1 0 -1 0 7 1 1 0 1 E E 3 0 0 0 0 0 0 6 2 0 0 0 E A 3 80BaMaNa_l952
2388.4627 0.005 1 0 0 0 0 0 8 1 0 0 0 E A 3 0 0 0 0 0 0 7 1 0 0 0 E A 3 80BaMaNa_l953
2388.4952 0.005 1 0 0 0 0 0 8 0 0 0 0 A A 1 0 0 0 0 0 0 7 0 0 0 0 A A 2 80BaMaNa_l954
2388.6691 0.011834 1 0 0 0 0 0 8 4 0 0 0 E A 3 0 0 0 0 0 0 7 4 0 0 0 E A 3 80BaMaNa_l955
-2388.7973 0.005 0 0 1 0 1 0 7 0 1 0 1 A E 3 0 0 0 0 0 0 6 2 0 0 0 E A 3 80BaMaNa_l956_a
-2388.9663 0.005 1 0 0 0 0 0 8 3 0 0 0 A A 2 0 0 0 0 0 0 7 3 0 0 0 A A 1 80BaMaNa_l957_a2
2389.6307 0.005 0 0 1 0 -1 0 7 2 1 0 1 E E 1 0 0 0 0 0 0 6 3 0 0 0 A A 2 80BaMaNa_l958
2389.6307 0.005 1 0 0 0 0 0 8 7 0 0 0 E A 3 0 0 0 0 0 0 7 7 0 0 0 E A 3 80BaMaNa_l959
-2389.7069 0.005 1 0 0 0 0 0 8 6 0 0 0 A A 2 0 0 0 0 0 0 7 6 0 0 0 A A 1 80BaMaNa_l960_a2
2389.8612 0.005 0 0 1 0 -1 0 7 2 1 0 1 E E 2 0 0 0 0 0 0 6 3 0 0 0 A A 1 80BaMaNa_l961
-2389.8975 0.005 0 0 1 0 -1 0 8 4 1 0 1 E E 3 0 0 0 0 0 0 7 2 0 0 0 E A 3 80BaMaNa_l962_a
2390.0003 0.005 0 0 1 0 1 0 8 6 1 0 1 A E 3 0 0 0 0 0 0 7 5 0 0 0 E A 3 80BaMaNa_l963
-2390.0407 0.005 1 0 0 0 0 0 8 1 0 0 0 E A 3 0 0 0 0 0 0 7 2 0 0 0 E A 3 80BaMaNa_l964_a
2390.5604 0.005 0 0 1 0 1 0 8 5 1 0 1 E E 3 0 0 0 0 0 0 7 4 0 0 0 E A 3 80BaMaNa_l965
-2390.6513 0.005 0 0 1 0 1 0 7 1 1 0 1 E E 2 0 0 0 0 0 0 6 3 0 0 0 A A 1 80BaMaNa_l966_a
-2390.9577 0.005 0 0 1 0 1 0 7 1 1 0 1 E E 1 0 0 0 0 0 0 6 3 0 0 0 A A 2 80BaMaNa_l967_a
2391.1629 0.005 0 0 1 0 -1 0 7 3 1 0 1 A E 3 0 0 0 0 0 0 6 4 0 0 0 E A 3 80BaMaNa_l968
-2391.3165 0.005 0 0 1 0 1 0 8 4 1 0 1 E E 2 0 0 0 0 0 0 7 3 0 0 0 A A 1 80BaMaNa_l969_a2
-2391.4564 0.005 0 0 1 0 -1 0 8 3 1 0 1 A E 3 0 0 0 0 0 0 7 1 0 0 0 E A 3 80BaMaNa_l970_a
-2391.5284 0.005 1 0 0 0 0 0 7 2 0 0 0 E A 3 0 0 0 0 0 0 6 5 0 0 0 E A 3 80BaMaNa_l971_a
2392.1963 0.005 0 0 1 0 1 0 8 3 1 0 1 A E 3 0 0 0 0 0 0 7 2 0 0 0 E A 3 80BaMaNa_l972
-2392.3249 0.005 1 0 0 0 0 0 9 3 0 0 0 A A 2 0 0 0 0 0 0 8 0 0 0 0 A A 1 80BaMaNa_l973_a
2392.7745 0.005 0 0 1 0 -1 0 7 4 1 0 1 E E 3 0 0 0 0 0 0 6 5 0 0 0 E A 3 80BaMaNa_l974
-2392.8979 0.005 0 0 1 0 1 0 7 2 1 0 1 E E 3 0 0 0 0 0 0 6 4 0 0 0 E A 3 80BaMaNa_l975_a
-2393.0148 0.005 1 0 0 0 0 0 10 5 0 0 0 E A 3 0 0 0 0 0 0 9 2 0 0 0 E A 3 80BaMaNa_l976_a
2393.1605 0.005 0 0 1 0 1 0 8 2 1 0 1 E E 3 0 0 0 0 0 0 7 1 0 0 0 E A 3 80BaMaNa_l977
-2393.2283 0.005 1 0 0 0 0 0 8 0 0 0 0 A A 1 0 0 0 0 0 0 7 3 0 0 0 A A 2 80BaMaNa_l978_a
-2393.3632 0.005 0 0 1 0 -1 0 8 2 1 0 1 E E 1 0 0 0 0 0 0 7 0 0 0 0 A A 2 80BaMaNa_l979_a
-2393.9236 0.005 0 0 1 0 -1 0 7 5 1 0 1 E E 2 0 0 0 0 0 0 6 6 0 0 0 A A 1 80BaMaNa_l980_a2
2394.0588 0.005 0 0 1 0 1 0 8 1 1 0 1 E E 1 0 0 0 0 0 0 7 0 0 0 0 A A 2 80BaMaNa_l981
2394.6553 0.005 0 0 1 0 1 0 9 9 1 0 1 A E 3 0 0 0 0 0 0 8 8 0 0 0 E A 3 80BaMaNa_l982
-2394.7975 0.005 0 0 1 0 1 0 9 4 1 0 1 E E 2 0 0 0 0 0 0 8 0 0 0 0 A A 1 80BaMaNa_l983_a
-2395.0443 0.005 0 0 1 0 -1 0 8 1 1 0 1 E E 3 0 0 0 0 0 0 7 1 0 0 0 E A 3 80BaMaNa_l984_a
-2395.1004 0.005 0 0 1 0 1 0 7 3 1 0 1 A E 3 0 0 0 0 0 0 6 5 0 0 0 E A 3 80BaMaNa_l985_a
2395.2583 0.005 0 0 1 0 1 0 9 8 1 0 1 E E 3 0 0 0 0 0 0 8 7 0 0 0 E A 3 80BaMaNa_l986
2395.4011 0.005 0 0 1 0 1 0 8 0 1 0 1 A E 3 0 0 0 0 0 0 7 1 0 0 0 E A 3 80BaMaNa_l987
-2395.4639 0.005 0 0 1 0 -1 0 9 5 1 0 1 E E 2 0 0 0 0 0 0 8 3 0 0 0 A A 1 80BaMaNa_l988_a
-2395.8023 0.005 0 0 1 0 1 0 9 7 1 0 1 E E 2 0 0 0 0 0 0 8 6 0 0 0 A A 1 80BaMaNa_l989_a2
2396.0910 0.005 1 0 0 0 0 0 9 2 0 0 0 E A 3 0 0 0 0 0 0 8 2 0 0 0 E A 3 80BaMaNa_l990
2396.2442 0.005 1 0 0 0 0 0 9 5 0 0 0 E A 3 0 0 0 0 0 0 8 5 0 0 0 E A 3 80BaMaNa_l991
2396.2694 0.005 1 0 0 0 0 0 9 1 0 0 0 E A 3 0 0 0 0 0 0 8 1 0 0 0 E A 3 80BaMaNa_l992
2396.3168 0.005 1 0 0 0 0 0 9 0 0 0 0 A A 2 0 0 0 0 0 0 8 0 0 0 0 A A 1 80BaMaNa_l993
-2396.3595 0.005 1 0 0 0 0 0 8 1 0 0 0 E A 3 0 0 0 0 0 0 7 4 0 0 0 E A 3 80BaMaNa_l994_a
2396.5827 0.005 1 0 0 0 0 0 9 4 0 0 0 E A 3 0 0 0 0 0 0 8 4 0 0 0 E A 3 80BaMaNa_l995
2396.6242 0.005 0 0 1 0 -1 0 8 1 1 0 1 E E 3 0 0 0 0 0 0 7 2 0 0 0 E A 3 80BaMaNa_l996
-2396.9810 0.005 0 0 1 0 1 0 8 0 1 0 1 A E 3 0 0 0 0 0 0 7 2 0 0 0 E A 3 80BaMaNa_l997_a
-2397.0323 0.005 1 0 0 0 0 0 9 3 0 0 0 A A 2 0 0 0 0 0 0 8 3 0 0 0 A A 1 80BaMaNa_l998_a2
-2397.0917 0.005 0 0 1 0 1 0 11 7 1 0 1 E E 2 0 0 0 0 0 0 10 3 0 0 0 A A 1 80BaMaNa_l999_a
2397.7427 0.005 0 0 1 0 -1 0 8 2 1 0 1 E E 2 0 0 0 0 0 0 7 3 0 0 0 A A 1 80BaMaNa_l1000
2397.8302 0.01 1 0 0 0 0 0 9 8 0 0 0 E A 3 0 0 0 0 0 0 8 8 0 0 0 E A 3 80BaMaNa_l1001
2397.8302 0.005 1 0 0 0 0 0 9 7 0 0 0 E A 3 0 0 0 0 0 0 8 7 0 0 0 E A 3 80BaMaNa_l1002
-2397.8302 0.005 1 0 0 0 0 0 9 1 0 0 0 E A 3 0 0 0 0 0 0 8 2 0 0 0 E A 3 80BaMaNa_l1003_a
-2397.9588 0.005 1 0 0 0 0 0 9 6 0 0 0 A A 2 0 0 0 0 0 0 8 6 0 0 0 A A 1 80BaMaNa_l1004_a2
-2398.0792 0.005 0 0 1 0 -1 0 8 2 1 0 1 E E 1 0 0 0 0 0 0 7 3 0 0 0 A A 2 80BaMaNa_l1005_a
2398.0792 0.014 0 0 1 0 -1 0 9 4 1 0 1 E E 3 0 0 0 0 0 0 8 2 0 0 0 E A 3 80BaMaNa_l1006
2398.2693 0.005 0 0 1 0 1 0 9 6 1 0 1 A E 3 0 0 0 0 0 0 8 5 0 0 0 E A 3 80BaMaNa_l1007
-2398.5200 0.005 0 0 1 0 -1 0 10 5 1 0 1 E E 1 0 0 0 0 0 0 9 0 0 0 0 A A 2 80BaMaNa_l1008_a
2398.7943 0.005630 0 0 1 0 1 0 9 5 1 0 1 E E 3 0 0 0 0 0 0 8 4 0 0 0 E A 3 80BaMaNa_l1009
-2399.1349 0.005 0 0 1 0 1 0 10 5 1 0 1 E E 3 0 0 0 0 0 0 9 1 0 0 0 E A 3 80BaMaNa_l1010_a
-2399.1648 0.005 0 0 1 0 1 0 8 1 1 0 1 E E 2 0 0 0 0 0 0 7 3 0 0 0 A A 1 80BaMaNa_l1011_a
2399.3499 0.005 0 0 1 0 -1 0 8 3 1 0 1 A E 3 0 0 0 0 0 0 7 4 0 0 0 E A 3 80BaMaNa_l1012
-2399.4004 0.005 1 0 0 0 0 0 8 2 0 0 0 E A 3 0 0 0 0 0 0 7 5 0 0 0 E A 3 80BaMaNa_l1013_a
-2399.5016 0.005 0 0 1 0 1 0 9 4 1 0 1 E E 2 0 0 0 0 0 0 8 3 0 0 0 A A 1 80BaMaNa_l1014_a2
-2399.5805 0.005 0 0 1 0 -1 0 9 3 1 0 1 A E 3 0 0 0 0 0 0 8 1 0 0 0 E A 3 80BaMaNa_l1015_a
2400.3397 0.005 0 0 1 0 1 0 9 3 1 0 1 A E 3 0 0 0 0 0 0 8 2 0 0 0 E A 3 80BaMaNa_l1016
-2400.7120 0.005 1 0 0 0 0 0 11 5 0 0 0 E A 3 0 0 0 0 0 0 10 2 0 0 0 E A 3 80BaMaNa_l1017_a
2400.9947 0.005 0 0 1 0 -1 0 8 4 1 0 1 E E 3 0 0 0 0 0 0 7 5 0 0 0 E A 3 80BaMaNa_l1018
-2401.0205 0.005 1 0 0 0 0 0 9 0 0 0 0 A A 2 0 0 0 0 0 0 8 3 0 0 0 A A 1 80BaMaNa_l1019_a
-2401.0587 0.005 0 0 1 0 1 0 8 2 1 0 1 E E 3 0 0 0 0 0 0 7 4 0 0 0 E A 3 80BaMaNa_l1020_a
2401.2668 0.005 0 0 1 0 1 0 9 2 1 0 1 E E 3 0 0 0 0 0 0 8 1 0 0 0 E A 3 80BaMaNa_l1021
-2401.5209 0.005 0 0 1 0 -1 0 9 2 1 0 1 E E 2 0 0 0 0 0 0 8 0 0 0 0 A A 1 80BaMaNa_l1022_a
-2401.9053 0.005 0 0 1 0 -1 0 8 5 1 0 1 E E 2 0 0 0 0 0 0 7 6 0 0 0 A A 1 80BaMaNa_l1023_a2
-2401.9053 0.005 0 0 1 0 1 0 10 10 1 0 1 E E 2 0 0 0 0 0 0 9 9 0 0 0 A A 1 80BaMaNa_l1024_a2
2402.1554 0.005 0 0 1 0 1 0 9 1 1 0 1 E E 2 0 0 0 0 0 0 8 0 0 0 0 A A 1 80BaMaNa_l1025
-2402.1554 0.005 0 0 1 0 -1 0 10 6 1 0 1 A E 3 0 0 0 0 0 0 9 4 0 0 0 E A 3 80BaMaNa_l1026_a
2402.4852 0.005 0 0 1 0 1 0 10 9 1 0 1 A E 3 0 0 0 0 0 0 9 8 0 0 0 E A 3 80BaMaNa_l1027
-2402.9229 0.005 0 0 1 0 1 0 10 4 1 0 1 E E 1 0 0 0 0 0 0 9 0 0 0 0 A A 2 80BaMaNa_l1028_a
2403.0387 0.005 0 0 1 0 1 0 10 8 1 0 1 E E 3 0 0 0 0 0 0 9 7 0 0 0 E A 3 80BaMaNa_l1029
-2403.1589 0.005 0 0 1 0 -1 0 9 1 1 0 1 E E 3 0 0 0 0 0 0 8 1 0 0 0 E A 3 80BaMaNa_l1030_a
-2403.1873 0.005 0 0 1 0 -1 0 10 5 1 0 1 E E 2 0 0 0 0 0 0 9 3 0 0 0 A A 1 80BaMaNa_l1031_a
-2403.2812 0.005 0 0 1 0 1 0 8 3 1 0 1 A E 3 0 0 0 0 0 0 7 5 0 0 0 E A 3 80BaMaNa_l1032_a
-2403.2812 0.005 1 0 0 0 0 0 8 3 0 0 0 A A 2 0 0 0 0 0 0 7 6 0 0 0 A A 1 80BaMaNa_l1033_a
2403.5050 0.006 0 0 1 0 1 0 9 0 1 0 1 A E 3 0 0 0 0 0 0 8 1 0 0 0 E A 3 80BaMaNa_l1034
-2403.5425 0.005 0 0 1 0 1 0 10 7 1 0 1 E E 2 0 0 0 0 0 0 9 6 0 0 0 A A 1 80BaMaNa_l1035_a2
2403.7255 0.005 1 0 0 0 0 0 10 2 0 0 0 E A 3 0 0 0 0 0 0 9 2 0 0 0 E A 3 80BaMaNa_l1036
-2403.8028 0.005 0 0 1 0 -1 0 8 6 1 0 1 A E 3 0 0 0 0 0 0 7 7 0 0 0 E A 3 80BaMaNa_l1037
2403.9200 0.005 1 0 0 0 0 0 10 1 0 0 0 E A 3 0 0 0 0 0 0 9 1 0 0 0 E A 3 80BaMaNa_l1038
2403.9814 0.005 1 0 0 0 0 0 10 0 0 0 0 A A 1 0 0 0 0 0 0 9 0 0 0 0 A A 2 80BaMaNa_l1039
2403.9814 0.005 1 0 0 0 0 0 10 5 0 0 0 E A 3 0 0 0 0 0 0 9 5 0 0 0 E A 3 80BaMaNa_l1040
-2404.1239 0.005 1 0 0 0 0 0 9 1 0 0 0 E A 3 0 0 0 0 0 0 8 4 0 0 0 E A 3 80BaMaNa_l1041_a
2404.3945 0.005 1 0 0 0 0 0 10 4 0 0 0 E A 3 0 0 0 0 0 0 9 4 0 0 0 E A 3 80BaMaNa_l1042
2404.7190 0.005 0 0 1 0 -1 0 9 1 1 0 1 E E 3 0 0 0 0 0 0 8 2 0 0 0 E A 3 80BaMaNa_l1043
-2405.0092 0.005 1 0 0 0 0 0 10 3 0 0 0 A A 2 0 0 0 0 0 0 9 3 0 0 0 A A 1 80BaMaNa_l1044_a2
-2405.0659 0.005 0 0 1 0 1 0 9 0 1 0 1 A E 3 0 0 0 0 0 0 8 2 0 0 0 E A 3 80BaMaNa_l1045_a
-2405.4724 0.005 1 0 0 0 0 0 10 1 0 0 0 E A 3 0 0 0 0 0 0 9 2 0 0 0 E A 3 80BaMaNa_l1046_a
-2405.6334 0.005 0 0 1 0 1 0 8 4 1 0 1 E E 2 0 0 0 0 0 0 7 6 0 0 0 A A 1 80BaMaNa_l1047_a
2405.7364 0.005 0 0 1 0 -1 0 9 2 1 0 1 E E 1 0 0 0 0 0 0 8 3 0 0 0 A A 2 80BaMaNa_l1048
2405.9044 0.005594 1 0 0 0 0 0 10 8 0 0 0 E A 3 0 0 0 0 0 0 9 8 0 0 0 E A 3 80BaMaNa_l1049
2405.9536 0.005 1 0 0 0 0 0 10 7 0 0 0 E A 3 0 0 0 0 0 0 9 7 0 0 0 E A 3 80BaMaNa_l1050
-2405.9536 0.005 1 0 0 0 0 0 10 9 0 0 0 A A 2 0 0 0 0 0 0 9 9 0 0 0 A A 1 80BaMaNa_l1051_a2
-2406.1242 0.005 0 0 1 0 -1 0 10 4 1 0 1 E E 3 0 0 0 0 0 0 9 2 0 0 0 E A 3 80BaMaNa_l1052_a
-2406.1242 0.005 1 0 0 0 0 0 10 6 0 0 0 A A 2 0 0 0 0 0 0 9 6 0 0 0 A A 1 80BaMaNa_l1053_a2
2406.2224 0.005 0 0 1 0 -1 0 9 2 1 0 1 E E 2 0 0 0 0 0 0 8 3 0 0 0 A A 1 80BaMaNa_l1054
2406.4502 0.005 0 0 1 0 1 0 10 6 1 0 1 A E 3 0 0 0 0 0 0 9 5 0 0 0 E A 3 80BaMaNa_l1055
-2406.8569 0.005 0 0 1 0 1 0 9 1 1 0 1 E E 2 0 0 0 0 0 0 8 3 0 0 0 A A 1 80BaMaNa_l1056_a
2406.9500 0.005 0 0 1 0 1 0 10 5 1 0 1 E E 3 0 0 0 0 0 0 9 4 0 0 0 E A 3 80BaMaNa_l1057
-2407.1204 0.005 1 0 0 0 0 0 9 2 0 0 0 E A 3 0 0 0 0 0 0 8 5 0 0 0 E A 3 80BaMaNa_l1058_a
-2407.2839 0.005 0 0 1 0 1 0 9 1 1 0 1 E E 1 0 0 0 0 0 0 8 3 0 0 0 A A 2 80BaMaNa_l1059_a
2407.4304 0.005 0 0 1 0 -1 0 9 3 1 0 1 A E 3 0 0 0 0 0 0 8 4 0 0 0 E A 3 80BaMaNa_l1060
-2407.6027 0.005 0 0 1 0 -1 0 10 3 1 0 1 A E 3 0 0 0 0 0 0 9 1 0 0 0 E A 3 80BaMaNa_l1061_a
-2407.6027 0.005 0 0 1 0 1 0 10 4 1 0 1 E E 2 0 0 0 0 0 0 9 3 0 0 0 A A 1 80BaMaNa_l1062_a2
-2408.2520 0.005 1 0 0 0 0 0 11 3 0 0 0 A A 2 0 0 0 0 0 0 10 0 0 0 0 A A 1 80BaMaNa_l1063_a
2408.4011 0.005 0 0 1 0 1 0 10 3 1 0 1 A E 3 0 0 0 0 0 0 9 2 0 0 0 E A 3 80BaMaNa_l1064
-2408.6623 0.005 1 0 0 0 0 0 10 0 0 0 0 A A 1 0 0 0 0 0 0 9 3 0 0 0 A A 2 80BaMaNa_l1065_a
2409.0924 0.011729 0 0 1 0 -1 0 9 4 1 0 1 E E 3 0 0 0 0 0 0 8 5 0 0 0 E A 3 80BaMaNa_l1066
2409.0924 0.005 0 0 1 0 1 0 11 11 1 0 1 E E 3 0 0 0 0 0 0 10 10 0 0 0 E A 3 80BaMaNa_l1067
-2409.1209 0.005 0 0 1 0 1 0 9 2 1 0 1 E E 3 0 0 0 0 0 0 8 4 0 0 0 E A 3 80BaMaNa_l1068_a
2409.2819 0.005 0 0 1 0 1 0 10 2 1 0 1 E E 3 0 0 0 0 0 0 9 1 0 0 0 E A 3 80BaMaNa_l1069
-2409.5568 0.005 0 0 1 0 -1 0 10 2 1 0 1 E E 1 0 0 0 0 0 0 9 0 0 0 0 A A 2 80BaMaNa_l1070_a
-2409.6472 0.005 0 0 1 0 1 0 11 10 1 0 1 E E 2 0 0 0 0 0 0 10 9 0 0 0 A A 1 80BaMaNa_l1071_a2
-2409.7045 0.005 0 0 1 0 -1 0 9 5 1 0 1 E E 2 0 0 0 0 0 0 8 6 0 0 0 A A 1 80BaMaNa_l1072_a2
-2409.9429 0.005 0 0 1 0 -1 0 11 6 1 0 1 A E 3 0 0 0 0 0 0 10 4 0 0 0 E A 3 80BaMaNa_l1073_a
2410.1783 0.014 0 0 1 0 1 0 11 9 1 0 1 A E 3 0 0 0 0 0 0 10 8 0 0 0 E A 3 80BaMaNa_l1074
-2410.2135 0.005 0 0 1 0 -1 0 10 1 1 0 1 E E 1 0 0 0 0 0 0 9 0 0 0 0 A A 2 80BaMaNa_l1075
2410.6843 0.005 0 0 1 0 1 0 11 8 1 0 1 E E 3 0 0 0 0 0 0 10 7 0 0 0 E A 3 80BaMaNa_l1076
-2410.7600 0.005 0 0 1 0 -1 0 11 5 1 0 1 E E 2 0 0 0 0 0 0 10 3 0 0 0 A A 1 80BaMaNa_l1077_a
-2410.9306 0.005 0 0 1 0 1 0 11 4 1 0 1 E E 2 0 0 0 0 0 0 10 0 0 0 0 A A 1 80BaMaNa_l1078_a
-2411.1587 0.005 0 0 1 0 1 0 11 7 1 0 1 E E 2 0 0 0 0 0 0 10 6 0 0 0 A A 1 80BaMaNa_l1079_a2
-2411.2099 0.005 0 0 1 0 -1 0 10 1 1 0 1 E E 3 0 0 0 0 0 0 9 1 0 0 0 E A 3 80BaMaNa_l1080_a
2411.2099 0.007113 1 0 0 0 0 0 11 2 0 0 0 E A 3 0 0 0 0 0 0 10 2 0 0 0 E A 3 80BaMaNa_l1081
-2411.2720 0.005 1 0 0 0 0 0 9 3 0 0 0 A A 2 0 0 0 0 0 0 8 6 0 0 0 A A 1 80BaMaNa_l1082_a
-2411.3710 0.005 0 0 1 0 1 0 9 3 1 0 1 A E 3 0 0 0 0 0 0 8 5 0 0 0 E A 3 80BaMaNa_l1083_a
2411.4119 0.005 1 0 0 0 0 0 11 1 0 0 0 E A 3 0 0 0 0 0 0 10 1 0 0 0 E A 3 80BaMaNa_l1084
2411.5102 0.005 1 0 0 0 0 0 11 0 0 0 0 A A 2 0 0 0 0 0 0 10 0 0 0 0 A A 1 80BaMaNa_l1085
2411.5301 0.012 0 0 1 0 1 0 10 0 1 0 1 A E 3 0 0 0 0 0 0 9 1 0 0 0 E A 3 80BaMaNa_l1086
2411.6147 0.01 1 0 0 0 0 0 11 5 0 0 0 E A 3 0 0 0 0 0 0 10 5 0 0 0 E A 3 80BaMaNa_l1087
-2411.7409 0.005 0 0 1 0 -1 0 9 6 1 0 1 A E 3 0 0 0 0 0 0 8 7 0 0 0 E A 3 80BaMaNa_l1088
-2411.7409 0.005 1 0 0 0 0 0 10 1 0 0 0 E A 3 0 0 0 0 0 0 9 4 0 0 0 E A 3 80BaMaNa_l1089_a
2412.1286 0.005 1 0 0 0 0 0 11 4 0 0 0 E A 3 0 0 0 0 0 0 10 4 0 0 0 E A 3 80BaMaNa_l1090
2412.7458 0.005 0 0 1 0 -1 0 10 1 1 0 1 E E 3 0 0 0 0 0 0 9 2 0 0 0 E A 3 80BaMaNa_l1091
-2412.9006 0.005 1 0 0 0 0 0 11 3 0 0 0 A A 2 0 0 0 0 0 0 10 3 0 0 0 A A 1 80BaMaNa_l1092_a2
-2412.9570 0.005 1 0 0 0 0 0 11 1 0 0 0 E A 3 0 0 0 0 0 0 10 2 0 0 0 E A 3 80BaMaNa_l1093_a
-2413.0785 0.005 0 0 1 0 1 0 10 0 1 0 1 A E 3 0 0 0 0 0 0 9 2 0 0 0 E A 3 80BaMaNa_l1094_a
-2413.5727 0.005 1 0 0 0 0 0 12 3 0 0 0 A A 1 0 0 0 0 0 0 11 0 0 0 0 A A 2 80BaMaNa_l1095_a
2413.6175 0.005 0 0 1 0 -1 0 10 2 1 0 1 E E 2 0 0 0 0 0 0 9 3 0 0 0 A A 1 80BaMaNa_l1096
2413.6772 0.007 0 0 1 0 -1 0 9 7 1 0 1 E E 3 0 0 0 0 0 0 8 8 0 0 0 E A 3 80BaMaNa_l1097
-2413.7405 0.005 0 0 1 0 1 0 9 4 1 0 1 E E 2 0 0 0 0 0 0 8 6 0 0 0 A A 1 80BaMaNa_l1098_a
2413.9378 0.005 1 0 0 0 0 0 11 8 0 0 0 E A 3 0 0 0 0 0 0 10 8 0 0 0 E A 3 80BaMaNa_l1099
-2413.9378 0.005 1 0 0 0 0 0 11 9 0 0 0 A A 2 0 0 0 0 0 0 10 9 0 0 0 A A 1 80BaMaNa_l1100_a2
2414.0120 0.005 1 0 0 0 0 0 11 10 0 0 0 E A 3 0 0 0 0 0 0 10 10 0 0 0 E A 3 80BaMaNa_l1101
2414.0339 0.005 1 0 0 0 0 0 11 7 0 0 0 E A 3 0 0 0 0 0 0 10 7 0 0 0 E A 3 80BaMaNa_l1102
-2414.0739 0.005 0 0 1 0 -1 0 11 4 1 0 1 E E 3 0 0 0 0 0 0 10 2 0 0 0 E A 3 80BaMaNa_l1103_a
2414.2331 0.005 0 0 1 0 1 0 10 2 1 0 1 E E 1 0 0 0 0 0 0 9 3 0 0 0 A A 2 80BaMaNa_l1104
-2414.2331 0.005 1 0 0 0 0 0 11 6 0 0 0 A A 2 0 0 0 0 0 0 10 6 0 0 0 A A 1 80BaMaNa_l1105_a2
2414.5615 0.005 0 0 1 0 1 0 11 6 1 0 1 A E 3 0 0 0 0 0 0 10 5 0 0 0 E A 3 80BaMaNa_l1106
-2414.6919 0.005 1 0 0 0 0 0 10 2 0 0 0 E A 3 0 0 0 0 0 0 9 5 0 0 0 E A 3 80BaMaNa_l1107_a
-2414.8899 0.005 0 0 1 0 1 0 10 1 1 0 1 E E 1 0 0 0 0 0 0 9 3 0 0 0 A A 2 80BaMaNa_l1108_a
2415.0324 0.005 0 0 1 0 1 0 11 5 1 0 1 E E 3 0 0 0 0 0 0 10 4 0 0 0 E A 3 80BaMaNa_l1109
-2415.3185 0.005 0 0 1 0 1 0 10 1 1 0 1 E E 2 0 0 0 0 0 0 9 3 0 0 0 A A 1 80BaMaNa_l1110_a
2415.4053 0.005 0 0 1 0 -1 0 10 3 1 0 1 A E 3 0 0 0 0 0 0 9 4 0 0 0 E A 3 80BaMaNa_l1111
-2415.5130 0.005 0 0 1 0 -1 0 11 3 1 0 1 A E 3 0 0 0 0 0 0 10 1 0 0 0 E A 3 80BaMaNa_l1112_a
2415.5796 0.005 0 0 1 0 1 0 11 4 1 0 1 E E 2 0 0 0 0 0 0 10 3 0 0 0 A A 1 80BaMaNa_l1113
2415.6491 0.005 0 0 1 0 1 0 11 4 1 0 1 E E 1 0 0 0 0 0 0 10 3 0 0 0 A A 2 80BaMaNa_l1114
-2416.1119 0.005 0 0 1 0 -1 0 12 5 1 0 1 E E 1 0 0 0 0 0 0 11 0 0 0 0 A A 2 80BaMaNa_l1115_a
-2416.1721 0.005 1 0 0 0 0 0 11 0 0 0 0 A A 2 0 0 0 0 0 0 10 3 0 0 0 A A 1 80BaMaNa_l1116_a
2416.2076 0.005 0 0 1 0 1 0 12 12 1 0 1 A E 3 0 0 0 0 0 0 11 11 0 0 0 E A 3 80BaMaNa_l1117
-2416.2887 0.005 0 0 1 0 1 0 9 5 1 0 1 E E 3 0 0 0 0 0 0 8 7 0 0 0 E A 3 80BaMaNa_l1118_a
2416.3844 0.005 0 0 1 0 1 0 11 3 1 0 1 A E 3 0 0 0 0 0 0 10 2 0 0 0 E A 3 80BaMaNa_l1119
2416.7344 0.005 0 0 1 0 1 0 12 11 1 0 1 E E 3 0 0 0 0 0 0 11 10 0 0 0 E A 3 80BaMaNa_l1120
2417.0907 0.005 0 0 1 0 -1 0 10 4 1 0 1 E E 3 0 0 0 0 0 0 9 5 0 0 0 E A 3 80BaMaNa_l1121
2417.2084 0.005 0 0 1 0 1 0 11 2 1 0 1 E E 3 0 0 0 0 0 0 10 1 0 0 0 E A 3 80BaMaNa_l1122
-2417.2347 0.005 0 0 1 0 1 0 12 10 1 0 1 E E 2 0 0 0 0 0 0 11 9 0 0 0 A A 1 80BaMaNa_l1123_a2
-2417.3468 0.005 0 0 1 0 -1 0 10 5 1 0 1 E E 2 0 0 0 0 0 0 9 6 0 0 0 A A 1 80BaMaNa_l1124_a2
-2417.4529 0.005 0 0 1 0 -1 0 11 2 1 0 1 E E 2 0 0 0 0 0 0 10 0 0 0 0 A A 1 80BaMaNa_l1125_a
-2417.5804 0.005 0 0 1 0 -1 0 12 6 1 0 1 A E 3 0 0 0 0 0 0 11 4 0 0 0 E A 3 80BaMaNa_l1126_a
2417.6713 0.005 0 0 1 0 1 0 12 9 1 0 1 A E 3 0 0 0 0 0 0 11 8 0 0 0 E A 3 80BaMaNa_l1127
2418.1923 0.005 0 0 1 0 1 0 12 8 1 0 1 E E 3 0 0 0 0 0 0 11 7 0 0 0 E A 3 80BaMaNa_l1128
-2418.1923 0.005 1 0 0 0 0 0 12 3 0 0 0 A A 2 0 0 0 0 0 0 11 3 0 0 0 A A 1 80BaMaNa_l1129_a2
2418.2672 0.007032 0 0 1 0 -1 0 11 1 1 0 1 E E 2 0 0 0 0 0 0 10 0 0 0 0 A A 1 80BaMaNa_l1130
2418.5598 0.007032 1 0 0 0 0 0 12 2 0 0 0 E A 3 0 0 0 0 0 0 11 2 0 0 0 E A 3 80BaMaNa_l1131
2418.6175 0.007032 1 0 0 0 0 0 12 0 0 0 0 A A 1 0 0 0 0 0 0 11 0 0 0 0 A A 2 80BaMaNa_l1132
-2418.6498 0.007032 1 0 0 0 0 0 12 6 0 0 0 A A 2 0 0 0 0 0 0 11 6 0 0 0 A A 1 80BaMaNa_l1133_a2
2418.7471 0.007032 1 0 0 0 0 0 12 1 0 0 0 E A 3 0 0 0 0 0 0 11 1 0 0 0 E A 3 80BaMaNa_l1134
-2419.1603 0.007032 0 0 1 0 -1 0 11 1 1 0 1 E E 3 0 0 0 0 0 0 10 1 0 0 0 E A 3 80BaMaNa_l1135_a
2419.1603 0.007032 1 0 0 0 0 0 12 5 0 0 0 E A 3 0 0 0 0 0 0 11 5 0 0 0 E A 3 80BaMaNa_l1136
-2419.1947 0.007032 1 0 0 0 0 0 11 1 0 0 0 E A 3 0 0 0 0 0 0 10 4 0 0 0 E A 3 80BaMaNa_l1137_a
-2419.2549 0.007032 0 0 1 0 1 0 12 4 1 0 1 E E 1 0 0 0 0 0 0 11 0 0 0 0 A A 2 80BaMaNa_l1138_a
-2419.3687 0.007032 0 0 1 0 1 0 10 3 1 0 1 A E 3 0 0 0 0 0 0 9 5 0 0 0 E A 3 80BaMaNa_l1139_a
2419.4680 0.005 0 0 1 0 1 0 11 0 1 0 1 A E 3 0 0 0 0 0 0 10 1 0 0 0 E A 3 80BaMaNa_l1140
-2419.5476 0.011 0 0 1 0 -1 0 10 6 1 0 1 A E 3 0 0 0 0 0 0 9 7 0 0 0 E A 3 80BaMaNa_l1141
2419.8090 0.005715 1 0 0 0 0 0 12 4 0 0 0 E A 3 0 0 0 0 0 0 11 4 0 0 0 E A 3 80BaMaNa_l1142
-2420.2921 0.005 1 0 0 0 0 0 12 1 0 0 0 E A 3 0 0 0 0 0 0 11 2 0 0 0 E A 3 80BaMaNa_l1143_a
2420.7209 0.017 0 0 1 0 -1 0 11 1 1 0 1 E E 3 0 0 0 0 0 0 10 2 0 0 0 E A 3 80BaMaNa_l1144
-2420.7209 0.005 0 0 1 0 -1 0 12 5 1 0 1 E E 2 0 0 0 0 0 0 11 3 0 0 0 A A 1 80BaMaNa_l1145_a
-2421.0168 0.005 0 0 1 0 1 0 11 0 1 0 1 A E 3 0 0 0 0 0 0 10 2 0 0 0 E A 3 80BaMaNa_l1146_a
2421.3847 0.007354 0 0 1 0 -1 0 11 2 1 0 1 E E 1 0 0 0 0 0 0 10 3 0 0 0 A A 2 80BaMaNa_l1147
2421.5772 0.005 0 0 1 0 -1 0 10 7 1 0 1 E E 3 0 0 0 0 0 0 9 8 0 0 0 E A 3 80BaMaNa_l1148
-2421.7650 0.005 0 0 1 0 1 0 10 4 1 0 1 E E 2 0 0 0 0 0 0 9 6 0 0 0 A A 1 80BaMaNa_l1149_a
-2421.9264 0.005 0 0 1 0 -1 0 12 4 1 0 1 E E 3 0 0 0 0 0 0 11 2 0 0 0 E A 3 80BaMaNa_l1150_a
2421.9264 0.005 1 0 0 0 0 0 12 8 0 0 0 E A 3 0 0 0 0 0 0 11 8 0 0 0 E A 3 80BaMaNa_l1151
2422.0630 0.005 1 0 0 0 0 0 12 7 0 0 0 E A 3 0 0 0 0 0 0 11 7 0 0 0 E A 3 80BaMaNa_l1152
2422.1103 0.013 0 0 1 0 1 0 11 2 1 0 1 E E 2 0 0 0 0 0 0 10 3 0 0 0 A A 1 80BaMaNa_l1153
-2422.1103 0.005 1 0 0 0 0 0 11 2 0 0 0 E A 3 0 0 0 0 0 0 10 5 0 0 0 E A 3 80BaMaNa_l1154_a
-2422.2858 0.005 0 0 1 0 1 0 12 7 1 0 1 E E 2 0 0 0 0 0 0 11 6 0 0 0 A A 1 80BaMaNa_l1155_a2
-2422.6154 0.005 0 0 1 0 1 0 12 6 1 0 1 A E 3 0 0 0 0 0 0 11 5 0 0 0 E A 3 80BaMaNa_l1156
-2422.7553 0.005 0 0 1 0 1 0 12 3 1 0 1 A E 3 0 0 0 0 0 0 11 1 0 0 0 E A 3 80BaMaNa_l1157_a
-2422.9158 0.005 0 0 1 0 1 0 11 1 1 0 1 E E 2 0 0 0 0 0 0 10 3 0 0 0 A A 1 80BaMaNa_l1158_a
2423.0549 0.005 0 0 1 0 1 0 12 5 1 0 1 E E 3 0 0 0 0 0 0 11 4 0 0 0 E A 3 80BaMaNa_l1159
-2423.2276 0.005 1 0 0 0 0 0 12 0 0 0 0 A A 1 0 0 0 0 0 0 11 3 0 0 0 A A 2 80BaMaNa_l1160_a
2423.2653 0.013 0 0 1 0 -1 0 11 3 1 0 1 A E 3 0 0 0 0 0 0 10 4 0 0 0 E A 3 80BaMaNa_l1161
-2423.2653 0.005 0 0 1 0 1 0 13 13 1 0 1 E E 2 0 0 0 0 0 0 12 12 0 0 0 A A 1 80BaMaNa_l1162_a2
-2423.3348 0.005 0 0 1 0 -1 0 12 3 1 0 1 A E 3 0 0 0 0 0 0 11 1 0 0 0 E A 3 80BaMaNa_l1163_a
2423.6342 0.01 0 0 1 0 1 0 12 4 1 0 1 E E 2 0 0 0 0 0 0 11 3 0 0 0 A A 1 80BaMaNa_l1164
-2423.6342 0.005 0 0 1 0 -1 0 10 8 1 0 1 E E 2 0 0 0 0 0 0 9 9 0 0 0 A A 1 80BaMaNa_l1165_a2
2423.8023 0.01 0 0 1 0 1 0 13 12 1 0 1 A E 3 0 0 0 0 0 0 12 11 0 0 0 E A 3 80BaMaNa_l1166
2424.3036 0.005 0 0 1 0 1 0 13 11 1 0 1 E E 3 0 0 0 0 0 0 12 10 0 0 0 E A 3 80BaMaNa_l1167
2424.3036 0.014 0 0 1 0 1 0 12 3 1 0 1 A E 3 0 0 0 0 0 0 11 2 0 0 0 E A 3 80BaMaNa_l1168
-2424.3469 0.005 0 0 1 0 1 0 10 5 1 0 1 E E 3 0 0 0 0 0 0 9 7 0 0 0 E A 3 80BaMaNa_l1169_a
-2424.7571 0.005 0 0 1 0 1 0 13 10 1 0 1 E E 2 0 0 0 0 0 0 12 9 0 0 0 A A 1 80BaMaNa_l1170_a2
-2424.8331 0.005 0 0 1 0 -1 0 11 5 1 0 1 E E 2 0 0 0 0 0 0 10 6 0 0 0 A A 1 80BaMaNa_l1171_a2
2424.9718 0.005 0 0 1 0 -1 0 11 4 1 0 1 E E 3 0 0 0 0 0 0 10 5 0 0 0 E A 3 80BaMaNa_l1172
2425.0469 0.006887 0 0 1 0 1 0 12 2 1 0 1 E E 3 0 0 0 0 0 0 11 1 0 0 0 E A 3 80BaMaNa_l1173
2425.1438 0.005 0 0 1 0 1 0 13 9 1 0 1 A E 3 0 0 0 0 0 0 12 8 0 0 0 E A 3 80BaMaNa_l1174
2425.2313 0.005 0 0 1 0 1 0 12 1 1 0 1 E E 1 0 0 0 0 0 0 11 0 0 0 0 A A 2 80BaMaNa_l1175
2425.5094 0.005 1 0 0 0 0 0 13 3 0 0 0 A A 2 0 0 0 0 0 0 12 3 0 0 0 A A 1 80BaMaNa_l1176_zero
2425.5421 0.005 0 0 1 0 1 0 13 8 1 0 1 E E 3 0 0 0 0 0 0 12 7 0 0 0 E A 3 80BaMaNa_l1177
2425.7638 0.005 1 0 0 0 0 0 13 2 0 0 0 E A 3 0 0 0 0 0 0 12 2 0 0 0 E A 3 80BaMaNa_l1178
2425.8590 0.005 1 0 0 0 0 0 13 0 0 0 0 A A 2 0 0 0 0 0 0 12 0 0 0 0 A A 1 80BaMaNa_l1179
2425.9457 0.008 1 0 0 0 0 0 13 1 0 0 0 E A 3 0 0 0 0 0 0 12 1 0 0 0 E A 3 80BaMaNa_l1180
-2426.0372 0.006387 1 0 0 0 0 0 13 6 0 0 0 A A 2 0 0 0 0 0 0 12 6 0 0 0 A A 1 80BaMaNa_l1181_a2
-2426.3293 0.006387 0 0 1 0 -1 0 12 2 1 0 1 E E 1 0 0 0 0 0 0 11 0 0 0 0 A A 2 80BaMaNa_l1182_a
-2426.4575 0.006387 1 0 0 0 0 0 12 1 0 0 0 E A 3 0 0 0 0 0 0 11 4 0 0 0 E A 3 80BaMaNa_l1183_a
2426.7017 0.006387 1 0 0 0 0 0 13 5 0 0 0 E A 3 0 0 0 0 0 0 12 5 0 0 0 E A 3 80BaMaNa_l1184
-2426.9721 0.006387 1 0 0 0 0 0 11 3 0 0 0 A A 2 0 0 0 0 0 0 10 6 0 0 0 A A 1 80BaMaNa_l1185_a
-2427.0852 0.006387 0 0 1 0 -1 0 12 1 1 0 1 E E 3 0 0 0 0 0 0 11 1 0 0 0 E A 3 80BaMaNa_l1186_a
-2427.2096 0.006387 0 0 1 0 -1 0 11 6 1 0 1 A E 3 0 0 0 0 0 0 10 7 0 0 0 E A 3 80BaMaNa_l1187
-2427.2792 0.006387 0 0 1 0 1 0 11 3 1 0 1 A E 3 0 0 0 0 0 0 10 5 0 0 0 E A 3 80BaMaNa_l1188_a
2427.3566 0.006387 0 0 1 0 1 0 12 0 1 0 1 A E 3 0 0 0 0 0 0 11 1 0 0 0 E A 3 80BaMaNa_l1189
-2427.4742 0.008272 1 0 0 0 0 0 13 1 0 0 0 E A 3 0 0 0 0 0 0 12 2 0 0 0 E A 3 80BaMaNa_l1190_a
2427.5237 0.008272 1 0 0 0 0 0 13 4 0 0 0 E A 3 0 0 0 0 0 0 12 4 0 0 0 E A 3 80BaMaNa_l1191
-2428.5328 0.008272 0 0 1 0 -1 0 13 5 1 0 1 E E 2 0 0 0 0 0 0 12 3 0 0 0 A A 1 80BaMaNa_l1192_a
2428.6229 0.008272 0 0 1 0 -1 0 12 1 1 0 1 E E 3 0 0 0 0 0 0 11 2 0 0 0 E A 3 80BaMaNa_l1193
-2428.8951 0.008272 0 0 1 0 1 0 12 0 1 0 1 A E 3 0 0 0 0 0 0 11 2 0 0 0 E A 3 80BaMaNa_l1194_a
2429.0392 0.008272 0 0 1 0 -1 0 12 2 1 0 1 E E 2 0 0 0 0 0 0 11 3 0 0 0 A A 1 80BaMaNa_l1195
2429.3954 0.008272 0 0 1 0 -1 0 11 7 1 0 1 E E 3 0 0 0 0 0 0 10 8 0 0 0 E A 3 80BaMaNa_l1196_zero
-2429.3954 0.008272 1 0 0 0 0 0 12 2 0 0 0 E A 3 0 0 0 0 0 0 11 5 0 0 0 E A 3 80BaMaNa_l1197_a
-2429.6458 0.008272 0 0 1 0 1 0 11 4 1 0 1 E E 2 0 0 0 0 0 0 10 6 0 0 0 A A 1 80BaMaNa_l1198_a
-2429.7176 0.008272 0 0 1 0 1 0 11 4 1 0 1 E E 1 0 0 0 0 0 0 10 6 0 0 0 A A 2 80BaMaNa_l1199_a
-2429.7176 0.005 0 0 1 0 -1 0 13 4 1 0 1 E E 3 0 0 0 0 0 0 12 2 0 0 0 E A 3 80BaMaNa_l1200_a
-2429.7576 0.005 1 0 0 0 0 0 13 9 0 0 0 A A 2 0 0 0 0 0 0 12 9 0 0 0 A A 1 80BaMaNa_l1201_a2
-2429.8890 0.03 0 0 1 0 1 0 12 1 1 0 1 E E 1 0 0 0 0 0 0 11 3 0 0 0 A A 2 80BaMaNa_l1202_a
2429.8890 0.005 1 0 0 0 0 0 13 8 0 0 0 E A 3 0 0 0 0 0 0 12 8 0 0 0 E A 3 80BaMaNa_l1203
2430.0951 0.005 1 0 0 0 0 0 13 7 0 0 0 E A 3 0 0 0 0 0 0 12 7 0 0 0 E A 3 80BaMaNa_l1204
-2430.3467 0.005 0 0 1 0 1 0 13 7 1 0 1 E E 2 0 0 0 0 0 0 12 6 0 0 0 A A 1 80BaMaNa_l1205_a2
-2430.4444 0.005 1 0 0 0 0 0 13 0 0 0 0 A A 2 0 0 0 0 0 0 12 3 0 0 0 A A 1 80BaMaNa_l1206_a
2430.6694 0.005 0 0 1 0 1 0 13 6 1 0 1 A E 3 0 0 0 0 0 0 12 5 0 0 0 E A 3 80BaMaNa_l1207
2430.9386 0.005 0 0 1 0 -1 0 12 2 1 0 1 E E 1 0 0 0 0 0 0 11 3 0 0 0 A A 2 80BaMaNa_l1208
2431.0516 0.006657 0 0 1 0 -1 0 12 3 1 0 1 A E 3 0 0 0 0 0 0 11 4 0 0 0 E A 3 80BaMaNa_l1209
-2431.0880 0.005 0 0 1 0 -1 0 13 3 1 0 1 A E 3 0 0 0 0 0 0 12 1 0 0 0 E A 3 80BaMaNa_l1210_a
2431.0880 0.018410 0 0 1 0 1 0 13 5 1 0 1 E E 3 0 0 0 0 0 0 12 4 0 0 0 E A 3 80BaMaNa_l1211
-2431.1434 0.005 0 0 1 0 1 0 12 1 1 0 1 E E 2 0 0 0 0 0 0 11 3 0 0 0 A A 1 80BaMaNa_l1212_a
2431.5721 0.005 0 0 1 0 1 0 13 4 1 0 1 E E 1 0 0 0 0 0 0 12 3 0 0 0 A A 2 80BaMaNa_l1213
2431.5721 0.005 0 0 1 0 -1 0 11 8 1 0 1 E E 1 0 0 0 0 0 0 10 9 0 0 0 A A 2 80BaMaNa_l1214_zero
2431.6974 0.005 0 0 1 0 1 0 13 4 1 0 1 E E 2 0 0 0 0 0 0 12 3 0 0 0 A A 1 80BaMaNa_l1215
2432.1193 0.005 0 0 1 0 1 0 13 3 1 0 1 A E 3 0 0 0 0 0 0 12 2 0 0 0 E A 3 80BaMaNa_l1216
-2432.1614 0.005 1 0 0 0 0 0 12 3 0 0 0 A A 2 0 0 0 0 0 0 11 6 0 0 0 A A 1 80BaMaNa_l1217_a
-2432.3157 0.005 0 0 1 0 1 0 11 5 1 0 1 E E 3 0 0 0 0 0 0 10 7 0 0 0 E A 3 80BaMaNa_l1218_a
2432.7485 0.005 0 0 1 0 -1 0 12 4 1 0 1 E E 3 0 0 0 0 0 0 11 5 0 0 0 E A 3 80BaMaNa_l1219
2432.8207 0.03 0 0 1 0 1 0 13 2 1 0 1 E E 3 0 0 0 0 0 0 12 1 0 0 0 E A 3 80BaMaNa_l1220
-2433.5978 0.005 1 0 0 0 0 0 13 1 0 0 0 E A 3 0 0 0 0 0 0 12 4 0 0 0 E A 3 80BaMaNa_l1221_a
-2433.8428 0.005 0 0 1 0 -1 0 11 9 1 0 1 A E 3 0 0 0 0 0 0 10 10 0 0 0 E A 3 80BaMaNa_l1222_zero
-2434.6956 0.005 0 0 1 0 -1 0 12 5 1 0 1 E E 2 0 0 0 0 0 0 11 6 0 0 0 A A 1 80BaMaNa_l1223_a2
-2434.7465 0.005 0 0 1 0 -1 0 12 6 1 0 1 A E 3 0 0 0 0 0 0 11 7 0 0 0 E A 3 80BaMaNa_l1224_zero
-2435.1147 0.005 0 0 1 0 1 0 12 3 1 0 1 A E 3 0 0 0 0 0 0 11 5 0 0 0 E A 3 80BaMaNa_l1225_a
2435.2215 0.005 0 0 1 0 1 0 13 0 1 0 1 A E 3 0 0 0 0 0 0 12 1 0 0 0 E A 3 80BaMaNa_l1226
-2436.5142 0.005 1 0 0 0 0 0 13 2 0 0 0 E A 3 0 0 0 0 0 0 12 5 0 0 0 E A 3 80BaMaNa_l1227_a
2436.5763 0.005 0 0 1 0 -1 0 13 2 1 0 1 E E 1 0 0 0 0 0 0 12 3 0 0 0 A A 2 80BaMaNa_l1228
-2436.7418 0.005 0 0 1 0 1 0 13 0 1 0 1 A E 3 0 0 0 0 0 0 12 2 0 0 0 E A 3 80BaMaNa_l1229_a
2437.1897 0.005 0 0 1 0 -1 0 12 7 1 0 1 E E 3 0 0 0 0 0 0 11 8 0 0 0 E A 3 80BaMaNa_l1230_zero
-2437.5279 0.005 0 0 1 0 1 0 13 1 1 0 1 E E 2 0 0 0 0 0 0 12 3 0 0 0 A A 1 80BaMaNa_l1231_a
2438.7388 0.005 0 0 1 0 -1 0 13 3 1 0 1 A E 3 0 0 0 0 0 0 12 4 0 0 0 E A 3 80BaMaNa_l1232
2438.9798 0.005 0 0 1 0 -1 0 13 2 1 0 1 E E 2 0 0 0 0 0 0 12 3 0 0 0 A A 1 80BaMaNa_l1233
-2439.3779 0.005 1 0 0 0 0 0 13 3 0 0 0 A A 2 0 0 0 0 0 0 12 6 0 0 0 A A 1 80BaMaNa_l1234_a
-2439.4508 0.005 0 0 1 0 -1 0 12 8 1 0 1 E E 2 0 0 0 0 0 0 11 9 0 0 0 A A 1 80BaMaNa_l1235_zero
2440.4513 0.005 0 0 1 0 -1 0 13 4 1 0 1 E E 3 0 0 0 0 0 0 12 5 0 0 0 E A 3 80BaMaNa_l1236
-2442.1660 0.005 0 0 1 0 -1 0 13 6 1 0 1 A E 3 0 0 0 0 0 0 12 7 0 0 0 E A 3 80BaMaNa_l1237_zero
-2442.3984 0.005 0 0 1 0 -1 0 13 5 1 0 1 E E 2 0 0 0 0 0 0 12 6 0 0 0 A A 1 80BaMaNa_l1238_zero
-2442.8681 0.005 0 0 1 0 1 0 13 3 1 0 1 A E 3 0 0 0 0 0 0 12 5 0 0 0 E A 3 80BaMaNa_l1239_a
-2442.9871 0.005 0 0 1 0 1 0 12 6 1 0 1 A E 3 0 0 0 0 0 0 11 8 0 0 0 E A 3 80BaMaNa_l1240_a
-2445.4431 0.005 0 0 1 0 1 0 13 4 1 0 1 E E 1 0 0 0 0 0 0 12 6 0 0 0 A A 2 80BaMaNa_l1241_a
-2445.5578 0.005 0 0 1 0 1 0 13 4 1 0 1 E E 2 0 0 0 0 0 0 12 6 0 0 0 A A 1 80BaMaNa_l1242_a
1938.02636 0.00223 0 1 0 1 0 -1 14 14 0 1 1 E E 2 0 0 0 0 0 0 15 15 0 0 0 A A 1 14DeKlSa_l1
1944.36077 0.00223 0 2 0 0 0 0 2 1 0 0 0 E A 3 0 0 0 0 0 0 3 1 0 0 0 E A 3 14DeKlSa_l10
1975.46157 0.00223 0 2 0 0 0 0 12 12 0 0 0 A A 1 0 0 0 0 0 0 12 12 0 0 0 A A 2 14DeKlSa_l100
2231.64495 0.00223 0 0 0 2 0 0 10 9 0 0 0 A A 2 0 0 0 0 0 0 10 9 0 0 0 A A 1 14DeKlSa_l1000
2231.64495 0.00223 0 0 0 2 0 0 10 9 0 0 0 A A 1 0 0 0 0 0 0 10 9 0 0 0 A A 2 14DeKlSa_l1001
2231.6539 0.00223 0 0 0 2 0 -2 4 1 0 2 2 E E 2 0 0 0 0 0 0 4 0 0 0 0 A A 1 14DeKlSa_l1002
2231.73135 0.00223 0 0 0 2 0 0 9 8 0 0 0 E A 3 0 0 0 0 0 0 9 8 0 0 0 E A 3 14DeKlSa_l1003
2231.79943 0.00223 0 0 0 2 0 0 8 7 0 0 0 E A 3 0 0 0 0 0 0 8 7 0 0 0 E A 3 14DeKlSa_l1004
2231.92756 0.00223 0 0 0 2 0 0 7 6 0 0 0 A A 2 0 0 0 0 0 0 7 6 0 0 0 A A 1 14DeKlSa_l1005
2231.92756 0.00223 0 0 0 2 0 0 7 6 0 0 0 A A 1 0 0 0 0 0 0 7 6 0 0 0 A A 2 14DeKlSa_l1006
2232.01639 0.00223 0 0 1 0 1 0 9 3 1 0 1 A E 3 0 0 0 0 0 0 10 2 0 0 0 E A 3 14DeKlSa_l1007
2232.0869 0.00223 0 0 1 0 -1 0 11 10 1 0 1 E E 3 0 0 0 0 0 0 12 11 0 0 0 E A 3 14DeKlSa_l1008
2232.19365 0.00223 0 0 0 2 0 0 7 3 0 0 0 A A 2 0 0 0 0 0 0 7 3 0 0 0 A A 1 14DeKlSa_l1009
2232.35928 0.00223 0 0 0 2 0 0 6 5 0 0 0 E A 3 0 0 0 0 0 0 6 5 0 0 0 E A 3 14DeKlSa_l1010
2232.41945 0.00223 0 0 0 2 0 0 7 3 0 0 0 A A 1 0 0 0 0 0 0 7 3 0 0 0 A A 2 14DeKlSa_l1011
2232.96218 0.00223 0 0 1 0 1 0 9 2 1 0 1 E E 3 0 0 0 0 0 0 10 1 0 0 0 E A 3 14DeKlSa_l1012
2233.24007 0.00223 0 0 0 2 0 0 8 3 0 0 0 A A 1 0 0 0 0 0 0 8 3 0 0 0 A A 2 14DeKlSa_l1013
-2233.40871 0.00223 0 0 1 0 -1 0 10 6 1 0 1 A E 3 0 0 0 0 0 0 11 7 0 0 0 E A 3 14DeKlSa_l1014
2233.4992 0.00223 1 0 0 0 0 0 8 3 0 0 0 A A 1 0 0 0 0 0 0 9 0 0 0 0 A A 2 14DeKlSa_l1015
-2233.72591 0.00223 0 0 0 2 0 -2 5 2 0 2 2 E E 3 0 0 0 0 0 0 5 4 0 0 0 E A 3 14DeKlSa_l1016_a
2233.85561 0.00223 0 0 1 0 1 0 9 1 1 0 1 E E 2 0 0 0 0 0 0 10 0 0 0 0 A A 1 14DeKlSa_l1017
-2233.86585 0.00223 0 0 1 0 -1 0 8 7 1 0 1 E E 3 0 0 0 0 0 0 9 5 0 0 0 E A 3 14DeKlSa_l1018_a
2234.22819 0.00223 0 0 1 0 -1 0 11 11 1 0 1 E E 1 0 0 0 0 0 0 12 12 0 0 0 A A 2 14DeKlSa_l1019
1976.30043 0.00223 0 1 0 1 0 -1 11 7 0 1 1 E E 3 0 0 0 0 0 0 12 8 0 0 0 E A 3 14DeKlSa_l102
2234.22819 0.00223 0 0 1 0 -1 0 11 11 1 0 1 E E 2 0 0 0 0 0 0 12 12 0 0 0 A A 1 14DeKlSa_l1020
2234.3735 0.00223 0 0 0 2 0 -2 5 1 0 2 2 E E 1 0 0 0 0 0 0 5 0 0 0 0 A A 2 14DeKlSa_l1021
2234.75997 0.00223 0 0 0 2 0 0 9 3 0 0 0 A A 1 0 0 0 0 0 0 9 3 0 0 0 A A 2 14DeKlSa_l1022
2234.9635 0.00223 0 0 0 2 0 0 7 1 0 0 0 E A 3 0 0 0 0 0 0 7 1 0 0 0 E A 3 14DeKlSa_l1023
2235.07552 0.00223 0 0 0 2 0 0 8 2 0 0 0 E A 3 0 0 0 0 0 0 8 2 0 0 0 E A 3 14DeKlSa_l1024
2235.19656 0.00223 0 0 1 0 1 0 9 0 1 0 1 A E 3 0 0 0 0 0 0 10 1 0 0 0 E A 3 14DeKlSa_l1025
2235.32938 0.00223 0 0 1 0 -1 0 10 7 1 0 1 E E 3 0 0 0 0 0 0 11 8 0 0 0 E A 3 14DeKlSa_l1026
-2235.72281 0.00223 1 0 0 0 0 0 9 1 0 0 0 E A 3 0 0 0 0 0 0 10 4 0 0 0 E A 3 14DeKlSa_l1027_a
2235.85525 0.00223 0 0 0 2 0 2 1 0 0 2 2 A E 3 0 0 0 0 0 0 1 1 0 0 0 E A 3 14DeKlSa_l1028
2236.08599 0.00223 0 0 0 2 0 0 10 3 0 0 0 A A 2 0 0 0 0 0 0 10 3 0 0 0 A A 1 14DeKlSa_l1029
2236.14598 0.00223 0 0 0 2 0 0 1 0 0 0 0 A A 2 0 0 0 0 0 0 0 0 0 0 0 A A 1 14DeKlSa_l1030
2236.39873 0.00223 0 0 1 0 -1 0 9 1 1 0 1 E E 3 0 0 0 0 0 0 10 2 0 0 0 E A 3 14DeKlSa_l1031
2236.68956 0.00223 0 0 0 2 0 2 2 0 0 2 2 A E 3 0 0 0 0 0 0 2 1 0 0 0 E A 3 14DeKlSa_l1032
2236.9715 0.00223 0 0 0 2 0 0 9 7 0 0 0 E A 3 0 0 0 0 0 0 9 7 0 0 0 E A 3 14DeKlSa_l1033
2237.19357 0.00223 0 0 0 2 0 -2 2 2 0 2 2 E E 3 0 0 0 0 0 0 1 1 0 0 0 E A 3 14DeKlSa_l1034
2237.25042 0.00223 0 0 0 2 0 0 10 8 0 0 0 E A 3 0 0 0 0 0 0 10 8 0 0 0 E A 3 14DeKlSa_l1035
2237.26698 0.00223 0 0 1 0 -1 0 10 8 1 0 1 E E 2 0 0 0 0 0 0 11 9 0 0 0 A A 1 14DeKlSa_l1036
2237.26698 0.00223 0 0 1 0 -1 0 10 8 1 0 1 E E 1 0 0 0 0 0 0 11 9 0 0 0 A A 2 14DeKlSa_l1037
2237.381 0.00223 0 0 1 0 -1 0 9 2 1 0 1 E E 1 0 0 0 0 0 0 10 3 0 0 0 A A 2 14DeKlSa_l1038
-2237.41485 0.00223 0 0 0 2 0 -2 6 2 0 2 2 E E 3 0 0 0 0 0 0 6 4 0 0 0 E A 3 14DeKlSa_l1039_a
1977.71266 0.00223 0 1 0 1 0 -1 11 6 0 1 1 A E 3 0 0 0 0 0 0 12 7 0 0 0 E A 3 14DeKlSa_l104
2237.51006 0.00223 1 0 0 0 0 0 8 5 0 0 0 E A 3 0 0 0 0 0 0 9 5 0 0 0 E A 3 14DeKlSa_l1040
2237.52457 0.00223 0 0 0 2 0 0 11 9 0 0 0 A A 1 0 0 0 0 0 0 11 9 0 0 0 A A 2 14DeKlSa_l1041
2237.52457 0.00223 0 0 0 2 0 0 11 9 0 0 0 A A 2 0 0 0 0 0 0 11 9 0 0 0 A A 1 14DeKlSa_l1042
2237.55134 0.00223 1 0 0 0 0 0 8 2 0 0 0 E A 3 0 0 0 0 0 0 9 2 0 0 0 E A 3 14DeKlSa_l1043
2237.71215 0.00223 0 0 0 2 0 -2 6 1 0 2 2 E E 2 0 0 0 0 0 0 6 0 0 0 0 A A 1 14DeKlSa_l1044
2237.72471 0.00223 1 0 0 0 0 0 8 1 0 0 0 E A 3 0 0 0 0 0 0 9 1 0 0 0 E A 3 14DeKlSa_l1045
2237.7608 0.00223 1 0 0 0 0 0 8 0 0 0 0 A A 1 0 0 0 0 0 0 9 0 0 0 0 A A 2 14DeKlSa_l1046
2237.83962 0.00223 1 0 0 0 0 0 8 4 0 0 0 E A 3 0 0 0 0 0 0 9 4 0 0 0 E A 3 14DeKlSa_l1047
2237.87015 0.00223 0 0 1 0 -1 0 9 2 1 0 1 E E 2 0 0 0 0 0 0 10 3 0 0 0 A A 1 14DeKlSa_l1048
2237.92035 0.00223 0 0 0 2 0 -2 3 3 0 2 2 A E 3 0 0 0 0 0 0 2 2 0 0 0 E A 3 14DeKlSa_l1049
1979.24095 0.00223 0 1 0 1 0 -1 11 5 0 1 1 E E 2 0 0 0 0 0 0 12 6 0 0 0 A A 1 14DeKlSa_l105
2237.94996 0.00223 0 0 0 2 0 0 13 11 0 0 0 E A 3 0 0 0 0 0 0 13 11 0 0 0 E A 3 14DeKlSa_l1050
-2238.44219 0.00223 0 0 0 2 0 0 9 1 0 0 0 E A 3 0 0 0 0 0 0 9 2 0 0 0 E A 3 14DeKlSa_l1051_a
2238.61033 0.00223 1 0 0 0 0 0 8 7 0 0 0 E A 3 0 0 0 0 0 0 9 7 0 0 0 E A 3 14DeKlSa_l1052
-2238.66482 0.00223 1 0 0 0 0 0 9 2 0 0 0 E A 3 0 0 0 0 0 0 10 5 0 0 0 E A 3 14DeKlSa_l1053_a
2238.76615 0.00223 1 0 0 0 0 0 8 6 0 0 0 A A 2 0 0 0 0 0 0 9 6 0 0 0 A A 1 14DeKlSa_l1054
2238.76615 0.00223 1 0 0 0 0 0 8 6 0 0 0 A A 1 0 0 0 0 0 0 9 6 0 0 0 A A 2 14DeKlSa_l1055
2239.03229 0.00223 0 0 1 0 -1 0 9 3 1 0 1 A E 3 0 0 0 0 0 0 10 4 0 0 0 E A 3 14DeKlSa_l1056
2239.0955 0.00223 0 0 0 2 0 -2 5 5 0 2 2 E E 3 0 0 0 0 0 0 4 4 0 0 0 E A 3 14DeKlSa_l1057
2239.12062 0.00223 0 0 1 0 1 0 8 6 1 0 1 A E 3 0 0 0 0 0 0 9 5 0 0 0 E A 3 14DeKlSa_l1058
-2239.14417 0.00223 0 0 1 0 -1 0 8 4 1 0 1 E E 3 0 0 0 0 0 0 9 2 0 0 0 E A 3 14DeKlSa_l1059_a
1979.24095 0.00223 0 1 0 1 0 -1 11 5 0 1 1 E E 1 0 0 0 0 0 0 12 6 0 0 0 A A 2 14DeKlSa_l106
2239.27813 0.00223 0 0 1 0 -1 0 10 9 1 0 1 A E 3 0 0 0 0 0 0 11 10 0 0 0 E A 3 14DeKlSa_l1060
2239.54931 0.00223 0 0 0 2 0 -2 6 6 0 2 2 A E 3 0 0 0 0 0 0 5 5 0 0 0 E A 3 14DeKlSa_l1061
2239.73104 0.00223 0 0 1 0 1 0 8 5 1 0 1 E E 3 0 0 0 0 0 0 9 4 0 0 0 E A 3 14DeKlSa_l1062
2240.52778 0.00223 0 0 1 0 1 0 8 4 1 0 1 E E 2 0 0 0 0 0 0 9 3 0 0 0 A A 1 14DeKlSa_l1063
2240.52778 0.00223 0 0 1 0 1 0 8 4 1 0 1 E E 1 0 0 0 0 0 0 9 3 0 0 0 A A 2 14DeKlSa_l1064
2240.64398 0.00223 0 0 1 0 -1 0 9 4 1 0 1 E E 3 0 0 0 0 0 0 10 5 0 0 0 E A 3 14DeKlSa_l1065
2241.37026 0.00223 0 0 1 0 -1 0 10 10 1 0 1 E E 3 0 0 0 0 0 0 11 11 0 0 0 E A 3 14DeKlSa_l1066
2241.43709 0.00223 0 0 1 0 1 0 8 3 1 0 1 A E 3 0 0 0 0 0 0 9 2 0 0 0 E A 3 14DeKlSa_l1067
2241.50322 0.00223 0 0 0 2 0 -2 7 1 0 2 2 E E 1 0 0 0 0 0 0 7 0 0 0 0 A A 2 14DeKlSa_l1068
2242.22342 0.00223 0 0 0 2 0 0 10 7 0 0 0 E A 3 0 0 0 0 0 0 10 7 0 0 0 E A 3 14DeKlSa_l1069
1982.51053 0.00223 0 1 0 1 0 -1 11 3 0 1 1 A E 3 0 0 0 0 0 0 12 4 0 0 0 E A 3 14DeKlSa_l107
2242.4061 0.00223 0 0 0 2 0 2 5 0 0 2 2 A E 3 0 0 0 0 0 0 5 1 0 0 0 E A 3 14DeKlSa_l1070
2242.41842 0.00223 0 0 1 0 1 0 8 2 1 0 1 E E 3 0 0 0 0 0 0 9 1 0 0 0 E A 3 14DeKlSa_l1071
-2242.43703 0.00223 1 0 0 0 0 0 8 0 0 0 0 A A 1 0 0 0 0 0 0 9 3 0 0 0 A A 2 14DeKlSa_l1072_a
-2242.45961 0.00223 0 0 0 2 0 -2 6 1 0 2 2 E E 2 0 0 0 0 0 0 6 3 0 0 0 A A 1 14DeKlSa_l1073_a
-2242.61082 0.00223 0 0 1 0 -1 0 9 1 1 0 1 E E 3 0 0 0 0 0 0 10 4 0 0 0 E A 3 14DeKlSa_l1074_a
2242.77184 0.00223 0 0 0 2 0 0 11 8 0 0 0 E A 3 0 0 0 0 0 0 11 8 0 0 0 E A 3 14DeKlSa_l1075
-2243.13726 0.00223 0 0 1 0 -1 0 9 6 1 0 1 A E 3 0 0 0 0 0 0 10 7 0 0 0 E A 3 14DeKlSa_l1077
2243.31422 0.00223 0 0 0 2 0 0 12 9 0 0 0 A A 1 0 0 0 0 0 0 12 9 0 0 0 A A 2 14DeKlSa_l1078
2243.31422 0.00223 0 0 0 2 0 0 12 9 0 0 0 A A 2 0 0 0 0 0 0 12 9 0 0 0 A A 1 14DeKlSa_l1079
1983.16397 0.00223 0 1 0 1 0 1 14 7 0 1 1 E E 1 0 0 0 0 0 0 15 6 0 0 0 A A 2 14DeKlSa_l108
2243.32278 0.00223 0 0 1 0 1 0 8 1 1 0 1 E E 1 0 0 0 0 0 0 9 0 0 0 0 A A 2 14DeKlSa_l1080
2244.57272 0.00223 0 0 0 2 0 2 2 1 0 2 2 E E 3 0 0 0 0 0 0 2 2 0 0 0 E A 3 14DeKlSa_l1081
2244.65712 0.00223 0 0 1 0 1 0 8 0 1 0 1 A E 3 0 0 0 0 0 0 9 1 0 0 0 E A 3 14DeKlSa_l1082
2244.96626 0.00223 0 0 1 0 -1 0 9 7 1 0 1 E E 3 0 0 0 0 0 0 10 8 0 0 0 E A 3 14DeKlSa_l1083
2245.4504 0.00223 0 0 0 2 0 2 6 0 0 2 2 A E 3 0 0 0 0 0 0 6 1 0 0 0 E A 3 14DeKlSa_l1084
-2245.53321 0.00223 1 0 0 0 0 0 8 1 0 0 0 E A 3 0 0 0 0 0 0 9 4 0 0 0 E A 3 14DeKlSa_l1085_a
2245.57776 0.00223 0 0 0 2 0 -2 8 1 0 2 2 E E 2 0 0 0 0 0 0 8 0 0 0 0 A A 1 14DeKlSa_l1086
2245.77633 0.00223 0 0 0 2 0 0 2 1 0 0 0 E A 3 0 0 0 0 0 0 1 1 0 0 0 E A 3 14DeKlSa_l1087
2245.86198 0.00223 0 0 1 0 -1 0 8 1 1 0 1 E E 3 0 0 0 0 0 0 9 2 0 0 0 E A 3 14DeKlSa_l1088
2245.87086 0.00223 0 0 0 2 0 2 3 1 0 2 2 E E 3 0 0 0 0 0 0 3 2 0 0 0 E A 3 14DeKlSa_l1089
1983.29267 0.00223 0 1 0 1 0 1 14 7 0 1 1 E E 2 0 0 0 0 0 0 15 6 0 0 0 A A 1 14DeKlSa_l109
-2246.22875 0.00223 0 0 0 2 0 -2 7 1 0 2 2 E E 1 0 0 0 0 0 0 7 3 0 0 0 A A 2 14DeKlSa_l1091_a
-2246.37436 0.00223 0 0 1 0 -1 0 7 5 1 0 1 E E 1 0 0 0 0 0 0 8 3 0 0 0 A A 2 14DeKlSa_l1092_a
-2246.37436 0.00223 0 0 1 0 -1 0 7 5 1 0 1 E E 2 0 0 0 0 0 0 8 3 0 0 0 A A 1 14DeKlSa_l1093_a
2246.62589 0.00223 0 0 0 2 0 0 10 6 0 0 0 A A 2 0 0 0 0 0 0 10 6 0 0 0 A A 1 14DeKlSa_l1094
2246.8406 0.00223 0 0 1 0 -1 0 9 8 1 0 1 E E 1 0 0 0 0 0 0 10 9 0 0 0 A A 2 14DeKlSa_l1095
2246.8406 0.00223 0 0 1 0 -1 0 9 8 1 0 1 E E 2 0 0 0 0 0 0 10 9 0 0 0 A A 1 14DeKlSa_l1096
2246.95175 0.00223 0 0 1 0 -1 0 8 2 1 0 1 E E 2 0 0 0 0 0 0 9 3 0 0 0 A A 1 14DeKlSa_l1097
2247.24501 0.00223 1 0 0 0 0 0 7 2 0 0 0 E A 3 0 0 0 0 0 0 8 2 0 0 0 E A 3 14DeKlSa_l1098
2247.29021 0.00223 0 0 0 2 0 -2 3 2 0 2 2 E E 3 0 0 0 0 0 0 2 1 0 0 0 E A 3 14DeKlSa_l1099
1946.59166 0.00223 0 1 0 1 0 -1 14 5 0 1 1 E E 1 0 0 0 0 0 0 15 6 0 0 0 A A 2 14DeKlSa_l11
1983.61114 0.00223 0 1 0 1 0 -1 10 10 0 1 1 E E 3 0 0 0 0 0 0 11 11 0 0 0 E A 3 14DeKlSa_l110
2247.30192 0.00223 0 0 1 0 -1 0 8 2 1 0 1 E E 1 0 0 0 0 0 0 9 3 0 0 0 A A 2 14DeKlSa_l1100
2247.34641 0.00223 0 0 0 2 0 0 11 7 0 0 0 E A 3 0 0 0 0 0 0 11 7 0 0 0 E A 3 14DeKlSa_l1101
2247.37958 0.00223 1 0 0 0 0 0 7 1 0 0 0 E A 3 0 0 0 0 0 0 8 1 0 0 0 E A 3 14DeKlSa_l1102
2247.40207 0.00223 1 0 0 0 0 0 7 0 0 0 0 A A 2 0 0 0 0 0 0 8 0 0 0 0 A A 1 14DeKlSa_l1103
2247.44775 0.00223 1 0 0 0 0 0 7 4 0 0 0 E A 3 0 0 0 0 0 0 8 4 0 0 0 E A 3 14DeKlSa_l1104
2247.64608 0.00223 1 0 0 0 0 0 7 3 0 0 0 A A 2 0 0 0 0 0 0 8 3 0 0 0 A A 1 14DeKlSa_l1105
2247.64608 0.00223 1 0 0 0 0 0 7 3 0 0 0 A A 1 0 0 0 0 0 0 8 3 0 0 0 A A 2 14DeKlSa_l1106
2247.98177 0.00223 1 0 0 0 0 0 7 7 0 0 0 E A 3 0 0 0 0 0 0 8 7 0 0 0 E A 3 14DeKlSa_l1107
2248.07423 0.00223 1 0 0 0 0 0 7 6 0 0 0 A A 1 0 0 0 0 0 0 8 6 0 0 0 A A 2 14DeKlSa_l1108
2248.07423 0.00223 1 0 0 0 0 0 7 6 0 0 0 A A 2 0 0 0 0 0 0 8 6 0 0 0 A A 1 14DeKlSa_l1109
2248.10253 0.00223 0 0 0 2 0 0 12 8 0 0 0 E A 3 0 0 0 0 0 0 12 8 0 0 0 E A 3 14DeKlSa_l1110
2248.3907 0.00223 0 0 1 0 1 0 7 6 1 0 1 A E 3 0 0 0 0 0 0 8 5 0 0 0 E A 3 14DeKlSa_l1111
2248.41412 0.00223 0 0 0 2 0 -2 4 3 0 2 2 A E 3 0 0 0 0 0 0 3 2 0 0 0 E A 3 14DeKlSa_l1112
-2248.49236 0.00223 0 0 1 0 -1 0 7 4 1 0 1 E E 3 0 0 0 0 0 0 8 2 0 0 0 E A 3 14DeKlSa_l1113_a
2248.79634 0.00223 0 0 1 0 -1 0 9 9 1 0 1 A E 3 0 0 0 0 0 0 10 10 0 0 0 E A 3 14DeKlSa_l1114
2248.91784 0.00223 0 0 0 2 0 2 7 0 0 2 2 A E 3 0 0 0 0 0 0 7 1 0 0 0 E A 3 14DeKlSa_l1115
2249.03823 0.00223 0 0 1 0 1 0 7 5 1 0 1 E E 3 0 0 0 0 0 0 8 4 0 0 0 E A 3 14DeKlSa_l1116
2249.44423 0.00223 0 0 0 2 0 -2 5 4 0 2 2 E E 2 0 0 0 0 0 0 4 3 0 0 0 A A 1 14DeKlSa_l1117
2249.44423 0.00223 0 0 0 2 0 -2 5 4 0 2 2 E E 1 0 0 0 0 0 0 4 3 0 0 0 A A 2 14DeKlSa_l1118
2249.80326 0.00223 0 0 0 2 0 -2 9 1 0 2 2 E E 1 0 0 0 0 0 0 9 0 0 0 0 A A 2 14DeKlSa_l1119
1983.97859 0.00223 0 1 0 1 0 -1 11 2 0 1 1 E E 1 0 0 0 0 0 0 12 3 0 0 0 A A 2 14DeKlSa_l112
2249.8844 0.00223 0 0 1 0 1 0 7 4 1 0 1 E E 1 0 0 0 0 0 0 8 3 0 0 0 A A 2 14DeKlSa_l1120
2249.8844 0.00223 0 0 1 0 1 0 7 4 1 0 1 E E 2 0 0 0 0 0 0 8 3 0 0 0 A A 1 14DeKlSa_l1121
2249.99553 0.00223 0 0 0 2 0 2 5 1 0 2 2 E E 3 0 0 0 0 0 0 5 2 0 0 0 E A 3 14DeKlSa_l1122
2250.11064 0.00223 0 0 1 0 -1 0 8 4 1 0 1 E E 3 0 0 0 0 0 0 9 5 0 0 0 E A 3 14DeKlSa_l1123
-2250.28027 0.00223 0 0 0 2 0 -2 8 1 0 2 2 E E 2 0 0 0 0 0 0 8 3 0 0 0 A A 1 14DeKlSa_l1124_a
-2250.33374 0.00223 0 0 0 2 0 -2 8 1 0 2 2 E E 1 0 0 0 0 0 0 8 3 0 0 0 A A 2 14DeKlSa_l1125_a
2250.38328 0.00223 0 0 0 2 0 -2 6 5 0 2 2 E E 3 0 0 0 0 0 0 5 4 0 0 0 E A 3 14DeKlSa_l1126
2250.82847 0.00223 0 0 1 0 1 0 7 3 1 0 1 A E 3 0 0 0 0 0 0 8 2 0 0 0 E A 3 14DeKlSa_l1128
2250.95459 0.00223 0 0 1 0 -1 0 8 5 1 0 1 E E 1 0 0 0 0 0 0 9 6 0 0 0 A A 2 14DeKlSa_l1129
2250.95459 0.00223 0 0 1 0 -1 0 8 5 1 0 1 E E 2 0 0 0 0 0 0 9 6 0 0 0 A A 1 14DeKlSa_l1130
2251.23585 0.00223 0 0 0 2 0 -2 7 6 0 2 2 A E 3 0 0 0 0 0 0 6 5 0 0 0 E A 3 14DeKlSa_l1131
2251.83756 0.00223 0 0 1 0 1 0 7 2 1 0 1 E E 3 0 0 0 0 0 0 8 1 0 0 0 E A 3 14DeKlSa_l1132
2252.00547 0.00223 0 0 0 2 0 -2 8 7 0 2 2 E E 2 0 0 0 0 0 0 7 6 0 0 0 A A 1 14DeKlSa_l1133
2252.00547 0.00223 0 0 0 2 0 -2 8 7 0 2 2 E E 1 0 0 0 0 0 0 7 6 0 0 0 A A 2 14DeKlSa_l1134
-2252.10451 0.00223 1 0 0 0 0 0 7 0 0 0 0 A A 2 0 0 0 0 0 0 8 3 0 0 0 A A 1 14DeKlSa_l1135_a
2252.65248 0.00223 0 0 0 2 0 2 8 0 0 2 2 A E 3 0 0 0 0 0 0 8 1 0 0 0 E A 3 14DeKlSa_l1136
2252.76343 0.00223 0 0 0 2 0 2 6 1 0 2 2 E E 3 0 0 0 0 0 0 6 2 0 0 0 E A 3 14DeKlSa_l1137
2254.08469 0.00223 0 0 1 0 1 0 7 0 1 0 1 A E 3 0 0 0 0 0 0 8 1 0 0 0 E A 3 14DeKlSa_l1138
2254.49652 0.00223 0 0 0 2 0 2 2 0 0 2 2 A E 3 0 0 0 0 0 0 1 1 0 0 0 E A 3 14DeKlSa_l1139
1984.29875 0.00223 0 1 0 1 0 -1 11 2 0 1 1 E E 2 0 0 0 0 0 0 12 3 0 0 0 A A 1 14DeKlSa_l114
2254.55397 0.00223 0 0 1 0 -1 0 8 7 1 0 1 E E 3 0 0 0 0 0 0 9 8 0 0 0 E A 3 14DeKlSa_l1140
-2254.61603 0.00223 0 0 0 2 0 -2 9 1 0 2 2 E E 2 0 0 0 0 0 0 9 3 0 0 0 A A 1 14DeKlSa_l1141_a
2254.63328 0.00223 0 0 0 2 0 2 4 2 0 2 2 E E 2 0 0 0 0 0 0 4 3 0 0 0 A A 1 14DeKlSa_l1142
2255.10916 0.00223 0 0 0 2 0 0 3 2 0 0 0 E A 3 0 0 0 0 0 0 2 2 0 0 0 E A 3 14DeKlSa_l1143
-2255.23292 0.00223 1 0 0 0 0 0 7 1 0 0 0 E A 3 0 0 0 0 0 0 8 4 0 0 0 E A 3 14DeKlSa_l1144_a
2255.26655 0.00223 0 0 0 2 0 2 4 2 0 2 2 E E 1 0 0 0 0 0 0 4 3 0 0 0 A A 2 14DeKlSa_l1145
2255.29463 0.00223 0 0 1 0 -1 0 7 1 1 0 1 E E 3 0 0 0 0 0 0 8 2 0 0 0 E A 3 14DeKlSa_l1146
2256.39068 0.00223 0 0 1 0 -1 0 8 8 1 0 1 E E 2 0 0 0 0 0 0 9 9 0 0 0 A A 1 14DeKlSa_l1147
2256.39068 0.00223 0 0 1 0 -1 0 8 8 1 0 1 E E 1 0 0 0 0 0 0 9 9 0 0 0 A A 2 14DeKlSa_l1148
2256.46134 0.00223 0 0 1 0 -1 0 7 2 1 0 1 E E 1 0 0 0 0 0 0 8 3 0 0 0 A A 2 14DeKlSa_l1149
2256.68893 0.00223 0 0 1 0 -1 0 7 2 1 0 1 E E 2 0 0 0 0 0 0 8 3 0 0 0 A A 1 14DeKlSa_l1150
-2256.80847 0.00223 0 0 1 0 1 0 6 6 1 0 1 A E 3 0 0 0 0 0 0 7 5 0 0 0 E A 3 14DeKlSa_l1151
2256.84453 0.00223 1 0 0 0 0 0 6 2 0 0 0 E A 3 0 0 0 0 0 0 7 2 0 0 0 E A 3 14DeKlSa_l1152
2256.93208 0.00223 1 0 0 0 0 0 6 1 0 0 0 E A 3 0 0 0 0 0 0 7 1 0 0 0 E A 3 14DeKlSa_l1153
2256.94243 0.00223 1 0 0 0 0 0 6 0 0 0 0 A A 1 0 0 0 0 0 0 7 0 0 0 0 A A 2 14DeKlSa_l1154
2256.99682 0.00223 1 0 0 0 0 0 6 4 0 0 0 E A 3 0 0 0 0 0 0 7 4 0 0 0 E A 3 14DeKlSa_l1155
2257.08131 0.00223 1 0 0 0 0 0 6 3 0 0 0 A A 1 0 0 0 0 0 0 7 3 0 0 0 A A 2 14DeKlSa_l1156
2257.08131 0.00223 1 0 0 0 0 0 6 3 0 0 0 A A 2 0 0 0 0 0 0 7 3 0 0 0 A A 1 14DeKlSa_l1157
2257.34699 0.00223 1 0 0 0 0 0 6 6 0 0 0 A A 2 0 0 0 0 0 0 7 6 0 0 0 A A 1 14DeKlSa_l1158
2257.34699 0.00223 1 0 0 0 0 0 6 6 0 0 0 A A 1 0 0 0 0 0 0 7 6 0 0 0 A A 2 14DeKlSa_l1159
2257.60153 0.00223 1 0 0 0 0 0 6 5 0 0 0 E A 3 0 0 0 0 0 0 7 5 0 0 0 E A 3 14DeKlSa_l1160
-2257.87063 0.00223 0 0 0 2 0 -2 5 3 0 2 2 A E 3 0 0 0 0 0 0 4 2 0 0 0 E A 3 14DeKlSa_l1161
2257.90389 0.00223 0 0 0 2 0 2 5 2 0 2 2 E E 2 0 0 0 0 0 0 5 3 0 0 0 A A 1 14DeKlSa_l1162
2257.95729 0.00223 0 0 1 0 -1 0 7 3 1 0 1 A E 3 0 0 0 0 0 0 8 4 0 0 0 E A 3 14DeKlSa_l1163
-2258.27435 0.00223 1 0 0 0 0 0 7 2 0 0 0 E A 3 0 0 0 0 0 0 8 5 0 0 0 E A 3 14DeKlSa_l1164_a
2258.28566 0.00223 0 0 0 2 0 -2 4 2 0 2 2 E E 3 0 0 0 0 0 0 3 1 0 0 0 E A 3 14DeKlSa_l1165
2258.30895 0.00223 0 0 1 0 1 0 6 5 1 0 1 E E 3 0 0 0 0 0 0 7 4 0 0 0 E A 3 14DeKlSa_l1166
-2258.50583 0.00223 1 0 0 0 0 0 6 1 0 0 0 E A 3 0 0 0 0 0 0 7 2 0 0 0 E A 3 14DeKlSa_l1168_a
2258.70765 0.00223 0 0 0 2 0 2 6 2 0 2 2 E E 2 0 0 0 0 0 0 6 3 0 0 0 A A 1 14DeKlSa_l1169
1985.60686 0.00223 0 1 0 1 0 -1 11 1 0 1 1 E E 3 0 0 0 0 0 0 12 2 0 0 0 E A 3 14DeKlSa_l117
2259.20788 0.00223 0 0 1 0 1 0 6 4 1 0 1 E E 2 0 0 0 0 0 0 7 3 0 0 0 A A 1 14DeKlSa_l1170
2259.20788 0.00223 0 0 1 0 1 0 6 4 1 0 1 E E 1 0 0 0 0 0 0 7 3 0 0 0 A A 2 14DeKlSa_l1171
2259.52185 0.00223 0 0 1 0 -1 0 7 4 1 0 1 E E 3 0 0 0 0 0 0 8 5 0 0 0 E A 3 14DeKlSa_l1172
2259.84319 0.00223 0 0 0 2 0 -2 6 4 0 2 2 E E 1 0 0 0 0 0 0 5 3 0 0 0 A A 2 14DeKlSa_l1173
2259.84319 0.00223 0 0 0 2 0 -2 6 4 0 2 2 E E 2 0 0 0 0 0 0 5 3 0 0 0 A A 1 14DeKlSa_l1174
2260.18231 0.00223 0 0 1 0 1 0 6 3 1 0 1 A E 3 0 0 0 0 0 0 7 2 0 0 0 E A 3 14DeKlSa_l1175
2260.41402 0.00223 0 0 0 2 0 2 10 0 0 2 2 A E 3 0 0 0 0 0 0 10 1 0 0 0 E A 3 14DeKlSa_l1176
2260.61462 0.00223 0 0 1 0 -1 0 7 5 1 0 1 E E 2 0 0 0 0 0 0 8 6 0 0 0 A A 1 14DeKlSa_l1177
2260.61462 0.00223 0 0 1 0 -1 0 7 5 1 0 1 E E 1 0 0 0 0 0 0 8 6 0 0 0 A A 2 14DeKlSa_l1178
2261.16901 0.00223 0 0 0 2 0 2 7 2 0 2 2 E E 1 0 0 0 0 0 0 7 3 0 0 0 A A 2 14DeKlSa_l1179
1985.6346 0.00223 0 1 0 1 0 -1 10 8 0 1 1 E E 2 0 0 0 0 0 0 11 9 0 0 0 A A 1 14DeKlSa_l118
2261.21294 0.00223 0 0 1 0 1 0 6 2 1 0 1 E E 3 0 0 0 0 0 0 7 1 0 0 0 E A 3 14DeKlSa_l1180
2261.2371 0.00223 0 0 0 2 0 2 6 2 0 2 2 E E 1 0 0 0 0 0 0 6 3 0 0 0 A A 2 14DeKlSa_l1181
2261.29209 0.00223 0 0 0 2 0 -2 7 5 0 2 2 E E 3 0 0 0 0 0 0 6 4 0 0 0 E A 3 14DeKlSa_l1182
2261.6687 0.00223 1 0 0 0 0 0 6 0 0 0 0 A A 1 0 0 0 0 0 0 7 3 0 0 0 A A 2 14DeKlSa_l1183
2261.72741 0.00223 0 0 0 2 0 2 4 3 0 2 2 A E 3 0 0 0 0 0 0 4 4 0 0 0 E A 3 14DeKlSa_l1184
2262.19408 0.00223 0 0 1 0 1 0 6 1 1 0 1 E E 1 0 0 0 0 0 0 7 0 0 0 0 A A 2 14DeKlSa_l1185
-2262.34501 0.00223 0 0 1 0 -1 0 7 6 1 0 1 A E 3 0 0 0 0 0 0 8 7 0 0 0 E A 3 14DeKlSa_l1186
2262.4259 0.00223 0 0 0 2 0 2 9 1 0 2 2 E E 3 0 0 0 0 0 0 9 2 0 0 0 E A 3 14DeKlSa_l1187
2263.47018 0.00223 0 0 1 0 1 0 6 0 1 0 1 A E 3 0 0 0 0 0 0 7 1 0 0 0 E A 3 14DeKlSa_l1188
2263.86529 0.00223 0 0 0 2 0 2 8 2 0 2 2 E E 2 0 0 0 0 0 0 8 3 0 0 0 A A 1 14DeKlSa_l1189
1985.6346 0.00223 0 1 0 1 0 -1 10 8 0 1 1 E E 1 0 0 0 0 0 0 11 9 0 0 0 A A 2 14DeKlSa_l119
2263.95861 0.00223 0 0 0 2 0 2 5 3 0 2 2 A E 3 0 0 0 0 0 0 5 4 0 0 0 E A 3 14DeKlSa_l1190
2264.0808 0.00223 0 0 1 0 -1 0 7 7 1 0 1 E E 3 0 0 0 0 0 0 8 8 0 0 0 E A 3 14DeKlSa_l1191
2264.09183 0.00223 0 0 0 2 0 0 4 3 0 0 0 A A 2 0 0 0 0 0 0 3 3 0 0 0 A A 1 14DeKlSa_l1192
2264.68585 0.00223 0 0 1 0 -1 0 6 1 1 0 1 E E 3 0 0 0 0 0 0 7 2 0 0 0 E A 3 14DeKlSa_l1194
-2264.82547 0.00223 1 0 0 0 0 0 6 1 0 0 0 E A 3 0 0 0 0 0 0 7 4 0 0 0 E A 3 14DeKlSa_l1195_a
2265.17815 0.00223 0 0 0 2 0 2 7 2 0 2 2 E E 2 0 0 0 0 0 0 7 3 0 0 0 A A 1 14DeKlSa_l1196
-2265.21578 0.00223 0 0 1 0 -1 0 5 5 1 0 1 E E 1 0 0 0 0 0 0 6 3 0 0 0 A A 2 14DeKlSa_l1197_a
-2265.21578 0.00223 0 0 1 0 -1 0 5 5 1 0 1 E E 2 0 0 0 0 0 0 6 3 0 0 0 A A 1 14DeKlSa_l1198_a
-2265.38324 0.00223 0 0 0 2 0 2 8 1 0 2 2 E E 3 0 0 0 0 0 0 8 4 0 0 0 E A 3 14DeKlSa_l1199_a
1946.59166 0.00223 0 1 0 1 0 -1 14 5 0 1 1 E E 2 0 0 0 0 0 0 15 6 0 0 0 A A 1 14DeKlSa_l12
1986.05981 0.00223 0 1 0 1 0 1 14 8 0 1 1 E E 3 0 0 0 0 0 0 15 7 0 0 0 E A 3 14DeKlSa_l120
2265.45262 0.00223 0 0 0 2 0 0 4 2 0 0 0 E A 3 0 0 0 0 0 0 3 2 0 0 0 E A 3 14DeKlSa_l1200
2265.69036 0.00223 0 0 0 2 0 -2 11 9 0 2 2 A E 3 0 0 0 0 0 0 10 8 0 0 0 E A 3 14DeKlSa_l1201
2265.81129 0.00223 0 0 0 2 0 2 10 1 0 2 2 E E 3 0 0 0 0 0 0 10 2 0 0 0 E A 3 14DeKlSa_l1202
2265.90609 0.00223 0 0 1 0 -1 0 6 2 1 0 1 E E 2 0 0 0 0 0 0 7 3 0 0 0 A A 1 14DeKlSa_l1203
2266.0397 0.00223 0 0 1 0 -1 0 6 2 1 0 1 E E 1 0 0 0 0 0 0 7 3 0 0 0 A A 2 14DeKlSa_l1204
2266.26128 0.00223 0 0 0 2 0 0 4 1 0 0 0 E A 3 0 0 0 0 0 0 3 1 0 0 0 E A 3 14DeKlSa_l1205
2266.34499 0.00223 1 0 0 0 0 0 5 2 0 0 0 E A 3 0 0 0 0 0 0 6 2 0 0 0 E A 3 14DeKlSa_l1206
2266.65122 0.00223 1 0 0 0 0 0 5 5 0 0 0 E A 3 0 0 0 0 0 0 6 5 0 0 0 E A 3 14DeKlSa_l1207
2266.77425 0.00223 0 0 0 2 0 2 9 2 0 2 2 E E 1 0 0 0 0 0 0 9 3 0 0 0 A A 2 14DeKlSa_l1208
2266.84409 0.00223 0 0 0 2 0 2 6 3 0 2 2 A E 3 0 0 0 0 0 0 6 4 0 0 0 E A 3 14DeKlSa_l1209
1986.90251 0.00223 0 1 0 1 0 -1 10 7 0 1 1 E E 3 0 0 0 0 0 0 11 8 0 0 0 E A 3 14DeKlSa_l121
-2267.04176 0.00223 0 0 1 0 -1 0 5 4 1 0 1 E E 3 0 0 0 0 0 0 6 2 0 0 0 E A 3 14DeKlSa_l1210_a
2267.34707 0.00223 0 0 1 0 -1 0 6 3 1 0 1 A E 3 0 0 0 0 0 0 7 4 0 0 0 E A 3 14DeKlSa_l1211
2267.53517 0.00223 0 0 1 0 1 0 5 5 1 0 1 E E 3 0 0 0 0 0 0 6 4 0 0 0 E A 3 14DeKlSa_l1212
-2267.76582 0.00223 0 0 0 2 0 -2 6 3 0 2 2 A E 3 0 0 0 0 0 0 5 2 0 0 0 E A 3 14DeKlSa_l1213
-2267.93038 0.00223 1 0 0 0 0 0 6 2 0 0 0 E A 3 0 0 0 0 0 0 7 5 0 0 0 E A 3 14DeKlSa_l1214_a
-2267.96263 0.00223 1 0 0 0 0 0 5 1 0 0 0 E A 3 0 0 0 0 0 0 6 2 0 0 0 E A 3 14DeKlSa_l1215_a
2268.4907 0.00223 0 0 1 0 1 0 5 4 1 0 1 E E 1 0 0 0 0 0 0 6 3 0 0 0 A A 2 14DeKlSa_l1216
2268.4907 0.00223 0 0 1 0 1 0 5 4 1 0 1 E E 2 0 0 0 0 0 0 6 3 0 0 0 A A 1 14DeKlSa_l1217
-2268.67776 0.00223 0 0 0 2 0 2 9 1 0 2 2 E E 3 0 0 0 0 0 0 9 4 0 0 0 E A 3 14DeKlSa_l1218_a
2268.87636 0.00223 0 0 1 0 -1 0 6 4 1 0 1 E E 3 0 0 0 0 0 0 7 5 0 0 0 E A 3 14DeKlSa_l1219
1988.32708 0.00223 0 1 0 1 0 -1 10 6 0 1 1 A E 3 0 0 0 0 0 0 11 7 0 0 0 E A 3 14DeKlSa_l122
2269.49058 0.00223 0 0 1 0 1 0 5 3 1 0 1 A E 3 0 0 0 0 0 0 6 2 0 0 0 E A 3 14DeKlSa_l1221
2269.91853 0.00223 0 0 0 2 0 2 10 2 0 2 2 E E 2 0 0 0 0 0 0 10 3 0 0 0 A A 1 14DeKlSa_l1223
2270.15907 0.00223 0 0 1 0 -1 0 6 5 1 0 1 E E 1 0 0 0 0 0 0 7 6 0 0 0 A A 2 14DeKlSa_l1224
2270.15907 0.00223 0 0 1 0 -1 0 6 5 1 0 1 E E 2 0 0 0 0 0 0 7 6 0 0 0 A A 1 14DeKlSa_l1225
2270.44757 0.00223 0 0 0 2 0 2 7 3 0 2 2 A E 3 0 0 0 0 0 0 7 4 0 0 0 E A 3 14DeKlSa_l1226
2270.53762 0.00223 0 0 1 0 1 0 5 2 1 0 1 E E 3 0 0 0 0 0 0 6 1 0 0 0 E A 3 14DeKlSa_l1227
2274.02664 0.00223 0 0 1 0 -1 0 5 1 1 0 1 E E 3 0 0 0 0 0 0 6 2 0 0 0 E A 3 14DeKlSa_l1228
-2274.31159 0.00223 1 0 0 0 0 0 5 1 0 0 0 E A 3 0 0 0 0 0 0 6 4 0 0 0 E A 3 14DeKlSa_l1229_a
1988.50912 0.00223 0 2 0 0 0 0 2 0 0 0 0 A A 1 0 0 0 0 0 0 1 0 0 0 0 A A 2 14DeKlSa_l123
2274.32831 0.00223 0 0 0 2 0 0 5 3 0 0 0 A A 2 0 0 0 0 0 0 4 3 0 0 0 A A 1 14DeKlSa_l1230
-2274.54795 0.00223 0 0 0 2 0 0 6 5 0 0 0 E A 3 0 0 0 0 0 0 5 2 0 0 0 E A 3 14DeKlSa_l1231_a
2274.7507 0.00223 0 0 0 2 0 2 8 3 0 2 2 A E 3 0 0 0 0 0 0 8 4 0 0 0 E A 3 14DeKlSa_l1232
2275.28268 0.00223 0 0 1 0 -1 0 5 2 1 0 1 E E 1 0 0 0 0 0 0 6 3 0 0 0 A A 2 14DeKlSa_l1233
2275.35211 0.00223 0 0 1 0 -1 0 5 2 1 0 1 E E 2 0 0 0 0 0 0 6 3 0 0 0 A A 1 14DeKlSa_l1234
2275.50011 0.00223 0 0 0 2 0 2 4 0 0 2 2 A E 3 0 0 0 0 0 0 3 1 0 0 0 E A 3 14DeKlSa_l1235
2276.2515 0.00223 0 0 1 0 -1 0 4 4 1 0 1 E E 3 0 0 0 0 0 0 5 2 0 0 0 E A 3 14DeKlSa_l1236
2276.6014 0.00223 0 0 0 2 0 0 5 1 0 0 0 E A 3 0 0 0 0 0 0 4 1 0 0 0 E A 3 14DeKlSa_l1238
2276.68655 0.00223 0 0 1 0 -1 0 5 3 1 0 1 A E 3 0 0 0 0 0 0 6 4 0 0 0 E A 3 14DeKlSa_l1239
1988.86816 0.00223 0 2 0 0 0 0 2 1 0 0 0 E A 3 0 0 0 0 0 0 1 1 0 0 0 E A 3 14DeKlSa_l124
2276.76004 0.00223 0 0 0 2 0 0 5 0 0 0 0 A A 2 0 0 0 0 0 0 4 0 0 0 0 A A 1 14DeKlSa_l1240
-2277.48064 0.00223 1 0 0 0 0 0 5 2 0 0 0 E A 3 0 0 0 0 0 0 6 5 0 0 0 E A 3 14DeKlSa_l1241_a
2277.72553 0.00223 0 0 1 0 1 0 4 4 1 0 1 E E 2 0 0 0 0 0 0 5 3 0 0 0 A A 1 14DeKlSa_l1242
2277.72553 0.00223 0 0 1 0 1 0 4 4 1 0 1 E E 1 0 0 0 0 0 0 5 3 0 0 0 A A 2 14DeKlSa_l1243
-2277.74374 0.00223 0 0 0 2 0 -2 7 3 0 2 2 A E 3 0 0 0 0 0 0 6 2 0 0 0 E A 3 14DeKlSa_l1244
2278.1776 0.00223 0 0 1 0 -1 0 5 4 1 0 1 E E 3 0 0 0 0 0 0 6 5 0 0 0 E A 3 14DeKlSa_l1245
2278.42157 0.00223 0 0 0 2 0 2 6 5 0 2 2 E E 2 0 0 0 0 0 0 6 6 0 0 0 A A 1 14DeKlSa_l1246
2278.43665 0.00223 0 0 0 2 0 2 6 5 0 2 2 E E 1 0 0 0 0 0 0 6 6 0 0 0 A A 2 14DeKlSa_l1247
2278.74586 0.00223 0 0 1 0 1 0 4 3 1 0 1 A E 3 0 0 0 0 0 0 5 2 0 0 0 E A 3 14DeKlSa_l1248
2278.81134 0.00223 0 0 0 2 0 -2 5 1 0 2 2 E E 2 0 0 0 0 0 0 4 0 0 0 0 A A 1 14DeKlSa_l1249
1989.20158 0.00223 0 1 0 1 0 1 14 9 0 1 1 A E 3 0 0 0 0 0 0 15 8 0 0 0 E A 3 14DeKlSa_l125
-2278.9447 0.00223 0 0 0 2 0 -2 6 3 0 2 2 A E 3 0 0 0 0 0 0 5 5 0 0 0 E A 3 14DeKlSa_l1250
2279.59376 0.00223 0 0 1 0 -1 0 5 5 1 0 1 E E 1 0 0 0 0 0 0 6 6 0 0 0 A A 2 14DeKlSa_l1251
2279.59376 0.00223 0 0 1 0 -1 0 5 5 1 0 1 E E 2 0 0 0 0 0 0 6 6 0 0 0 A A 1 14DeKlSa_l1252
2279.80507 0.00223 0 0 1 0 1 0 4 2 1 0 1 E E 3 0 0 0 0 0 0 5 1 0 0 0 E A 3 14DeKlSa_l1254
2280.40099 0.00223 0 0 0 2 0 -2 8 4 0 2 2 E E 1 0 0 0 0 0 0 7 3 0 0 0 A A 2 14DeKlSa_l1255
2280.40099 0.00223 0 0 0 2 0 -2 8 4 0 2 2 E E 2 0 0 0 0 0 0 7 3 0 0 0 A A 1 14DeKlSa_l1256
-2280.49444 0.00223 1 0 0 0 0 0 4 0 0 0 0 A A 1 0 0 0 0 0 0 5 3 0 0 0 A A 2 14DeKlSa_l1257_a
2282.08273 0.00223 0 0 1 0 1 0 4 0 1 0 1 A E 3 0 0 0 0 0 0 5 1 0 0 0 E A 3 14DeKlSa_l1258
-1989.42267 0.00223 0 1 0 1 0 1 12 6 0 1 1 A E 3 0 0 0 0 0 0 13 2 0 0 0 E A 3 14DeKlSa_l126_a
2282.22272 0.00223 0 0 0 2 0 0 6 4 0 0 0 E A 3 0 0 0 0 0 0 5 4 0 0 0 E A 3 14DeKlSa_l1260
2282.61121 0.00223 0 0 0 2 0 -2 9 5 0 2 2 E E 3 0 0 0 0 0 0 8 4 0 0 0 E A 3 14DeKlSa_l1261
2282.80414 0.00223 0 0 0 2 0 -2 6 2 0 2 2 E E 3 0 0 0 0 0 0 5 1 0 0 0 E A 3 14DeKlSa_l1262
2283.26711 0.00223 0 0 0 2 0 2 4 1 0 2 2 E E 3 0 0 0 0 0 0 3 2 0 0 0 E A 3 14DeKlSa_l1263
2283.30927 0.00223 0 0 1 0 -1 0 4 1 1 0 1 E E 3 0 0 0 0 0 0 5 2 0 0 0 E A 3 14DeKlSa_l1264
-2283.69377 0.00223 1 0 0 0 0 0 4 1 0 0 0 E A 3 0 0 0 0 0 0 5 4 0 0 0 E A 3 14DeKlSa_l1265_a
-2284.21627 0.00223 0 0 0 2 0 0 7 4 0 0 0 E A 3 0 0 0 0 0 0 6 1 0 0 0 E A 3 14DeKlSa_l1266_a
2284.41594 0.00223 0 0 0 2 0 0 6 3 0 0 0 A A 1 0 0 0 0 0 0 5 3 0 0 0 A A 2 14DeKlSa_l1268
-2284.51046 0.00223 0 0 0 2 0 -2 7 4 0 2 2 E E 2 0 0 0 0 0 0 6 6 0 0 0 A A 1 14DeKlSa_l1269_a
-2284.51046 0.00223 0 0 0 2 0 -2 7 4 0 2 2 E E 1 0 0 0 0 0 0 6 6 0 0 0 A A 2 14DeKlSa_l1270_a
2284.54638 0.00223 0 0 0 2 0 0 6 3 0 0 0 A A 2 0 0 0 0 0 0 5 3 0 0 0 A A 1 14DeKlSa_l1271
2284.58819 0.00223 0 0 1 0 -1 0 4 2 1 0 1 E E 2 0 0 0 0 0 0 5 3 0 0 0 A A 1 14DeKlSa_l1272
2284.61872 0.00223 0 0 1 0 -1 0 4 2 1 0 1 E E 1 0 0 0 0 0 0 5 3 0 0 0 A A 2 14DeKlSa_l1273
2284.98211 0.00223 1 0 0 0 0 0 3 0 0 0 0 A A 2 0 0 0 0 0 0 4 0 0 0 0 A A 1 14DeKlSa_l1275
2284.99057 0.00223 1 0 0 0 0 0 3 1 0 0 0 E A 3 0 0 0 0 0 0 4 1 0 0 0 E A 3 14DeKlSa_l1276
2285.01961 0.00223 1 0 0 0 0 0 3 2 0 0 0 E A 3 0 0 0 0 0 0 4 2 0 0 0 E A 3 14DeKlSa_l1277
2285.07182 0.00223 1 0 0 0 0 0 3 3 0 0 0 A A 1 0 0 0 0 0 0 4 3 0 0 0 A A 2 14DeKlSa_l1278
2285.07182 0.00223 1 0 0 0 0 0 3 3 0 0 0 A A 2 0 0 0 0 0 0 4 3 0 0 0 A A 1 14DeKlSa_l1279
1989.88921 0.00223 0 1 0 1 0 -1 10 5 0 1 1 E E 1 0 0 0 0 0 0 11 6 0 0 0 A A 2 14DeKlSa_l128
2285.26034 0.00223 0 0 0 2 0 2 8 5 0 2 2 E E 2 0 0 0 0 0 0 8 6 0 0 0 A A 1 14DeKlSa_l1280
2285.65172 0.00223 0 0 0 2 0 2 8 5 0 2 2 E E 1 0 0 0 0 0 0 8 6 0 0 0 A A 2 14DeKlSa_l1282
2285.72671 0.00223 0 0 0 2 0 0 6 5 0 0 0 E A 3 0 0 0 0 0 0 5 5 0 0 0 E A 3 14DeKlSa_l1283
2285.97128 0.00223 0 0 1 0 -1 0 4 3 1 0 1 A E 3 0 0 0 0 0 0 5 4 0 0 0 E A 3 14DeKlSa_l1284
2285.98403 0.00223 0 0 0 2 0 0 6 2 0 0 0 E A 3 0 0 0 0 0 0 5 2 0 0 0 E A 3 14DeKlSa_l1285
-2286.07158 0.00223 0 0 0 2 0 2 4 2 0 2 2 E E 1 0 0 0 0 0 0 3 0 0 0 0 A A 2 14DeKlSa_l1286_a
2286.36379 0.00223 0 0 0 2 0 2 7 6 0 2 2 A E 3 0 0 0 0 0 0 7 7 0 0 0 E A 3 14DeKlSa_l1287
2286.86359 0.00223 0 0 0 2 0 0 6 1 0 0 0 E A 3 0 0 0 0 0 0 5 1 0 0 0 E A 3 14DeKlSa_l1288
2286.918 0.00223 1 0 0 0 0 0 4 2 0 0 0 E A 3 0 0 0 0 0 0 5 5 0 0 0 E A 3 14DeKlSa_l1289
1989.88921 0.00223 0 1 0 1 0 -1 10 5 0 1 1 E E 2 0 0 0 0 0 0 11 6 0 0 0 A A 1 14DeKlSa_l129
2287.04014 0.00223 0 0 0 2 0 0 6 0 0 0 0 A A 1 0 0 0 0 0 0 5 0 0 0 0 A A 2 14DeKlSa_l1290
2287.43042 0.00223 0 0 1 0 -1 0 4 4 1 0 1 E E 3 0 0 0 0 0 0 5 5 0 0 0 E A 3 14DeKlSa_l1291
-2287.86831 0.00223 0 0 0 2 0 0 7 5 0 0 0 E A 3 0 0 0 0 0 0 6 2 0 0 0 E A 3 14DeKlSa_l1292_a
2287.94155 0.00223 0 0 1 0 1 0 3 3 1 0 1 A E 3 0 0 0 0 0 0 4 2 0 0 0 E A 3 14DeKlSa_l1293
-2288.45846 0.00223 0 0 0 2 0 2 5 0 0 2 2 A E 3 0 0 0 0 0 0 4 2 0 0 0 E A 3 14DeKlSa_l1296_a
-2288.87938 0.00223 0 0 0 2 0 -2 7 3 0 2 2 A E 3 0 0 0 0 0 0 6 5 0 0 0 E A 3 14DeKlSa_l1297_a
2289.00945 0.00223 0 0 1 0 1 0 3 2 1 0 1 E E 3 0 0 0 0 0 0 4 1 0 0 0 E A 3 14DeKlSa_l1298
2289.72168 0.00223 0 0 0 2 0 2 8 6 0 2 2 A E 3 0 0 0 0 0 0 8 7 0 0 0 E A 3 14DeKlSa_l1299
1947.94819 0.00223 0 1 0 1 0 -1 14 4 0 1 1 E E 3 0 0 0 0 0 0 15 5 0 0 0 E A 3 14DeKlSa_l13
2290.09148 0.00223 0 0 1 0 1 0 3 1 1 0 1 E E 2 0 0 0 0 0 0 4 0 0 0 0 A A 1 14DeKlSa_l1300
2290.65926 0.00223 0 0 0 2 0 -2 9 4 0 2 2 E E 2 0 0 0 0 0 0 8 3 0 0 0 A A 1 14DeKlSa_l1303
2290.65926 0.00223 0 0 0 2 0 -2 9 4 0 2 2 E E 1 0 0 0 0 0 0 8 3 0 0 0 A A 2 14DeKlSa_l1304
-2290.76391 0.00223 0 0 0 2 0 -2 6 2 0 2 2 E E 3 0 0 0 0 0 0 5 4 0 0 0 E A 3 14DeKlSa_l1305_a
2290.9911 0.00223 0 0 0 2 0 -2 6 1 0 2 2 E E 1 0 0 0 0 0 0 5 0 0 0 0 A A 2 14DeKlSa_l1306
2291.29594 0.00223 0 0 1 0 1 0 3 0 1 0 1 A E 3 0 0 0 0 0 0 4 1 0 0 0 E A 3 14DeKlSa_l1307
2292.14455 0.00223 0 0 0 2 0 0 7 4 0 0 0 E A 3 0 0 0 0 0 0 6 4 0 0 0 E A 3 14DeKlSa_l1308
2292.52702 0.00223 0 0 1 0 -1 0 3 1 1 0 1 E E 3 0 0 0 0 0 0 4 2 0 0 0 E A 3 14DeKlSa_l1309
1990.29329 0.00223 0 1 0 1 0 1 13 6 0 1 1 A E 3 0 0 0 0 0 0 14 5 0 0 0 E A 3 14DeKlSa_l131
-2292.86928 0.00223 0 0 0 2 0 2 5 1 0 2 2 E E 3 0 0 0 0 0 0 4 1 0 0 0 E A 3 14DeKlSa_l1310_a
-2292.97607 0.00223 1 0 0 0 0 0 3 1 0 0 0 E A 3 0 0 0 0 0 0 4 4 0 0 0 E A 3 14DeKlSa_l1311_a
-2293.51672 0.00223 0 0 0 2 0 0 8 6 0 0 0 A A 1 0 0 0 0 0 0 7 3 0 0 0 A A 2 14DeKlSa_l1312_a
-2293.51672 0.00223 0 0 0 2 0 0 8 6 0 0 0 A A 2 0 0 0 0 0 0 7 3 0 0 0 A A 1 14DeKlSa_l1313_a
2293.62593 0.00223 0 0 0 2 0 2 9 6 0 2 2 A E 3 0 0 0 0 0 0 9 7 0 0 0 E A 3 14DeKlSa_l1314
2293.81972 0.00223 0 0 1 0 -1 0 3 2 1 0 1 E E 1 0 0 0 0 0 0 4 3 0 0 0 A A 2 14DeKlSa_l1315
2293.83008 0.00223 0 0 1 0 -1 0 3 2 1 0 1 E E 2 0 0 0 0 0 0 4 3 0 0 0 A A 1 14DeKlSa_l1316
2294.14662 0.00223 1 0 0 0 0 0 2 0 0 0 0 A A 1 0 0 0 0 0 0 3 0 0 0 0 A A 2 14DeKlSa_l1317
2294.15622 0.00223 1 0 0 0 0 0 2 1 0 0 0 E A 3 0 0 0 0 0 0 3 1 0 0 0 E A 3 14DeKlSa_l1318
2294.16862 0.00223 0 0 0 2 0 0 7 6 0 0 0 A A 2 0 0 0 0 0 0 6 6 0 0 0 A A 1 14DeKlSa_l1319
1991.56308 0.00223 0 1 0 1 0 -1 10 4 0 1 1 E E 3 0 0 0 0 0 0 11 5 0 0 0 E A 3 14DeKlSa_l132
2294.16862 0.00223 0 0 0 2 0 0 7 6 0 0 0 A A 1 0 0 0 0 0 0 6 6 0 0 0 A A 2 14DeKlSa_l1320
2294.18582 0.00223 1 0 0 0 0 0 2 2 0 0 0 E A 3 0 0 0 0 0 0 3 2 0 0 0 E A 3 14DeKlSa_l1321
2294.37036 0.00223 0 0 0 2 0 0 7 3 0 0 0 A A 2 0 0 0 0 0 0 6 3 0 0 0 A A 1 14DeKlSa_l1322
2294.40721 0.00223 0 0 0 2 0 2 8 7 0 2 2 E E 3 0 0 0 0 0 0 8 8 0 0 0 E A 3 14DeKlSa_l1323
2294.46127 0.00223 0 0 0 2 0 2 5 1 0 2 2 E E 3 0 0 0 0 0 0 4 2 0 0 0 E A 3 14DeKlSa_l1324
2294.59564 0.00223 0 0 0 2 0 0 7 3 0 0 0 A A 1 0 0 0 0 0 0 6 3 0 0 0 A A 2 14DeKlSa_l1325
-2294.71443 0.00223 0 0 0 2 0 -2 8 4 0 2 2 E E 1 0 0 0 0 0 0 7 6 0 0 0 A A 2 14DeKlSa_l1326_a
-2294.71443 0.00223 0 0 0 2 0 -2 8 4 0 2 2 E E 2 0 0 0 0 0 0 7 6 0 0 0 A A 1 14DeKlSa_l1327_a
2295.19476 0.00223 0 0 1 0 -1 0 3 3 1 0 1 A E 3 0 0 0 0 0 0 4 4 0 0 0 E A 3 14DeKlSa_l1328
-2295.75683 0.00223 0 0 0 2 0 -2 6 1 0 2 2 E E 1 0 0 0 0 0 0 5 3 0 0 0 A A 2 14DeKlSa_l1330_a
-2295.79456 0.00223 0 0 0 2 0 -2 6 1 0 2 2 E E 2 0 0 0 0 0 0 5 3 0 0 0 A A 1 14DeKlSa_l1331_a
2296.05537 0.00223 0 0 0 2 0 0 7 2 0 0 0 E A 3 0 0 0 0 0 0 6 2 0 0 0 E A 3 14DeKlSa_l1332
2297.1221 0.00223 0 0 0 2 0 0 7 1 0 0 0 E A 3 0 0 0 0 0 0 6 1 0 0 0 E A 3 14DeKlSa_l1334
2297.16509 0.00223 0 0 0 2 0 0 7 0 0 0 0 A A 2 0 0 0 0 0 0 6 0 0 0 0 A A 1 14DeKlSa_l1335
-2297.59741 0.00223 0 0 0 2 0 2 5 2 0 2 2 E E 2 0 0 0 0 0 0 4 0 0 0 0 A A 1 14DeKlSa_l1336_a
2298.08452 0.00223 0 0 0 2 0 2 10 6 0 2 2 A E 3 0 0 0 0 0 0 10 7 0 0 0 E A 3 14DeKlSa_l1337
2298.14543 0.00223 0 0 1 0 1 0 2 2 1 0 1 E E 3 0 0 0 0 0 0 3 1 0 0 0 E A 3 14DeKlSa_l1338
2298.1603 0.00223 0 0 0 2 0 2 9 7 0 2 2 E E 3 0 0 0 0 0 0 9 8 0 0 0 E A 3 14DeKlSa_l1339
2298.76823 0.00223 0 0 0 2 0 2 6 0 0 2 2 A E 3 0 0 0 0 0 0 5 1 0 0 0 E A 3 14DeKlSa_l1341
-2298.84922 0.00223 0 0 0 2 0 -2 8 3 0 2 2 A E 3 0 0 0 0 0 0 7 5 0 0 0 E A 3 14DeKlSa_l1342_a
2299.00428 0.00223 0 0 0 2 0 0 7 5 0 0 0 E A 3 0 0 0 0 0 0 6 5 0 0 0 E A 3 14DeKlSa_l1343
2299.24817 0.00223 0 0 1 0 1 0 2 1 1 0 1 E E 1 0 0 0 0 0 0 3 0 0 0 0 A A 2 14DeKlSa_l1344
2299.5108 0.00223 0 0 0 2 0 0 8 3 0 0 0 A A 1 0 0 0 0 0 0 7 0 0 0 0 A A 2 14DeKlSa_l1345
2300.02301 0.00223 0 0 0 2 0 2 11 5 0 2 2 E E 1 0 0 0 0 0 0 11 6 0 0 0 A A 2 14DeKlSa_l1346
-2300.10794 0.00223 0 0 0 2 0 -2 9 5 0 2 2 E E 3 0 0 0 0 0 0 8 7 0 0 0 E A 3 14DeKlSa_l1347_a
-2300.35546 0.00223 0 0 0 2 0 2 6 0 0 2 2 A E 3 0 0 0 0 0 0 5 2 0 0 0 E A 3 14DeKlSa_l1348_a
2300.43902 0.00223 0 0 1 0 1 0 2 0 1 0 1 A E 3 0 0 0 0 0 0 3 1 0 0 0 E A 3 14DeKlSa_l1349
1993.02033 0.00223 0 1 0 1 0 1 13 7 0 1 1 E E 2 0 0 0 0 0 0 14 6 0 0 0 A A 1 14DeKlSa_l135
2300.4589 0.00223 0 0 0 2 0 2 5 3 0 2 2 A E 3 0 0 0 0 0 0 4 1 0 0 0 E A 3 14DeKlSa_l1350
2300.99004 0.00223 0 0 0 2 0 2 5 2 0 2 2 E E 1 0 0 0 0 0 0 4 3 0 0 0 A A 2 14DeKlSa_l1351
-2301.36166 0.00223 0 0 0 2 0 0 8 5 0 0 0 E A 3 0 0 0 0 0 0 7 2 0 0 0 E A 3 14DeKlSa_l1352_a
2301.67392 0.00223 0 0 1 0 -1 0 2 1 1 0 1 E E 3 0 0 0 0 0 0 3 2 0 0 0 E A 3 14DeKlSa_l1353
2302.04656 0.00223 0 0 0 2 0 0 8 4 0 0 0 E A 3 0 0 0 0 0 0 7 4 0 0 0 E A 3 14DeKlSa_l1354
2302.38029 0.00223 0 0 0 2 0 2 10 7 0 2 2 E E 3 0 0 0 0 0 0 10 8 0 0 0 E A 3 14DeKlSa_l1355
2302.90481 0.00223 0 0 0 2 0 0 8 7 0 0 0 E A 3 0 0 0 0 0 0 7 7 0 0 0 E A 3 14DeKlSa_l1356
2303.0439 0.00223 0 0 0 2 0 2 11 6 0 2 2 A E 3 0 0 0 0 0 0 11 7 0 0 0 E A 3 14DeKlSa_l1357
2303.2245 0.00223 1 0 0 0 0 0 1 0 0 0 0 A A 2 0 0 0 0 0 0 2 0 0 0 0 A A 1 14DeKlSa_l1358
2303.23423 0.00223 1 0 0 0 0 0 1 1 0 0 0 E A 3 0 0 0 0 0 0 2 1 0 0 0 E A 3 14DeKlSa_l1359
1993.11083 0.00223 0 1 0 1 0 1 13 7 0 1 1 E E 1 0 0 0 0 0 0 14 6 0 0 0 A A 2 14DeKlSa_l136
2303.64991 0.00223 0 0 0 2 0 -2 7 1 0 2 2 E E 2 0 0 0 0 0 0 6 0 0 0 0 A A 1 14DeKlSa_l1361
2308.32475 0.00223 0 0 1 0 1 0 1 1 1 0 1 E E 2 0 0 0 0 0 0 2 0 0 0 0 A A 1 14DeKlSa_l1362
-2308.39721 0.00223 0 0 0 2 0 -2 7 1 0 2 2 E E 2 0 0 0 0 0 0 6 3 0 0 0 A A 1 14DeKlSa_l1363_a
2316.36999 0.00223 1 0 0 0 0 0 11 9 0 0 0 A A 2 0 0 0 0 0 0 11 9 0 0 0 A A 1 14DeKlSa_l1365
2316.36999 0.00223 1 0 0 0 0 0 11 9 0 0 0 A A 1 0 0 0 0 0 0 11 9 0 0 0 A A 2 14DeKlSa_l1366
2316.90611 0.00223 0 0 1 0 1 0 13 4 1 0 1 E E 1 0 0 0 0 0 0 13 3 0 0 0 A A 2 14DeKlSa_l1369
1993.31146 0.00223 0 1 0 1 0 -1 10 3 0 1 1 A E 3 0 0 0 0 0 0 11 4 0 0 0 E A 3 14DeKlSa_l137
-2316.92963 0.00223 1 0 0 0 0 0 10 1 0 0 0 E A 3 0 0 0 0 0 0 10 2 0 0 0 E A 3 14DeKlSa_l1370_a
2316.99899 0.00223 0 0 0 2 0 0 9 0 0 0 0 A A 2 0 0 0 0 0 0 8 0 0 0 0 A A 1 14DeKlSa_l1371
2317.01884 0.00223 0 0 1 0 1 0 12 5 1 0 1 E E 3 0 0 0 0 0 0 12 4 0 0 0 E A 3 14DeKlSa_l1372
2317.2645 0.00223 1 0 0 0 0 0 10 7 0 0 0 E A 3 0 0 0 0 0 0 10 7 0 0 0 E A 3 14DeKlSa_l1373
2317.62807 0.00223 0 0 1 0 1 0 12 4 1 0 1 E E 2 0 0 0 0 0 0 12 3 0 0 0 A A 1 14DeKlSa_l1374
2317.83554 0.00223 0 0 1 0 1 0 10 6 1 0 1 A E 3 0 0 0 0 0 0 10 5 0 0 0 E A 3 14DeKlSa_l1375
2317.86052 0.00223 1 0 0 0 0 0 9 8 0 0 0 E A 3 0 0 0 0 0 0 9 8 0 0 0 E A 3 14DeKlSa_l1376
2317.87686 0.00223 1 0 0 0 0 0 9 9 0 0 0 A A 1 0 0 0 0 0 0 9 9 0 0 0 A A 2 14DeKlSa_l1377
2317.87686 0.00223 1 0 0 0 0 0 9 9 0 0 0 A A 2 0 0 0 0 0 0 9 9 0 0 0 A A 1 14DeKlSa_l1378
2317.91406 0.00223 1 0 0 0 0 0 9 7 0 0 0 E A 3 0 0 0 0 0 0 9 7 0 0 0 E A 3 14DeKlSa_l1379
2318.0575 0.00223 1 0 0 0 0 0 9 1 0 0 0 E A 3 0 0 0 0 0 0 9 2 0 0 0 E A 3 14DeKlSa_l1380
2318.08137 0.00223 1 0 0 0 0 0 9 6 0 0 0 A A 1 0 0 0 0 0 0 9 6 0 0 0 A A 2 14DeKlSa_l1381
2318.08137 0.00223 1 0 0 0 0 0 9 6 0 0 0 A A 2 0 0 0 0 0 0 9 6 0 0 0 A A 1 14DeKlSa_l1382
2318.36385 0.00223 0 0 1 0 1 0 10 5 1 0 1 E E 3 0 0 0 0 0 0 10 4 0 0 0 E A 3 14DeKlSa_l1383
2318.42568 0.00223 0 0 1 0 1 0 9 6 1 0 1 A E 3 0 0 0 0 0 0 9 5 0 0 0 E A 3 14DeKlSa_l1384
2318.49498 0.00223 0 0 1 0 1 0 0 0 1 0 1 A E 3 0 0 0 0 0 0 1 1 0 0 0 E A 3 14DeKlSa_l1385
2318.63969 0.00223 1 0 0 0 0 0 8 6 0 0 0 A A 2 0 0 0 0 0 0 8 6 0 0 0 A A 1 14DeKlSa_l1386
2318.63969 0.00223 1 0 0 0 0 0 8 6 0 0 0 A A 1 0 0 0 0 0 0 8 6 0 0 0 A A 2 14DeKlSa_l1387
-2318.87985 0.00223 1 0 0 0 0 0 11 0 0 0 0 A A 2 0 0 0 0 0 0 11 3 0 0 0 A A 1 14DeKlSa_l1388_a
2318.96091 0.00223 0 0 1 0 1 0 8 6 1 0 1 A E 3 0 0 0 0 0 0 8 5 0 0 0 E A 3 14DeKlSa_l1389
2318.97912 0.00223 0 0 1 0 1 0 9 5 1 0 1 E E 3 0 0 0 0 0 0 9 4 0 0 0 E A 3 14DeKlSa_l1390
2319.02978 0.00223 0 0 1 0 1 0 10 4 1 0 1 E E 1 0 0 0 0 0 0 10 3 0 0 0 A A 2 14DeKlSa_l1391
2319.05147 0.00223 0 0 1 0 1 0 10 4 1 0 1 E E 2 0 0 0 0 0 0 10 3 0 0 0 A A 1 14DeKlSa_l1392
2319.1025 0.00223 0 0 1 0 1 0 11 3 1 0 1 A E 3 0 0 0 0 0 0 11 2 0 0 0 E A 3 14DeKlSa_l1393
2319.14368 0.00223 1 0 0 0 0 0 7 6 0 0 0 A A 1 0 0 0 0 0 0 7 6 0 0 0 A A 2 14DeKlSa_l1394
2319.14368 0.00223 1 0 0 0 0 0 7 6 0 0 0 A A 2 0 0 0 0 0 0 7 6 0 0 0 A A 1 14DeKlSa_l1395
2319.43029 0.00223 0 0 1 0 1 0 7 6 1 0 1 A E 3 0 0 0 0 0 0 7 5 0 0 0 E A 3 14DeKlSa_l1396
2319.54424 0.00223 0 0 1 0 1 0 8 5 1 0 1 E E 3 0 0 0 0 0 0 8 4 0 0 0 E A 3 14DeKlSa_l1397
2319.58773 0.00223 1 0 0 0 0 0 6 6 0 0 0 A A 2 0 0 0 0 0 0 6 6 0 0 0 A A 1 14DeKlSa_l1398
2319.58773 0.00223 1 0 0 0 0 0 6 6 0 0 0 A A 1 0 0 0 0 0 0 6 6 0 0 0 A A 2 14DeKlSa_l1399
-1949.3635 0.00223 0 1 0 1 0 -1 13 13 0 1 1 E E 3 0 0 0 0 0 0 14 14 0 0 0 E A 3 14DeKlSa_l14
2319.6692 0.00223 1 0 0 0 0 0 5 2 0 0 0 E A 3 0 0 0 0 0 0 5 2 0 0 0 E A 3 14DeKlSa_l1400
2319.74176 0.00223 0 0 1 0 1 0 13 1 1 0 1 E E 1 0 0 0 0 0 0 13 0 0 0 0 A A 2 14DeKlSa_l1401
-2319.77825 0.00223 0 0 1 0 -1 0 11 3 1 0 1 A E 3 0 0 0 0 0 0 11 2 0 0 0 E A 3 14DeKlSa_l1402_a
2319.81586 0.00223 1 0 0 0 0 0 6 5 0 0 0 E A 3 0 0 0 0 0 0 6 5 0 0 0 E A 3 14DeKlSa_l1403
2319.82907 0.00223 1 0 0 0 0 0 5 4 0 0 0 E A 3 0 0 0 0 0 0 5 4 0 0 0 E A 3 14DeKlSa_l1404
2319.8554 0.00223 0 0 1 0 1 0 10 3 1 0 1 A E 3 0 0 0 0 0 0 10 2 0 0 0 E A 3 14DeKlSa_l1405
2320.01859 0.00223 1 0 0 0 0 0 5 5 0 0 0 E A 3 0 0 0 0 0 0 5 5 0 0 0 E A 3 14DeKlSa_l1406
2320.0535 0.00223 0 0 1 0 1 0 7 5 1 0 1 E E 3 0 0 0 0 0 0 7 4 0 0 0 E A 3 14DeKlSa_l1407
-2320.09769 0.00223 1 0 0 0 0 0 10 0 0 0 0 A A 1 0 0 0 0 0 0 10 3 0 0 0 A A 2 14DeKlSa_l1408_a
2320.19454 0.00223 1 0 0 0 0 0 4 1 0 0 0 E A 3 0 0 0 0 0 0 4 1 0 0 0 E A 3 14DeKlSa_l1409
1994.95165 0.00223 0 1 0 1 0 -1 10 2 0 1 1 E E 2 0 0 0 0 0 0 11 3 0 0 0 A A 1 14DeKlSa_l141
2320.20473 0.00223 1 0 0 0 0 0 4 2 0 0 0 E A 3 0 0 0 0 0 0 4 2 0 0 0 E A 3 14DeKlSa_l1410
2320.28103 0.00223 1 0 0 0 0 0 4 3 0 0 0 A A 1 0 0 0 0 0 0 4 3 0 0 0 A A 2 14DeKlSa_l1411
2320.28103 0.00223 1 0 0 0 0 0 4 3 0 0 0 A A 2 0 0 0 0 0 0 4 3 0 0 0 A A 1 14DeKlSa_l1412
2320.37935 0.00223 1 0 0 0 0 0 4 4 0 0 0 E A 3 0 0 0 0 0 0 4 4 0 0 0 E A 3 14DeKlSa_l1413
2320.50181 0.00223 0 0 1 0 1 0 6 5 1 0 1 E E 3 0 0 0 0 0 0 6 4 0 0 0 E A 3 14DeKlSa_l1414
2320.61077 0.00223 1 0 0 0 0 0 3 2 0 0 0 E A 3 0 0 0 0 0 0 3 2 0 0 0 E A 3 14DeKlSa_l1415
2320.74567 0.00223 0 0 1 0 1 0 10 2 1 0 1 E E 3 0 0 0 0 0 0 10 1 0 0 0 E A 3 14DeKlSa_l1416
2320.85764 0.00223 1 0 0 0 0 0 2 1 0 0 0 E A 3 0 0 0 0 0 0 2 1 0 0 0 E A 3 14DeKlSa_l1417
2321.21438 0.00223 0 0 1 0 1 0 8 3 1 0 1 A E 3 0 0 0 0 0 0 8 2 0 0 0 E A 3 14DeKlSa_l1418
2321.35591 0.00223 0 0 1 0 1 0 11 1 1 0 1 E E 1 0 0 0 0 0 0 11 0 0 0 0 A A 2 14DeKlSa_l1419
1995.10098 0.00223 0 1 0 1 0 -1 9 9 0 1 1 A E 3 0 0 0 0 0 0 10 10 0 0 0 E A 3 14DeKlSa_l142
2321.49664 0.00223 0 0 1 0 1 0 9 2 1 0 1 E E 3 0 0 0 0 0 0 9 1 0 0 0 E A 3 14DeKlSa_l1420
2321.60012 0.00223 0 0 0 2 0 0 9 6 0 0 0 A A 2 0 0 0 0 0 0 8 6 0 0 0 A A 1 14DeKlSa_l1421
2321.81154 0.00223 0 0 1 0 1 0 7 3 1 0 1 A E 3 0 0 0 0 0 0 7 2 0 0 0 E A 3 14DeKlSa_l1422
2321.82521 0.00223 0 0 1 0 1 0 5 4 1 0 1 E E 2 0 0 0 0 0 0 5 3 0 0 0 A A 1 14DeKlSa_l1423
2321.82521 0.00223 0 0 1 0 1 0 5 4 1 0 1 E E 1 0 0 0 0 0 0 5 3 0 0 0 A A 2 14DeKlSa_l1424
2322.1108 0.00223 0 0 1 0 1 0 10 1 1 0 1 E E 2 0 0 0 0 0 0 10 0 0 0 0 A A 1 14DeKlSa_l1425
2322.18671 0.00223 0 0 1 0 1 0 8 2 1 0 1 E E 3 0 0 0 0 0 0 8 1 0 0 0 E A 3 14DeKlSa_l1426
-2322.22769 0.00223 1 0 0 0 0 0 8 0 0 0 0 A A 1 0 0 0 0 0 0 8 3 0 0 0 A A 2 14DeKlSa_l1427_a
2322.34677 0.00223 0 0 1 0 1 0 6 3 1 0 1 A E 3 0 0 0 0 0 0 6 2 0 0 0 E A 3 14DeKlSa_l1428
-2322.60713 0.00223 0 0 0 2 0 2 7 2 0 2 2 E E 2 0 0 0 0 0 0 6 0 0 0 0 A A 1 14DeKlSa_l1429_a
1995.19711 0.00223 0 1 0 1 0 -1 10 2 0 1 1 E E 1 0 0 0 0 0 0 11 3 0 0 0 A A 2 14DeKlSa_l143
2322.98438 0.00223 0 0 1 0 1 0 10 0 1 0 1 A E 3 0 0 0 0 0 0 10 1 0 0 0 E A 3 14DeKlSa_l1430
2323.03855 0.00223 0 0 1 0 -1 0 12 2 1 0 1 E E 2 0 0 0 0 0 0 12 3 0 0 0 A A 1 14DeKlSa_l1431
-2323.10044 0.00223 1 0 0 0 0 0 7 0 0 0 0 A A 2 0 0 0 0 0 0 7 3 0 0 0 A A 1 14DeKlSa_l1432_a
-2323.14213 0.00223 1 0 0 0 0 0 10 1 0 0 0 E A 3 0 0 0 0 0 0 10 4 0 0 0 E A 3 14DeKlSa_l1433_a
2323.21146 0.00223 0 0 1 0 1 0 4 3 1 0 1 A E 3 0 0 0 0 0 0 4 2 0 0 0 E A 3 14DeKlSa_l1434
2323.37034 0.00223 0 0 1 0 1 0 6 2 1 0 1 E E 3 0 0 0 0 0 0 6 1 0 0 0 E A 3 14DeKlSa_l1435
2323.42346 0.00223 0 0 1 0 -1 0 11 1 1 0 1 E E 3 0 0 0 0 0 0 11 2 0 0 0 E A 3 14DeKlSa_l1436
2323.46751 0.00223 0 0 1 0 1 0 8 1 1 0 1 E E 2 0 0 0 0 0 0 8 0 0 0 0 A A 1 14DeKlSa_l1437
2323.53287 0.00223 0 0 1 0 1 0 3 3 1 0 1 A E 3 0 0 0 0 0 0 3 2 0 0 0 E A 3 14DeKlSa_l1438
2324.05822 0.00223 0 0 1 0 1 0 7 1 1 0 1 E E 1 0 0 0 0 0 0 7 0 0 0 0 A A 2 14DeKlSa_l1439
1995.56034 0.00223 0 2 0 0 0 0 3 0 0 0 0 A A 2 0 0 0 0 0 0 2 0 0 0 0 A A 1 14DeKlSa_l144
2324.08716 0.00223 0 0 1 0 -1 0 11 2 1 0 1 E E 1 0 0 0 0 0 0 11 3 0 0 0 A A 2 14DeKlSa_l1440
2324.19958 0.00223 0 0 1 0 -1 0 10 1 1 0 1 E E 3 0 0 0 0 0 0 10 2 0 0 0 E A 3 14DeKlSa_l1441
2324.26554 0.00223 0 0 1 0 1 0 4 2 1 0 1 E E 3 0 0 0 0 0 0 4 1 0 0 0 E A 3 14DeKlSa_l1442
-2324.30957 0.00223 1 0 0 0 0 0 9 1 0 0 0 E A 3 0 0 0 0 0 0 9 4 0 0 0 E A 3 14DeKlSa_l1443_a
2324.42552 0.00223 0 0 1 0 1 0 8 0 1 0 1 A E 3 0 0 0 0 0 0 8 1 0 0 0 E A 3 14DeKlSa_l1444
2324.58475 0.00223 0 0 1 0 1 0 6 1 1 0 1 E E 2 0 0 0 0 0 0 6 0 0 0 0 A A 1 14DeKlSa_l1445
2324.5966 0.00223 0 0 1 0 1 0 3 2 1 0 1 E E 3 0 0 0 0 0 0 3 1 0 0 0 E A 3 14DeKlSa_l1446
2324.84678 0.00223 0 0 1 0 1 0 2 2 1 0 1 E E 3 0 0 0 0 0 0 2 1 0 0 0 E A 3 14DeKlSa_l1447
2324.92383 0.00223 0 0 1 0 -1 0 12 2 1 0 1 E E 1 0 0 0 0 0 0 12 3 0 0 0 A A 2 14DeKlSa_l1448
2324.94299 0.00223 0 0 1 0 -1 0 9 1 1 0 1 E E 3 0 0 0 0 0 0 9 2 0 0 0 E A 3 14DeKlSa_l1449
1995.9153 0.00223 0 2 0 0 0 0 3 1 0 0 0 E A 3 0 0 0 0 0 0 2 1 0 0 0 E A 3 14DeKlSa_l145
2325.04348 0.00223 0 0 1 0 1 0 5 1 1 0 1 E E 1 0 0 0 0 0 0 5 0 0 0 0 A A 2 14DeKlSa_l1450
2325.3212 0.00223 0 0 0 2 0 0 10 2 0 0 0 E A 3 0 0 0 0 0 0 9 2 0 0 0 E A 3 14DeKlSa_l1451
-2325.34651 0.00223 1 0 0 0 0 0 8 1 0 0 0 E A 3 0 0 0 0 0 0 8 4 0 0 0 E A 3 14DeKlSa_l1452_a
2325.43108 0.00223 0 0 1 0 1 0 4 1 1 0 1 E E 2 0 0 0 0 0 0 4 0 0 0 0 A A 1 14DeKlSa_l1453
-2325.60957 0.00223 0 0 1 0 -1 0 11 2 1 0 1 E E 2 0 0 0 0 0 0 11 3 0 0 0 A A 1 14DeKlSa_l1454
2325.62756 0.00223 0 0 1 0 1 0 6 0 1 0 1 A E 3 0 0 0 0 0 0 6 1 0 0 0 E A 3 14DeKlSa_l1455
2325.63923 0.00223 0 0 1 0 -1 0 8 1 1 0 1 E E 3 0 0 0 0 0 0 8 2 0 0 0 E A 3 14DeKlSa_l1456
2325.6676 0.00223 0 0 1 0 1 0 10 1 1 0 1 E E 1 0 0 0 0 0 0 10 3 0 0 0 A A 2 14DeKlSa_l1457
2325.74474 0.00223 0 0 1 0 1 0 3 1 1 0 1 E E 1 0 0 0 0 0 0 3 0 0 0 0 A A 2 14DeKlSa_l1458
2325.98211 0.00223 0 0 1 0 1 0 2 1 1 0 1 E E 2 0 0 0 0 0 0 2 0 0 0 0 A A 1 14DeKlSa_l1459
1996.02263 0.00223 0 1 0 1 0 1 12 4 0 1 1 E E 2 0 0 0 0 0 0 13 3 0 0 0 A A 1 14DeKlSa_l146
-2326.07612 0.00223 1 0 0 0 0 0 10 2 0 0 0 E A 3 0 0 0 0 0 0 10 5 0 0 0 E A 3 14DeKlSa_l1460_a
2326.12354 0.00223 0 0 1 0 1 0 5 0 1 0 1 A E 3 0 0 0 0 0 0 5 1 0 0 0 E A 3 14DeKlSa_l1461
2326.14136 0.00223 0 0 1 0 1 0 1 1 1 0 1 E E 1 0 0 0 0 0 0 1 0 0 0 0 A A 2 14DeKlSa_l1462
2326.27773 0.00223 0 0 1 0 -1 0 7 1 1 0 1 E E 3 0 0 0 0 0 0 7 2 0 0 0 E A 3 14DeKlSa_l1463
-2326.32491 0.00223 0 0 1 0 -1 0 10 2 1 0 1 E E 1 0 0 0 0 0 0 10 3 0 0 0 A A 2 14DeKlSa_l1464
2326.40579 0.00223 0 0 0 2 0 0 10 1 0 0 0 E A 3 0 0 0 0 0 0 9 1 0 0 0 E A 3 14DeKlSa_l1465
2326.42811 0.00223 0 0 1 0 -1 0 9 2 1 0 1 E E 2 0 0 0 0 0 0 9 3 0 0 0 A A 1 14DeKlSa_l1466
2326.54319 0.00223 0 0 1 0 1 0 4 0 1 0 1 A E 3 0 0 0 0 0 0 4 1 0 0 0 E A 3 14DeKlSa_l1467
2326.74538 0.00223 0 0 1 0 -1 0 8 2 1 0 1 E E 2 0 0 0 0 0 0 8 3 0 0 0 A A 1 14DeKlSa_l1468
2326.82086 0.00223 0 0 1 0 -1 0 10 3 1 0 1 A E 3 0 0 0 0 0 0 10 4 0 0 0 E A 3 14DeKlSa_l1469
1996.1543 0.00223 0 1 0 1 0 1 13 8 0 1 1 E E 3 0 0 0 0 0 0 14 7 0 0 0 E A 3 14DeKlSa_l147
2326.85031 0.00223 0 0 1 0 -1 0 6 1 1 0 1 E E 3 0 0 0 0 0 0 6 2 0 0 0 E A 3 14DeKlSa_l1470
2326.88305 0.00223 0 0 1 0 1 0 3 0 1 0 1 A E 3 0 0 0 0 0 0 3 1 0 0 0 E A 3 14DeKlSa_l1471
-2327.01857 0.00223 1 0 0 0 0 0 6 1 0 0 0 E A 3 0 0 0 0 0 0 6 4 0 0 0 E A 3 14DeKlSa_l1472_a
2327.09269 0.00223 0 0 1 0 -1 0 8 2 1 0 1 E E 1 0 0 0 0 0 0 8 3 0 0 0 A A 2 14DeKlSa_l1473
2327.14039 0.00223 0 0 1 0 1 0 2 0 1 0 1 A E 3 0 0 0 0 0 0 2 1 0 0 0 E A 3 14DeKlSa_l1474
-2327.27836 0.00223 1 0 0 0 0 0 9 2 0 0 0 E A 3 0 0 0 0 0 0 9 5 0 0 0 E A 3 14DeKlSa_l1475_a
2327.31299 0.00223 0 0 1 0 1 0 1 0 1 0 1 A E 3 0 0 0 0 0 0 1 1 0 0 0 E A 3 14DeKlSa_l1476
2327.35095 0.00223 0 0 1 0 -1 0 5 1 1 0 1 E E 3 0 0 0 0 0 0 5 2 0 0 0 E A 3 14DeKlSa_l1477
2327.45848 0.00223 0 0 1 0 -1 0 7 2 1 0 1 E E 1 0 0 0 0 0 0 7 3 0 0 0 A A 2 14DeKlSa_l1478
-2327.66051 0.00223 1 0 0 0 0 0 5 1 0 0 0 E A 3 0 0 0 0 0 0 5 4 0 0 0 E A 3 14DeKlSa_l1479_a
1996.16776 0.00223 0 1 0 1 0 -1 9 8 0 1 1 E E 1 0 0 0 0 0 0 10 9 0 0 0 A A 2 14DeKlSa_l148
2327.68467 0.00223 0 0 1 0 -1 0 7 2 1 0 1 E E 2 0 0 0 0 0 0 7 3 0 0 0 A A 1 14DeKlSa_l1480
2327.77484 0.00223 0 0 1 0 -1 0 4 1 1 0 1 E E 3 0 0 0 0 0 0 4 2 0 0 0 E A 3 14DeKlSa_l1481
2328.08266 0.00223 0 0 1 0 -1 0 6 2 1 0 1 E E 2 0 0 0 0 0 0 6 3 0 0 0 A A 1 14DeKlSa_l1482
2328.11823 0.00223 0 0 1 0 -1 0 3 1 1 0 1 E E 3 0 0 0 0 0 0 3 2 0 0 0 E A 3 14DeKlSa_l1483
2328.21567 0.00223 0 0 1 0 -1 0 6 2 1 0 1 E E 1 0 0 0 0 0 0 6 3 0 0 0 A A 2 14DeKlSa_l1484
2328.33224 0.00223 0 0 1 0 -1 0 8 3 1 0 1 A E 3 0 0 0 0 0 0 8 4 0 0 0 E A 3 14DeKlSa_l1485
-2328.35801 0.00223 1 0 0 0 0 0 8 2 0 0 0 E A 3 0 0 0 0 0 0 8 5 0 0 0 E A 3 14DeKlSa_l1486_a
2328.3784 0.00223 0 0 1 0 -1 0 2 1 1 0 1 E E 3 0 0 0 0 0 0 2 2 0 0 0 E A 3 14DeKlSa_l1487
2328.61733 0.00223 0 0 1 0 -1 0 5 2 1 0 1 E E 1 0 0 0 0 0 0 5 3 0 0 0 A A 2 14DeKlSa_l1488
2328.68647 0.00223 0 0 1 0 -1 0 5 2 1 0 1 E E 2 0 0 0 0 0 0 5 3 0 0 0 A A 1 14DeKlSa_l1489
1996.16776 0.00223 0 1 0 1 0 -1 9 8 0 1 1 E E 2 0 0 0 0 0 0 10 9 0 0 0 A A 1 14DeKlSa_l149
2328.69383 0.00223 0 0 1 0 -1 0 10 5 1 0 1 E E 2 0 0 0 0 0 0 10 6 0 0 0 A A 1 14DeKlSa_l1490
2328.97255 0.00223 0 0 1 0 -1 0 7 3 1 0 1 A E 3 0 0 0 0 0 0 7 4 0 0 0 E A 3 14DeKlSa_l1491
2329.06235 0.00223 0 0 1 0 -1 0 4 2 1 0 1 E E 2 0 0 0 0 0 0 4 3 0 0 0 A A 1 14DeKlSa_l1492
2329.09277 0.00223 0 0 1 0 -1 0 4 2 1 0 1 E E 1 0 0 0 0 0 0 4 3 0 0 0 A A 2 14DeKlSa_l1493
2329.25748 0.00223 0 0 1 0 -1 0 9 4 1 0 1 E E 3 0 0 0 0 0 0 9 5 0 0 0 E A 3 14DeKlSa_l1494
-2329.31391 0.00223 1 0 0 0 0 0 7 2 0 0 0 E A 3 0 0 0 0 0 0 7 5 0 0 0 E A 3 14DeKlSa_l1495_a
2329.4179 0.00223 0 0 1 0 -1 0 3 2 1 0 1 E E 1 0 0 0 0 0 0 3 3 0 0 0 A A 2 14DeKlSa_l1496
2329.53992 0.00223 0 0 1 0 -1 0 6 3 1 0 1 A E 3 0 0 0 0 0 0 6 4 0 0 0 E A 3 14DeKlSa_l1497
2329.93432 0.00223 1 0 0 0 0 0 1 0 0 0 0 A A 2 0 0 0 0 0 0 0 0 0 0 0 A A 1 14DeKlSa_l1499
1950.63443 0.00223 0 1 0 1 0 -1 13 11 0 1 1 E E 1 0 0 0 0 0 0 14 12 0 0 0 A A 2 14DeKlSa_l15
1996.72761 0.00223 0 1 0 1 0 -1 10 1 0 1 1 E E 3 0 0 0 0 0 0 11 2 0 0 0 E A 3 14DeKlSa_l150
2329.9509 0.00223 0 0 1 0 -1 0 8 4 1 0 1 E E 3 0 0 0 0 0 0 8 5 0 0 0 E A 3 14DeKlSa_l1500
-2330.14472 0.00223 1 0 0 0 0 0 6 2 0 0 0 E A 3 0 0 0 0 0 0 6 5 0 0 0 E A 3 14DeKlSa_l1501_a
2330.45743 0.00223 0 0 1 0 -1 0 4 3 1 0 1 A E 3 0 0 0 0 0 0 4 4 0 0 0 E A 3 14DeKlSa_l1502
2330.56159 0.00223 0 0 1 0 -1 0 7 4 1 0 1 E E 3 0 0 0 0 0 0 7 5 0 0 0 E A 3 14DeKlSa_l1503
2330.82816 0.00223 0 0 1 0 -1 0 8 5 1 0 1 E E 1 0 0 0 0 0 0 8 6 0 0 0 A A 2 14DeKlSa_l1504
2330.82816 0.00223 0 0 1 0 -1 0 8 5 1 0 1 E E 2 0 0 0 0 0 0 8 6 0 0 0 A A 1 14DeKlSa_l1505
2330.91709 0.00223 0 0 0 2 0 0 10 7 0 0 0 E A 3 0 0 0 0 0 0 9 7 0 0 0 E A 3 14DeKlSa_l1506
2331.09061 0.00223 0 0 1 0 -1 0 6 4 1 0 1 E E 3 0 0 0 0 0 0 6 5 0 0 0 E A 3 14DeKlSa_l1507
2331.54493 0.00223 0 0 1 0 -1 0 5 4 1 0 1 E E 3 0 0 0 0 0 0 5 5 0 0 0 E A 3 14DeKlSa_l1508
2331.68409 0.00223 0 0 1 0 -1 0 7 5 1 0 1 E E 2 0 0 0 0 0 0 7 6 0 0 0 A A 1 14DeKlSa_l1509
1996.9854 0.00223 0 2 0 0 0 0 3 2 0 0 0 E A 3 0 0 0 0 0 0 2 2 0 0 0 E A 3 14DeKlSa_l151
2331.68409 0.00223 0 0 1 0 -1 0 7 5 1 0 1 E E 1 0 0 0 0 0 0 7 6 0 0 0 A A 2 14DeKlSa_l1510
-2331.83108 0.00223 0 0 1 0 -1 0 9 6 1 0 1 A E 3 0 0 0 0 0 0 9 7 0 0 0 E A 3 14DeKlSa_l1511
2331.88992 0.00223 0 0 1 0 -1 0 11 7 1 0 1 E E 3 0 0 0 0 0 0 11 8 0 0 0 E A 3 14DeKlSa_l1512
2332.39979 0.00223 0 0 1 0 -1 0 6 5 1 0 1 E E 1 0 0 0 0 0 0 6 6 0 0 0 A A 2 14DeKlSa_l1513
2332.39979 0.00223 0 0 1 0 -1 0 6 5 1 0 1 E E 2 0 0 0 0 0 0 6 6 0 0 0 A A 1 14DeKlSa_l1514
-2332.69618 0.00223 0 0 1 0 -1 0 8 6 1 0 1 A E 3 0 0 0 0 0 0 8 7 0 0 0 E A 3 14DeKlSa_l1515
2332.82855 0.00223 0 0 1 0 -1 0 10 7 1 0 1 E E 3 0 0 0 0 0 0 10 8 0 0 0 E A 3 14DeKlSa_l1516
2333.36396 0.00223 0 0 1 0 -1 0 12 8 1 0 1 E E 2 0 0 0 0 0 0 12 9 0 0 0 A A 1 14DeKlSa_l1517
-2333.45014 0.00223 0 0 1 0 -1 0 7 6 1 0 1 A E 3 0 0 0 0 0 0 7 7 0 0 0 E A 3 14DeKlSa_l1518
-2333.63544 0.00223 1 0 0 0 0 0 6 3 0 0 0 A A 1 0 0 0 0 0 0 6 6 0 0 0 A A 2 14DeKlSa_l1519_a
-2333.63544 0.00223 1 0 0 0 0 0 6 3 0 0 0 A A 2 0 0 0 0 0 0 6 6 0 0 0 A A 1 14DeKlSa_l1520_a
2333.71097 0.00223 0 0 1 0 -1 0 9 7 1 0 1 E E 3 0 0 0 0 0 0 9 8 0 0 0 E A 3 14DeKlSa_l1521
2334.00889 0.00223 0 0 1 0 -1 0 11 8 1 0 1 E E 1 0 0 0 0 0 0 11 9 0 0 0 A A 2 14DeKlSa_l1522
2334.00889 0.00223 0 0 1 0 -1 0 11 8 1 0 1 E E 2 0 0 0 0 0 0 11 9 0 0 0 A A 1 14DeKlSa_l1523
-2334.40985 0.00223 0 0 0 2 0 -2 9 1 0 2 2 E E 2 0 0 0 0 0 0 8 3 0 0 0 A A 1 14DeKlSa_l1524_a
2334.51359 0.00223 0 0 1 0 -1 0 8 7 1 0 1 E E 3 0 0 0 0 0 0 8 8 0 0 0 E A 3 14DeKlSa_l1525
2334.82958 0.00223 0 0 1 0 -1 0 10 8 1 0 1 E E 2 0 0 0 0 0 0 10 9 0 0 0 A A 1 14DeKlSa_l1526
2334.82958 0.00223 0 0 1 0 -1 0 10 8 1 0 1 E E 1 0 0 0 0 0 0 10 9 0 0 0 A A 2 14DeKlSa_l1527
2335.03455 0.00223 0 0 1 0 1 0 1 1 1 0 1 E E 2 0 0 0 0 0 0 0 0 0 0 0 A A 1 14DeKlSa_l1528
2335.08749 0.00223 0 0 0 2 0 0 11 9 0 0 0 A A 1 0 0 0 0 0 0 10 9 0 0 0 A A 2 14DeKlSa_l1529
2335.08749 0.00223 0 0 0 2 0 0 11 9 0 0 0 A A 2 0 0 0 0 0 0 10 9 0 0 0 A A 1 14DeKlSa_l1530
2335.20788 0.00223 0 0 0 2 0 0 10 6 0 0 0 A A 1 0 0 0 0 0 0 9 6 0 0 0 A A 2 14DeKlSa_l1531
2335.27599 0.00223 0 0 0 2 0 0 10 6 0 0 0 A A 2 0 0 0 0 0 0 9 6 0 0 0 A A 1 14DeKlSa_l1532
2336.22998 0.00223 0 0 1 0 -1 0 11 9 1 0 1 A E 3 0 0 0 0 0 0 11 10 0 0 0 E A 3 14DeKlSa_l1535
2336.91242 0.00223 0 0 1 0 -1 0 10 9 1 0 1 A E 3 0 0 0 0 0 0 10 10 0 0 0 E A 3 14DeKlSa_l1536
-2337.87237 0.00223 0 0 0 2 0 2 8 3 0 2 2 A E 3 0 0 0 0 0 0 7 1 0 0 0 E A 3 14DeKlSa_l1537_a
2338.53934 0.00223 0 0 1 0 -1 0 11 10 1 0 1 E E 3 0 0 0 0 0 0 11 11 0 0 0 E A 3 14DeKlSa_l1538
2338.65241 0.00223 1 0 0 0 0 0 2 0 0 0 0 A A 1 0 0 0 0 0 0 1 0 0 0 0 A A 2 14DeKlSa_l1539
1998.01783 0.00223 0 1 0 1 0 1 10 0 0 1 1 A E 3 0 0 0 0 0 0 11 1 0 0 0 E A 3 14DeKlSa_l154
2338.66382 0.00223 1 0 0 0 0 0 2 1 0 0 0 E A 3 0 0 0 0 0 0 1 1 0 0 0 E A 3 14DeKlSa_l1540
-2339.11343 0.00223 0 0 1 0 1 0 9 6 1 0 1 A E 3 0 0 0 0 0 0 9 8 0 0 0 E A 3 14DeKlSa_l1541_a
2340.2711 0.00223 0 0 0 2 0 0 11 8 0 0 0 E A 3 0 0 0 0 0 0 10 8 0 0 0 E A 3 14DeKlSa_l1543
-2342.01581 0.00223 0 0 0 2 0 2 8 5 0 2 2 E E 2 0 0 0 0 0 0 7 3 0 0 0 A A 1 14DeKlSa_l1544_a
2342.20293 0.00223 0 0 0 2 0 2 9 1 0 2 2 E E 3 0 0 0 0 0 0 8 2 0 0 0 E A 3 14DeKlSa_l1545
-2342.40819 0.00223 0 0 0 2 0 2 8 5 0 2 2 E E 1 0 0 0 0 0 0 7 3 0 0 0 A A 2 14DeKlSa_l1546_a
2342.65299 0.00223 0 0 1 0 1 0 2 2 1 0 1 E E 3 0 0 0 0 0 0 1 1 0 0 0 E A 3 14DeKlSa_l1547
2343.75398 0.00223 0 0 1 0 1 0 2 1 1 0 1 E E 1 0 0 0 0 0 0 1 0 0 0 0 A A 2 14DeKlSa_l1548
1998.83933 0.00223 0 1 0 1 0 -1 9 6 0 1 1 A E 3 0 0 0 0 0 0 10 7 0 0 0 E A 3 14DeKlSa_l155
2344.79022 0.00223 0 0 0 2 0 0 11 7 0 0 0 E A 3 0 0 0 0 0 0 10 7 0 0 0 E A 3 14DeKlSa_l1550
2344.94657 0.00223 0 0 1 0 1 0 2 0 1 0 1 A E 3 0 0 0 0 0 0 1 1 0 0 0 E A 3 14DeKlSa_l1551
2345.76602 0.00223 0 0 0 2 0 2 8 3 0 2 2 A E 3 0 0 0 0 0 0 7 4 0 0 0 E A 3 14DeKlSa_l1552
2347.2683 0.00223 1 0 0 0 0 0 3 0 0 0 0 A A 2 0 0 0 0 0 0 2 0 0 0 0 A A 1 14DeKlSa_l1554
2347.27915 0.00223 1 0 0 0 0 0 3 1 0 0 0 E A 3 0 0 0 0 0 0 2 1 0 0 0 E A 3 14DeKlSa_l1555
2347.31538 0.00223 1 0 0 0 0 0 3 2 0 0 0 E A 3 0 0 0 0 0 0 2 2 0 0 0 E A 3 14DeKlSa_l1556
2350.23732 0.00223 0 0 1 0 1 0 3 3 1 0 1 A E 3 0 0 0 0 0 0 2 2 0 0 0 E A 3 14DeKlSa_l1557
2351.29803 0.00223 0 0 1 0 1 0 3 2 1 0 1 E E 3 0 0 0 0 0 0 2 1 0 0 0 E A 3 14DeKlSa_l1558
2352.37766 0.00223 0 0 1 0 1 0 3 1 1 0 1 E E 2 0 0 0 0 0 0 2 0 0 0 0 A A 1 14DeKlSa_l1559
-1999.32259 0.00223 0 1 0 1 0 1 11 6 0 1 1 A E 3 0 0 0 0 0 0 12 2 0 0 0 E A 3 14DeKlSa_l156_a
2353.10396 0.00223 0 0 0 2 0 0 13 11 0 0 0 E A 3 0 0 0 0 0 0 12 11 0 0 0 E A 3 14DeKlSa_l1560
2353.58455 0.00223 0 0 1 0 1 0 3 0 1 0 1 A E 3 0 0 0 0 0 0 2 1 0 0 0 E A 3 14DeKlSa_l1561
2354.82278 0.00223 0 0 1 0 -1 0 3 1 1 0 1 E E 3 0 0 0 0 0 0 2 2 0 0 0 E A 3 14DeKlSa_l1562
2355.77349 0.003 1 0 0 0 0 0 4 0 0 0 0 A A 1 0 0 0 0 0 0 3 0 0 0 0 A A 2 14DeKlSa_l1563
2355.7818 0.00223 1 0 0 0 0 0 4 1 0 0 0 E A 3 0 0 0 0 0 0 3 1 0 0 0 E A 3 14DeKlSa_l1564
2355.79617 0.00223 1 0 0 0 0 0 4 2 0 0 0 E A 3 0 0 0 0 0 0 3 2 0 0 0 E A 3 14DeKlSa_l1565
2355.87923 0.00223 1 0 0 0 0 0 4 3 0 0 0 A A 1 0 0 0 0 0 0 3 3 0 0 0 A A 2 14DeKlSa_l1566
2355.87923 0.00223 1 0 0 0 0 0 4 3 0 0 0 A A 2 0 0 0 0 0 0 3 3 0 0 0 A A 1 14DeKlSa_l1567
2357.79788 0.00223 0 0 1 0 1 0 4 4 1 0 1 E E 2 0 0 0 0 0 0 3 3 0 0 0 A A 1 14DeKlSa_l1569
2357.79788 0.00223 0 0 1 0 1 0 4 4 1 0 1 E E 1 0 0 0 0 0 0 3 3 0 0 0 A A 2 14DeKlSa_l1570
2358.80271 0.00223 0 0 1 0 1 0 4 3 1 0 1 A E 3 0 0 0 0 0 0 3 2 0 0 0 E A 3 14DeKlSa_l1571
2358.88123 0.00223 0 0 0 2 0 0 13 10 0 0 0 E A 3 0 0 0 0 0 0 12 10 0 0 0 E A 3 14DeKlSa_l1572
2359.85276 0.00223 0 0 1 0 1 0 4 2 1 0 1 E E 3 0 0 0 0 0 0 3 1 0 0 0 E A 3 14DeKlSa_l1574
2360.90413 0.00223 0 0 1 0 1 0 4 1 1 0 1 E E 1 0 0 0 0 0 0 3 0 0 0 0 A A 2 14DeKlSa_l1575
2362.13042 0.00223 0 0 1 0 1 0 4 0 1 0 1 A E 3 0 0 0 0 0 0 3 1 0 0 0 E A 3 14DeKlSa_l1576
-2362.54317 0.00223 1 0 0 0 0 0 5 2 0 0 0 E A 3 0 0 0 0 0 0 4 1 0 0 0 E A 3 14DeKlSa_l1577_a
2363.36618 0.00223 0 0 1 0 -1 0 4 1 1 0 1 E E 3 0 0 0 0 0 0 3 2 0 0 0 E A 3 14DeKlSa_l1578
2364.13489 0.00223 1 0 0 0 0 0 5 2 0 0 0 E A 3 0 0 0 0 0 0 4 2 0 0 0 E A 3 14DeKlSa_l1579
-1999.48231 0.00223 0 1 0 1 0 1 11 7 0 1 1 E E 2 0 0 0 0 0 0 12 3 0 0 0 A A 1 14DeKlSa_l158_a
2364.28124 0.00223 1 0 0 0 0 0 5 3 0 0 0 A A 2 0 0 0 0 0 0 4 3 0 0 0 A A 1 14DeKlSa_l1580
2364.28124 0.00223 1 0 0 0 0 0 5 3 0 0 0 A A 1 0 0 0 0 0 0 4 3 0 0 0 A A 2 14DeKlSa_l1581
2364.31523 0.00223 1 0 0 0 0 0 5 4 0 0 0 E A 3 0 0 0 0 0 0 4 4 0 0 0 E A 3 14DeKlSa_l1582
2364.66051 0.00223 0 0 1 0 -1 0 4 2 1 0 1 E E 2 0 0 0 0 0 0 3 3 0 0 0 A A 1 14DeKlSa_l1584
2364.69102 0.00223 0 0 1 0 -1 0 4 2 1 0 1 E E 1 0 0 0 0 0 0 3 3 0 0 0 A A 2 14DeKlSa_l1585
-2364.83184 0.00223 0 0 1 0 -1 0 5 4 1 0 1 E E 3 0 0 0 0 0 0 4 2 0 0 0 E A 3 14DeKlSa_l1586_a
2365.37021 0.00223 0 0 1 0 1 0 5 5 1 0 1 E E 3 0 0 0 0 0 0 4 4 0 0 0 E A 3 14DeKlSa_l1587
2366.29939 0.00223 0 0 1 0 1 0 5 4 1 0 1 E E 1 0 0 0 0 0 0 4 3 0 0 0 A A 2 14DeKlSa_l1588
2366.29939 0.00223 0 0 1 0 1 0 5 4 1 0 1 E E 2 0 0 0 0 0 0 4 3 0 0 0 A A 1 14DeKlSa_l1589
1999.55307 0.00223 0 1 0 1 0 1 13 9 0 1 1 A E 3 0 0 0 0 0 0 14 8 0 0 0 E A 3 14DeKlSa_l159
2367.28052 0.00223 0 0 1 0 1 0 5 3 1 0 1 A E 3 0 0 0 0 0 0 4 2 0 0 0 E A 3 14DeKlSa_l1590
-2367.82627 0.00223 1 0 0 0 0 0 6 3 0 0 0 A A 1 0 0 0 0 0 0 5 0 0 0 0 A A 2 14DeKlSa_l1591_a
2368.31634 0.00223 0 0 1 0 1 0 5 2 1 0 1 E E 3 0 0 0 0 0 0 4 1 0 0 0 E A 3 14DeKlSa_l1592
2368.9395 0.00223 1 0 0 0 0 0 5 0 0 0 0 A A 2 0 0 0 0 0 0 4 3 0 0 0 A A 1 14DeKlSa_l1593
2369.33302 0.00223 0 0 1 0 1 0 5 1 1 0 1 E E 2 0 0 0 0 0 0 4 0 0 0 0 A A 1 14DeKlSa_l1594
2370.58403 0.00223 0 0 1 0 1 0 5 0 1 0 1 A E 3 0 0 0 0 0 0 4 1 0 0 0 E A 3 14DeKlSa_l1595
2371.81657 0.00223 0 0 1 0 -1 0 5 1 1 0 1 E E 3 0 0 0 0 0 0 4 2 0 0 0 E A 3 14DeKlSa_l1597
2372.33336 0.00223 1 0 0 0 0 0 6 2 0 0 0 E A 3 0 0 0 0 0 0 5 2 0 0 0 E A 3 14DeKlSa_l1598
-2372.39022 0.00223 0 0 1 0 1 0 6 6 1 0 1 A E 3 0 0 0 0 0 0 5 5 0 0 0 E A 3 14DeKlSa_l1599
1950.63443 0.00223 0 1 0 1 0 -1 13 11 0 1 1 E E 2 0 0 0 0 0 0 14 12 0 0 0 A A 1 14DeKlSa_l16
2372.53857 0.00223 1 0 0 0 0 0 6 4 0 0 0 E A 3 0 0 0 0 0 0 5 4 0 0 0 E A 3 14DeKlSa_l1600
2372.59214 0.00223 1 0 0 0 0 0 6 3 0 0 0 A A 1 0 0 0 0 0 0 5 3 0 0 0 A A 2 14DeKlSa_l1601
2372.59214 0.00223 1 0 0 0 0 0 6 3 0 0 0 A A 2 0 0 0 0 0 0 5 3 0 0 0 A A 1 14DeKlSa_l1602
2373.09144 0.00223 0 0 1 0 -1 0 5 2 1 0 1 E E 1 0 0 0 0 0 0 4 3 0 0 0 A A 2 14DeKlSa_l1603
2373.16076 0.00223 0 0 1 0 -1 0 5 2 1 0 1 E E 2 0 0 0 0 0 0 4 3 0 0 0 A A 1 14DeKlSa_l1604
2373.18325 0.00223 1 0 0 0 0 0 6 5 0 0 0 E A 3 0 0 0 0 0 0 5 5 0 0 0 E A 3 14DeKlSa_l1605
-2373.27934 0.00223 0 0 1 0 -1 0 6 4 1 0 1 E E 3 0 0 0 0 0 0 5 2 0 0 0 E A 3 14DeKlSa_l1606_a
2373.8507 0.00223 0 0 1 0 1 0 6 5 1 0 1 E E 3 0 0 0 0 0 0 5 4 0 0 0 E A 3 14DeKlSa_l1607
-2373.99493 0.00223 1 0 0 0 0 0 6 1 0 0 0 E A 3 0 0 0 0 0 0 5 2 0 0 0 E A 3 14DeKlSa_l1608_a
2374.52146 0.00223 0 0 1 0 -1 0 5 3 1 0 1 A E 3 0 0 0 0 0 0 4 4 0 0 0 E A 3 14DeKlSa_l1609
2000.07741 0.00223 0 1 0 1 0 1 12 6 0 1 1 A E 3 0 0 0 0 0 0 13 5 0 0 0 E A 3 14DeKlSa_l161
2374.7187 0.00223 0 0 1 0 1 0 6 4 1 0 1 E E 1 0 0 0 0 0 0 5 3 0 0 0 A A 2 14DeKlSa_l1610
2374.7187 0.00223 0 0 1 0 1 0 6 4 1 0 1 E E 2 0 0 0 0 0 0 5 3 0 0 0 A A 1 14DeKlSa_l1611
2375.67114 0.00223 0 0 1 0 1 0 6 3 1 0 1 A E 3 0 0 0 0 0 0 5 2 0 0 0 E A 3 14DeKlSa_l1612
2376.68861 0.00223 0 0 1 0 1 0 6 2 1 0 1 E E 3 0 0 0 0 0 0 5 1 0 0 0 E A 3 14DeKlSa_l1613
-2377.17923 0.00223 1 0 0 0 0 0 6 0 0 0 0 A A 1 0 0 0 0 0 0 5 3 0 0 0 A A 2 14DeKlSa_l1614_a
2377.66538 0.00223 0 0 1 0 1 0 6 1 1 0 1 E E 1 0 0 0 0 0 0 5 0 0 0 0 A A 2 14DeKlSa_l1615
-2378.81185 0.00223 1 0 0 0 0 0 7 2 0 0 0 E A 3 0 0 0 0 0 0 6 1 0 0 0 E A 3 14DeKlSa_l1617_a
-2378.91451 0.00223 0 0 1 0 1 0 8 6 1 0 1 A E 3 0 0 0 0 0 0 7 2 0 0 0 E A 3 14DeKlSa_l1618_a
2378.94578 0.00223 0 0 1 0 1 0 6 0 1 0 1 A E 3 0 0 0 0 0 0 5 1 0 0 0 E A 3 14DeKlSa_l1619
2000.42066 0.00223 0 1 0 1 0 -1 9 5 0 1 1 E E 2 0 0 0 0 0 0 10 6 0 0 0 A A 1 14DeKlSa_l162
2379.95262 0.00223 0 0 1 0 1 0 7 7 1 0 1 E E 1 0 0 0 0 0 0 6 6 0 0 0 A A 2 14DeKlSa_l1620
2379.95262 0.00223 0 0 1 0 1 0 7 7 1 0 1 E E 2 0 0 0 0 0 0 6 6 0 0 0 A A 1 14DeKlSa_l1621
2380.17468 0.00223 0 0 1 0 -1 0 6 1 1 0 1 E E 3 0 0 0 0 0 0 5 2 0 0 0 E A 3 14DeKlSa_l1622
2380.39254 0.00223 1 0 0 0 0 0 7 2 0 0 0 E A 3 0 0 0 0 0 0 6 2 0 0 0 E A 3 14DeKlSa_l1623
2380.43608 0.00223 1 0 0 0 0 0 7 5 0 0 0 E A 3 0 0 0 0 0 0 6 5 0 0 0 E A 3 14DeKlSa_l1624
2380.51211 0.00223 1 0 0 0 0 0 7 1 0 0 0 E A 3 0 0 0 0 0 0 6 1 0 0 0 E A 3 14DeKlSa_l1625
2380.65593 0.00223 1 0 0 0 0 0 7 4 0 0 0 E A 3 0 0 0 0 0 0 6 4 0 0 0 E A 3 14DeKlSa_l1626
2380.81888 0.00223 1 0 0 0 0 0 7 3 0 0 0 A A 2 0 0 0 0 0 0 6 3 0 0 0 A A 1 14DeKlSa_l1627
2380.81888 0.00223 1 0 0 0 0 0 7 3 0 0 0 A A 1 0 0 0 0 0 0 6 3 0 0 0 A A 2 14DeKlSa_l1628
2381.41708 0.00223 0 0 1 0 -1 0 6 2 1 0 1 E E 2 0 0 0 0 0 0 5 3 0 0 0 A A 1 14DeKlSa_l1629
2000.42066 0.00223 0 1 0 1 0 -1 9 5 0 1 1 E E 1 0 0 0 0 0 0 10 6 0 0 0 A A 2 14DeKlSa_l163
2381.55035 0.00223 0 0 1 0 -1 0 6 2 1 0 1 E E 1 0 0 0 0 0 0 5 3 0 0 0 A A 2 14DeKlSa_l1630
2382.0928 0.00223 1 0 0 0 0 0 7 1 0 0 0 E A 3 0 0 0 0 0 0 6 2 0 0 0 E A 3 14DeKlSa_l1631
2382.2464 0.00223 0 0 1 0 1 0 7 5 1 0 1 E E 3 0 0 0 0 0 0 6 4 0 0 0 E A 3 14DeKlSa_l1632
2382.88878 0.00223 0 0 1 0 -1 0 6 3 1 0 1 A E 3 0 0 0 0 0 0 5 4 0 0 0 E A 3 14DeKlSa_l1633
2383.05719 0.00223 0 0 1 0 1 0 7 4 1 0 1 E E 2 0 0 0 0 0 0 6 3 0 0 0 A A 1 14DeKlSa_l1634
2383.05719 0.00223 0 0 1 0 1 0 7 4 1 0 1 E E 1 0 0 0 0 0 0 6 3 0 0 0 A A 2 14DeKlSa_l1635
-2383.51219 0.00223 1 0 0 0 0 0 6 2 0 0 0 E A 3 0 0 0 0 0 0 5 5 0 0 0 E A 3 14DeKlSa_l1636_a
2383.97609 0.00223 0 0 1 0 1 0 7 3 1 0 1 A E 3 0 0 0 0 0 0 6 2 0 0 0 E A 3 14DeKlSa_l1637
2384.2378 0.00223 1 0 0 0 0 0 8 3 0 0 0 A A 1 0 0 0 0 0 0 7 0 0 0 0 A A 2 14DeKlSa_l1638
2384.45803 0.00223 0 0 1 0 -1 0 6 4 1 0 1 E E 3 0 0 0 0 0 0 5 5 0 0 0 E A 3 14DeKlSa_l1639
2384.97009 0.00223 0 0 1 0 1 0 7 2 1 0 1 E E 3 0 0 0 0 0 0 6 1 0 0 0 E A 3 14DeKlSa_l1640
-2385.27694 0.00223 1 0 0 0 0 0 7 0 0 0 0 A A 2 0 0 0 0 0 0 6 3 0 0 0 A A 1 14DeKlSa_l1641_a
2385.9049 0.00223 0 0 1 0 1 0 7 1 1 0 1 E E 2 0 0 0 0 0 0 6 0 0 0 0 A A 1 14DeKlSa_l1642
2387.21725 0.00223 0 0 1 0 1 0 7 0 1 0 1 A E 3 0 0 0 0 0 0 6 1 0 0 0 E A 3 14DeKlSa_l1643
2387.34368 0.00223 0 0 1 0 1 0 8 8 1 0 1 E E 3 0 0 0 0 0 0 7 7 0 0 0 E A 3 14DeKlSa_l1644
2387.93783 0.00223 0 0 1 0 1 0 8 7 1 0 1 E E 2 0 0 0 0 0 0 7 6 0 0 0 A A 1 14DeKlSa_l1645
2387.93783 0.00223 0 0 1 0 1 0 8 7 1 0 1 E E 1 0 0 0 0 0 0 7 6 0 0 0 A A 2 14DeKlSa_l1646
2388.31178 0.00223 1 0 0 0 0 0 8 2 0 0 0 E A 3 0 0 0 0 0 0 7 2 0 0 0 E A 3 14DeKlSa_l1647
-2388.33132 0.00223 0 0 1 0 -1 0 8 4 1 0 1 E E 3 0 0 0 0 0 0 7 1 0 0 0 E A 3 14DeKlSa_l1648_a
2388.38996 0.00223 1 0 0 0 0 0 8 5 0 0 0 E A 3 0 0 0 0 0 0 7 5 0 0 0 E A 3 14DeKlSa_l1649
2388.44218 0.00223 0 0 1 0 -1 0 7 1 1 0 1 E E 3 0 0 0 0 0 0 6 2 0 0 0 E A 3 14DeKlSa_l1650
2388.46825 0.00223 1 0 0 0 0 0 8 1 0 0 0 E A 3 0 0 0 0 0 0 7 1 0 0 0 E A 3 14DeKlSa_l1651
2388.49862 0.00223 1 0 0 0 0 0 8 0 0 0 0 A A 1 0 0 0 0 0 0 7 0 0 0 0 A A 2 14DeKlSa_l1652
2388.66811 0.00223 1 0 0 0 0 0 8 4 0 0 0 E A 3 0 0 0 0 0 0 7 4 0 0 0 E A 3 14DeKlSa_l1653
2389.63446 0.00223 0 0 1 0 -1 0 7 2 1 0 1 E E 1 0 0 0 0 0 0 6 3 0 0 0 A A 2 14DeKlSa_l1655
2389.86131 0.00223 0 0 1 0 -1 0 7 2 1 0 1 E E 2 0 0 0 0 0 0 6 3 0 0 0 A A 1 14DeKlSa_l1656
-2389.90467 0.00223 0 0 1 0 -1 0 8 4 1 0 1 E E 3 0 0 0 0 0 0 7 2 0 0 0 E A 3 14DeKlSa_l1657_a
2390.00053 0.00223 0 0 1 0 1 0 8 6 1 0 1 A E 3 0 0 0 0 0 0 7 5 0 0 0 E A 3 14DeKlSa_l1658
2390.55952 0.00223 0 0 1 0 1 0 8 5 1 0 1 E E 3 0 0 0 0 0 0 7 4 0 0 0 E A 3 14DeKlSa_l1659
2002.13817 0.00223 0 1 0 1 0 -1 9 4 0 1 1 E E 3 0 0 0 0 0 0 10 5 0 0 0 E A 3 14DeKlSa_l166
2391.16547 0.00223 0 0 1 0 -1 0 7 3 1 0 1 A E 3 0 0 0 0 0 0 6 4 0 0 0 E A 3 14DeKlSa_l1660
-2391.52827 0.00223 1 0 0 0 0 0 7 2 0 0 0 E A 3 0 0 0 0 0 0 6 5 0 0 0 E A 3 14DeKlSa_l1661_a
2392.19754 0.00223 0 0 1 0 1 0 8 3 1 0 1 A E 3 0 0 0 0 0 0 7 2 0 0 0 E A 3 14DeKlSa_l1662
2392.77576 0.00223 0 0 1 0 -1 0 7 4 1 0 1 E E 3 0 0 0 0 0 0 6 5 0 0 0 E A 3 14DeKlSa_l1663
2393.16189 0.00223 0 0 1 0 1 0 8 2 1 0 1 E E 3 0 0 0 0 0 0 7 1 0 0 0 E A 3 14DeKlSa_l1664
2393.92487 0.00223 0 0 1 0 -1 0 7 5 1 0 1 E E 2 0 0 0 0 0 0 6 6 0 0 0 A A 1 14DeKlSa_l1665
2393.92487 0.00223 0 0 1 0 -1 0 7 5 1 0 1 E E 1 0 0 0 0 0 0 6 6 0 0 0 A A 2 14DeKlSa_l1666
2394.06066 0.00223 0 0 1 0 1 0 8 1 1 0 1 E E 1 0 0 0 0 0 0 7 0 0 0 0 A A 2 14DeKlSa_l1667
-2394.52332 0.00223 1 0 0 0 0 0 9 2 0 0 0 E A 3 0 0 0 0 0 0 8 1 0 0 0 E A 3 14DeKlSa_l1668_a
2394.65604 0.00223 0 0 1 0 1 0 9 9 1 0 1 A E 3 0 0 0 0 0 0 8 8 0 0 0 E A 3 14DeKlSa_l1669
2002.37263 0.00223 0 2 0 0 0 0 4 1 0 0 0 E A 3 0 0 0 0 0 0 3 1 0 0 0 E A 3 14DeKlSa_l167
-2394.79307 0.00223 0 0 1 0 1 0 9 4 1 0 1 E E 2 0 0 0 0 0 0 8 0 0 0 0 A A 1 14DeKlSa_l1670_a
2395.2573 0.00223 0 0 1 0 1 0 9 8 1 0 1 E E 3 0 0 0 0 0 0 8 7 0 0 0 E A 3 14DeKlSa_l1671
2395.40064 0.00223 0 0 1 0 1 0 8 0 1 0 1 A E 3 0 0 0 0 0 0 7 1 0 0 0 E A 3 14DeKlSa_l1672
-2395.48218 0.00223 0 0 1 0 1 0 10 6 1 0 1 A E 3 0 0 0 0 0 0 9 2 0 0 0 E A 3 14DeKlSa_l1673_a
2395.80096 0.00223 0 0 1 0 1 0 9 7 1 0 1 E E 1 0 0 0 0 0 0 8 6 0 0 0 A A 2 14DeKlSa_l1674
2395.80096 0.00223 0 0 1 0 1 0 9 7 1 0 1 E E 2 0 0 0 0 0 0 8 6 0 0 0 A A 1 14DeKlSa_l1675
2396.23836 0.00223 1 0 0 0 0 0 9 5 0 0 0 E A 3 0 0 0 0 0 0 8 5 0 0 0 E A 3 14DeKlSa_l1676
2396.26946 0.00223 1 0 0 0 0 0 9 1 0 0 0 E A 3 0 0 0 0 0 0 8 1 0 0 0 E A 3 14DeKlSa_l1677
2396.31634 0.00223 1 0 0 0 0 0 9 0 0 0 0 A A 2 0 0 0 0 0 0 8 0 0 0 0 A A 1 14DeKlSa_l1678
-2396.36174 0.00223 1 0 0 0 0 0 8 1 0 0 0 E A 3 0 0 0 0 0 0 7 4 0 0 0 E A 3 14DeKlSa_l1679_a
2003.08625 0.00223 0 1 0 1 0 1 12 7 0 1 1 E E 1 0 0 0 0 0 0 13 6 0 0 0 A A 2 14DeKlSa_l168
2396.57844 0.00223 1 0 0 0 0 0 9 4 0 0 0 E A 3 0 0 0 0 0 0 8 4 0 0 0 E A 3 14DeKlSa_l1680
2396.62241 0.00223 0 0 1 0 -1 0 8 1 1 0 1 E E 3 0 0 0 0 0 0 7 2 0 0 0 E A 3 14DeKlSa_l1681
2397.74121 0.00223 0 0 1 0 -1 0 8 2 1 0 1 E E 2 0 0 0 0 0 0 7 3 0 0 0 A A 1 14DeKlSa_l1682
2397.95514 0.00223 1 0 0 0 0 0 9 6 0 0 0 A A 1 0 0 0 0 0 0 8 6 0 0 0 A A 2 14DeKlSa_l1683
2397.95514 0.00223 1 0 0 0 0 0 9 6 0 0 0 A A 2 0 0 0 0 0 0 8 6 0 0 0 A A 1 14DeKlSa_l1684
-2398.06844 0.00223 0 0 1 0 -1 0 9 4 1 0 1 E E 3 0 0 0 0 0 0 8 2 0 0 0 E A 3 14DeKlSa_l1685_a
2398.0899 0.00223 0 0 1 0 -1 0 8 2 1 0 1 E E 1 0 0 0 0 0 0 7 3 0 0 0 A A 2 14DeKlSa_l1686
2398.26597 0.00223 0 0 1 0 1 0 9 6 1 0 1 A E 3 0 0 0 0 0 0 8 5 0 0 0 E A 3 14DeKlSa_l1687
-2398.50997 0.00223 0 0 1 0 -1 0 10 5 1 0 1 E E 1 0 0 0 0 0 0 9 0 0 0 0 A A 2 14DeKlSa_l1688_a
2399.34755 0.00223 0 0 1 0 -1 0 8 3 1 0 1 A E 3 0 0 0 0 0 0 7 4 0 0 0 E A 3 14DeKlSa_l1689
2003.14622 0.00223 0 1 0 1 0 1 12 7 0 1 1 E E 2 0 0 0 0 0 0 13 6 0 0 0 A A 1 14DeKlSa_l169
2400.33801 0.00223 0 0 1 0 1 0 9 3 1 0 1 A E 3 0 0 0 0 0 0 8 2 0 0 0 E A 3 14DeKlSa_l1690
2400.99053 0.00223 0 0 1 0 -1 0 8 4 1 0 1 E E 3 0 0 0 0 0 0 7 5 0 0 0 E A 3 14DeKlSa_l1691
-2401.01895 0.00223 1 0 0 0 0 0 9 0 0 0 0 A A 2 0 0 0 0 0 0 8 3 0 0 0 A A 1 14DeKlSa_l1692_a
2401.26511 0.00223 0 0 1 0 1 0 9 2 1 0 1 E E 3 0 0 0 0 0 0 8 1 0 0 0 E A 3 14DeKlSa_l1693
2402.15231 0.00223 0 0 1 0 1 0 9 1 1 0 1 E E 2 0 0 0 0 0 0 8 0 0 0 0 A A 1 14DeKlSa_l1694
2402.1655 0.00223 1 0 0 0 0 0 10 2 0 0 0 E A 3 0 0 0 0 0 0 9 1 0 0 0 E A 3 14DeKlSa_l1695
2402.48326 0.00223 0 0 1 0 1 0 10 9 1 0 1 A E 3 0 0 0 0 0 0 9 8 0 0 0 E A 3 14DeKlSa_l1696
2403.03661 0.00223 0 0 1 0 1 0 10 8 1 0 1 E E 3 0 0 0 0 0 0 9 7 0 0 0 E A 3 14DeKlSa_l1697
2403.49952 0.00223 0 0 1 0 1 0 9 0 1 0 1 A E 3 0 0 0 0 0 0 8 1 0 0 0 E A 3 14DeKlSa_l1698
1951.45959 0.00223 0 1 0 1 0 -1 13 10 0 1 1 E E 3 0 0 0 0 0 0 14 11 0 0 0 E A 3 14DeKlSa_l17
-2403.66105 0.00223 0 0 1 0 1 0 11 6 1 0 1 A E 3 0 0 0 0 0 0 10 2 0 0 0 E A 3 14DeKlSa_l1701_a
-2403.80143 0.00223 0 0 1 0 -1 0 8 6 1 0 1 A E 3 0 0 0 0 0 0 7 7 0 0 0 E A 3 14DeKlSa_l1702
2403.91727 0.00223 1 0 0 0 0 0 10 1 0 0 0 E A 3 0 0 0 0 0 0 9 1 0 0 0 E A 3 14DeKlSa_l1703
2404.1226 0.00223 1 0 0 0 0 0 9 1 0 0 0 E A 3 0 0 0 0 0 0 8 4 0 0 0 E A 3 14DeKlSa_l1704
2404.39369 0.00223 1 0 0 0 0 0 10 4 0 0 0 E A 3 0 0 0 0 0 0 9 4 0 0 0 E A 3 14DeKlSa_l1705
2404.72035 0.00223 0 0 1 0 -1 0 9 1 1 0 1 E E 3 0 0 0 0 0 0 8 2 0 0 0 E A 3 14DeKlSa_l1706
2405.00634 0.00223 1 0 0 0 0 0 10 3 0 0 0 A A 1 0 0 0 0 0 0 9 3 0 0 0 A A 2 14DeKlSa_l1707
2405.4741 0.00223 1 0 0 0 0 0 10 1 0 0 0 E A 3 0 0 0 0 0 0 9 2 0 0 0 E A 3 14DeKlSa_l1708
2405.7352 0.00223 0 0 1 0 -1 0 9 2 1 0 1 E E 1 0 0 0 0 0 0 8 3 0 0 0 A A 2 14DeKlSa_l1709
2003.42649 0.00223 0 2 0 0 0 0 4 2 0 0 0 E A 3 0 0 0 0 0 0 3 2 0 0 0 E A 3 14DeKlSa_l171
2406.22179 0.00223 0 0 1 0 -1 0 9 2 1 0 1 E E 2 0 0 0 0 0 0 8 3 0 0 0 A A 1 14DeKlSa_l1710
2406.44907 0.00223 0 0 1 0 1 0 10 6 1 0 1 A E 3 0 0 0 0 0 0 9 5 0 0 0 E A 3 14DeKlSa_l1711
2406.9476 0.00223 0 0 1 0 1 0 10 5 1 0 1 E E 3 0 0 0 0 0 0 9 4 0 0 0 E A 3 14DeKlSa_l1712
-2407.11852 0.00223 1 0 0 0 0 0 9 2 0 0 0 E A 3 0 0 0 0 0 0 8 5 0 0 0 E A 3 14DeKlSa_l1713_a
2407.4292 0.00223 0 0 1 0 -1 0 9 3 1 0 1 A E 3 0 0 0 0 0 0 8 4 0 0 0 E A 3 14DeKlSa_l1714
2407.6095 0.00223 0 0 1 0 1 0 10 4 1 0 1 E E 2 0 0 0 0 0 0 9 3 0 0 0 A A 1 14DeKlSa_l1715
2408.39976 0.00223 0 0 1 0 1 0 10 3 1 0 1 A E 3 0 0 0 0 0 0 9 2 0 0 0 E A 3 14DeKlSa_l1716
2409.2802 0.00223 0 0 1 0 1 0 10 2 1 0 1 E E 3 0 0 0 0 0 0 9 1 0 0 0 E A 3 14DeKlSa_l1717
2409.55479 0.00223 0 0 1 0 1 0 10 1 1 0 1 E E 1 0 0 0 0 0 0 9 0 0 0 0 A A 2 14DeKlSa_l1718
-2410.2121 0.00223 0 0 1 0 -1 0 10 2 1 0 1 E E 1 0 0 0 0 0 0 9 0 0 0 0 A A 2 14DeKlSa_l1719
-2411.26857 0.00223 1 0 0 0 0 0 9 3 0 0 0 A A 2 0 0 0 0 0 0 8 6 0 0 0 A A 1 14DeKlSa_l1720_a
2411.51885 0.00223 0 0 1 0 1 0 10 0 1 0 1 A E 3 0 0 0 0 0 0 9 1 0 0 0 E A 3 14DeKlSa_l1721
-2411.72577 0.00223 1 0 0 0 0 0 10 1 0 0 0 E A 3 0 0 0 0 0 0 9 4 0 0 0 E A 3 14DeKlSa_l1722_a
-2411.74436 0.00223 0 0 1 0 -1 0 9 6 1 0 1 A E 3 0 0 0 0 0 0 8 7 0 0 0 E A 3 14DeKlSa_l1723
-2411.79034 0.00223 0 0 1 0 1 0 12 6 1 0 1 A E 3 0 0 0 0 0 0 11 2 0 0 0 E A 3 14DeKlSa_l1724_a
2412.74393 0.00223 0 0 1 0 -1 0 10 1 1 0 1 E E 3 0 0 0 0 0 0 9 2 0 0 0 E A 3 14DeKlSa_l1726
2413.61536 0.00223 0 0 1 0 -1 0 10 2 1 0 1 E E 2 0 0 0 0 0 0 9 3 0 0 0 A A 1 14DeKlSa_l1727
2413.67026 0.00223 0 0 1 0 -1 0 9 7 1 0 1 E E 3 0 0 0 0 0 0 8 8 0 0 0 E A 3 14DeKlSa_l1728
2003.96181 0.00223 0 1 0 1 0 -1 9 3 0 1 1 A E 3 0 0 0 0 0 0 10 4 0 0 0 E A 3 14DeKlSa_l173
2414.55874 0.00223 0 0 1 0 1 0 11 6 1 0 1 A E 3 0 0 0 0 0 0 10 5 0 0 0 E A 3 14DeKlSa_l1730
-2414.68954 0.00223 1 0 0 0 0 0 10 2 0 0 0 E A 3 0 0 0 0 0 0 9 5 0 0 0 E A 3 14DeKlSa_l1731_a
2415.03006 0.00223 0 0 1 0 1 0 11 5 1 0 1 E E 3 0 0 0 0 0 0 10 4 0 0 0 E A 3 14DeKlSa_l1732
-2415.51233 0.00223 0 0 1 0 -1 0 11 3 1 0 1 A E 3 0 0 0 0 0 0 10 1 0 0 0 E A 3 14DeKlSa_l1733_a
2415.64814 0.00223 0 0 1 0 1 0 11 4 1 0 1 E E 1 0 0 0 0 0 0 10 3 0 0 0 A A 2 14DeKlSa_l1734
2416.38381 0.00223 0 0 1 0 1 0 11 3 1 0 1 A E 3 0 0 0 0 0 0 10 2 0 0 0 E A 3 14DeKlSa_l1735
2417.20615 0.00223 0 0 1 0 1 0 11 2 1 0 1 E E 3 0 0 0 0 0 0 10 1 0 0 0 E A 3 14DeKlSa_l1736
-2417.45386 0.00223 0 0 1 0 1 0 11 1 1 0 1 E E 1 0 0 0 0 0 0 10 0 0 0 0 A A 2 14DeKlSa_l1737
-2418.99548 0.00223 0 0 1 0 -1 0 10 1 1 0 1 E E 3 0 0 0 0 0 0 9 4 0 0 0 E A 3 14DeKlSa_l1738_a
2419.46631 0.00223 0 0 1 0 1 0 11 0 1 0 1 A E 3 0 0 0 0 0 0 10 1 0 0 0 E A 3 14DeKlSa_l1739
-2419.54634 0.00223 0 0 1 0 -1 0 10 6 1 0 1 A E 3 0 0 0 0 0 0 9 7 0 0 0 E A 3 14DeKlSa_l1740
2420.70483 0.00223 0 0 1 0 -1 0 11 1 1 0 1 E E 3 0 0 0 0 0 0 10 2 0 0 0 E A 3 14DeKlSa_l1741
2421.38157 0.00223 0 0 1 0 -1 0 11 2 1 0 1 E E 1 0 0 0 0 0 0 10 3 0 0 0 A A 2 14DeKlSa_l1743
2421.57328 0.00223 0 0 1 0 -1 0 10 7 1 0 1 E E 3 0 0 0 0 0 0 9 8 0 0 0 E A 3 14DeKlSa_l1744
-2422.61247 0.00223 0 0 1 0 1 0 12 6 1 0 1 A E 3 0 0 0 0 0 0 11 5 0 0 0 E A 3 14DeKlSa_l1747
-2422.91359 0.00223 0 0 1 0 -1 0 11 2 1 0 1 E E 2 0 0 0 0 0 0 10 3 0 0 0 A A 1 14DeKlSa_l1748
2423.05079 0.00223 0 0 1 0 1 0 12 5 1 0 1 E E 3 0 0 0 0 0 0 11 4 0 0 0 E A 3 14DeKlSa_l1749
2005.1982 0.00223 0 2 0 0 0 0 4 3 0 0 0 A A 1 0 0 0 0 0 0 3 3 0 0 0 A A 2 14DeKlSa_l175
2425.04151 0.00223 0 0 1 0 1 0 12 2 1 0 1 E E 3 0 0 0 0 0 0 11 1 0 0 0 E A 3 14DeKlSa_l1750
2425.22963 0.00223 0 0 1 0 1 0 12 1 1 0 1 E E 1 0 0 0 0 0 0 11 0 0 0 0 A A 2 14DeKlSa_l1752
-2426.31997 0.00223 0 0 1 0 -1 0 12 2 1 0 1 E E 1 0 0 0 0 0 0 11 0 0 0 0 A A 2 14DeKlSa_l1753_a
-2426.91728 0.00223 0 0 1 0 -1 0 11 1 1 0 1 E E 3 0 0 0 0 0 0 10 4 0 0 0 E A 3 14DeKlSa_l1754_a
2427.35463 0.00223 0 0 1 0 1 0 12 0 1 0 1 A E 3 0 0 0 0 0 0 11 1 0 0 0 E A 3 14DeKlSa_l1755
2429.03535 0.00223 0 0 1 0 -1 0 12 2 1 0 1 E E 2 0 0 0 0 0 0 11 3 0 0 0 A A 1 14DeKlSa_l1756
2429.8462 0.00223 0 0 1 0 1 0 12 1 1 0 1 E E 1 0 0 0 0 0 0 11 3 0 0 0 A A 2 14DeKlSa_l1757
2430.93688 0.00223 0 0 1 0 -1 0 12 2 1 0 1 E E 1 0 0 0 0 0 0 11 3 0 0 0 A A 2 14DeKlSa_l1758
2432.91075 0.00223 0 0 1 0 1 0 13 1 1 0 1 E E 2 0 0 0 0 0 0 12 0 0 0 0 A A 1 14DeKlSa_l1759
2005.1982 0.00223 0 2 0 0 0 0 4 3 0 0 0 A A 2 0 0 0 0 0 0 3 3 0 0 0 A A 1 14DeKlSa_l176
2005.36585 0.00223 0 1 0 1 0 1 11 4 0 1 1 E E 1 0 0 0 0 0 0 12 3 0 0 0 A A 2 14DeKlSa_l177
2005.75368 0.00223 0 1 0 1 0 -1 9 2 0 1 1 E E 1 0 0 0 0 0 0 10 3 0 0 0 A A 2 14DeKlSa_l178
2005.9317 0.00223 0 1 0 1 0 -1 9 2 0 1 1 E E 2 0 0 0 0 0 0 10 3 0 0 0 A A 1 14DeKlSa_l179
1952.44288 0.00223 0 1 0 1 0 -1 13 9 0 1 1 A E 3 0 0 0 0 0 0 14 10 0 0 0 E A 3 14DeKlSa_l18
2007.31893 0.00223 0 1 0 1 0 1 13 11 0 1 1 E E 3 0 0 0 0 0 0 14 10 0 0 0 E A 3 14DeKlSa_l182
2007.67358 0.00223 0 1 0 1 0 -1 9 1 0 1 1 E E 3 0 0 0 0 0 0 10 2 0 0 0 E A 3 14DeKlSa_l183
2007.84294 0.00223 0 1 0 1 0 -1 8 7 0 1 1 E E 3 0 0 0 0 0 0 9 8 0 0 0 E A 3 14DeKlSa_l184
2007.92193 0.00223 0 2 0 0 0 0 5 0 0 0 0 A A 2 0 0 0 0 0 0 4 0 0 0 0 A A 1 14DeKlSa_l185
2008.2652 0.00223 0 2 0 0 0 0 5 1 0 0 0 E A 3 0 0 0 0 0 0 4 1 0 0 0 E A 3 14DeKlSa_l186
2009.25135 0.00223 0 1 0 1 0 -1 8 6 0 1 1 A E 3 0 0 0 0 0 0 9 7 0 0 0 E A 3 14DeKlSa_l188
2009.29902 0.00223 0 2 0 0 0 0 5 2 0 0 0 E A 3 0 0 0 0 0 0 4 2 0 0 0 E A 3 14DeKlSa_l189
1953.56872 0.00223 0 1 0 1 0 -1 13 8 0 1 1 E E 1 0 0 0 0 0 0 14 9 0 0 0 A A 2 14DeKlSa_l19
-2009.40852 0.00223 0 1 0 1 0 1 10 6 0 1 1 A E 3 0 0 0 0 0 0 11 2 0 0 0 E A 3 14DeKlSa_l190_a
2009.7942 0.00223 0 1 0 1 0 1 10 7 0 1 1 E E 1 0 0 0 0 0 0 11 3 0 0 0 A A 2 14DeKlSa_l191
2010.0635 0.00223 0 1 0 1 0 1 11 6 0 1 1 A E 3 0 0 0 0 0 0 12 5 0 0 0 E A 3 14DeKlSa_l192
2010.11542 0.00223 0 1 0 1 0 1 12 9 0 1 1 A E 3 0 0 0 0 0 0 13 8 0 0 0 E A 3 14DeKlSa_l193
2011.03778 0.00223 0 2 0 0 0 0 5 3 0 0 0 A A 2 0 0 0 0 0 0 4 3 0 0 0 A A 1 14DeKlSa_l195
2011.03778 0.00223 0 2 0 0 0 0 5 3 0 0 0 A A 1 0 0 0 0 0 0 4 3 0 0 0 A A 2 14DeKlSa_l196
2012.5817 0.00223 0 1 0 1 0 -1 8 4 0 1 1 E E 3 0 0 0 0 0 0 9 5 0 0 0 E A 3 14DeKlSa_l199
1938.02636 0.00223 0 1 0 1 0 -1 14 14 0 1 1 E E 1 0 0 0 0 0 0 15 15 0 0 0 A A 2 14DeKlSa_l2
1953.56872 0.00223 0 1 0 1 0 -1 13 8 0 1 1 E E 2 0 0 0 0 0 0 14 9 0 0 0 A A 1 14DeKlSa_l20
2013.28761 0.00223 0 2 0 0 0 0 6 0 0 0 0 A A 1 0 0 0 0 0 0 5 0 0 0 0 A A 2 14DeKlSa_l201
2013.34432 0.00223 0 1 0 1 0 1 11 7 0 1 1 E E 2 0 0 0 0 0 0 12 6 0 0 0 A A 1 14DeKlSa_l202
2013.37916 0.00223 0 1 0 1 0 1 11 7 0 1 1 E E 1 0 0 0 0 0 0 12 6 0 0 0 A A 2 14DeKlSa_l203
2013.50278 0.00223 0 2 0 0 0 0 5 4 0 0 0 E A 3 0 0 0 0 0 0 4 4 0 0 0 E A 3 14DeKlSa_l204
2013.62317 0.002868 0 2 0 0 0 0 6 1 0 0 0 E A 3 0 0 0 0 0 0 5 1 0 0 0 E A 3 14DeKlSa_l205
2014.11088 0.00223 0 1 0 1 0 1 12 10 0 1 1 E E 2 0 0 0 0 0 0 13 9 0 0 0 A A 1 14DeKlSa_l207
2014.11088 0.00223 0 1 0 1 0 1 12 10 0 1 1 E E 1 0 0 0 0 0 0 13 9 0 0 0 A A 2 14DeKlSa_l208
2014.46118 0.00223 0 1 0 1 0 -1 8 3 0 1 1 A E 3 0 0 0 0 0 0 9 4 0 0 0 E A 3 14DeKlSa_l209
1954.43601 0.00223 0 2 0 0 0 0 8 3 0 0 0 A A 1 0 0 0 0 0 0 8 3 0 0 0 A A 2 14DeKlSa_l21
2014.63452 0.00223 0 2 0 0 0 0 6 2 0 0 0 E A 3 0 0 0 0 0 0 5 2 0 0 0 E A 3 14DeKlSa_l210
2014.89872 0.00223 0 1 0 1 0 1 10 4 0 1 1 E E 2 0 0 0 0 0 0 11 3 0 0 0 A A 1 14DeKlSa_l211
2016.33416 0.00223 0 2 0 0 0 0 6 3 0 0 0 A A 1 0 0 0 0 0 0 5 3 0 0 0 A A 2 14DeKlSa_l213
2016.33416 0.00223 0 2 0 0 0 0 6 3 0 0 0 A A 2 0 0 0 0 0 0 5 3 0 0 0 A A 1 14DeKlSa_l214
2016.37759 0.00223 0 1 0 1 0 -1 8 2 0 1 1 E E 2 0 0 0 0 0 0 9 3 0 0 0 A A 1 14DeKlSa_l215
2016.49816 0.00223 0 1 0 1 0 -1 8 2 0 1 1 E E 1 0 0 0 0 0 0 9 3 0 0 0 A A 2 14DeKlSa_l216
2016.95478 0.00223 0 1 0 1 0 1 11 8 0 1 1 E E 3 0 0 0 0 0 0 12 7 0 0 0 E A 3 14DeKlSa_l218
2018.15359 0.00223 0 2 0 0 0 0 7 0 0 0 0 A A 2 0 0 0 0 0 0 6 0 0 0 0 A A 1 14DeKlSa_l219
1954.45423 0.00223 0 2 0 0 0 0 8 3 0 0 0 A A 2 0 0 0 0 0 0 8 3 0 0 0 A A 1 14DeKlSa_l22
2018.18165 0.00223 0 1 0 1 0 -1 7 7 0 1 1 E E 3 0 0 0 0 0 0 8 8 0 0 0 E A 3 14DeKlSa_l220
2018.42828 0.00223 0 1 0 1 0 -1 8 1 0 1 1 E E 3 0 0 0 0 0 0 9 2 0 0 0 E A 3 14DeKlSa_l221
2018.48082 0.00223 0 2 0 0 0 0 7 1 0 0 0 E A 3 0 0 0 0 0 0 6 1 0 0 0 E A 3 14DeKlSa_l222
2018.74381 0.00223 0 2 0 0 0 0 6 4 0 0 0 E A 3 0 0 0 0 0 0 5 4 0 0 0 E A 3 14DeKlSa_l224
2019.46663 0.00223 0 2 0 0 0 0 7 2 0 0 0 E A 3 0 0 0 0 0 0 6 2 0 0 0 E A 3 14DeKlSa_l226
2019.56266 0.00223 0 1 0 1 0 -1 7 6 0 1 1 A E 3 0 0 0 0 0 0 8 7 0 0 0 E A 3 14DeKlSa_l227
-2019.64809 0.00223 0 1 0 1 0 1 9 6 0 1 1 A E 3 0 0 0 0 0 0 10 2 0 0 0 E A 3 14DeKlSa_l228_a
2020.19133 0.00223 0 1 0 1 0 1 8 0 0 1 1 A E 3 0 0 0 0 0 0 9 1 0 0 0 E A 3 14DeKlSa_l229
1954.50064 0.00223 0 2 0 0 0 0 1 1 0 0 0 E A 3 0 0 0 0 0 0 2 1 0 0 0 E A 3 14DeKlSa_l23
2020.23101 0.00223 0 1 0 1 0 1 10 6 0 1 1 A E 3 0 0 0 0 0 0 11 5 0 0 0 E A 3 14DeKlSa_l230
-2020.24726 0.00223 0 1 0 1 0 1 9 4 0 1 1 E E 2 0 0 0 0 0 0 10 0 0 0 0 A A 1 14DeKlSa_l231_a
2020.86847 0.00223 0 1 0 1 0 1 11 9 0 1 1 A E 3 0 0 0 0 0 0 12 8 0 0 0 E A 3 14DeKlSa_l234
2021.12213 0.00223 0 2 0 0 0 0 7 3 0 0 0 A A 2 0 0 0 0 0 0 6 3 0 0 0 A A 1 14DeKlSa_l235
2021.12213 0.004 0 2 0 0 0 0 7 3 0 0 0 A A 1 0 0 0 0 0 0 6 3 0 0 0 A A 2 14DeKlSa_l236
2021.89519 0.00223 0 2 0 0 0 0 6 5 0 0 0 E A 3 0 0 0 0 0 0 5 5 0 0 0 E A 3 14DeKlSa_l237
1954.58354 0.00223 0 2 0 0 0 0 9 5 0 0 0 E A 3 0 0 0 0 0 0 9 5 0 0 0 E A 3 14DeKlSa_l24
2022.55625 0.00223 0 2 0 0 0 0 8 0 0 0 0 A A 1 0 0 0 0 0 0 7 0 0 0 0 A A 2 14DeKlSa_l240
2022.8744 0.00223 0 2 0 0 0 0 8 1 0 0 0 E A 3 0 0 0 0 0 0 7 1 0 0 0 E A 3 14DeKlSa_l241
2022.89509 0.00223 0 1 0 1 0 -1 7 4 0 1 1 E E 3 0 0 0 0 0 0 8 5 0 0 0 E A 3 14DeKlSa_l242
2023.47068 0.00223 0 2 0 0 0 0 7 4 0 0 0 E A 3 0 0 0 0 0 0 6 4 0 0 0 E A 3 14DeKlSa_l244
2023.76346 0.00223 0 1 0 1 0 1 10 7 0 1 1 E E 1 0 0 0 0 0 0 11 6 0 0 0 A A 2 14DeKlSa_l245
2023.78116 0.00223 0 1 0 1 0 1 10 7 0 1 1 E E 2 0 0 0 0 0 0 11 6 0 0 0 A A 1 14DeKlSa_l246
2023.83247 0.00223 0 2 0 0 0 0 8 2 0 0 0 E A 3 0 0 0 0 0 0 7 2 0 0 0 E A 3 14DeKlSa_l247
2024.61206 0.00223 0 1 0 1 0 1 9 4 0 1 1 E E 1 0 0 0 0 0 0 10 3 0 0 0 A A 2 14DeKlSa_l248
2024.811 0.00223 0 1 0 1 0 -1 7 3 0 1 1 A E 3 0 0 0 0 0 0 8 4 0 0 0 E A 3 14DeKlSa_l249
1954.81843 0.00223 0 1 0 1 0 -1 13 7 0 1 1 E E 3 0 0 0 0 0 0 14 8 0 0 0 E A 3 14DeKlSa_l25
2024.89559 0.00223 0 1 0 1 0 1 9 4 0 1 1 E E 2 0 0 0 0 0 0 10 3 0 0 0 A A 1 14DeKlSa_l250
2025.16107 0.00223 0 1 0 1 0 1 11 10 0 1 1 E E 1 0 0 0 0 0 0 12 9 0 0 0 A A 2 14DeKlSa_l251
2025.16107 0.00223 0 1 0 1 0 1 11 10 0 1 1 E E 2 0 0 0 0 0 0 12 9 0 0 0 A A 1 14DeKlSa_l252
2025.43376 0.00223 0 2 0 0 0 0 8 3 0 0 0 A A 1 0 0 0 0 0 0 7 3 0 0 0 A A 2 14DeKlSa_l253
2025.45032 0.00223 0 2 0 0 0 0 8 3 0 0 0 A A 2 0 0 0 0 0 0 7 3 0 0 0 A A 1 14DeKlSa_l254
2026.532 0.00223 0 2 0 0 0 0 9 0 0 0 0 A A 2 0 0 0 0 0 0 8 0 0 0 0 A A 1 14DeKlSa_l255
2026.82136 0.00223 0 1 0 1 0 -1 7 2 0 1 1 E E 1 0 0 0 0 0 0 8 3 0 0 0 A A 2 14DeKlSa_l256
2026.89706 0.00223 0 1 0 1 0 -1 7 2 0 1 1 E E 2 0 0 0 0 0 0 8 3 0 0 0 A A 1 14DeKlSa_l258
2027.59949 0.00223 0 1 0 1 0 1 10 8 0 1 1 E E 3 0 0 0 0 0 0 11 7 0 0 0 E A 3 14DeKlSa_l259
1955.39032 0.00223 0 2 0 0 0 0 11 8 0 0 0 E A 3 0 0 0 0 0 0 11 8 0 0 0 E A 3 14DeKlSa_l26
2027.72224 0.00223 0 2 0 0 0 0 8 4 0 0 0 E A 3 0 0 0 0 0 0 7 4 0 0 0 E A 3 14DeKlSa_l260
2027.77 0.00223 0 2 0 0 0 0 9 2 0 0 0 E A 3 0 0 0 0 0 0 8 2 0 0 0 E A 3 14DeKlSa_l261
2028.1348 0.00223 0 1 0 1 0 1 8 1 0 1 1 E E 1 0 0 0 0 0 0 9 0 0 0 0 A A 2 14DeKlSa_l262
2029.76852 0.00223 0 1 0 1 0 -1 6 6 0 1 1 A E 3 0 0 0 0 0 0 7 7 0 0 0 E A 3 14DeKlSa_l264
2029.9159 0.00223 0 1 0 1 0 1 8 4 0 1 1 E E 1 0 0 0 0 0 0 9 0 0 0 0 A A 2 14DeKlSa_l265
-2029.99372 0.00223 0 1 0 1 0 1 8 6 0 1 1 A E 3 0 0 0 0 0 0 9 2 0 0 0 E A 3 14DeKlSa_l266_a
-2030.08579 0.00223 0 1 0 1 0 1 8 5 0 1 1 E E 3 0 0 0 0 0 0 9 1 0 0 0 E A 3 14DeKlSa_l267_a
2030.11892 0.00223 0 2 0 0 0 0 10 0 0 0 0 A A 1 0 0 0 0 0 0 9 0 0 0 0 A A 2 14DeKlSa_l268
-2030.20096 0.00223 0 1 0 1 0 1 8 3 0 1 1 A E 3 0 0 0 0 0 0 9 1 0 0 0 E A 3 14DeKlSa_l269_a
1956.16882 0.00223 0 1 0 1 0 -1 13 6 0 1 1 A E 3 0 0 0 0 0 0 14 7 0 0 0 E A 3 14DeKlSa_l27
2030.37068 0.00223 0 2 0 0 0 0 7 6 0 0 0 A A 1 0 0 0 0 0 0 6 6 0 0 0 A A 2 14DeKlSa_l270
2030.37068 0.00223 0 2 0 0 0 0 7 6 0 0 0 A A 2 0 0 0 0 0 0 6 6 0 0 0 A A 1 14DeKlSa_l271
2030.41753 0.00223 0 2 0 0 0 0 10 1 0 0 0 E A 3 0 0 0 0 0 0 9 1 0 0 0 E A 3 14DeKlSa_l272
2030.54491 0.00223 0 1 0 1 0 1 9 6 0 1 1 A E 3 0 0 0 0 0 0 10 5 0 0 0 E A 3 14DeKlSa_l273
2030.70174 0.00223 0 2 0 0 0 0 8 5 0 0 0 E A 3 0 0 0 0 0 0 7 5 0 0 0 E A 3 14DeKlSa_l274
2030.98071 0.00223 0 1 0 1 0 1 7 0 0 1 1 A E 3 0 0 0 0 0 0 8 1 0 0 0 E A 3 14DeKlSa_l275
2031.53913 0.00223 0 2 0 0 0 0 9 4 0 0 0 E A 3 0 0 0 0 0 0 8 4 0 0 0 E A 3 14DeKlSa_l276
-2031.64233 0.00223 0 1 0 1 0 1 8 5 0 1 1 E E 3 0 0 0 0 0 0 9 2 0 0 0 E A 3 14DeKlSa_l277_a
2031.75752 0.00223 0 1 0 1 0 1 8 3 0 1 1 A E 3 0 0 0 0 0 0 9 2 0 0 0 E A 3 14DeKlSa_l278
2031.77729 0.00223 0 1 0 1 0 1 10 9 0 1 1 A E 3 0 0 0 0 0 0 11 8 0 0 0 E A 3 14DeKlSa_l279
1956.70704 0.00223 0 2 0 0 0 0 8 4 0 0 0 E A 3 0 0 0 0 0 0 8 4 0 0 0 E A 3 14DeKlSa_l28
-2032.54612 0.00223 0 1 0 1 0 1 7 0 0 1 1 A E 3 0 0 0 0 0 0 8 2 0 0 0 E A 3 14DeKlSa_l280_a
-2032.81079 0.00223 0 1 0 1 0 1 8 1 0 1 1 E E 1 0 0 0 0 0 0 9 3 0 0 0 A A 2 14DeKlSa_l281_a
2033.07743 0.00223 0 1 0 1 0 -1 6 4 0 1 1 E E 3 0 0 0 0 0 0 7 5 0 0 0 E A 3 14DeKlSa_l282
2033.35219 0.00223 0 2 0 0 0 0 11 0 0 0 0 A A 2 0 0 0 0 0 0 10 0 0 0 0 A A 1 14DeKlSa_l283
2033.64061 0.00223 0 2 0 0 0 0 11 1 0 0 0 E A 3 0 0 0 0 0 0 10 1 0 0 0 E A 3 14DeKlSa_l284
2034.48206 0.00223 0 1 0 1 0 1 8 4 0 1 1 E E 2 0 0 0 0 0 0 9 3 0 0 0 A A 1 14DeKlSa_l285
2034.50893 0.00223 0 2 0 0 0 0 11 2 0 0 0 E A 3 0 0 0 0 0 0 10 2 0 0 0 E A 3 14DeKlSa_l286
2034.59194 0.00223 0 1 0 1 0 1 8 4 0 1 1 E E 1 0 0 0 0 0 0 9 3 0 0 0 A A 2 14DeKlSa_l287
2034.96089 0.00223 0 2 0 0 0 0 10 4 0 0 0 E A 3 0 0 0 0 0 0 9 4 0 0 0 E A 3 14DeKlSa_l288
2035.01258 0.00223 0 1 0 1 0 -1 6 3 0 1 1 A E 3 0 0 0 0 0 0 7 4 0 0 0 E A 3 14DeKlSa_l289
1956.72529 0.00223 0 2 0 0 0 0 10 7 0 0 0 E A 3 0 0 0 0 0 0 10 7 0 0 0 E A 3 14DeKlSa_l29
2036.2659 0.00223 0 2 0 0 0 0 12 0 0 0 0 A A 1 0 0 0 0 0 0 11 0 0 0 0 A A 2 14DeKlSa_l290
2036.54447 0.00223 0 2 0 0 0 0 12 1 0 0 0 E A 3 0 0 0 0 0 0 11 1 0 0 0 E A 3 14DeKlSa_l291
2037.08777 0.00223 0 1 0 1 0 -1 6 2 0 1 1 E E 2 0 0 0 0 0 0 7 3 0 0 0 A A 1 14DeKlSa_l293
2037.13065 0.00223 0 1 0 1 0 -1 6 2 0 1 1 E E 1 0 0 0 0 0 0 7 3 0 0 0 A A 2 14DeKlSa_l294
2037.38251 0.00223 0 2 0 0 0 0 12 2 0 0 0 E A 3 0 0 0 0 0 0 11 2 0 0 0 E A 3 14DeKlSa_l295
2037.575 0.00223 0 1 0 1 0 1 7 1 0 1 1 E E 2 0 0 0 0 0 0 8 0 0 0 0 A A 1 14DeKlSa_l296
2037.74681 0.00223 0 2 0 0 0 0 10 5 0 0 0 E A 3 0 0 0 0 0 0 9 5 0 0 0 E A 3 14DeKlSa_l297
2037.89418 0.00223 0 1 0 1 0 1 8 5 0 1 1 E E 3 0 0 0 0 0 0 9 4 0 0 0 E A 3 14DeKlSa_l298
2038.35939 0.00223 0 1 0 1 0 1 9 8 0 1 1 E E 3 0 0 0 0 0 0 10 7 0 0 0 E A 3 14DeKlSa_l299
1939.76666 0.00223 0 1 0 1 0 -1 14 11 0 1 1 E E 2 0 0 0 0 0 0 15 12 0 0 0 A A 1 14DeKlSa_l3
1957.30303 0.00223 0 2 0 0 0 0 7 2 0 0 0 E A 3 0 0 0 0 0 0 7 2 0 0 0 E A 3 14DeKlSa_l30
2038.76092 0.00223 0 1 0 1 0 1 7 2 0 1 1 E E 3 0 0 0 0 0 0 8 1 0 0 0 E A 3 14DeKlSa_l300
-2038.82987 0.00223 0 1 0 1 0 1 7 6 0 1 1 A E 3 0 0 0 0 0 0 8 1 0 0 0 E A 3 14DeKlSa_l301_a
2038.92432 0.00223 0 2 0 0 0 0 8 7 0 0 0 E A 3 0 0 0 0 0 0 7 7 0 0 0 E A 3 14DeKlSa_l302
2039.32951 0.00223 0 1 0 1 0 -1 6 1 0 1 1 E E 3 0 0 0 0 0 0 7 2 0 0 0 E A 3 14DeKlSa_l303
-2039.80054 0.00223 0 1 0 1 0 1 7 4 0 1 1 E E 2 0 0 0 0 0 0 8 0 0 0 0 A A 1 14DeKlSa_l304_a
-2040.05054 0.00223 0 1 0 1 0 1 7 5 0 1 1 E E 3 0 0 0 0 0 0 8 1 0 0 0 E A 3 14DeKlSa_l305_a
-2040.32709 0.00223 0 1 0 1 0 1 7 2 0 1 1 E E 3 0 0 0 0 0 0 8 2 0 0 0 E A 3 14DeKlSa_l306_a
-2040.39509 0.00223 0 1 0 1 0 1 7 6 0 1 1 A E 3 0 0 0 0 0 0 8 2 0 0 0 E A 3 14DeKlSa_l307_a
2040.71381 0.00223 0 2 0 0 0 0 11 5 0 0 0 E A 3 0 0 0 0 0 0 10 5 0 0 0 E A 3 14DeKlSa_l308
2040.77105 0.00223 0 2 0 0 0 0 12 4 0 0 0 E A 3 0 0 0 0 0 0 11 4 0 0 0 E A 3 14DeKlSa_l309
1957.59067 0.00223 0 1 0 1 0 -1 13 5 0 1 1 E E 2 0 0 0 0 0 0 14 6 0 0 0 A A 1 14DeKlSa_l31
2040.95996 0.00223 0 1 0 1 0 1 8 6 0 1 1 A E 3 0 0 0 0 0 0 9 5 0 0 0 E A 3 14DeKlSa_l310
2041.22004 0.00223 0 2 0 0 0 0 10 6 0 0 0 A A 1 0 0 0 0 0 0 9 6 0 0 0 A A 2 14DeKlSa_l311
2041.22004 0.00223 0 2 0 0 0 0 10 6 0 0 0 A A 2 0 0 0 0 0 0 9 6 0 0 0 A A 1 14DeKlSa_l312
2041.38354 0.00223 0 1 0 1 0 -1 5 5 0 1 1 E E 1 0 0 0 0 0 0 6 6 0 0 0 A A 2 14DeKlSa_l313
2041.38354 0.00223 0 1 0 1 0 -1 5 5 0 1 1 E E 2 0 0 0 0 0 0 6 6 0 0 0 A A 1 14DeKlSa_l314
2041.4939 0.00223 0 1 0 1 0 1 7 3 0 1 1 A E 3 0 0 0 0 0 0 8 2 0 0 0 E A 3 14DeKlSa_l315
2041.53664 0.00223 0 1 0 1 0 1 6 0 0 1 1 A E 3 0 0 0 0 0 0 7 1 0 0 0 E A 3 14DeKlSa_l316
-2042.27804 0.00223 0 1 0 1 0 1 7 1 0 1 1 E E 2 0 0 0 0 0 0 8 3 0 0 0 A A 1 14DeKlSa_l317_a
2042.37614 0.00223 0 2 0 0 0 0 9 7 0 0 0 E A 3 0 0 0 0 0 0 8 7 0 0 0 E A 3 14DeKlSa_l318
2043.12363 0.00223 0 1 0 1 0 -1 5 4 0 1 1 E E 3 0 0 0 0 0 0 6 5 0 0 0 E A 3 14DeKlSa_l319
1957.59067 0.00223 0 1 0 1 0 -1 13 5 0 1 1 E E 1 0 0 0 0 0 0 14 6 0 0 0 A A 2 14DeKlSa_l32
2043.35926 0.00223 0 2 0 0 0 0 12 5 0 0 0 E A 3 0 0 0 0 0 0 11 5 0 0 0 E A 3 14DeKlSa_l320
2044.05815 0.00223 0 2 0 0 0 0 11 6 0 0 0 A A 2 0 0 0 0 0 0 10 6 0 0 0 A A 1 14DeKlSa_l321
2044.05815 0.00223 0 2 0 0 0 0 11 6 0 0 0 A A 1 0 0 0 0 0 0 10 6 0 0 0 A A 2 14DeKlSa_l322
2044.46889 0.00223 0 1 0 1 0 1 7 4 0 1 1 E E 1 0 0 0 0 0 0 8 3 0 0 0 A A 2 14DeKlSa_l323
2044.50333 0.00223 0 1 0 1 0 1 7 4 0 1 1 E E 2 0 0 0 0 0 0 8 3 0 0 0 A A 1 14DeKlSa_l324
2044.91485 0.00223 0 1 0 1 0 1 8 7 0 1 1 E E 1 0 0 0 0 0 0 9 6 0 0 0 A A 2 14DeKlSa_l325
2044.91485 0.00223 0 1 0 1 0 1 8 7 0 1 1 E E 2 0 0 0 0 0 0 9 6 0 0 0 A A 1 14DeKlSa_l326
2045.06408 0.00223 0 1 0 1 0 -1 5 3 0 1 1 A E 3 0 0 0 0 0 0 6 4 0 0 0 E A 3 14DeKlSa_l327
2045.41811 0.00223 0 2 0 0 0 0 10 7 0 0 0 E A 3 0 0 0 0 0 0 9 7 0 0 0 E A 3 14DeKlSa_l328
2046.57669 0.00223 0 2 0 0 0 0 12 6 0 0 0 A A 1 0 0 0 0 0 0 11 6 0 0 0 A A 2 14DeKlSa_l329
1958.14687 0.00223 0 2 0 0 0 0 9 6 0 0 0 A A 1 0 0 0 0 0 0 9 6 0 0 0 A A 2 14DeKlSa_l33
2046.57669 0.00223 0 2 0 0 0 0 12 6 0 0 0 A A 2 0 0 0 0 0 0 11 6 0 0 0 A A 1 14DeKlSa_l330
-2046.61492 0.00223 0 1 0 1 0 1 7 2 0 1 1 E E 3 0 0 0 0 0 0 8 4 0 0 0 E A 3 14DeKlSa_l331_a
2046.99325 0.00223 0 1 0 1 0 1 6 1 0 1 1 E E 1 0 0 0 0 0 0 7 0 0 0 0 A A 2 14DeKlSa_l332
2047.17865 0.00223 0 1 0 1 0 -1 5 2 0 1 1 E E 1 0 0 0 0 0 0 6 3 0 0 0 A A 2 14DeKlSa_l333
2047.19957 0.00223 0 1 0 1 0 -1 5 2 0 1 1 E E 2 0 0 0 0 0 0 6 3 0 0 0 A A 1 14DeKlSa_l334
2047.55081 0.00223 0 2 0 0 0 0 9 8 0 0 0 E A 3 0 0 0 0 0 0 8 8 0 0 0 E A 3 14DeKlSa_l335
2047.90315 0.00223 0 1 0 1 0 1 7 5 0 1 1 E E 3 0 0 0 0 0 0 8 4 0 0 0 E A 3 14DeKlSa_l336
2048.09948 0.00223 0 2 0 0 0 0 11 7 0 0 0 E A 3 0 0 0 0 0 0 10 7 0 0 0 E A 3 14DeKlSa_l337
2048.49565 0.00223 0 1 0 1 0 1 6 2 0 1 1 E E 3 0 0 0 0 0 0 7 1 0 0 0 E A 3 14DeKlSa_l338
2049.17891 0.00223 0 1 0 1 0 1 8 8 0 1 1 E E 3 0 0 0 0 0 0 9 7 0 0 0 E A 3 14DeKlSa_l339
1958.14687 0.00223 0 2 0 0 0 0 9 6 0 0 0 A A 2 0 0 0 0 0 0 9 6 0 0 0 A A 1 14DeKlSa_l34
2049.47559 0.00223 0 1 0 1 0 -1 5 1 0 1 1 E E 3 0 0 0 0 0 0 6 2 0 0 0 E A 3 14DeKlSa_l340
2050.40403 0.00223 0 2 0 0 0 0 10 8 0 0 0 E A 3 0 0 0 0 0 0 9 8 0 0 0 E A 3 14DeKlSa_l341
2050.45987 0.00223 0 2 0 0 0 0 12 7 0 0 0 E A 3 0 0 0 0 0 0 11 7 0 0 0 E A 3 14DeKlSa_l342
-2050.77031 0.00223 0 1 0 1 0 1 6 6 0 1 1 A E 3 0 0 0 0 0 0 7 2 0 0 0 E A 3 14DeKlSa_l343_a
2051.34193 0.00223 0 1 0 1 0 1 6 3 0 1 1 A E 3 0 0 0 0 0 0 7 2 0 0 0 E A 3 14DeKlSa_l344
2051.42402 0.00223 0 1 0 1 0 1 7 6 0 1 1 A E 3 0 0 0 0 0 0 8 5 0 0 0 E A 3 14DeKlSa_l345
-2051.71966 0.00223 0 1 0 1 0 1 6 1 0 1 1 E E 1 0 0 0 0 0 0 7 3 0 0 0 A A 2 14DeKlSa_l346_a
2051.84407 0.00223 0 1 0 1 0 1 5 0 0 1 1 A E 3 0 0 0 0 0 0 6 1 0 0 0 E A 3 14DeKlSa_l347
2052.88942 0.00223 0 2 0 0 0 0 11 8 0 0 0 E A 3 0 0 0 0 0 0 10 8 0 0 0 E A 3 14DeKlSa_l348
2053.02371 0.00223 0 1 0 1 0 -1 4 4 0 1 1 E E 3 0 0 0 0 0 0 5 5 0 0 0 E A 3 14DeKlSa_l349
1958.94182 0.00223 0 2 0 0 0 0 7 3 0 0 0 A A 2 0 0 0 0 0 0 7 3 0 0 0 A A 1 14DeKlSa_l35
-2053.42487 0.00223 0 1 0 1 0 1 5 0 0 1 1 A E 3 0 0 0 0 0 0 6 2 0 0 0 E A 3 14DeKlSa_l350_a
2054.51792 0.00223 0 1 0 1 0 1 6 4 0 1 1 E E 2 0 0 0 0 0 0 7 3 0 0 0 A A 1 14DeKlSa_l351
2054.95919 0.00223 0 1 0 1 0 -1 4 3 0 1 1 A E 3 0 0 0 0 0 0 5 4 0 0 0 E A 3 14DeKlSa_l352
2055.05537 0.00223 0 2 0 0 0 0 12 8 0 0 0 E A 3 0 0 0 0 0 0 11 8 0 0 0 E A 3 14DeKlSa_l353
2055.538 0.00223 0 1 0 1 0 1 7 7 0 1 1 E E 2 0 0 0 0 0 0 8 6 0 0 0 A A 1 14DeKlSa_l354
2055.538 0.00223 0 1 0 1 0 1 7 7 0 1 1 E E 1 0 0 0 0 0 0 8 6 0 0 0 A A 2 14DeKlSa_l355
2056.24414 0.00223 0 2 0 0 0 0 10 9 0 0 0 A A 2 0 0 0 0 0 0 9 9 0 0 0 A A 1 14DeKlSa_l356
2056.24414 0.00223 0 2 0 0 0 0 10 9 0 0 0 A A 1 0 0 0 0 0 0 9 9 0 0 0 A A 2 14DeKlSa_l357
2057.09244 0.00223 0 1 0 1 0 -1 4 2 0 1 1 E E 2 0 0 0 0 0 0 5 3 0 0 0 A A 1 14DeKlSa_l358
2057.10179 0.00223 0 1 0 1 0 -1 4 2 0 1 1 E E 1 0 0 0 0 0 0 5 3 0 0 0 A A 2 14DeKlSa_l359
1958.95161 0.004 0 2 0 0 0 0 7 3 0 0 0 A A 1 0 0 0 0 0 0 7 3 0 0 0 A A 2 14DeKlSa_l36
2058.05463 0.00223 0 1 0 1 0 1 6 5 0 1 1 E E 3 0 0 0 0 0 0 7 4 0 0 0 E A 3 14DeKlSa_l360
-2058.21378 0.00223 0 1 0 1 0 1 5 1 0 1 1 E E 1 0 0 0 0 0 0 6 3 0 0 0 A A 2 14DeKlSa_l361_a
2058.22937 0.00223 0 1 0 1 0 1 5 2 0 1 1 E E 3 0 0 0 0 0 0 6 1 0 0 0 E A 3 14DeKlSa_l362
2058.49541 0.00223 0 2 0 0 0 0 11 9 0 0 0 A A 1 0 0 0 0 0 0 10 9 0 0 0 A A 2 14DeKlSa_l363
2058.49541 0.00223 0 2 0 0 0 0 11 9 0 0 0 A A 2 0 0 0 0 0 0 10 9 0 0 0 A A 1 14DeKlSa_l364
-2058.70948 0.00223 0 1 0 1 0 1 7 4 0 1 1 E E 1 0 0 0 0 0 0 8 6 0 0 0 A A 2 14DeKlSa_l365_a
-2058.74318 0.00223 0 1 0 1 0 1 7 4 0 1 1 E E 2 0 0 0 0 0 0 8 6 0 0 0 A A 1 14DeKlSa_l366_a
2059.42343 0.00223 0 1 0 1 0 -1 4 1 0 1 1 E E 3 0 0 0 0 0 0 5 2 0 0 0 E A 3 14DeKlSa_l367
2060.42414 0.00223 0 2 0 0 0 0 12 9 0 0 0 A A 2 0 0 0 0 0 0 11 9 0 0 0 A A 1 14DeKlSa_l368
2060.42414 0.00223 0 2 0 0 0 0 12 9 0 0 0 A A 1 0 0 0 0 0 0 11 9 0 0 0 A A 2 14DeKlSa_l369
1959.04425 0.00223 0 1 0 1 0 -1 13 4 0 1 1 E E 3 0 0 0 0 0 0 14 5 0 0 0 E A 3 14DeKlSa_l37
-2061.14816 0.00223 0 1 0 1 0 1 5 1 0 1 1 E E 2 0 0 0 0 0 0 6 3 0 0 0 A A 1 14DeKlSa_l370_a
2061.22062 0.00223 0 1 0 1 0 1 5 3 0 1 1 A E 3 0 0 0 0 0 0 6 2 0 0 0 E A 3 14DeKlSa_l371
2061.85577 0.00223 0 1 0 1 0 1 6 6 0 1 1 A E 3 0 0 0 0 0 0 7 5 0 0 0 E A 3 14DeKlSa_l372
2061.89999 0.00223 0 1 0 1 0 1 4 0 0 1 1 A E 3 0 0 0 0 0 0 5 1 0 0 0 E A 3 14DeKlSa_l373
2062.4281 0.00223 0 1 0 1 0 1 6 3 0 1 1 A E 3 0 0 0 0 0 0 7 5 0 0 0 E A 3 14DeKlSa_l374
2064.56218 0.00223 0 1 0 1 0 1 5 4 0 1 1 E E 1 0 0 0 0 0 0 6 3 0 0 0 A A 2 14DeKlSa_l375
2064.56218 0.00223 0 1 0 1 0 1 5 4 0 1 1 E E 2 0 0 0 0 0 0 6 3 0 0 0 A A 1 14DeKlSa_l376
2064.68659 0.00223 0 1 0 1 0 -1 3 3 0 1 1 A E 3 0 0 0 0 0 0 4 4 0 0 0 E A 3 14DeKlSa_l377
2064.99719 0.00223 0 2 0 0 0 0 11 10 0 0 0 E A 3 0 0 0 0 0 0 10 10 0 0 0 E A 3 14DeKlSa_l378
-2065.66272 0.00223 0 1 0 1 0 1 9 8 0 1 1 E E 3 0 0 0 0 0 0 10 10 0 0 0 E A 3 14DeKlSa_l379_a
1959.66226 0.00223 0 2 0 0 0 0 8 5 0 0 0 E A 3 0 0 0 0 0 0 8 5 0 0 0 E A 3 14DeKlSa_l38
2065.78537 0.00223 0 1 0 1 0 1 4 1 0 1 1 E E 1 0 0 0 0 0 0 5 0 0 0 0 A A 2 14DeKlSa_l380
-2066.15828 0.00223 0 1 0 1 0 1 5 2 0 1 1 E E 3 0 0 0 0 0 0 6 4 0 0 0 E A 3 14DeKlSa_l381_a
2066.64203 0.00223 0 2 0 0 0 0 12 10 0 0 0 E A 3 0 0 0 0 0 0 11 10 0 0 0 E A 3 14DeKlSa_l382
-2066.70648 0.00223 0 1 0 1 0 -1 11 6 0 1 1 A E 3 0 0 0 0 0 0 11 4 0 0 0 E A 3 14DeKlSa_l383_a
2067.95325 0.00223 0 1 0 1 0 1 4 2 0 1 1 E E 3 0 0 0 0 0 0 5 1 0 0 0 E A 3 14DeKlSa_l384
2068.01381 0.00223 0 2 0 0 0 0 13 10 0 0 0 E A 3 0 0 0 0 0 0 12 10 0 0 0 E A 3 14DeKlSa_l385
2068.21664 0.00223 0 1 0 1 0 1 5 5 0 1 1 E E 3 0 0 0 0 0 0 6 4 0 0 0 E A 3 14DeKlSa_l386
-2068.61619 0.00223 0 1 0 1 0 1 4 1 0 1 1 E E 2 0 0 0 0 0 0 5 3 0 0 0 A A 1 14DeKlSa_l387_a
2069.17435 0.00223 0 1 0 1 0 -1 3 1 0 1 1 E E 3 0 0 0 0 0 0 4 2 0 0 0 E A 3 14DeKlSa_l388
-2070.55058 0.00223 0 1 0 1 0 1 4 1 0 1 1 E E 1 0 0 0 0 0 0 5 3 0 0 0 A A 2 14DeKlSa_l389_a
1960.2776 0.00223 0 2 0 0 0 0 12 10 0 0 0 E A 3 0 0 0 0 0 0 12 10 0 0 0 E A 3 14DeKlSa_l39
2071.08508 0.00223 0 1 0 1 0 1 4 3 0 1 1 A E 3 0 0 0 0 0 0 5 2 0 0 0 E A 3 14DeKlSa_l390
-2071.66967 0.00223 0 1 0 1 0 -1 8 6 0 1 1 A E 3 0 0 0 0 0 0 8 4 0 0 0 E A 3 14DeKlSa_l391_a
2071.71303 0.00223 0 1 0 1 0 1 3 0 0 1 1 A E 3 0 0 0 0 0 0 4 1 0 0 0 E A 3 14DeKlSa_l392
-2072.23256 0.00223 0 1 0 1 0 1 7 6 0 1 1 A E 3 0 0 0 0 0 0 8 8 0 0 0 E A 3 14DeKlSa_l393_a
-2072.35636 0.00223 0 1 0 1 0 1 5 3 0 1 1 A E 3 0 0 0 0 0 0 6 5 0 0 0 E A 3 14DeKlSa_l394_a
-2073.21629 0.00223 0 1 0 1 0 -1 10 5 0 1 1 E E 1 0 0 0 0 0 0 10 3 0 0 0 A A 2 14DeKlSa_l395_a
-2073.30582 0.00223 0 1 0 1 0 1 3 0 0 1 1 A E 3 0 0 0 0 0 0 4 2 0 0 0 E A 3 14DeKlSa_l396_a
2074.5311 0.00223 0 1 0 1 0 1 4 4 0 1 1 E E 2 0 0 0 0 0 0 5 3 0 0 0 A A 1 14DeKlSa_l397
2074.5311 0.00223 0 1 0 1 0 1 4 4 0 1 1 E E 1 0 0 0 0 0 0 5 3 0 0 0 A A 2 14DeKlSa_l398
2074.9115 0.00223 0 1 0 1 0 -1 9 5 0 1 1 E E 2 0 0 0 0 0 0 9 3 0 0 0 A A 1 14DeKlSa_l399
1939.76666 0.00223 0 1 0 1 0 -1 14 11 0 1 1 E E 1 0 0 0 0 0 0 15 12 0 0 0 A A 2 14DeKlSa_l4
1960.29928 0.006 0 2 0 0 0 0 6 1 0 0 0 E A 3 0 0 0 0 0 0 6 1 0 0 0 E A 3 14DeKlSa_l40
2074.9115 0.00223 0 1 0 1 0 -1 9 5 0 1 1 E E 1 0 0 0 0 0 0 9 3 0 0 0 A A 2 14DeKlSa_l400
2075.12462 0.00223 0 1 0 1 0 1 3 1 0 1 1 E E 2 0 0 0 0 0 0 4 0 0 0 0 A A 1 14DeKlSa_l401
2075.9146 0.00223 0 1 0 1 0 1 4 2 0 1 1 E E 3 0 0 0 0 0 0 5 4 0 0 0 E A 3 14DeKlSa_l402
2076.4709 0.00223 0 1 0 1 0 -1 8 5 0 1 1 E E 1 0 0 0 0 0 0 8 3 0 0 0 A A 2 14DeKlSa_l403
2076.4709 0.00223 0 1 0 1 0 -1 8 5 0 1 1 E E 2 0 0 0 0 0 0 8 3 0 0 0 A A 1 14DeKlSa_l404
2077.61569 0.00223 0 1 0 1 0 1 3 2 0 1 1 E E 3 0 0 0 0 0 0 4 1 0 0 0 E A 3 14DeKlSa_l405
-2077.89566 0.00223 0 1 0 1 0 -1 7 5 0 1 1 E E 2 0 0 0 0 0 0 7 3 0 0 0 A A 1 14DeKlSa_l406_a
-2077.89566 0.00223 0 1 0 1 0 -1 7 5 0 1 1 E E 1 0 0 0 0 0 0 7 3 0 0 0 A A 2 14DeKlSa_l407_a
-2078.02259 0.00223 0 1 0 1 0 -1 10 4 0 1 1 E E 3 0 0 0 0 0 0 10 2 0 0 0 E A 3 14DeKlSa_l408_a
2078.72492 0.00223 0 1 0 1 0 -1 2 1 0 1 1 E E 3 0 0 0 0 0 0 3 2 0 0 0 E A 3 14DeKlSa_l409
1960.74089 0.00223 0 1 0 1 0 -1 12 12 0 1 1 A E 3 0 0 0 0 0 0 13 13 0 0 0 E A 3 14DeKlSa_l41
-2078.92386 0.00223 0 0 0 2 0 -2 12 10 0 2 2 E E 2 0 0 0 0 0 0 13 12 0 0 0 A A 1 14DeKlSa_l410_a
-2078.92386 0.00223 0 0 0 2 0 -2 12 10 0 2 2 E E 1 0 0 0 0 0 0 13 12 0 0 0 A A 2 14DeKlSa_l411_a
-2078.93985 0.00223 0 1 0 1 0 1 5 4 0 1 1 E E 1 0 0 0 0 0 0 6 6 0 0 0 A A 2 14DeKlSa_l412_a
-2078.93985 0.00223 0 1 0 1 0 1 5 4 0 1 1 E E 2 0 0 0 0 0 0 6 6 0 0 0 A A 1 14DeKlSa_l413_a
-2079.78444 0.00223 0 1 0 1 0 -1 9 4 0 1 1 E E 3 0 0 0 0 0 0 9 2 0 0 0 E A 3 14DeKlSa_l414_a
-2079.90553 0.00223 0 1 0 1 0 1 3 1 0 1 1 E E 2 0 0 0 0 0 0 4 3 0 0 0 A A 1 14DeKlSa_l415_a
-2080.34152 0.00223 0 1 0 1 0 -1 5 5 0 1 1 E E 2 0 0 0 0 0 0 5 3 0 0 0 A A 1 14DeKlSa_l416_a
-2080.34152 0.00223 0 1 0 1 0 -1 5 5 0 1 1 E E 1 0 0 0 0 0 0 5 3 0 0 0 A A 2 14DeKlSa_l417_a
2081.01793 0.00223 0 1 0 1 0 -1 13 5 0 1 1 E E 2 0 0 0 0 0 0 13 6 0 0 0 A A 1 14DeKlSa_l418
2081.01793 0.00223 0 1 0 1 0 -1 13 5 0 1 1 E E 1 0 0 0 0 0 0 13 6 0 0 0 A A 2 14DeKlSa_l419
1960.93305 0.00223 0 2 0 0 0 0 11 9 0 0 0 A A 1 0 0 0 0 0 0 11 9 0 0 0 A A 2 14DeKlSa_l42
-2081.05103 0.00223 0 0 0 2 0 -2 14 8 0 2 2 E E 3 0 0 0 0 0 0 15 10 0 0 0 E A 3 14DeKlSa_l420_a
2081.29407 0.00223 0 1 0 1 0 1 2 0 0 1 1 A E 3 0 0 0 0 0 0 3 1 0 0 0 E A 3 14DeKlSa_l421
-2081.39301 0.00223 0 1 0 1 0 -1 8 4 0 1 1 E E 3 0 0 0 0 0 0 8 2 0 0 0 E A 3 14DeKlSa_l422_a
-2082.26401 0.00223 0 1 0 1 0 1 4 3 0 1 1 A E 3 0 0 0 0 0 0 5 5 0 0 0 E A 3 14DeKlSa_l423_a
2082.42253 0.00223 0 1 0 1 0 -1 13 4 0 1 1 E E 3 0 0 0 0 0 0 13 5 0 0 0 E A 3 14DeKlSa_l424
2082.66218 0.00223 0 2 0 0 0 0 13 12 0 0 0 A A 1 0 0 0 0 0 0 12 12 0 0 0 A A 2 14DeKlSa_l425
2082.66218 0.00223 0 2 0 0 0 0 13 12 0 0 0 A A 2 0 0 0 0 0 0 12 12 0 0 0 A A 1 14DeKlSa_l426
2082.8493 0.00223 0 1 0 1 0 -1 7 4 0 1 1 E E 3 0 0 0 0 0 0 7 2 0 0 0 E A 3 14DeKlSa_l427
-2084.15623 0.00223 0 1 0 1 0 -1 6 4 0 1 1 E E 3 0 0 0 0 0 0 6 2 0 0 0 E A 3 14DeKlSa_l428_a
2084.39048 0.00223 0 1 0 1 0 1 2 1 0 1 1 E E 1 0 0 0 0 0 0 3 0 0 0 0 A A 2 14DeKlSa_l429
1960.93305 0.00223 0 2 0 0 0 0 11 9 0 0 0 A A 2 0 0 0 0 0 0 11 9 0 0 0 A A 1 14DeKlSa_l43
-2084.73943 0.00223 0 1 0 1 0 -1 9 3 0 1 1 A E 3 0 0 0 0 0 0 9 1 0 0 0 E A 3 14DeKlSa_l430_a
2084.75647 0.00223 0 1 0 1 0 -1 12 4 0 1 1 E E 3 0 0 0 0 0 0 12 5 0 0 0 E A 3 14DeKlSa_l431
2084.90013 0.00223 0 1 0 1 0 -1 13 2 0 1 1 E E 1 0 0 0 0 0 0 13 3 0 0 0 A A 2 14DeKlSa_l432
-2085.31542 0.00223 0 1 0 1 0 -1 5 4 0 1 1 E E 3 0 0 0 0 0 0 5 2 0 0 0 E A 3 14DeKlSa_l433_a
-2085.60124 0.00223 0 1 0 1 0 1 3 2 0 1 1 E E 3 0 0 0 0 0 0 4 4 0 0 0 E A 3 14DeKlSa_l434_a
2086.26639 0.00223 0 1 0 1 0 -1 12 3 0 1 1 A E 3 0 0 0 0 0 0 12 4 0 0 0 E A 3 14DeKlSa_l435
-2086.42081 0.00223 0 1 0 1 0 -1 8 3 0 1 1 A E 3 0 0 0 0 0 0 8 1 0 0 0 E A 3 14DeKlSa_l436_a
-2086.69346 0.00223 0 0 0 2 0 -2 12 9 0 2 2 A E 3 0 0 0 0 0 0 13 11 0 0 0 E A 3 14DeKlSa_l437_a
2086.92198 0.00223 0 1 0 1 0 -1 11 4 0 1 1 E E 3 0 0 0 0 0 0 11 5 0 0 0 E A 3 14DeKlSa_l438
2087.15526 0.00223 0 1 0 1 0 1 2 2 0 1 1 E E 3 0 0 0 0 0 0 3 1 0 0 0 E A 3 14DeKlSa_l439
1961.57007 0.00223 0 1 0 1 0 -1 13 2 0 1 1 E E 1 0 0 0 0 0 0 14 3 0 0 0 A A 2 14DeKlSa_l44
-2087.60621 0.00223 0 1 0 1 0 -1 10 2 0 1 1 E E 2 0 0 0 0 0 0 10 0 0 0 0 A A 1 14DeKlSa_l440_a
2087.90493 0.00223 0 1 0 1 0 -1 12 2 0 1 1 E E 1 0 0 0 0 0 0 12 3 0 0 0 A A 2 14DeKlSa_l441
2087.9326 0.00223 0 1 0 1 0 -1 7 3 0 1 1 A E 3 0 0 0 0 0 0 7 1 0 0 0 E A 3 14DeKlSa_l442
2088.06821 0.00223 0 1 0 1 0 -1 1 1 0 1 1 E E 3 0 0 0 0 0 0 2 2 0 0 0 E A 3 14DeKlSa_l443
2088.54242 0.00223 0 1 0 1 0 -1 11 3 0 1 1 A E 3 0 0 0 0 0 0 11 4 0 0 0 E A 3 14DeKlSa_l444
2088.98592 0.00223 0 1 0 1 0 -1 12 1 0 1 1 E E 3 0 0 0 0 0 0 12 2 0 0 0 E A 3 14DeKlSa_l445
-2089.27303 0.00223 0 1 0 1 0 -1 6 3 0 1 1 A E 3 0 0 0 0 0 0 6 1 0 0 0 E A 3 14DeKlSa_l446_a
-2089.64158 0.00223 0 1 0 1 0 -1 9 2 0 1 1 E E 1 0 0 0 0 0 0 9 0 0 0 0 A A 2 14DeKlSa_l447_a
2089.87762 0.00223 0 1 0 1 0 1 12 0 0 1 1 A E 3 0 0 0 0 0 0 12 1 0 0 0 E A 3 14DeKlSa_l448
2089.99174 0.00223 0 1 0 1 0 -1 11 2 0 1 1 E E 1 0 0 0 0 0 0 11 3 0 0 0 A A 2 14DeKlSa_l449
1961.65883 0.00223 0 2 0 0 0 0 10 8 0 0 0 E A 3 0 0 0 0 0 0 10 8 0 0 0 E A 3 14DeKlSa_l45
2090.20795 0.00223 0 1 0 1 0 1 12 1 0 1 1 E E 2 0 0 0 0 0 0 12 0 0 0 0 A A 1 14DeKlSa_l450
2090.29551 0.00223 0 1 0 1 0 -1 11 2 0 1 1 E E 2 0 0 0 0 0 0 11 3 0 0 0 A A 1 14DeKlSa_l451
2090.63584 0.00223 0 1 0 1 0 -1 10 3 0 1 1 A E 3 0 0 0 0 0 0 10 4 0 0 0 E A 3 14DeKlSa_l452
2090.64944 0.00223 0 1 0 1 0 1 1 0 0 1 1 A E 3 0 0 0 0 0 0 2 1 0 0 0 E A 3 14DeKlSa_l453
2091.59286 0.00223 0 1 0 1 0 -1 11 1 0 1 1 E E 3 0 0 0 0 0 0 11 2 0 0 0 E A 3 14DeKlSa_l454
2092.25554 0.00223 0 1 0 1 0 -1 10 2 0 1 1 E E 2 0 0 0 0 0 0 10 3 0 0 0 A A 1 14DeKlSa_l455
-2092.32445 0.00223 0 0 0 2 0 -2 11 9 0 2 2 A E 3 0 0 0 0 0 0 12 11 0 0 0 E A 3 14DeKlSa_l456_a
-2092.46149 0.00223 0 1 0 1 0 -1 10 1 0 1 1 E E 3 0 0 0 0 0 0 10 1 0 0 0 E A 3 14DeKlSa_l457_a
2092.4918 0.00223 0 1 0 1 0 -1 10 2 0 1 1 E E 1 0 0 0 0 0 0 10 3 0 0 0 A A 2 14DeKlSa_l458
2092.54552 0.00223 0 1 0 1 0 -1 9 3 0 1 1 A E 3 0 0 0 0 0 0 9 4 0 0 0 E A 3 14DeKlSa_l459
1962.24289 0.00223 0 1 0 1 0 -1 12 10 0 1 1 E E 3 0 0 0 0 0 0 13 11 0 0 0 E A 3 14DeKlSa_l46
2092.664 0.00223 0 1 0 1 0 1 11 0 0 1 1 A E 3 0 0 0 0 0 0 11 1 0 0 0 E A 3 14DeKlSa_l460
2093.07361 0.00223 0 1 0 1 0 1 11 1 0 1 1 E E 1 0 0 0 0 0 0 11 0 0 0 0 A A 2 14DeKlSa_l461
-2093.09047 0.00223 0 1 0 1 0 -1 7 2 0 1 1 E E 1 0 0 0 0 0 0 7 0 0 0 0 A A 2 14DeKlSa_l462_a
2093.55584 0.00223 0 1 0 1 0 1 1 1 0 1 1 E E 2 0 0 0 0 0 0 2 0 0 0 0 A A 1 14DeKlSa_l463
2094.00887 0.00223 0 1 0 1 0 -1 10 1 0 1 1 E E 3 0 0 0 0 0 0 10 2 0 0 0 E A 3 14DeKlSa_l464
2094.27432 0.00223 0 1 0 1 0 -1 8 3 0 1 1 A E 3 0 0 0 0 0 0 8 4 0 0 0 E A 3 14DeKlSa_l465
2094.31695 0.00223 0 1 0 1 0 -1 9 2 0 1 1 E E 1 0 0 0 0 0 0 9 3 0 0 0 A A 2 14DeKlSa_l466
2094.48972 0.00223 0 1 0 1 0 -1 9 2 0 1 1 E E 2 0 0 0 0 0 0 9 3 0 0 0 A A 1 14DeKlSa_l467
-2094.51772 0.00223 0 1 0 1 0 -1 6 2 0 1 1 E E 2 0 0 0 0 0 0 6 0 0 0 0 A A 1 14DeKlSa_l468_a
-2095.74742 0.00223 0 1 0 1 0 -1 5 2 0 1 1 E E 1 0 0 0 0 0 0 5 0 0 0 0 A A 2 14DeKlSa_l469_a
1962.46296 0.00223 0 2 0 0 0 0 9 7 0 0 0 E A 3 0 0 0 0 0 0 9 7 0 0 0 E A 3 14DeKlSa_l47
2095.80222 0.00223 0 1 0 1 0 1 10 1 0 1 1 E E 2 0 0 0 0 0 0 10 0 0 0 0 A A 1 14DeKlSa_l470
2096.17132 0.00223 0 1 0 1 0 -1 8 2 0 1 1 E E 2 0 0 0 0 0 0 8 3 0 0 0 A A 1 14DeKlSa_l471
2096.21783 0.00223 0 1 0 1 0 -1 9 1 0 1 1 E E 3 0 0 0 0 0 0 9 2 0 0 0 E A 3 14DeKlSa_l472
2096.28898 0.00223 0 1 0 1 0 -1 8 2 0 1 1 E E 1 0 0 0 0 0 0 8 3 0 0 0 A A 2 14DeKlSa_l473
-2096.64025 0.00223 0 1 0 1 0 -1 8 1 0 1 1 E E 3 0 0 0 0 0 0 8 1 0 0 0 E A 3 14DeKlSa_l474_a
-2096.78459 0.00223 0 1 0 1 0 -1 4 2 0 1 1 E E 2 0 0 0 0 0 0 4 0 0 0 0 A A 1 14DeKlSa_l475_a
-2097.63216 0.00223 0 1 0 1 0 -1 3 2 0 1 1 E E 1 0 0 0 0 0 0 3 0 0 0 0 A A 2 14DeKlSa_l476_a
2097.72861 0.00223 0 1 0 1 0 1 9 0 0 1 1 A E 3 0 0 0 0 0 0 9 1 0 0 0 E A 3 14DeKlSa_l477
2097.81905 0.00223 0 1 0 1 0 -1 7 2 0 1 1 E E 1 0 0 0 0 0 0 7 3 0 0 0 A A 2 14DeKlSa_l478
2097.89286 0.00223 0 1 0 1 0 -1 7 2 0 1 1 E E 2 0 0 0 0 0 0 7 3 0 0 0 A A 1 14DeKlSa_l479
1963.21249 0.00223 0 1 0 1 0 -1 12 9 0 1 1 A E 3 0 0 0 0 0 0 13 10 0 0 0 E A 3 14DeKlSa_l48
2098.20546 0.00223 0 1 0 1 0 -1 8 1 0 1 1 E E 3 0 0 0 0 0 0 8 2 0 0 0 E A 3 14DeKlSa_l480
2098.37817 0.00223 0 1 0 1 0 1 9 1 0 1 1 E E 1 0 0 0 0 0 0 9 0 0 0 0 A A 2 14DeKlSa_l481
2098.6758 0.00223 0 0 0 2 0 0 13 13 0 0 0 E A 3 0 0 0 0 0 0 14 13 0 0 0 E A 3 14DeKlSa_l482
2099.26446 0.00223 0 1 0 1 0 -1 6 2 0 1 1 E E 2 0 0 0 0 0 0 6 3 0 0 0 A A 1 14DeKlSa_l483
-2099.28436 0.00223 0 1 0 1 0 1 9 0 0 1 1 A E 3 0 0 0 0 0 0 9 2 0 0 0 E A 3 14DeKlSa_l484_a
2099.30667 0.00223 0 1 0 1 0 -1 6 2 0 1 1 E E 1 0 0 0 0 0 0 6 3 0 0 0 A A 2 14DeKlSa_l485
-2099.76412 0.00223 0 0 0 2 0 -2 11 8 0 2 2 E E 3 0 0 0 0 0 0 12 10 0 0 0 E A 3 14DeKlSa_l486_a
2099.77985 0.00223 0 1 0 1 0 1 0 0 0 1 1 A E 3 0 0 0 0 0 0 1 1 0 0 0 E A 3 14DeKlSa_l487
-2099.84956 0.00223 0 0 0 2 0 -2 12 7 0 2 2 E E 1 0 0 0 0 0 0 13 9 0 0 0 A A 2 14DeKlSa_l488_a
-2099.84956 0.00223 0 0 0 2 0 -2 12 7 0 2 2 E E 2 0 0 0 0 0 0 13 9 0 0 0 A A 1 14DeKlSa_l489_a
1963.34964 0.00223 0 2 0 0 0 0 8 6 0 0 0 A A 2 0 0 0 0 0 0 8 6 0 0 0 A A 1 14DeKlSa_l49
-2099.91381 0.00223 0 1 0 1 0 -1 6 1 0 1 1 E E 3 0 0 0 0 0 0 6 1 0 0 0 E A 3 14DeKlSa_l490_a
2100.51256 0.00223 0 1 0 1 0 -1 5 2 0 1 1 E E 1 0 0 0 0 0 0 5 3 0 0 0 A A 2 14DeKlSa_l491
2100.53366 0.00223 0 1 0 1 0 -1 5 2 0 1 1 E E 2 0 0 0 0 0 0 5 3 0 0 0 A A 1 14DeKlSa_l492
2100.78312 0.00223 0 1 0 1 0 1 8 1 0 1 1 E E 2 0 0 0 0 0 0 8 0 0 0 0 A A 1 14DeKlSa_l493
-2101.21337 0.00223 0 1 0 1 0 -1 5 1 0 1 1 E E 3 0 0 0 0 0 0 5 1 0 0 0 E A 3 14DeKlSa_l494_a
2101.49376 0.00223 0 1 0 1 0 -1 6 1 0 1 1 E E 3 0 0 0 0 0 0 6 2 0 0 0 E A 3 14DeKlSa_l495
2101.9558 0.00223 0 1 0 1 0 1 7 0 0 1 1 A E 3 0 0 0 0 0 0 7 1 0 0 0 E A 3 14DeKlSa_l496
-2102.29639 0.00223 0 1 0 1 0 -1 4 1 0 1 1 E E 3 0 0 0 0 0 0 4 1 0 0 0 E A 3 14DeKlSa_l497_a
2102.42542 0.00223 0 1 0 1 0 -1 3 2 0 1 1 E E 1 0 0 0 0 0 0 3 3 0 0 0 A A 2 14DeKlSa_l498
2102.42542 0.00223 0 1 0 1 0 -1 3 2 0 1 1 E E 2 0 0 0 0 0 0 3 3 0 0 0 A A 1 14DeKlSa_l499
1940.6091 0.00223 0 1 0 1 0 -1 14 10 0 1 1 E E 3 0 0 0 0 0 0 15 11 0 0 0 E A 3 14DeKlSa_l5
1963.34964 0.00223 0 2 0 0 0 0 8 6 0 0 0 A A 1 0 0 0 0 0 0 8 6 0 0 0 A A 2 14DeKlSa_l50
2102.79978 0.00223 0 1 0 1 0 -1 5 1 0 1 1 E E 3 0 0 0 0 0 0 5 2 0 0 0 E A 3 14DeKlSa_l500
2102.99963 0.00223 0 1 0 1 0 1 7 1 0 1 1 E E 1 0 0 0 0 0 0 7 0 0 0 0 A A 2 14DeKlSa_l501
-2103.05385 0.00223 0 1 0 1 0 1 9 1 0 1 1 E E 1 0 0 0 0 0 0 9 3 0 0 0 A A 2 14DeKlSa_l502_a
-2103.16976 0.00223 0 1 0 1 0 -1 3 1 0 1 1 E E 3 0 0 0 0 0 0 3 1 0 0 0 E A 3 14DeKlSa_l503_a
2103.69425 0.00223 0 1 0 1 0 1 6 0 0 1 1 A E 3 0 0 0 0 0 0 6 1 0 0 0 E A 3 14DeKlSa_l504
2103.88909 0.00223 0 1 0 1 0 -1 4 1 0 1 1 E E 3 0 0 0 0 0 0 4 2 0 0 0 E A 3 14DeKlSa_l505
2104.76577 0.00223 0 1 0 1 0 -1 3 1 0 1 1 E E 3 0 0 0 0 0 0 3 2 0 0 0 E A 3 14DeKlSa_l506
2105.00716 0.00223 0 1 0 1 0 1 6 1 0 1 1 E E 2 0 0 0 0 0 0 6 0 0 0 0 A A 1 14DeKlSa_l507
2105.16234 0.00223 0 1 0 1 0 1 5 0 0 1 1 A E 3 0 0 0 0 0 0 5 1 0 0 0 E A 3 14DeKlSa_l508
2105.3689 0.00223 0 0 0 2 0 -2 12 6 0 2 2 A E 3 0 0 0 0 0 0 13 8 0 0 0 E A 3 14DeKlSa_l509
1963.66657 0.00223 0 2 0 0 0 0 0 0 0 0 0 A A 1 0 0 0 0 0 0 1 0 0 0 0 A A 2 14DeKlSa_l51
2105.42942 0.00223 0 1 0 1 0 -1 2 1 0 1 1 E E 3 0 0 0 0 0 0 2 2 0 0 0 E A 3 14DeKlSa_l510
-2105.70874 0.00223 0 0 0 2 0 -2 10 8 0 2 2 E E 3 0 0 0 0 0 0 11 10 0 0 0 E A 3 14DeKlSa_l511_a
2106.78492 0.00223 0 1 0 1 0 1 5 1 0 1 1 E E 1 0 0 0 0 0 0 5 0 0 0 0 A A 2 14DeKlSa_l513
2107.30012 0.00223 0 1 0 1 0 1 3 0 0 1 1 A E 3 0 0 0 0 0 0 3 1 0 0 0 E A 3 14DeKlSa_l514
-2107.95498 0.00223 0 1 0 1 0 1 4 0 0 1 1 A E 3 0 0 0 0 0 0 4 2 0 0 0 E A 3 14DeKlSa_l515_a
2107.99644 0.00223 0 1 0 1 0 1 2 0 0 1 1 A E 3 0 0 0 0 0 0 2 1 0 0 0 E A 3 14DeKlSa_l516
2108.31061 0.00223 0 1 0 1 0 1 4 1 0 1 1 E E 2 0 0 0 0 0 0 4 0 0 0 0 A A 1 14DeKlSa_l517
2108.35372 0.00223 0 0 0 2 0 0 12 12 0 0 0 A A 2 0 0 0 0 0 0 13 12 0 0 0 A A 1 14DeKlSa_l518
2108.35372 0.00223 0 0 0 2 0 0 12 12 0 0 0 A A 1 0 0 0 0 0 0 13 12 0 0 0 A A 2 14DeKlSa_l519
1963.80394 0.00223 0 2 0 0 0 0 5 1 0 0 0 E A 3 0 0 0 0 0 0 5 1 0 0 0 E A 3 14DeKlSa_l52
2108.4553 0.00223 0 1 0 1 0 1 1 0 0 1 1 A E 3 0 0 0 0 0 0 1 1 0 0 0 E A 3 14DeKlSa_l520
-2108.89638 0.00223 0 1 0 1 0 1 3 0 0 1 1 A E 3 0 0 0 0 0 0 3 2 0 0 0 E A 3 14DeKlSa_l523_a
2109.56344 0.00223 0 1 0 1 0 1 3 1 0 1 1 E E 1 0 0 0 0 0 0 3 0 0 0 0 A A 2 14DeKlSa_l527
2109.73594 0.00223 0 1 0 1 0 1 7 2 0 1 1 E E 3 0 0 0 0 0 0 7 1 0 0 0 E A 3 14DeKlSa_l528
1964.33965 0.00223 0 1 0 1 0 -1 12 8 0 1 1 E E 2 0 0 0 0 0 0 13 9 0 0 0 A A 1 14DeKlSa_l53
-2110.22833 0.00223 0 0 0 2 0 -2 12 5 0 2 2 E E 3 0 0 0 0 0 0 13 7 0 0 0 E A 3 14DeKlSa_l531_a
2110.5228 0.00223 0 1 0 1 0 1 2 1 0 1 1 E E 2 0 0 0 0 0 0 2 0 0 0 0 A A 1 14DeKlSa_l533
2110.65302 0.00223 0 1 0 1 0 1 6 2 0 1 1 E E 3 0 0 0 0 0 0 6 1 0 0 0 E A 3 14DeKlSa_l534
2111.17298 0.00223 0 1 0 1 0 1 1 1 0 1 1 E E 1 0 0 0 0 0 0 1 0 0 0 0 A A 2 14DeKlSa_l535
2111.53443 0.00223 0 1 0 1 0 1 8 3 0 1 1 A E 3 0 0 0 0 0 0 8 2 0 0 0 E A 3 14DeKlSa_l536
2112.41374 0.00223 0 1 0 1 0 1 4 2 0 1 1 E E 3 0 0 0 0 0 0 4 1 0 0 0 E A 3 14DeKlSa_l539
1964.33965 0.00223 0 1 0 1 0 -1 12 8 0 1 1 E E 1 0 0 0 0 0 0 13 9 0 0 0 A A 2 14DeKlSa_l54
2112.47688 0.00223 0 1 0 1 0 1 7 3 0 1 1 A E 3 0 0 0 0 0 0 7 2 0 0 0 E A 3 14DeKlSa_l540
-2112.78669 0.00223 0 0 0 2 0 -2 10 7 0 2 2 E E 2 0 0 0 0 0 0 11 9 0 0 0 A A 1 14DeKlSa_l542_a
-2112.78669 0.00223 0 0 0 2 0 -2 10 7 0 2 2 E E 1 0 0 0 0 0 0 11 9 0 0 0 A A 2 14DeKlSa_l543_a
-2112.93372 0.00223 0 1 0 1 0 1 6 6 0 1 1 A E 3 0 0 0 0 0 0 6 2 0 0 0 E A 3 14DeKlSa_l544_a
2113.17544 0.00223 0 1 0 1 0 1 9 4 0 1 1 E E 1 0 0 0 0 0 0 9 3 0 0 0 A A 2 14DeKlSa_l546
2113.45367 0.00223 0 1 0 1 0 1 9 4 0 1 1 E E 2 0 0 0 0 0 0 9 3 0 0 0 A A 1 14DeKlSa_l547
2113.50608 0.00223 0 1 0 1 0 1 6 3 0 1 1 A E 3 0 0 0 0 0 0 6 2 0 0 0 E A 3 14DeKlSa_l548
2113.67154 0.00223 0 1 0 1 0 1 13 6 0 1 1 A E 3 0 0 0 0 0 0 13 5 0 0 0 E A 3 14DeKlSa_l549
1964.83377 0.00223 0 2 0 0 0 0 5 2 0 0 0 E A 3 0 0 0 0 0 0 5 2 0 0 0 E A 3 14DeKlSa_l55
2113.85651 0.00223 0 1 0 1 0 1 2 2 0 1 1 E E 3 0 0 0 0 0 0 2 1 0 0 0 E A 3 14DeKlSa_l550
2114.38307 0.00223 0 1 0 1 0 1 8 4 0 1 1 E E 1 0 0 0 0 0 0 8 3 0 0 0 A A 2 14DeKlSa_l552
-2114.49041 0.00223 0 1 0 1 0 1 5 1 0 1 1 E E 2 0 0 0 0 0 0 5 3 0 0 0 A A 1 14DeKlSa_l553_a
2114.54495 0.00223 0 1 0 1 0 1 5 3 0 1 1 A E 3 0 0 0 0 0 0 5 2 0 0 0 E A 3 14DeKlSa_l554
2114.82069 0.00223 0 1 0 1 0 1 12 6 0 1 1 A E 3 0 0 0 0 0 0 12 5 0 0 0 E A 3 14DeKlSa_l555
2115.46562 0.00223 0 1 0 1 0 1 7 4 0 1 1 E E 1 0 0 0 0 0 0 7 3 0 0 0 A A 2 14DeKlSa_l558
2115.55068 0.00223 0 1 0 1 0 1 4 3 0 1 1 A E 3 0 0 0 0 0 0 4 2 0 0 0 E A 3 14DeKlSa_l559
1965.39487 0.00223 0 2 0 0 0 0 6 4 0 0 0 E A 3 0 0 0 0 0 0 6 4 0 0 0 E A 3 14DeKlSa_l56
2116.13006 0.00223 0 1 0 1 0 1 11 6 0 1 1 A E 3 0 0 0 0 0 0 11 5 0 0 0 E A 3 14DeKlSa_l561
2116.16857 0.00223 0 0 0 2 0 0 12 11 0 0 0 E A 3 0 0 0 0 0 0 13 11 0 0 0 E A 3 14DeKlSa_l562
2116.43398 0.00223 0 1 0 1 0 1 3 3 0 1 1 A E 3 0 0 0 0 0 0 3 2 0 0 0 E A 3 14DeKlSa_l564
2116.44609 0.00223 0 1 0 1 0 1 13 7 0 1 1 E E 2 0 0 0 0 0 0 13 6 0 0 0 A A 1 14DeKlSa_l565
2116.53783 0.00223 0 1 0 1 0 1 13 7 0 1 1 E E 1 0 0 0 0 0 0 13 6 0 0 0 A A 2 14DeKlSa_l566
2116.69778 0.003 0 1 0 1 0 1 6 4 0 1 1 E E 2 0 0 0 0 0 0 6 3 0 0 0 A A 1 14DeKlSa_l568
2116.69778 0.00223 0 1 0 1 0 1 6 4 0 1 1 E E 1 0 0 0 0 0 0 6 3 0 0 0 A A 2 14DeKlSa_l569
1965.60654 0.00223 0 1 0 1 0 -1 12 7 0 1 1 E E 3 0 0 0 0 0 0 13 8 0 0 0 E A 3 14DeKlSa_l57
-2117.30838 0.00223 0 0 0 2 0 -2 11 5 0 2 2 E E 3 0 0 0 0 0 0 12 7 0 0 0 E A 3 14DeKlSa_l572_a
2117.58714 0.00223 0 1 0 1 0 1 10 6 0 1 1 A E 3 0 0 0 0 0 0 10 5 0 0 0 E A 3 14DeKlSa_l573
2117.70721 0.00223 0 1 0 1 0 1 8 5 0 1 1 E E 3 0 0 0 0 0 0 8 4 0 0 0 E A 3 14DeKlSa_l574
-2117.82284 0.00223 0 1 0 1 0 1 8 3 0 1 1 A E 3 0 0 0 0 0 0 8 4 0 0 0 E A 3 14DeKlSa_l575_a
2117.87409 0.00223 0 1 0 1 0 1 12 7 0 1 1 E E 1 0 0 0 0 0 0 12 6 0 0 0 A A 2 14DeKlSa_l576
2117.89618 0.00223 0 1 0 1 0 1 5 4 0 1 1 E E 1 0 0 0 0 0 0 5 3 0 0 0 A A 2 14DeKlSa_l577
2117.89618 0.00223 0 1 0 1 0 1 5 4 0 1 1 E E 2 0 0 0 0 0 0 5 3 0 0 0 A A 1 14DeKlSa_l578
2117.93301 0.00223 0 1 0 1 0 1 12 7 0 1 1 E E 2 0 0 0 0 0 0 12 6 0 0 0 A A 1 14DeKlSa_l579
1966.56362 0.00223 0 2 0 0 0 0 5 3 0 0 0 A A 2 0 0 0 0 0 0 5 3 0 0 0 A A 1 14DeKlSa_l58
2117.96351 0.00223 0 0 0 2 0 0 11 11 0 0 0 E A 3 0 0 0 0 0 0 12 11 0 0 0 E A 3 14DeKlSa_l580
2118.15088 0.00223 0 1 0 1 0 1 14 8 0 1 1 E E 3 0 0 0 0 0 0 14 7 0 0 0 E A 3 14DeKlSa_l581
-2118.79863 0.00223 0 1 0 1 0 1 7 3 0 1 1 A E 3 0 0 0 0 0 0 7 4 0 0 0 E A 3 14DeKlSa_l583_a
2118.91884 0.00223 0 1 0 1 0 1 7 5 0 1 1 E E 3 0 0 0 0 0 0 7 4 0 0 0 E A 3 14DeKlSa_l584
-2119.05961 0.00223 0 0 0 2 0 -2 9 7 0 2 2 E E 1 0 0 0 0 0 0 10 9 0 0 0 A A 2 14DeKlSa_l585_a
-2119.05961 0.00223 0 0 0 2 0 -2 9 7 0 2 2 E E 2 0 0 0 0 0 0 10 9 0 0 0 A A 1 14DeKlSa_l586_a
2119.15871 0.00223 0 1 0 1 0 1 9 6 0 1 1 A E 3 0 0 0 0 0 0 9 5 0 0 0 E A 3 14DeKlSa_l587
2119.45419 0.00223 0 1 0 1 0 1 11 7 0 1 1 E E 2 0 0 0 0 0 0 11 6 0 0 0 A A 1 14DeKlSa_l589
1966.56362 0.00223 0 2 0 0 0 0 5 3 0 0 0 A A 1 0 0 0 0 0 0 5 3 0 0 0 A A 2 14DeKlSa_l59
2119.63805 0.00223 0 1 0 1 0 1 13 8 0 1 1 E E 3 0 0 0 0 0 0 13 7 0 0 0 E A 3 14DeKlSa_l590
2120.24737 0.00223 0 1 0 1 0 1 6 5 0 1 1 E E 3 0 0 0 0 0 0 6 4 0 0 0 E A 3 14DeKlSa_l592
2120.26504 0.00223 0 1 0 1 0 1 1 1 0 1 1 E E 2 0 0 0 0 0 0 0 0 0 0 0 A A 1 14DeKlSa_l593
2120.80026 0.00223 0 1 0 1 0 1 8 6 0 1 1 A E 3 0 0 0 0 0 0 8 5 0 0 0 E A 3 14DeKlSa_l596
2121.15933 0.00223 0 1 0 1 0 1 10 7 0 1 1 E E 1 0 0 0 0 0 0 10 6 0 0 0 A A 2 14DeKlSa_l598
2121.17604 0.00223 0 1 0 1 0 1 10 7 0 1 1 E E 2 0 0 0 0 0 0 10 6 0 0 0 A A 1 14DeKlSa_l599
1942.71254 0.00223 0 1 0 1 0 -1 14 8 0 1 1 E E 2 0 0 0 0 0 0 15 9 0 0 0 A A 1 14DeKlSa_l6
1966.78562 0.00223 0 2 0 0 0 0 4 1 0 0 0 E A 3 0 0 0 0 0 0 4 1 0 0 0 E A 3 14DeKlSa_l60
2121.5656 0.00223 0 1 0 1 0 1 5 5 0 1 1 E E 3 0 0 0 0 0 0 5 4 0 0 0 E A 3 14DeKlSa_l600
-2121.90173 0.00223 0 1 0 1 0 -1 4 4 0 1 1 E E 3 0 0 0 0 0 0 3 2 0 0 0 E A 3 14DeKlSa_l602_a
2122.46346 0.00223 0 1 0 1 0 1 7 6 0 1 1 A E 3 0 0 0 0 0 0 7 5 0 0 0 E A 3 14DeKlSa_l603
2123.10335 0.00223 0 1 0 1 0 1 13 9 0 1 1 A E 3 0 0 0 0 0 0 13 8 0 0 0 E A 3 14DeKlSa_l604
2123.11475 0.00223 0 1 0 1 0 1 11 8 0 1 1 E E 3 0 0 0 0 0 0 11 7 0 0 0 E A 3 14DeKlSa_l605
-2123.56268 0.00223 0 1 0 1 0 1 7 3 0 1 1 A E 3 0 0 0 0 0 0 7 5 0 0 0 E A 3 14DeKlSa_l607_a
2124.0701 0.00223 0 1 0 1 0 1 6 6 0 1 1 A E 3 0 0 0 0 0 0 6 5 0 0 0 E A 3 14DeKlSa_l608
-2124.40576 0.00223 0 0 0 2 0 -2 10 5 0 2 2 E E 3 0 0 0 0 0 0 11 7 0 0 0 E A 3 14DeKlSa_l609_a
1966.99359 0.00223 0 1 0 1 0 -1 12 6 0 1 1 A E 3 0 0 0 0 0 0 13 7 0 0 0 E A 3 14DeKlSa_l61
-2124.57416 0.00223 0 1 0 1 0 1 12 4 0 1 1 E E 2 0 0 0 0 0 0 12 6 0 0 0 A A 1 14DeKlSa_l610_a
-2124.64098 0.00223 0 1 0 1 0 1 6 3 0 1 1 A E 3 0 0 0 0 0 0 6 5 0 0 0 E A 3 14DeKlSa_l611_a
2124.78831 0.00223 0 1 0 1 0 1 8 7 0 1 1 E E 1 0 0 0 0 0 0 8 6 0 0 0 A A 2 14DeKlSa_l612
2124.78831 0.00223 0 1 0 1 0 1 8 7 0 1 1 E E 2 0 0 0 0 0 0 8 6 0 0 0 A A 1 14DeKlSa_l613
2125.02125 0.00223 0 1 0 1 0 1 12 9 0 1 1 A E 3 0 0 0 0 0 0 12 8 0 0 0 E A 3 14DeKlSa_l614
2125.0434 0.00223 0 1 0 1 0 1 10 8 0 1 1 E E 3 0 0 0 0 0 0 10 7 0 0 0 E A 3 14DeKlSa_l615
-2125.10734 0.00223 0 0 0 2 0 -2 8 7 0 2 2 E E 2 0 0 0 0 0 0 9 9 0 0 0 A A 1 14DeKlSa_l617_a
-2125.10734 0.00223 0 0 0 2 0 -2 8 7 0 2 2 E E 1 0 0 0 0 0 0 9 9 0 0 0 A A 2 14DeKlSa_l618_a
1967.5912 0.00223 0 2 0 0 0 0 9 8 0 0 0 E A 3 0 0 0 0 0 0 9 8 0 0 0 E A 3 14DeKlSa_l62
-2126.27048 0.00223 0 1 0 1 0 1 10 4 0 1 1 E E 2 0 0 0 0 0 0 10 6 0 0 0 A A 1 14DeKlSa_l621_a
2126.60732 0.00223 0 1 0 1 0 1 7 7 0 1 1 E E 2 0 0 0 0 0 0 7 6 0 0 0 A A 1 14DeKlSa_l622
2126.60732 0.00223 0 1 0 1 0 1 7 7 0 1 1 E E 1 0 0 0 0 0 0 7 6 0 0 0 A A 2 14DeKlSa_l623
2127.05318 0.00223 0 1 0 1 0 1 9 8 0 1 1 E E 3 0 0 0 0 0 0 9 7 0 0 0 E A 3 14DeKlSa_l624
2127.50501 0.00223 0 0 0 2 0 0 10 10 0 0 0 E A 3 0 0 0 0 0 0 11 10 0 0 0 E A 3 14DeKlSa_l625
-2127.61321 0.00223 0 1 0 1 0 1 9 4 0 1 1 E E 2 0 0 0 0 0 0 9 6 0 0 0 A A 1 14DeKlSa_l626_a
-2127.72395 0.00223 0 1 0 1 0 -1 6 6 0 1 1 A E 3 0 0 0 0 0 0 5 4 0 0 0 E A 3 14DeKlSa_l627_a
-2128.51234 0.00223 0 1 0 1 0 1 8 4 0 1 1 E E 2 0 0 0 0 0 0 8 6 0 0 0 A A 1 14DeKlSa_l628_a
1967.81933 0.00223 0 2 0 0 0 0 8 7 0 0 0 E A 3 0 0 0 0 0 0 8 7 0 0 0 E A 3 14DeKlSa_l63
-2128.62338 0.00223 0 1 0 1 0 1 8 4 0 1 1 E E 1 0 0 0 0 0 0 8 6 0 0 0 A A 2 14DeKlSa_l630_a
2128.89623 0.00223 0 1 0 1 0 1 2 1 0 1 1 E E 1 0 0 0 0 0 0 1 0 0 0 0 A A 2 14DeKlSa_l632
-2129.01569 0.00223 0 0 0 2 0 -2 10 4 0 2 2 E E 1 0 0 0 0 0 0 11 6 0 0 0 A A 2 14DeKlSa_l633_a
-2129.01569 0.00223 0 0 0 2 0 -2 10 4 0 2 2 E E 2 0 0 0 0 0 0 11 6 0 0 0 A A 1 14DeKlSa_l634_a
2129.27695 0.00223 0 1 0 1 0 1 10 9 0 1 1 A E 3 0 0 0 0 0 0 10 8 0 0 0 E A 3 14DeKlSa_l636
2129.61237 0.00223 0 0 0 2 0 -2 8 4 0 2 2 E E 2 0 0 0 0 0 0 9 3 0 0 0 A A 1 14DeKlSa_l638
2129.61237 0.00223 0 0 0 2 0 -2 8 4 0 2 2 E E 1 0 0 0 0 0 0 9 3 0 0 0 A A 2 14DeKlSa_l639
1967.8356 0.00223 0 2 0 0 0 0 4 2 0 0 0 E A 3 0 0 0 0 0 0 4 2 0 0 0 E A 3 14DeKlSa_l64
-2130.62789 0.00223 0 1 0 1 0 -1 7 7 0 1 1 E E 3 0 0 0 0 0 0 6 5 0 0 0 E A 3 14DeKlSa_l641_a
2131.23604 0.00223 0 0 0 2 0 0 11 9 0 0 0 A A 1 0 0 0 0 0 0 12 9 0 0 0 A A 2 14DeKlSa_l642
2131.23604 0.00223 0 0 0 2 0 0 11 9 0 0 0 A A 2 0 0 0 0 0 0 12 9 0 0 0 A A 1 14DeKlSa_l643
-2131.50135 0.00223 0 0 0 2 0 -2 9 5 0 2 2 E E 3 0 0 0 0 0 0 10 7 0 0 0 E A 3 14DeKlSa_l644_a
2131.66257 0.00223 0 1 0 1 0 1 2 2 0 1 1 E E 3 0 0 0 0 0 0 1 1 0 0 0 E A 3 14DeKlSa_l645
-2132.36127 0.00223 0 0 0 2 0 -2 8 6 0 2 2 A E 3 0 0 0 0 0 0 9 8 0 0 0 E A 3 14DeKlSa_l646_a
-2132.52082 0.00223 0 1 0 1 0 -1 6 5 0 1 1 E E 2 0 0 0 0 0 0 5 3 0 0 0 A A 1 14DeKlSa_l647_a
-2132.52082 0.00223 0 1 0 1 0 -1 6 5 0 1 1 E E 1 0 0 0 0 0 0 5 3 0 0 0 A A 2 14DeKlSa_l648_a
-2132.84839 0.00223 0 0 0 2 0 -2 10 3 0 2 2 A E 3 0 0 0 0 0 0 11 5 0 0 0 E A 3 14DeKlSa_l649_a
1968.12989 0.00223 0 2 0 0 0 0 7 6 0 0 0 A A 1 0 0 0 0 0 0 7 6 0 0 0 A A 2 14DeKlSa_l65
-2133.52353 0.00223 0 1 0 1 0 -1 8 8 0 1 1 E E 2 0 0 0 0 0 0 7 6 0 0 0 A A 1 14DeKlSa_l650_a
-2133.52353 0.00223 0 1 0 1 0 -1 8 8 0 1 1 E E 1 0 0 0 0 0 0 7 6 0 0 0 A A 2 14DeKlSa_l651_a
2134.08198 0.00223 0 0 0 2 0 0 10 9 0 0 0 A A 2 0 0 0 0 0 0 11 9 0 0 0 A A 1 14DeKlSa_l652
2134.08198 0.00223 0 0 0 2 0 0 10 9 0 0 0 A A 1 0 0 0 0 0 0 11 9 0 0 0 A A 2 14DeKlSa_l653
2134.9136 0.00223 0 1 0 1 0 -1 5 3 0 1 1 A E 3 0 0 0 0 0 0 4 1 0 0 0 E A 3 14DeKlSa_l655
-2135.07983 0.00223 0 1 0 1 0 1 12 6 0 1 1 A E 3 0 0 0 0 0 0 12 8 0 0 0 E A 3 14DeKlSa_l656_a
2135.95261 0.00223 0 1 0 1 0 1 11 11 0 1 1 E E 3 0 0 0 0 0 0 11 10 0 0 0 E A 3 14DeKlSa_l658
2136.55168 0.00223 0 0 0 2 0 0 11 8 0 0 0 E A 3 0 0 0 0 0 0 12 8 0 0 0 E A 3 14DeKlSa_l659
1968.12989 0.00223 0 2 0 0 0 0 7 6 0 0 0 A A 2 0 0 0 0 0 0 7 6 0 0 0 A A 1 14DeKlSa_l66
2137.41074 0.00223 0 1 0 1 0 1 3 1 0 1 1 E E 2 0 0 0 0 0 0 2 0 0 0 0 A A 1 14DeKlSa_l660
-2137.88521 0.00223 0 1 0 1 0 -1 4 1 0 1 1 E E 3 0 0 0 0 0 0 3 1 0 0 0 E A 3 14DeKlSa_l661_a
2138.19918 0.00223 0 0 0 2 0 0 10 3 0 0 0 A A 1 0 0 0 0 0 0 11 3 0 0 0 A A 2 14DeKlSa_l662
-2138.57228 0.00223 0 0 0 2 0 -2 8 5 0 2 2 E E 3 0 0 0 0 0 0 9 7 0 0 0 E A 3 14DeKlSa_l663_a
2138.7822 0.00223 0 0 0 2 0 0 10 3 0 0 0 A A 2 0 0 0 0 0 0 11 3 0 0 0 A A 1 14DeKlSa_l664
2139.49683 0.00223 0 0 0 2 0 0 10 2 0 0 0 E A 3 0 0 0 0 0 0 11 2 0 0 0 E A 3 14DeKlSa_l666
2139.75187 0.00223 0 0 0 2 0 0 10 8 0 0 0 E A 3 0 0 0 0 0 0 11 8 0 0 0 E A 3 14DeKlSa_l667
-2139.84641 0.00223 0 1 0 1 0 1 9 6 0 1 1 A E 3 0 0 0 0 0 0 9 8 0 0 0 E A 3 14DeKlSa_l668_a
2139.90402 0.00223 0 1 0 1 0 1 3 2 0 1 1 E E 3 0 0 0 0 0 0 2 1 0 0 0 E A 3 14DeKlSa_l669
1968.47463 0.00223 0 1 0 1 0 -1 12 5 0 1 1 E E 1 0 0 0 0 0 0 13 6 0 0 0 A A 2 14DeKlSa_l67
-2140.22592 0.00223 0 1 0 1 0 -1 5 2 0 1 1 E E 2 0 0 0 0 0 0 4 0 0 0 0 A A 1 14DeKlSa_l670_a
-2140.37826 0.00223 0 0 0 2 0 -2 9 3 0 2 2 A E 3 0 0 0 0 0 0 10 5 0 0 0 E A 3 14DeKlSa_l671_a
2140.60047 0.00223 0 0 0 2 0 0 10 1 0 0 0 E A 3 0 0 0 0 0 0 11 1 0 0 0 E A 3 14DeKlSa_l672
2140.96419 0.00223 0 0 0 2 0 0 10 0 0 0 0 A A 1 0 0 0 0 0 0 11 0 0 0 0 A A 2 14DeKlSa_l673
-2142.13553 0.00223 0 0 0 2 0 0 10 1 0 0 0 E A 3 0 0 0 0 0 0 11 2 0 0 0 E A 3 14DeKlSa_l675_a
-2142.68384 0.00223 0 1 0 1 0 -1 8 6 0 1 1 A E 3 0 0 0 0 0 0 7 4 0 0 0 E A 3 14DeKlSa_l676_a
2142.98653 0.00223 0 0 0 2 0 0 9 8 0 0 0 E A 3 0 0 0 0 0 0 10 8 0 0 0 E A 3 14DeKlSa_l678
2143.13902 0.00223 0 1 0 1 0 1 3 3 0 1 1 A E 3 0 0 0 0 0 0 2 2 0 0 0 E A 3 14DeKlSa_l679
1968.47463 0.00223 0 1 0 1 0 -1 12 5 0 1 1 E E 2 0 0 0 0 0 0 13 6 0 0 0 A A 1 14DeKlSa_l68
-2143.40989 0.00223 0 0 0 2 0 0 8 4 0 0 0 E A 3 0 0 0 0 0 0 9 1 0 0 0 E A 3 14DeKlSa_l680_a
-2143.77128 0.00223 0 0 0 2 0 -2 8 4 0 2 2 E E 1 0 0 0 0 0 0 9 6 0 0 0 A A 2 14DeKlSa_l681_a
-2143.77128 0.00223 0 0 0 2 0 -2 8 4 0 2 2 E E 2 0 0 0 0 0 0 9 6 0 0 0 A A 1 14DeKlSa_l682_a
2144.33309 0.00223 0 0 0 2 0 -2 6 4 0 2 2 E E 2 0 0 0 0 0 0 7 3 0 0 0 A A 1 14DeKlSa_l683
2144.33309 0.00223 0 0 0 2 0 -2 6 4 0 2 2 E E 1 0 0 0 0 0 0 7 3 0 0 0 A A 2 14DeKlSa_l684
-2144.59739 0.00223 0 0 0 2 0 -2 7 3 0 2 2 A E 3 0 0 0 0 0 0 8 2 0 0 0 E A 3 14DeKlSa_l685
2144.77956 0.00223 0 0 0 2 0 0 10 7 0 0 0 E A 3 0 0 0 0 0 0 11 7 0 0 0 E A 3 14DeKlSa_l686
-2145.01289 0.00223 0 1 0 1 0 -1 7 4 0 1 1 E E 3 0 0 0 0 0 0 6 2 0 0 0 E A 3 14DeKlSa_l687_a
-2145.31322 0.00223 0 1 0 1 0 -1 9 7 0 1 1 E E 3 0 0 0 0 0 0 8 5 0 0 0 E A 3 14DeKlSa_l688_a
2145.7166 0.00223 0 0 0 2 0 0 9 3 0 0 0 A A 2 0 0 0 0 0 0 10 3 0 0 0 A A 1 14DeKlSa_l689
1968.52774 0.00223 0 2 0 0 0 0 6 5 0 0 0 E A 3 0 0 0 0 0 0 6 5 0 0 0 E A 3 14DeKlSa_l69
2146.19619 0.00223 0 0 0 2 0 0 9 3 0 0 0 A A 1 0 0 0 0 0 0 10 3 0 0 0 A A 2 14DeKlSa_l690
2146.39087 0.00223 0 0 0 2 0 0 8 8 0 0 0 E A 3 0 0 0 0 0 0 9 8 0 0 0 E A 3 14DeKlSa_l692
-2147.87623 0.00223 0 1 0 1 0 -1 6 2 0 1 1 E E 1 0 0 0 0 0 0 5 0 0 0 0 A A 2 14DeKlSa_l695_a
-2147.95447 0.00223 0 1 0 1 0 -1 10 8 0 1 1 E E 2 0 0 0 0 0 0 9 6 0 0 0 A A 1 14DeKlSa_l696_a
-2147.95447 0.00223 0 1 0 1 0 -1 10 8 0 1 1 E E 1 0 0 0 0 0 0 9 6 0 0 0 A A 2 14DeKlSa_l697_a
-2147.96948 0.00223 0 0 0 2 0 -2 8 3 0 2 2 A E 3 0 0 0 0 0 0 9 5 0 0 0 E A 3 14DeKlSa_l698_a
2148.00114 0.00223 0 1 0 1 0 1 4 2 0 1 1 E E 3 0 0 0 0 0 0 3 1 0 0 0 E A 3 14DeKlSa_l699
1942.71254 0.00223 0 1 0 1 0 -1 14 8 0 1 1 E E 1 0 0 0 0 0 0 15 9 0 0 0 A A 2 14DeKlSa_l7
1969.01662 0.00223 0 2 0 0 0 0 5 4 0 0 0 E A 3 0 0 0 0 0 0 5 4 0 0 0 E A 3 14DeKlSa_l70
2148.27783 0.00223 0 0 0 2 0 0 9 7 0 0 0 E A 3 0 0 0 0 0 0 10 7 0 0 0 E A 3 14DeKlSa_l700
2148.35181 0.00223 0 0 0 2 0 0 9 1 0 0 0 E A 3 0 0 0 0 0 0 10 1 0 0 0 E A 3 14DeKlSa_l701
2148.70367 0.00223 0 0 0 2 0 0 9 0 0 0 0 A A 2 0 0 0 0 0 0 10 0 0 0 0 A A 1 14DeKlSa_l702
2151.14196 0.00223 0 1 0 1 0 1 4 3 0 1 1 A E 3 0 0 0 0 0 0 3 2 0 0 0 E A 3 14DeKlSa_l704
-2151.20032 0.00223 0 0 0 2 0 -2 7 4 0 2 2 E E 2 0 0 0 0 0 0 8 6 0 0 0 A A 1 14DeKlSa_l705_a
-2151.20032 0.00223 0 0 0 2 0 -2 7 4 0 2 2 E E 1 0 0 0 0 0 0 8 6 0 0 0 A A 2 14DeKlSa_l706_a
2151.21825 0.00223 0 0 0 2 0 0 8 4 0 0 0 E A 3 0 0 0 0 0 0 9 4 0 0 0 E A 3 14DeKlSa_l707
-2151.66232 0.00223 0 0 0 2 0 0 11 0 0 0 0 A A 2 0 0 0 0 0 0 12 6 0 0 0 A A 1 14DeKlSa_l708_a
2151.88593 0.00223 0 0 0 2 0 0 8 7 0 0 0 E A 3 0 0 0 0 0 0 9 7 0 0 0 E A 3 14DeKlSa_l709
1969.21431 0.00223 0 2 0 0 0 0 3 1 0 0 0 E A 3 0 0 0 0 0 0 3 1 0 0 0 E A 3 14DeKlSa_l71
-2152.37644 0.00223 0 1 0 1 0 -1 8 4 0 1 1 E E 3 0 0 0 0 0 0 7 2 0 0 0 E A 3 14DeKlSa_l710_a
-2152.42722 0.00223 0 0 0 2 0 -2 6 5 0 2 2 E E 3 0 0 0 0 0 0 7 7 0 0 0 E A 3 14DeKlSa_l711_a
-2152.45645 0.00223 0 1 0 1 0 -1 10 7 0 1 1 E E 3 0 0 0 0 0 0 9 5 0 0 0 E A 3 14DeKlSa_l712_a
2153.44931 0.00223 0 0 0 2 0 0 8 3 0 0 0 A A 1 0 0 0 0 0 0 9 3 0 0 0 A A 2 14DeKlSa_l714
2153.79196 0.00223 0 0 0 2 0 0 8 3 0 0 0 A A 2 0 0 0 0 0 0 9 3 0 0 0 A A 1 14DeKlSa_l715
2154.60201 0.00223 0 1 0 1 0 1 4 4 0 1 1 E E 2 0 0 0 0 0 0 3 3 0 0 0 A A 1 14DeKlSa_l717
2154.60201 0.00223 0 1 0 1 0 1 4 4 0 1 1 E E 1 0 0 0 0 0 0 3 3 0 0 0 A A 2 14DeKlSa_l718
-2154.70462 0.00223 0 1 0 1 0 -1 9 5 0 1 1 E E 1 0 0 0 0 0 0 8 3 0 0 0 A A 2 14DeKlSa_l719_a
1970.01497 0.00223 0 1 0 1 0 -1 12 4 0 1 1 E E 3 0 0 0 0 0 0 13 5 0 0 0 E A 3 14DeKlSa_l72
-2154.70462 0.00223 0 1 0 1 0 -1 9 5 0 1 1 E E 2 0 0 0 0 0 0 8 3 0 0 0 A A 1 14DeKlSa_l720_a
2155.29805 0.00223 0 0 0 2 0 0 8 2 0 0 0 E A 3 0 0 0 0 0 0 9 2 0 0 0 E A 3 14DeKlSa_l721
-2155.32293 0.00223 0 1 0 1 0 -1 7 2 0 1 1 E E 2 0 0 0 0 0 0 6 0 0 0 0 A A 1 14DeKlSa_l722_a
-2155.62568 0.00223 0 0 0 2 0 -2 7 3 0 2 2 A E 3 0 0 0 0 0 0 8 5 0 0 0 E A 3 14DeKlSa_l723_a
2155.75744 0.00223 0 0 0 2 0 0 7 7 0 0 0 E A 3 0 0 0 0 0 0 8 7 0 0 0 E A 3 14DeKlSa_l724
2156.40599 0.00223 0 0 0 2 0 0 8 0 0 0 0 A A 1 0 0 0 0 0 0 9 0 0 0 0 A A 2 14DeKlSa_l725
-2157.39511 0.00223 0 1 0 1 0 -1 8 3 0 1 1 A E 3 0 0 0 0 0 0 7 1 0 0 0 E A 3 14DeKlSa_l726_a
-2158.60666 0.00223 0 1 0 1 0 1 6 0 0 1 1 A E 3 0 0 0 0 0 0 5 2 0 0 0 E A 3 14DeKlSa_l727_a
-2158.64575 0.00223 0 0 0 2 0 -2 6 4 0 2 2 E E 1 0 0 0 0 0 0 7 6 0 0 0 A A 2 14DeKlSa_l728_a
-2158.64575 0.00223 0 0 0 2 0 -2 6 4 0 2 2 E E 2 0 0 0 0 0 0 7 6 0 0 0 A A 1 14DeKlSa_l729_a
1970.28085 0.00223 0 2 0 0 0 0 3 2 0 0 0 E A 3 0 0 0 0 0 0 3 2 0 0 0 E A 3 14DeKlSa_l73
-2158.78876 0.00223 0 0 0 2 0 0 6 4 0 0 0 E A 3 0 0 0 0 0 0 7 1 0 0 0 E A 3 14DeKlSa_l730_a
2158.93617 0.00223 0 0 0 2 0 0 7 4 0 0 0 E A 3 0 0 0 0 0 0 8 4 0 0 0 E A 3 14DeKlSa_l732
2159.01048 0.00223 0 1 0 1 0 1 5 3 0 1 1 A E 3 0 0 0 0 0 0 4 2 0 0 0 E A 3 14DeKlSa_l733
-2159.46372 0.00223 0 1 0 1 0 -1 11 7 0 1 1 E E 3 0 0 0 0 0 0 10 5 0 0 0 E A 3 14DeKlSa_l734_a
-2160.55613 0.00223 0 1 0 1 0 -1 7 1 0 1 1 E E 3 0 0 0 0 0 0 6 1 0 0 0 E A 3 14DeKlSa_l735_a
2160.85808 0.00223 0 0 0 2 0 0 7 6 0 0 0 A A 2 0 0 0 0 0 0 8 6 0 0 0 A A 1 14DeKlSa_l736
2160.85808 0.00223 0 0 0 2 0 0 7 6 0 0 0 A A 1 0 0 0 0 0 0 8 6 0 0 0 A A 2 14DeKlSa_l737
2161.19844 0.00223 0 0 0 2 0 0 7 3 0 0 0 A A 2 0 0 0 0 0 0 8 3 0 0 0 A A 1 14DeKlSa_l738
2161.56833 0.00223 0 0 0 2 0 0 8 5 0 0 0 E A 3 0 0 0 0 0 0 9 5 0 0 0 E A 3 14DeKlSa_l739
1971.05989 0.00223 0 2 0 0 0 0 2 1 0 0 0 E A 3 0 0 0 0 0 0 2 1 0 0 0 E A 3 14DeKlSa_l74
2162.90771 0.00223 0 0 0 2 0 0 7 2 0 0 0 E A 3 0 0 0 0 0 0 8 2 0 0 0 E A 3 14DeKlSa_l741
-2163.36282 0.00223 0 0 0 2 0 -2 6 3 0 2 2 A E 3 0 0 0 0 0 0 7 5 0 0 0 E A 3 14DeKlSa_l742_a
2163.98959 0.00223 0 0 0 2 0 0 7 1 0 0 0 E A 3 0 0 0 0 0 0 8 1 0 0 0 E A 3 14DeKlSa_l743
2164.03743 0.00223 0 0 0 2 0 0 7 0 0 0 0 A A 2 0 0 0 0 0 0 8 0 0 0 0 A A 1 14DeKlSa_l744
2165.13995 0.00223 0 0 0 2 0 0 6 6 0 0 0 A A 1 0 0 0 0 0 0 7 6 0 0 0 A A 2 14DeKlSa_l745
2165.13995 0.00223 0 0 0 2 0 0 6 6 0 0 0 A A 2 0 0 0 0 0 0 7 6 0 0 0 A A 1 14DeKlSa_l746
2165.86625 0.00223 0 0 0 2 0 -2 8 1 0 2 2 E E 1 0 0 0 0 0 0 9 0 0 0 0 A A 2 14DeKlSa_l747
2166.05208 0.00223 0 1 0 1 0 1 5 5 0 1 1 E E 3 0 0 0 0 0 0 4 4 0 0 0 E A 3 14DeKlSa_l748
1971.56208 0.00223 0 1 0 1 0 -1 12 3 0 1 1 A E 3 0 0 0 0 0 0 13 4 0 0 0 E A 3 14DeKlSa_l75
2166.68093 0.00223 0 0 0 2 0 0 6 4 0 0 0 E A 3 0 0 0 0 0 0 7 4 0 0 0 E A 3 14DeKlSa_l750
2168.52987 0.00223 0 0 0 2 0 2 10 1 0 2 2 E E 3 0 0 0 0 0 0 11 2 0 0 0 E A 3 14DeKlSa_l751
2168.9052 0.00223 0 0 0 2 0 0 6 3 0 0 0 A A 1 0 0 0 0 0 0 7 3 0 0 0 A A 2 14DeKlSa_l752
2169.03514 0.00223 0 0 0 2 0 0 6 3 0 0 0 A A 2 0 0 0 0 0 0 7 3 0 0 0 A A 1 14DeKlSa_l753
2170.02846 0.00223 0 1 0 1 0 1 6 4 0 1 1 E E 2 0 0 0 0 0 0 5 3 0 0 0 A A 1 14DeKlSa_l754
2170.03646 0.00223 0 1 0 1 0 1 6 4 0 1 1 E E 1 0 0 0 0 0 0 5 3 0 0 0 A A 2 14DeKlSa_l755
2170.14503 0.00223 0 0 0 2 0 0 6 5 0 0 0 E A 3 0 0 0 0 0 0 7 5 0 0 0 E A 3 14DeKlSa_l756
2170.5431 0.00223 0 0 0 2 0 -2 8 1 0 2 2 E E 1 0 0 0 0 0 0 9 3 0 0 0 A A 2 14DeKlSa_l757
2171.38786 0.00223 0 0 0 2 0 0 6 1 0 0 0 E A 3 0 0 0 0 0 0 7 1 0 0 0 E A 3 14DeKlSa_l758
2171.56893 0.00223 0 0 0 2 0 0 6 0 0 0 0 A A 1 0 0 0 0 0 0 7 0 0 0 0 A A 2 14DeKlSa_l759
1972.07456 0.00223 0 2 0 0 0 0 3 3 0 0 0 A A 2 0 0 0 0 0 0 3 3 0 0 0 A A 1 14DeKlSa_l76
2172.61418 0.00223 0 0 0 2 0 2 10 2 0 2 2 E E 2 0 0 0 0 0 0 11 3 0 0 0 A A 1 14DeKlSa_l760
2172.88458 0.00223 0 0 0 2 0 2 8 0 0 2 2 A E 3 0 0 0 0 0 0 9 1 0 0 0 E A 3 14DeKlSa_l761
2173.59604 0.00223 0 1 0 1 0 1 6 5 0 1 1 E E 3 0 0 0 0 0 0 5 4 0 0 0 E A 3 14DeKlSa_l762
2174.41272 0.00223 0 0 0 2 0 0 5 4 0 0 0 E A 3 0 0 0 0 0 0 6 4 0 0 0 E A 3 14DeKlSa_l763
2174.86755 0.00223 0 0 0 2 0 0 5 5 0 0 0 E A 3 0 0 0 0 0 0 6 5 0 0 0 E A 3 14DeKlSa_l764
-2175.23215 0.00223 0 0 0 2 0 -2 7 1 0 2 2 E E 1 0 0 0 0 0 0 8 3 0 0 0 A A 2 14DeKlSa_l765_a
2175.51973 0.00223 0 0 0 2 0 -2 6 1 0 2 2 E E 1 0 0 0 0 0 0 7 0 0 0 0 A A 2 14DeKlSa_l766
2176.51951 0.00223 0 0 0 2 0 0 5 3 0 0 0 A A 2 0 0 0 0 0 0 6 3 0 0 0 A A 1 14DeKlSa_l767
2176.5802 0.00223 0 0 0 2 0 0 5 3 0 0 0 A A 1 0 0 0 0 0 0 6 3 0 0 0 A A 2 14DeKlSa_l768
2178.82259 0.00223 0 0 0 2 0 0 5 1 0 0 0 E A 3 0 0 0 0 0 0 6 1 0 0 0 E A 3 14DeKlSa_l769
1972.07456 0.00223 0 2 0 0 0 0 3 3 0 0 0 A A 1 0 0 0 0 0 0 3 3 0 0 0 A A 2 14DeKlSa_l77
2178.98502 0.00223 0 0 0 2 0 0 5 0 0 0 0 A A 2 0 0 0 0 0 0 6 0 0 0 0 A A 1 14DeKlSa_l770
2180.246 0.00223 0 0 0 2 0 -2 6 1 0 2 2 E E 1 0 0 0 0 0 0 7 3 0 0 0 A A 2 14DeKlSa_l771
-2180.28348 0.00223 0 0 0 2 0 -2 6 1 0 2 2 E E 2 0 0 0 0 0 0 7 3 0 0 0 A A 1 14DeKlSa_l772_a
2181.03625 0.00223 0 0 0 2 0 -2 5 1 0 2 2 E E 2 0 0 0 0 0 0 6 0 0 0 0 A A 1 14DeKlSa_l773
2181.11207 0.00223 0 1 0 1 0 1 7 5 0 1 1 E E 3 0 0 0 0 0 0 6 4 0 0 0 E A 3 14DeKlSa_l774
2183.2936 0.00223 0 0 0 2 0 2 6 0 0 2 2 A E 3 0 0 0 0 0 0 7 1 0 0 0 E A 3 14DeKlSa_l775
2184.00087 0.00223 0 0 0 2 0 0 4 3 0 0 0 A A 1 0 0 0 0 0 0 5 3 0 0 0 A A 2 14DeKlSa_l776
2184.02 0.00223 0 0 0 2 0 0 4 3 0 0 0 A A 2 0 0 0 0 0 0 5 3 0 0 0 A A 1 14DeKlSa_l777
2184.07209 0.00223 0 0 0 2 0 2 8 2 0 2 2 E E 2 0 0 0 0 0 0 9 3 0 0 0 A A 1 14DeKlSa_l778
2186.21357 0.00223 0 0 0 2 0 0 4 1 0 0 0 E A 3 0 0 0 0 0 0 5 1 0 0 0 E A 3 14DeKlSa_l779
1972.10314 0.00223 0 2 0 0 0 0 4 4 0 0 0 E A 3 0 0 0 0 0 0 4 4 0 0 0 E A 3 14DeKlSa_l78
2186.30117 0.00223 0 0 0 2 0 0 4 0 0 0 0 A A 1 0 0 0 0 0 0 5 0 0 0 0 A A 2 14DeKlSa_l780
2187.26436 0.00223 0 0 0 2 0 -2 4 1 0 2 2 E E 1 0 0 0 0 0 0 5 0 0 0 0 A A 2 14DeKlSa_l781
2188.84795 0.00223 0 1 0 1 0 1 7 7 0 1 1 E E 2 0 0 0 0 0 0 6 6 0 0 0 A A 1 14DeKlSa_l782
2188.84795 0.00223 0 1 0 1 0 1 7 7 0 1 1 E E 1 0 0 0 0 0 0 6 6 0 0 0 A A 2 14DeKlSa_l783
2189.08787 0.00223 0 0 0 2 0 2 5 0 0 2 2 A E 3 0 0 0 0 0 0 6 1 0 0 0 E A 3 14DeKlSa_l784
2190.17183 0.00223 0 0 0 2 0 2 7 2 0 2 2 E E 1 0 0 0 0 0 0 8 3 0 0 0 A A 2 14DeKlSa_l787
2190.59904 0.00223 0 0 0 2 0 2 6 1 0 2 2 E E 3 0 0 0 0 0 0 7 2 0 0 0 E A 3 14DeKlSa_l788
1972.14231 0.00223 0 2 0 0 0 0 2 2 0 0 0 E A 3 0 0 0 0 0 0 2 2 0 0 0 E A 3 14DeKlSa_l79
2192.4125 0.00223 0 0 0 2 0 2 8 6 0 2 2 A E 3 0 0 0 0 0 0 9 4 0 0 0 E A 3 14DeKlSa_l791
2192.8128 0.00223 0 0 0 2 0 0 3 2 0 0 0 E A 3 0 0 0 0 0 0 4 2 0 0 0 E A 3 14DeKlSa_l792
2193.57686 0.00223 0 0 1 0 1 0 13 4 1 0 1 E E 1 0 0 0 0 0 0 14 3 0 0 0 A A 2 14DeKlSa_l794
2193.91357 0.00223 0 0 0 2 0 2 11 5 0 2 2 E E 1 0 0 0 0 0 0 12 6 0 0 0 A A 2 14DeKlSa_l795
2194.2588 0.00223 0 0 0 2 0 -2 3 1 0 2 2 E E 2 0 0 0 0 0 0 4 0 0 0 0 A A 1 14DeKlSa_l796
2194.9374 0.00223 0 0 0 2 0 2 8 3 0 2 2 A E 3 0 0 0 0 0 0 9 4 0 0 0 E A 3 14DeKlSa_l797
2195.00234 0.00223 0 0 1 0 1 0 13 1 1 0 1 E E 2 0 0 0 0 0 0 14 0 0 0 0 A A 1 14DeKlSa_l798
-2195.02876 0.00223 0 0 1 0 -1 0 12 8 1 0 1 E E 2 0 0 0 0 0 0 13 6 0 0 0 A A 1 14DeKlSa_l799_a
1943.93548 0.00223 0 1 0 1 0 -1 14 7 0 1 1 E E 3 0 0 0 0 0 0 15 8 0 0 0 E A 3 14DeKlSa_l8
1972.15751 0.00223 0 1 0 1 0 -1 11 11 0 1 1 E E 1 0 0 0 0 0 0 12 12 0 0 0 A A 2 14DeKlSa_l80
-2195.07253 0.00223 0 0 1 0 -1 0 12 8 1 0 1 E E 1 0 0 0 0 0 0 13 6 0 0 0 A A 2 14DeKlSa_l800_a
2195.45205 0.00223 0 0 0 2 0 2 4 0 0 2 2 A E 3 0 0 0 0 0 0 5 1 0 0 0 E A 3 14DeKlSa_l801
2196.53122 0.00223 0 0 0 2 0 2 6 2 0 2 2 E E 2 0 0 0 0 0 0 7 3 0 0 0 A A 1 14DeKlSa_l803
2196.67102 0.00223 0 0 0 2 0 2 5 1 0 2 2 E E 3 0 0 0 0 0 0 6 2 0 0 0 E A 3 14DeKlSa_l804
2196.88277 0.00223 0 0 0 2 0 2 11 6 0 2 2 A E 3 0 0 0 0 0 0 12 7 0 0 0 E A 3 14DeKlSa_l805
2197.15119 0.00223 0 0 0 2 0 2 10 5 0 2 2 E E 2 0 0 0 0 0 0 11 6 0 0 0 A A 1 14DeKlSa_l806
2199.06103 0.00223 0 0 0 2 0 2 6 2 0 2 2 E E 1 0 0 0 0 0 0 7 3 0 0 0 A A 2 14DeKlSa_l807
2199.09861 0.00223 0 0 0 2 0 -2 7 5 0 2 2 E E 3 0 0 0 0 0 0 7 4 0 0 0 E A 3 14DeKlSa_l808
2199.43219 0.00223 0 0 0 2 0 2 7 3 0 2 2 A E 3 0 0 0 0 0 0 8 4 0 0 0 E A 3 14DeKlSa_l809
1972.15751 0.00223 0 1 0 1 0 -1 11 11 0 1 1 E E 2 0 0 0 0 0 0 12 12 0 0 0 A A 1 14DeKlSa_l81
2200.39071 0.00223 0 0 0 2 0 0 2 2 0 0 0 E A 3 0 0 0 0 0 0 3 2 0 0 0 E A 3 14DeKlSa_l811
2200.64071 0.00223 0 0 0 2 0 2 10 6 0 2 2 A E 3 0 0 0 0 0 0 11 7 0 0 0 E A 3 14DeKlSa_l812
2200.7439 0.00223 0 0 0 2 0 2 11 7 0 2 2 E E 3 0 0 0 0 0 0 12 8 0 0 0 E A 3 14DeKlSa_l813
2200.95139 0.00223 0 0 0 2 0 2 9 5 0 2 2 E E 1 0 0 0 0 0 0 10 6 0 0 0 A A 2 14DeKlSa_l814
2201.26852 0.00223 0 0 0 2 0 0 2 1 0 0 0 E A 3 0 0 0 0 0 0 3 1 0 0 0 E A 3 14DeKlSa_l815
-2201.80421 0.00223 0 0 1 0 1 0 12 6 1 0 1 A E 3 0 0 0 0 0 0 13 5 0 0 0 E A 3 14DeKlSa_l819
1972.22526 0.00223 0 2 0 0 0 0 5 5 0 0 0 E A 3 0 0 0 0 0 0 5 5 0 0 0 E A 3 14DeKlSa_l82
2202.1365 0.00223 0 0 1 0 1 0 12 3 1 0 1 A E 3 0 0 0 0 0 0 13 1 0 0 0 E A 3 14DeKlSa_l821
2202.31458 0.00223 0 0 1 0 1 0 12 5 1 0 1 E E 3 0 0 0 0 0 0 13 4 0 0 0 E A 3 14DeKlSa_l822
2202.43154 0.00223 0 0 0 2 0 2 3 0 0 2 2 A E 3 0 0 0 0 0 0 4 1 0 0 0 E A 3 14DeKlSa_l823
2202.93938 0.00223 0 0 1 0 1 0 12 4 1 0 1 E E 2 0 0 0 0 0 0 13 3 0 0 0 A A 1 14DeKlSa_l824
2203.18216 0.00223 0 0 0 2 0 2 5 2 0 2 2 E E 1 0 0 0 0 0 0 6 3 0 0 0 A A 2 14DeKlSa_l825
2203.21 0.00223 0 0 0 2 0 2 4 1 0 2 2 E E 3 0 0 0 0 0 0 5 2 0 0 0 E A 3 14DeKlSa_l826
2203.64892 0.00223 0 0 1 0 1 0 12 3 1 0 1 A E 3 0 0 0 0 0 0 13 2 0 0 0 E A 3 14DeKlSa_l827
2204.35671 0.00223 0 0 0 2 0 2 11 8 0 2 2 E E 2 0 0 0 0 0 0 12 9 0 0 0 A A 1 14DeKlSa_l829
1972.30693 0.00223 0 2 0 0 0 0 1 1 0 0 0 E A 3 0 0 0 0 0 0 1 1 0 0 0 E A 3 14DeKlSa_l83
2204.42432 0.00223 0 0 1 0 1 0 12 2 1 0 1 E E 3 0 0 0 0 0 0 13 1 0 0 0 E A 3 14DeKlSa_l830
2204.56925 0.00223 0 0 0 2 0 2 5 2 0 2 2 E E 2 0 0 0 0 0 0 6 3 0 0 0 A A 1 14DeKlSa_l831
2204.62032 0.00223 0 0 1 0 1 0 12 1 1 0 1 E E 1 0 0 0 0 0 0 13 0 0 0 0 A A 2 14DeKlSa_l832
2204.65122 0.00223 0 0 0 2 0 2 6 3 0 2 2 A E 3 0 0 0 0 0 0 7 4 0 0 0 E A 3 14DeKlSa_l833
2204.88138 0.00223 0 0 0 2 0 2 10 7 0 2 2 E E 3 0 0 0 0 0 0 11 8 0 0 0 E A 3 14DeKlSa_l834
2204.9321 0.00223 0 0 0 2 0 2 9 6 0 2 2 A E 3 0 0 0 0 0 0 10 7 0 0 0 E A 3 14DeKlSa_l835
2205.38672 0.00223 0 0 0 2 0 2 8 5 0 2 2 E E 2 0 0 0 0 0 0 9 6 0 0 0 A A 1 14DeKlSa_l836
-2205.40872 0.00223 0 0 1 0 -1 0 11 7 1 0 1 E E 3 0 0 0 0 0 0 12 5 0 0 0 E A 3 14DeKlSa_l837_a
2205.77805 0.00223 0 0 0 2 0 2 8 5 0 2 2 E E 1 0 0 0 0 0 0 9 6 0 0 0 A A 2 14DeKlSa_l838
-2205.93742 0.00223 0 0 1 0 1 0 12 2 1 0 1 E E 3 0 0 0 0 0 0 13 2 0 0 0 E A 3 14DeKlSa_l839_a
1972.43933 0.00223 0 2 0 0 0 0 6 6 0 0 0 A A 2 0 0 0 0 0 0 6 6 0 0 0 A A 1 14DeKlSa_l84
2206.50823 0.00223 0 0 0 2 0 -2 6 4 0 2 2 E E 1 0 0 0 0 0 0 6 3 0 0 0 A A 2 14DeKlSa_l840
2206.50823 0.00223 0 0 0 2 0 -2 6 4 0 2 2 E E 2 0 0 0 0 0 0 6 3 0 0 0 A A 1 14DeKlSa_l841
2206.73735 0.00223 0 0 1 0 1 0 12 0 1 0 1 A E 3 0 0 0 0 0 0 13 1 0 0 0 E A 3 14DeKlSa_l842
2206.96616 0.00223 0 1 0 1 0 1 9 8 0 1 1 E E 3 0 0 0 0 0 0 8 7 0 0 0 E A 3 14DeKlSa_l843
2207.80958 0.00223 0 0 0 2 0 2 12 11 0 2 2 E E 2 0 0 0 0 0 0 13 12 0 0 0 A A 1 14DeKlSa_l844
2207.80958 0.00223 0 0 0 2 0 2 12 11 0 2 2 E E 1 0 0 0 0 0 0 13 12 0 0 0 A A 2 14DeKlSa_l845
-2207.86422 0.00223 0 0 0 2 0 -2 9 7 0 2 2 E E 1 0 0 0 0 0 0 9 9 0 0 0 A A 2 14DeKlSa_l846_a
-2207.86422 0.00223 0 0 0 2 0 -2 9 7 0 2 2 E E 2 0 0 0 0 0 0 9 9 0 0 0 A A 1 14DeKlSa_l847_a
2207.95593 0.00223 0 0 0 2 0 -2 7 4 0 2 2 E E 2 0 0 0 0 0 0 7 3 0 0 0 A A 1 14DeKlSa_l848
2207.95593 0.00223 0 0 0 2 0 -2 7 4 0 2 2 E E 1 0 0 0 0 0 0 7 3 0 0 0 A A 2 14DeKlSa_l849
1972.43933 0.00223 0 2 0 0 0 0 6 6 0 0 0 A A 1 0 0 0 0 0 0 6 6 0 0 0 A A 2 14DeKlSa_l85
2208.34979 0.00223 0 0 1 0 -1 0 12 2 1 0 1 E E 2 0 0 0 0 0 0 13 3 0 0 0 A A 1 14DeKlSa_l850
2208.58379 0.00223 0 0 0 2 0 2 10 8 0 2 2 E E 2 0 0 0 0 0 0 11 9 0 0 0 A A 1 14DeKlSa_l851
2208.6553 0.00223 0 0 0 2 0 2 10 8 0 2 2 E E 1 0 0 0 0 0 0 11 9 0 0 0 A A 2 14DeKlSa_l852
2209.22141 0.00223 0 0 0 2 0 0 1 1 0 0 0 E A 3 0 0 0 0 0 0 2 1 0 0 0 E A 3 14DeKlSa_l853
2209.4156 0.00223 0 0 0 2 0 2 9 7 0 2 2 E E 3 0 0 0 0 0 0 10 8 0 0 0 E A 3 14DeKlSa_l854
2209.46359 0.00223 0 0 0 2 0 2 12 12 0 2 2 A E 3 0 0 0 0 0 0 13 13 0 0 0 E A 3 14DeKlSa_l855
2209.74356 0.00223 0 0 0 2 0 -2 1 1 0 2 2 E E 2 0 0 0 0 0 0 2 0 0 0 0 A A 1 14DeKlSa_l856
2209.8081 0.00223 0 0 0 2 0 2 8 6 0 2 2 A E 3 0 0 0 0 0 0 9 7 0 0 0 E A 3 14DeKlSa_l857
2209.98829 0.00223 0 0 0 2 0 2 2 0 0 2 2 A E 3 0 0 0 0 0 0 3 1 0 0 0 E A 3 14DeKlSa_l858
2210.00721 0.00223 1 0 0 0 0 0 11 10 0 0 0 E A 3 0 0 0 0 0 0 12 10 0 0 0 E A 3 14DeKlSa_l859
1972.74225 0.00223 0 2 0 0 0 0 7 7 0 0 0 E A 3 0 0 0 0 0 0 7 7 0 0 0 E A 3 14DeKlSa_l86
2210.08143 0.00223 1 0 0 0 0 0 11 9 0 0 0 A A 2 0 0 0 0 0 0 12 9 0 0 0 A A 1 14DeKlSa_l860
2210.08143 0.00223 1 0 0 0 0 0 11 9 0 0 0 A A 1 0 0 0 0 0 0 12 9 0 0 0 A A 2 14DeKlSa_l861
2210.15903 0.00223 0 0 0 2 0 2 4 2 0 2 2 E E 2 0 0 0 0 0 0 5 3 0 0 0 A A 1 14DeKlSa_l862
2210.21714 0.00223 1 0 0 0 0 0 11 8 0 0 0 E A 3 0 0 0 0 0 0 12 8 0 0 0 E A 3 14DeKlSa_l863
2210.27907 0.00223 0 0 0 2 0 2 3 1 0 2 2 E E 3 0 0 0 0 0 0 4 2 0 0 0 E A 3 14DeKlSa_l864
-2210.34954 0.00223 0 0 0 2 0 -2 10 7 0 2 2 E E 2 0 0 0 0 0 0 10 9 0 0 0 A A 1 14DeKlSa_l865_a
-2210.34954 0.00223 0 0 0 2 0 -2 10 7 0 2 2 E E 1 0 0 0 0 0 0 10 9 0 0 0 A A 2 14DeKlSa_l866_a
2210.42365 0.00223 1 0 0 0 0 0 11 7 0 0 0 E A 3 0 0 0 0 0 0 12 7 0 0 0 E A 3 14DeKlSa_l867
2210.4721 0.00223 0 0 0 2 0 2 7 5 0 2 2 E E 1 0 0 0 0 0 0 8 6 0 0 0 A A 2 14DeKlSa_l868
2210.56835 0.00223 0 0 0 2 0 2 7 5 0 2 2 E E 2 0 0 0 0 0 0 8 6 0 0 0 A A 1 14DeKlSa_l869
1972.84645 0.00223 0 1 0 1 0 -1 12 2 0 1 1 E E 2 0 0 0 0 0 0 13 3 0 0 0 A A 1 14DeKlSa_l87
2210.58763 0.00223 0 0 0 2 0 2 6 4 0 2 2 E E 3 0 0 0 0 0 0 7 5 0 0 0 E A 3 14DeKlSa_l870
2210.60929 0.00223 0 0 0 2 0 2 5 3 0 2 2 A E 3 0 0 0 0 0 0 6 4 0 0 0 E A 3 14DeKlSa_l871
2210.7927 0.00223 0 0 0 2 0 2 4 2 0 2 2 E E 1 0 0 0 0 0 0 5 3 0 0 0 A A 2 14DeKlSa_l874
2211.13544 0.00223 0 0 1 0 1 0 11 6 1 0 1 A E 3 0 0 0 0 0 0 12 5 0 0 0 E A 3 14DeKlSa_l875
2211.21566 0.00223 0 0 0 2 0 -2 3 3 0 2 2 A E 3 0 0 0 0 0 0 3 2 0 0 0 E A 3 14DeKlSa_l876
2211.49224 0.00223 0 1 0 1 0 1 9 9 0 1 1 A E 3 0 0 0 0 0 0 8 8 0 0 0 E A 3 14DeKlSa_l877
2211.674 0.00223 0 0 1 0 1 0 11 5 1 0 1 E E 3 0 0 0 0 0 0 12 4 0 0 0 E A 3 14DeKlSa_l878
2211.99056 0.00223 0 0 0 2 0 2 10 9 0 2 2 A E 3 0 0 0 0 0 0 11 10 0 0 0 E A 3 14DeKlSa_l879
1973.13073 0.00223 0 2 0 0 0 0 8 8 0 0 0 E A 3 0 0 0 0 0 0 8 8 0 0 0 E A 3 14DeKlSa_l88
2212.34067 0.00223 0 0 1 0 1 0 11 4 1 0 1 E E 1 0 0 0 0 0 0 12 3 0 0 0 A A 2 14DeKlSa_l880
-2212.65658 0.00223 0 0 0 2 0 -2 11 7 0 2 2 E E 1 0 0 0 0 0 0 11 9 0 0 0 A A 2 14DeKlSa_l881_a
-2212.65658 0.00223 0 0 0 2 0 -2 11 7 0 2 2 E E 2 0 0 0 0 0 0 11 9 0 0 0 A A 1 14DeKlSa_l882_a
2212.82271 0.00223 0 0 0 2 0 -2 4 3 0 2 2 A E 3 0 0 0 0 0 0 4 2 0 0 0 E A 3 14DeKlSa_l883
2213.11669 0.00223 0 0 1 0 1 0 11 3 1 0 1 A E 3 0 0 0 0 0 0 12 2 0 0 0 E A 3 14DeKlSa_l884
2213.34577 0.00223 0 0 0 2 0 2 9 8 0 2 2 E E 1 0 0 0 0 0 0 10 9 0 0 0 A A 2 14DeKlSa_l885
2213.35438 0.00223 0 0 0 2 0 2 9 8 0 2 2 E E 2 0 0 0 0 0 0 10 9 0 0 0 A A 1 14DeKlSa_l886
2213.96116 0.00223 0 0 1 0 1 0 11 2 1 0 1 E E 3 0 0 0 0 0 0 12 1 0 0 0 E A 3 14DeKlSa_l887
-2214.21619 0.00223 0 0 1 0 1 0 11 1 1 0 1 E E 2 0 0 0 0 0 0 12 0 0 0 0 A A 1 14DeKlSa_l888
2214.4476 0.00223 0 0 0 2 0 2 8 7 0 2 2 E E 3 0 0 0 0 0 0 9 8 0 0 0 E A 3 14DeKlSa_l889
1973.24251 0.00223 0 1 0 1 0 -1 12 2 0 1 1 E E 1 0 0 0 0 0 0 13 3 0 0 0 A A 2 14DeKlSa_l89
-2214.48218 0.00223 0 0 0 2 0 -2 9 6 0 2 2 A E 3 0 0 0 0 0 0 9 8 0 0 0 E A 3 14DeKlSa_l890_a
-2214.53138 0.00223 1 0 0 0 0 0 10 3 0 0 0 A A 1 0 0 0 0 0 0 11 0 0 0 0 A A 2 14DeKlSa_l891_a
2214.83695 0.00223 0 0 0 2 0 2 10 10 0 2 2 E E 3 0 0 0 0 0 0 11 11 0 0 0 E A 3 14DeKlSa_l892
-2214.91502 0.00223 0 0 1 0 -1 0 10 7 1 0 1 E E 3 0 0 0 0 0 0 11 5 0 0 0 E A 3 14DeKlSa_l893_a
-2215.02833 0.00223 0 0 1 0 -1 0 11 2 1 0 1 E E 2 0 0 0 0 0 0 12 0 0 0 0 A A 1 14DeKlSa_l894_a
2215.25863 0.00223 0 0 0 2 0 2 7 6 0 2 2 A E 3 0 0 0 0 0 0 8 7 0 0 0 E A 3 14DeKlSa_l895
2216.18052 0.00223 0 0 0 2 0 2 6 5 0 2 2 E E 2 0 0 0 0 0 0 7 6 0 0 0 A A 1 14DeKlSa_l896
2216.19607 0.00223 0 0 0 2 0 2 6 5 0 2 2 E E 1 0 0 0 0 0 0 7 6 0 0 0 A A 2 14DeKlSa_l897
2216.22125 0.00223 0 0 1 0 1 0 11 0 1 0 1 A E 3 0 0 0 0 0 0 12 1 0 0 0 E A 3 14DeKlSa_l898
-2216.24232 0.00223 0 0 1 0 -1 0 10 6 1 0 1 A E 3 0 0 0 0 0 0 11 4 0 0 0 E A 3 14DeKlSa_l899_a
1944.00319 0.00223 0 2 0 0 0 0 2 0 0 0 0 A A 1 0 0 0 0 0 0 3 0 0 0 0 A A 2 14DeKlSa_l9
1973.60116 0.00223 0 2 0 0 0 0 9 9 0 0 0 A A 1 0 0 0 0 0 0 9 9 0 0 0 A A 2 14DeKlSa_l90
-2216.36101 0.00223 1 0 0 0 0 0 10 2 0 0 0 E A 3 0 0 0 0 0 0 11 1 0 0 0 E A 3 14DeKlSa_l900_a
2216.5027 0.00223 0 0 0 2 0 -2 10 6 0 2 2 A E 3 0 0 0 0 0 0 10 8 0 0 0 E A 3 14DeKlSa_l901
2216.76478 0.00223 0 0 0 2 0 2 5 4 0 2 2 E E 3 0 0 0 0 0 0 6 5 0 0 0 E A 3 14DeKlSa_l902
-2216.77991 0.00223 0 0 0 2 0 -2 8 3 0 2 2 A E 3 0 0 0 0 0 0 8 2 0 0 0 E A 3 14DeKlSa_l903
2216.79947 0.00223 0 0 0 2 0 2 9 9 0 2 2 A E 3 0 0 0 0 0 0 10 10 0 0 0 E A 3 14DeKlSa_l904
-2216.92864 0.00223 0 0 0 2 0 2 7 3 0 2 2 A E 3 0 0 0 0 0 0 8 7 0 0 0 E A 3 14DeKlSa_l905_a
-2217.05696 0.00223 0 0 0 2 0 0 5 5 0 0 0 E A 3 0 0 0 0 0 0 5 2 0 0 0 E A 3 14DeKlSa_l906_a
2217.24151 0.00223 0 0 0 2 0 2 4 3 0 2 2 A E 3 0 0 0 0 0 0 5 4 0 0 0 E A 3 14DeKlSa_l907
2217.43771 0.00223 0 0 1 0 -1 0 11 1 1 0 1 E E 3 0 0 0 0 0 0 12 2 0 0 0 E A 3 14DeKlSa_l908
2217.71185 0.00223 0 0 0 2 0 2 3 2 0 2 2 E E 2 0 0 0 0 0 0 4 3 0 0 0 A A 1 14DeKlSa_l909
1973.60116 0.00223 0 2 0 0 0 0 9 9 0 0 0 A A 2 0 0 0 0 0 0 9 9 0 0 0 A A 1 14DeKlSa_l91
2217.86817 0.00223 0 0 0 2 0 2 2 1 0 2 2 E E 3 0 0 0 0 0 0 3 2 0 0 0 E A 3 14DeKlSa_l910
2217.92971 0.00223 0 0 0 2 0 0 0 0 0 0 0 A A 1 0 0 0 0 0 0 1 0 0 0 0 A A 2 14DeKlSa_l911
2218.02278 0.00223 0 1 0 1 0 1 10 9 0 1 1 A E 3 0 0 0 0 0 0 9 8 0 0 0 E A 3 14DeKlSa_l912
2218.0485 0.00223 0 0 0 2 0 2 1 0 0 2 2 A E 3 0 0 0 0 0 0 2 1 0 0 0 E A 3 14DeKlSa_l913
2218.07413 0.00223 0 0 1 0 -1 0 11 2 1 0 1 E E 1 0 0 0 0 0 0 12 3 0 0 0 A A 2 14DeKlSa_l914
2218.18649 0.00223 1 0 0 0 0 0 10 0 0 0 0 A A 1 0 0 0 0 0 0 11 0 0 0 0 A A 2 14DeKlSa_l915
2218.38533 0.00223 0 0 1 0 -1 0 12 8 1 0 1 E E 2 0 0 0 0 0 0 13 9 0 0 0 A A 1 14DeKlSa_l916
2219.66467 0.00223 1 0 0 0 0 0 10 8 0 0 0 E A 3 0 0 0 0 0 0 11 8 0 0 0 E A 3 14DeKlSa_l917
2219.82064 0.00223 1 0 0 0 0 0 10 7 0 0 0 E A 3 0 0 0 0 0 0 11 7 0 0 0 E A 3 14DeKlSa_l918
2219.91558 0.00223 0 0 1 0 -1 0 11 3 1 0 1 A E 3 0 0 0 0 0 0 12 4 0 0 0 E A 3 14DeKlSa_l919
1974.1493 0.00223 0 2 0 0 0 0 10 10 0 0 0 E A 3 0 0 0 0 0 0 10 10 0 0 0 E A 3 14DeKlSa_l92
-2220.19418 0.00223 0 0 0 2 0 -2 9 5 0 2 2 E E 3 0 0 0 0 0 0 9 7 0 0 0 E A 3 14DeKlSa_l920_a
2220.47905 0.00223 0 0 1 0 1 0 10 6 1 0 1 A E 3 0 0 0 0 0 0 11 5 0 0 0 E A 3 14DeKlSa_l921
2220.58889 0.00223 0 0 0 2 0 -2 3 2 0 2 2 E E 3 0 0 0 0 0 0 3 1 0 0 0 E A 3 14DeKlSa_l922
-2220.94452 0.00223 0 0 0 2 0 0 6 4 0 0 0 E A 3 0 0 0 0 0 0 6 1 0 0 0 E A 3 14DeKlSa_l923_a
2221.03968 0.00223 0 0 1 0 1 0 10 5 1 0 1 E E 3 0 0 0 0 0 0 11 4 0 0 0 E A 3 14DeKlSa_l924
2221.73537 0.00223 0 0 1 0 1 0 10 4 1 0 1 E E 1 0 0 0 0 0 0 11 3 0 0 0 A A 2 14DeKlSa_l926
2221.74757 0.00223 0 0 1 0 1 0 10 4 1 0 1 E E 2 0 0 0 0 0 0 11 3 0 0 0 A A 1 14DeKlSa_l927
-2222.23757 0.00223 0 0 0 2 0 2 6 3 0 2 2 A E 3 0 0 0 0 0 0 7 7 0 0 0 E A 3 14DeKlSa_l928_a
-2222.26947 0.00223 0 0 0 2 0 -2 7 4 0 2 2 E E 2 0 0 0 0 0 0 7 6 0 0 0 A A 1 14DeKlSa_l929_a
1974.33075 0.00223 0 1 0 1 0 -1 12 1 0 1 1 E E 3 0 0 0 0 0 0 13 2 0 0 0 E A 3 14DeKlSa_l93
-2222.26947 0.00223 0 0 0 2 0 -2 7 4 0 2 2 E E 1 0 0 0 0 0 0 7 6 0 0 0 A A 2 14DeKlSa_l930_a
2222.57407 0.00223 0 0 1 0 1 0 10 3 1 0 1 A E 3 0 0 0 0 0 0 11 2 0 0 0 E A 3 14DeKlSa_l931
2223.49587 0.00223 0 0 0 2 0 2 4 4 0 2 2 E E 3 0 0 0 0 0 0 5 5 0 0 0 E A 3 14DeKlSa_l932
2223.6448 0.00223 0 0 0 2 0 -2 8 4 0 2 2 E E 1 0 0 0 0 0 0 8 6 0 0 0 A A 2 14DeKlSa_l933
2223.6448 0.00223 0 0 0 2 0 -2 8 4 0 2 2 E E 2 0 0 0 0 0 0 8 6 0 0 0 A A 1 14DeKlSa_l934
-2224.58378 0.00223 0 0 0 2 0 -2 5 3 0 2 2 A E 3 0 0 0 0 0 0 5 5 0 0 0 E A 3 14DeKlSa_l935_a
-2225.02459 0.00223 0 0 0 2 0 -2 9 4 0 2 2 E E 2 0 0 0 0 0 0 9 6 0 0 0 A A 1 14DeKlSa_l936_a
-2225.02459 0.00223 0 0 0 2 0 -2 9 4 0 2 2 E E 1 0 0 0 0 0 0 9 6 0 0 0 A A 2 14DeKlSa_l937_a
2225.13957 0.00223 0 0 0 2 0 0 10 10 0 0 0 E A 3 0 0 0 0 0 0 10 10 0 0 0 E A 3 14DeKlSa_l938
2225.20355 0.00223 0 0 0 2 0 2 2 2 0 2 2 E E 2 0 0 0 0 0 0 3 3 0 0 0 A A 1 14DeKlSa_l939
1974.77123 0.00223 0 2 0 0 0 0 11 11 0 0 0 E A 3 0 0 0 0 0 0 11 11 0 0 0 E A 3 14DeKlSa_l94
-2225.57713 0.00223 0 0 0 2 0 -2 6 3 0 2 2 A E 3 0 0 0 0 0 0 6 5 0 0 0 E A 3 14DeKlSa_l940_a
2225.66954 0.00223 0 0 1 0 -1 0 11 7 1 0 1 E E 3 0 0 0 0 0 0 12 8 0 0 0 E A 3 14DeKlSa_l941
2225.71367 0.00223 0 0 1 0 1 0 10 0 1 0 1 A E 3 0 0 0 0 0 0 11 1 0 0 0 E A 3 14DeKlSa_l942
2225.76616 0.00223 0 0 0 2 0 -2 5 2 0 2 2 E E 3 0 0 0 0 0 0 5 1 0 0 0 E A 3 14DeKlSa_l943
2225.78233 0.00223 0 0 0 2 0 0 9 9 0 0 0 A A 1 0 0 0 0 0 0 9 9 0 0 0 A A 2 14DeKlSa_l944
2225.78233 0.00223 0 0 0 2 0 0 9 9 0 0 0 A A 2 0 0 0 0 0 0 9 9 0 0 0 A A 1 14DeKlSa_l945
-2225.81774 0.00223 1 0 0 0 0 0 10 1 0 0 0 E A 3 0 0 0 0 0 0 11 4 0 0 0 E A 3 14DeKlSa_l946_a
2225.93373 0.00223 0 0 0 2 0 2 1 1 0 2 2 E E 3 0 0 0 0 0 0 2 2 0 0 0 E A 3 14DeKlSa_l947
2226.35066 0.00223 0 0 0 2 0 0 8 8 0 0 0 E A 3 0 0 0 0 0 0 8 8 0 0 0 E A 3 14DeKlSa_l948
2226.50751 0.00223 0 0 0 2 0 0 4 4 0 0 0 E A 3 0 0 0 0 0 0 4 4 0 0 0 E A 3 14DeKlSa_l949
1975.02665 0.00223 0 1 0 1 0 -1 11 8 0 1 1 E E 1 0 0 0 0 0 0 12 9 0 0 0 A A 2 14DeKlSa_l95
2226.54826 0.00223 0 0 0 2 0 2 0 0 0 2 2 A E 3 0 0 0 0 0 0 1 1 0 0 0 E A 3 14DeKlSa_l950
-2226.66506 0.00223 0 0 0 2 0 -2 7 3 0 2 2 A E 3 0 0 0 0 0 0 7 5 0 0 0 E A 3 14DeKlSa_l951_a
2226.86264 0.00223 0 0 0 2 0 0 7 7 0 0 0 E A 3 0 0 0 0 0 0 7 7 0 0 0 E A 3 14DeKlSa_l952
2226.91828 0.00223 0 0 1 0 -1 0 10 1 1 0 1 E E 3 0 0 0 0 0 0 11 2 0 0 0 E A 3 14DeKlSa_l953
2227.02773 0.00223 0 0 0 2 0 0 1 1 0 0 0 E A 3 0 0 0 0 0 0 1 1 0 0 0 E A 3 14DeKlSa_l954
2227.09531 0.00223 0 0 0 2 0 0 2 2 0 0 0 E A 3 0 0 0 0 0 0 2 2 0 0 0 E A 3 14DeKlSa_l955
2227.38092 0.00223 0 0 0 2 0 0 6 6 0 0 0 A A 1 0 0 0 0 0 0 6 6 0 0 0 A A 2 14DeKlSa_l956
2227.38092 0.00223 0 0 0 2 0 0 6 6 0 0 0 A A 2 0 0 0 0 0 0 6 6 0 0 0 A A 1 14DeKlSa_l957
2227.47625 0.00223 0 0 0 2 0 -2 1 1 0 2 2 E E 1 0 0 0 0 0 0 1 0 0 0 0 A A 2 14DeKlSa_l958
-2227.62011 0.00223 0 0 1 0 -1 0 12 12 1 0 1 A E 3 0 0 0 0 0 0 13 13 0 0 0 E A 3 14DeKlSa_l959
1975.02665 0.00223 0 1 0 1 0 -1 11 8 0 1 1 E E 2 0 0 0 0 0 0 12 9 0 0 0 A A 1 14DeKlSa_l96
2227.72027 0.00223 0 0 1 0 -1 0 11 8 1 0 1 E E 1 0 0 0 0 0 0 12 9 0 0 0 A A 2 14DeKlSa_l960
2227.72027 0.00223 0 0 1 0 -1 0 11 8 1 0 1 E E 2 0 0 0 0 0 0 12 9 0 0 0 A A 1 14DeKlSa_l961
2227.75341 0.00223 0 0 1 0 -1 0 10 2 1 0 1 E E 2 0 0 0 0 0 0 11 3 0 0 0 A A 1 14DeKlSa_l962
2227.96656 0.00223 1 0 0 0 0 0 9 1 0 0 0 E A 3 0 0 0 0 0 0 10 1 0 0 0 E A 3 14DeKlSa_l963
2228.01965 0.00223 1 0 0 0 0 0 9 0 0 0 0 A A 2 0 0 0 0 0 0 10 0 0 0 0 A A 1 14DeKlSa_l964
2228.18153 0.00223 1 0 0 0 0 0 9 4 0 0 0 E A 3 0 0 0 0 0 0 10 4 0 0 0 E A 3 14DeKlSa_l965
2228.2352 0.00223 0 0 0 2 0 0 5 5 0 0 0 E A 3 0 0 0 0 0 0 5 5 0 0 0 E A 3 14DeKlSa_l966
2228.29221 0.00223 0 0 0 2 0 -2 2 1 0 2 2 E E 2 0 0 0 0 0 0 2 0 0 0 0 A A 1 14DeKlSa_l967
2228.3733 0.00223 0 0 1 0 1 0 10 1 1 0 1 E E 1 0 0 0 0 0 0 11 3 0 0 0 A A 2 14DeKlSa_l968
2228.40405 0.00223 0 0 0 2 0 0 3 2 0 0 0 E A 3 0 0 0 0 0 0 3 2 0 0 0 E A 3 14DeKlSa_l969
2228.47467 0.00223 0 0 0 2 0 0 4 3 0 0 0 A A 1 0 0 0 0 0 0 4 3 0 0 0 A A 2 14DeKlSa_l970
2228.49442 0.00223 0 0 0 2 0 0 4 3 0 0 0 A A 2 0 0 0 0 0 0 4 3 0 0 0 A A 1 14DeKlSa_l971
2228.6765 0.00223 1 0 0 0 0 0 9 3 0 0 0 A A 2 0 0 0 0 0 0 10 3 0 0 0 A A 1 14DeKlSa_l972
2228.6765 0.00223 1 0 0 0 0 0 9 3 0 0 0 A A 1 0 0 0 0 0 0 10 3 0 0 0 A A 2 14DeKlSa_l973
-2228.71955 0.00223 1 0 0 0 0 0 10 2 0 0 0 E A 3 0 0 0 0 0 0 11 5 0 0 0 E A 3 14DeKlSa_l974_a
2228.87383 0.00223 0 0 0 2 0 0 6 4 0 0 0 E A 3 0 0 0 0 0 0 6 4 0 0 0 E A 3 14DeKlSa_l975
-2228.99223 0.00223 0 0 0 2 0 -2 9 3 0 2 2 A E 3 0 0 0 0 0 0 9 5 0 0 0 E A 3 14DeKlSa_l976_a
2229.11585 0.00223 1 0 0 0 0 0 9 8 0 0 0 E A 3 0 0 0 0 0 0 10 8 0 0 0 E A 3 14DeKlSa_l977
2229.22025 0.00223 1 0 0 0 0 0 9 7 0 0 0 E A 3 0 0 0 0 0 0 10 7 0 0 0 E A 3 14DeKlSa_l978
2229.43127 0.00223 1 0 0 0 0 0 9 6 0 0 0 A A 1 0 0 0 0 0 0 10 6 0 0 0 A A 2 14DeKlSa_l979
2229.43127 0.00223 1 0 0 0 0 0 9 6 0 0 0 A A 2 0 0 0 0 0 0 10 6 0 0 0 A A 1 14DeKlSa_l980
-2229.51337 0.00223 1 0 0 0 0 0 9 1 0 0 0 E A 3 0 0 0 0 0 0 10 2 0 0 0 E A 3 14DeKlSa_l981_a
2229.64318 0.00223 0 0 0 2 0 -2 3 1 0 2 2 E E 1 0 0 0 0 0 0 3 0 0 0 0 A A 2 14DeKlSa_l982
-2229.74668 0.00223 0 0 1 0 -1 0 9 4 1 0 1 E E 3 0 0 0 0 0 0 10 2 0 0 0 E A 3 14DeKlSa_l983_a
2229.81219 0.00223 0 0 1 0 1 0 9 6 1 0 1 A E 3 0 0 0 0 0 0 10 5 0 0 0 E A 3 14DeKlSa_l984
2229.85417 0.00223 0 0 0 2 0 0 5 3 0 0 0 A A 2 0 0 0 0 0 0 5 3 0 0 0 A A 1 14DeKlSa_l985
2229.91485 0.00223 0 0 0 2 0 0 5 3 0 0 0 A A 1 0 0 0 0 0 0 5 3 0 0 0 A A 2 14DeKlSa_l986
2229.95166 0.00223 0 0 0 2 0 0 7 4 0 0 0 E A 3 0 0 0 0 0 0 7 4 0 0 0 E A 3 14DeKlSa_l987
-2230.20591 0.00223 0 0 0 2 0 -2 10 3 0 2 2 A E 3 0 0 0 0 0 0 10 5 0 0 0 E A 3 14DeKlSa_l988_a
2230.3954 0.00223 0 0 1 0 1 0 9 5 1 0 1 E E 3 0 0 0 0 0 0 10 4 0 0 0 E A 3 14DeKlSa_l989
1975.46157 0.00223 0 2 0 0 0 0 12 12 0 0 0 A A 2 0 0 0 0 0 0 12 12 0 0 0 A A 1 14DeKlSa_l99
2230.67422 0.00223 0 0 0 2 0 0 4 1 0 0 0 E A 3 0 0 0 0 0 0 4 1 0 0 0 E A 3 14DeKlSa_l990
-2230.68368 0.00223 0 0 0 2 0 -2 4 2 0 2 2 E E 3 0 0 0 0 0 0 4 4 0 0 0 E A 3 14DeKlSa_l991_a
2231.03162 0.00223 0 0 0 2 0 0 8 4 0 0 0 E A 3 0 0 0 0 0 0 8 4 0 0 0 E A 3 14DeKlSa_l992
2231.07101 0.00223 0 0 0 2 0 0 13 12 0 0 0 A A 1 0 0 0 0 0 0 13 12 0 0 0 A A 2 14DeKlSa_l993
2231.07101 0.00223 0 0 0 2 0 0 13 12 0 0 0 A A 2 0 0 0 0 0 0 13 12 0 0 0 A A 1 14DeKlSa_l994
-2231.09794 0.00223 0 0 0 2 0 2 11 7 0 2 2 E E 3 0 0 0 0 0 0 12 11 0 0 0 E A 3 14DeKlSa_l995_a
2231.21175 0.00223 0 0 0 2 0 0 6 3 0 0 0 A A 2 0 0 0 0 0 0 6 3 0 0 0 A A 1 14DeKlSa_l996
2231.30839 0.00223 0 0 0 2 0 0 5 2 0 0 0 E A 3 0 0 0 0 0 0 5 2 0 0 0 E A 3 14DeKlSa_l997
-2231.43931 0.00223 0 0 0 2 0 0 10 3 0 0 0 A A 2 0 0 0 0 0 0 10 0 0 0 0 A A 1 14DeKlSa_l998_a
2231.51206 0.00223 0 0 0 2 0 0 11 10 0 0 0 E A 3 0 0 0 0 0 0 11 10 0 0 0 E A 3 14DeKlSa_l999
3260.3771 0.0012 1 0 0 1 0 1 8 4 0 1 1 E E 2 0 0 0 0 0 0 10 6 0 0 0 A A 1 02UlBeKo2_l1
3281.7052 0.0005 1 0 0 1 0 1 12 11 0 1 1 E E 1 0 0 0 0 0 0 13 12 0 0 0 A A 1 02UlBeKo2_l2
3286.6453 0.0005 1 0 0 1 0 1 10 10 0 1 1 E E 2 0 0 0 0 0 0 11 9 0 0 0 A A 1 02UlBeKo2_l3
3288.7901 0.0005 1 0 0 1 0 1 11 11 0 1 1 E E 1 0 0 0 0 0 0 12 12 0 0 0 A A 1 02UlBeKo2_l4
3293.7502 0.0005 1 0 0 1 0 1 11 10 0 1 1 E E 3 0 0 0 0 0 0 12 11 0 0 0 E A 3 02UlBeKo2_l5
3301.1372 0.0005 1 0 0 1 0 1 10 10 0 1 1 E E 3 0 0 0 0 0 0 11 11 0 0 0 E A 3 02UlBeKo2_l6
3304.123 0.0005 1 0 0 1 0 1 10 7 0 1 1 E E 1 0 0 0 0 0 0 11 6 0 0 0 A A 1 02UlBeKo2_l7
3306.0861 0.0005 1 0 0 1 0 1 11 7 0 1 1 E E 3 0 0 0 0 0 0 12 8 0 0 0 E A 3 02UlBeKo2_l8
3307.587 0.0005 1 0 0 1 0 1 10 5 0 1 1 E E 3 0 0 0 0 0 0 11 2 0 0 0 E A 3 02UlBeKo2_l9
3310.1416 0.0005 1 0 0 1 0 1 10 8 0 1 1 E E 1 0 0 0 0 0 0 11 9 0 0 0 A A 1 02UlBeKo2_l10
3311.8755 0.0005 1 0 0 1 0 1 9 7 0 1 1 E E 1 0 0 0 0 0 0 10 6 0 0 0 A A 2 02UlBeKo2_l11
3313.3507 0.0005 1 0 0 1 0 1 9 9 0 1 1 A E 3 0 0 0 0 0 0 10 10 0 0 0 E A 3 02UlBeKo2_l12
3313.9553 0.0005 1 0 0 1 0 1 10 7 0 1 1 E E 3 0 0 0 0 0 0 11 8 0 0 0 E A 3 02UlBeKo2_l13
3317.8489 0.0005 1 0 0 1 0 1 9 8 0 1 1 E E 1 0 0 0 0 0 0 10 9 0 0 0 A A 1 02UlBeKo2_l14
3318.0601 0.0008 1 0 0 1 0 1 10 4 0 1 1 E E 1 0 0 0 0 0 0 11 3 0 0 0 A A 2 02UlBeKo2_l15
3318.8477 0.0005 1 0 0 1 0 1 11 3 0 1 1 A E 3 0 0 0 0 0 0 12 4 0 0 0 E A 3 02UlBeKo2_l16
3319.7176 0.002 1 0 0 1 0 1 8 7 0 1 1 E E 1 0 0 0 0 0 0 9 6 0 0 0 A A 1 02UlBeKo2_l17
3320.6694 0.0005 1 0 0 1 0 1 10 5 0 1 1 E E 2 0 0 0 0 0 0 11 6 0 0 0 A A 1 02UlBeKo2_l18
3320.8681 0.0005 1 0 0 1 0 1 10 5 0 1 1 E E 1 0 0 0 0 0 0 11 6 0 0 0 A A 2 02UlBeKo2_l19
3321.5491 0.002 1 0 0 1 0 1 10 3 0 1 1 A E 3 0 0 0 0 0 0 11 2 0 0 0 E A 3 02UlBeKo2_l20
-3321.8314 0.0005 1 0 0 1 0 1 9 5 0 1 1 E E 3 0 0 0 0 0 0 10 4 0 0 0 E A 3 02UlBeKo2_l21
3321.8656 0.0005 1 0 0 1 0 1 9 7 0 1 1 E E 3 0 0 0 0 0 0 10 8 0 0 0 E A 3 02UlBeKo2_l22
3323.2514 0.0005 0 0 1 1 1 1 11 1 1 1 2 E E 2 0 0 0 0 0 0 12 0 0 0 0 A A 1 02UlBeKo2_l23
-3325.1346 0.0009 1 0 0 1 0 -1 8 6 0 1 1 A E 3 0 0 0 0 0 0 9 5 0 0 0 E A 3 02UlBeKo2_l24
3325.4871 0.0005 1 0 0 1 0 1 8 8 0 1 1 E E 1 0 0 0 0 0 0 9 9 0 0 0 A A 1 02UlBeKo2_l26
3325.4871 0.0005 1 0 0 1 0 1 9 6 0 1 1 A E 3 0 0 0 0 0 0 10 7 0 0 0 E A 3 02UlBeKo2_l25
3326.4961 0.0005 1 0 0 1 0 1 9 4 0 1 1 E E 2 0 0 0 0 0 0 10 3 0 0 0 A A 1 02UlBeKo2_l27
3328.5605 0.0005 1 0 0 1 0 1 10 2 0 1 1 E E 1 0 0 0 0 0 0 11 3 0 0 0 A A 2 02UlBeKo2_l28
3328.6043 0.0005 1 0 0 1 0 1 9 5 0 1 1 E E 1 0 0 0 0 0 0 10 6 0 0 0 A A 2 02UlBeKo2_l29
-3328.638 0.0005 1 0 0 1 0 1 10 1 0 1 1 E E 3 0 0 0 0 0 0 11 2 0 0 0 E A 3 02UlBeKo2_l30
3328.6947 0.0005 1 0 0 1 0 1 9 5 0 1 1 E E 2 0 0 0 0 0 0 10 6 0 0 0 A A 1 02UlBeKo2_l31
3329.7223 0.0005 1 0 0 1 0 1 8 7 0 1 1 E E 3 0 0 0 0 0 0 9 8 0 0 0 E A 3 02UlBeKo2_l32
3329.8306 0.0005 0 0 1 1 -1 1 9 4 1 1 0 E A 3 0 0 0 0 0 0 10 4 0 0 0 E A 3 02UlBeKo2_l33
3330.3028 0.0005 1 0 0 1 0 1 9 3 0 1 1 A E 3 0 0 0 0 0 0 10 2 0 0 0 E A 3 02UlBeKo2_l34
3330.3438 0.001 1 0 0 1 0 1 8 5 0 1 1 E E 3 0 0 0 0 0 0 9 4 0 0 0 E A 3 02UlBeKo2_l35
3330.518 0.0005 0 0 1 1 -1 1 10 1 1 1 0 E A 3 0 0 0 0 0 0 11 1 0 0 0 E A 3 02UlBeKo2_l36
3331.7679 0.0005 1 0 0 1 0 1 10 0 0 1 1 A E 3 0 0 0 0 0 0 11 1 0 0 0 E A 3 02UlBeKo2_l37
3331.8834 0.0005 0 0 1 1 1 1 10 1 1 1 2 E E 1 0 0 0 0 0 0 11 0 0 0 0 A A 2 02UlBeKo2_l38
3332.0544 0.0008 0 0 1 1 -1 1 10 1 1 1 0 E A 3 0 0 0 0 0 0 11 2 0 0 0 E A 3 02UlBeKo2_l39
3332.3916 0.0005 0 0 1 1 -1 1 9 3 1 1 0 A A 1 0 0 0 0 0 0 10 3 0 0 0 A A 2 02UlBeKo2_l40
3332.6843 0.0005 0 0 1 1 -1 1 9 3 1 1 0 A A 2 0 0 0 0 0 0 10 3 0 0 0 A A 1 02UlBeKo2_l41
3332.86 0.0005 1 0 0 1 0 1 9 4 0 1 1 E E 3 0 0 0 0 0 0 10 5 0 0 0 E A 3 02UlBeKo2_l42
-3333.5051 0.0005 1 0 0 1 0 1 8 6 0 1 1 A E 3 0 0 0 0 0 0 9 7 0 0 0 E A 3 02UlBeKo2_l43
-3334.3874 0.0005 1 0 0 1 0 1 9 3 0 1 1 A E 3 0 0 0 0 0 0 10 4 0 0 0 E A 3 02UlBeKo2_l44
3334.8661 0.0005 1 0 0 1 0 1 8 4 0 1 1 E E 2 0 0 0 0 0 0 9 3 0 0 0 A A 1 02UlBeKo2_l45
3334.8868 0.0011 1 0 0 1 0 1 8 4 0 1 1 E E 1 0 0 0 0 0 0 9 3 0 0 0 A A 2 02UlBeKo2_l46
3335.8308 0.0005 1 0 0 1 0 1 9 1 0 1 1 E E 3 0 0 0 0 0 0 10 1 0 0 0 E A 3 02UlBeKo2_l47
3335.9122 0.0005 1 0 0 1 0 1 9 2 0 1 1 E E 1 0 0 0 0 0 0 10 3 0 0 0 A A 2 02UlBeKo2_l48
3336.501 0.0005 0 0 1 1 1 1 10 1 1 1 2 E E 1 0 0 0 0 0 0 11 3 0 0 0 A A 2 02UlBeKo2_l49
3336.8844 0.0011 1 0 0 1 0 1 8 5 0 1 1 E E 1 0 0 0 0 0 0 9 6 0 0 0 A A 2 02UlBeKo2_l50
3337.003 0.0006 1 0 0 1 0 1 9 2 0 1 1 E E 2 0 0 0 0 0 0 10 3 0 0 0 A A 1 02UlBeKo2_l51
3337.3775 0.0005 1 0 0 1 0 1 9 1 0 1 1 E E 3 0 0 0 0 0 0 10 2 0 0 0 E A 3 02UlBeKo2_l52
3337.5319 0.0005 1 0 0 1 0 1 7 7 0 1 1 E E 3 0 0 0 0 0 0 8 8 0 0 0 E A 3 02UlBeKo2_l53
3337.8463 0.0005 0 0 1 1 -1 1 8 4 1 1 0 E A 3 0 0 0 0 0 0 9 4 0 0 0 E A 3 02UlBeKo2_l54
3338.4169 0.0005 1 0 0 1 0 1 7 5 0 1 1 E E 3 0 0 0 0 0 0 8 4 0 0 0 E A 3 02UlBeKo2_l55
3339.0833 0.0005 0 0 1 1 -1 1 9 1 1 1 0 E A 3 0 0 0 0 0 0 10 1 0 0 0 E A 3 02UlBeKo2_l56
3340.164 0.0005 1 0 0 1 0 1 8 4 0 1 1 E E 3 0 0 0 0 0 0 9 5 0 0 0 E A 3 02UlBeKo2_l57
3340.3448 0.0005 1 0 0 1 0 1 9 0 0 1 1 A E 3 0 0 0 0 0 0 10 1 0 0 0 E A 3 02UlBeKo2_l58
3340.5178 0.0005 0 0 1 1 1 1 9 1 1 1 2 E E 2 0 0 0 0 0 0 10 0 0 0 0 A A 1 02UlBeKo2_l59
3341.0224 0.0015 0 0 1 1 -1 1 8 3 1 1 0 A A 2 0 0 0 0 0 0 9 3 0 0 0 A A 1 02UlBeKo2_l60
3341.1791 0.0005 0 0 1 1 -1 1 8 3 1 1 0 A A 1 0 0 0 0 0 0 9 3 0 0 0 A A 2 02UlBeKo2_l61
3341.492 0.0005 1 0 0 1 0 1 7 6 0 1 1 A E 3 0 0 0 0 0 0 8 7 0 0 0 E A 3 02UlBeKo2_l62
3342.5094 0.0005 0 0 1 1 -1 1 7 5 1 1 0 E A 3 0 0 0 0 0 0 8 5 0 0 0 E A 3 02UlBeKo2_l63
3342.7885 0.0005 1 0 0 1 0 1 8 3 0 1 1 A E 3 0 0 0 0 0 0 9 4 0 0 0 E A 3 02UlBeKo2_l64
3343.2361 0.0016 1 0 0 1 0 1 7 4 0 1 1 E E 1 0 0 0 0 0 0 8 3 0 0 0 A A 2 02UlBeKo2_l65
3344.555 0.0005 0 0 1 1 1 1 11 7 1 1 2 E E 2 0 0 0 0 0 0 12 6 0 0 0 A A 1 02UlBeKo2_l66
3344.6293 0.0005 1 0 0 1 0 1 8 2 0 1 1 E E 2 0 0 0 0 0 0 9 3 0 0 0 A A 1 02UlBeKo2_l67
3345.3183 0.0005 1 0 0 1 0 1 7 5 0 1 1 E E 1 0 0 0 0 0 0 8 6 0 0 0 A A 2 02UlBeKo2_l68
3345.3348 0.0005 1 0 0 1 0 1 7 5 0 1 1 E E 2 0 0 0 0 0 0 8 6 0 0 0 A A 1 02UlBeKo2_l69
3345.4125 0.0005 1 0 0 1 0 1 8 2 0 1 1 E E 1 0 0 0 0 0 0 9 3 0 0 0 A A 2 02UlBeKo2_l70
3346.0161 0.0005 0 0 1 1 -1 1 7 4 1 1 0 E A 3 0 0 0 0 0 0 8 4 0 0 0 E A 3 02UlBeKo2_l71
3346.1007 0.0005 1 0 0 1 0 1 8 1 0 1 1 E E 3 0 0 0 0 0 0 9 2 0 0 0 E A 3 02UlBeKo2_l72
3346.5322 0.0005 1 0 0 1 0 1 6 5 0 1 1 E E 3 0 0 0 0 0 0 7 4 0 0 0 E A 3 02UlBeKo2_l73
3346.557 0.0005 0 0 1 1 1 -1 11 2 1 1 0 E A 3 0 0 0 0 0 0 12 1 0 0 0 E A 3 02UlBeKo2_l74
3347.5562 0.0005 0 0 1 1 -1 1 8 1 1 1 0 E A 3 0 0 0 0 0 0 9 1 0 0 0 E A 3 02UlBeKo2_l75
3347.5767 0.0005 1 0 0 1 0 -1 7 3 0 1 1 A E 3 0 0 0 0 0 0 8 2 0 0 0 E A 3 02UlBeKo2_l76
3348.3211 0.0005 0 0 1 1 1 -1 11 3 1 1 0 A A 2 0 0 0 0 0 0 12 0 0 0 0 A A 1 02UlBeKo2_l77
3348.3459 0.0005 1 0 0 1 0 1 7 4 0 1 1 E E 3 0 0 0 0 0 0 8 5 0 0 0 E A 3 02UlBeKo2_l78
3348.801 0.0005 1 0 0 1 0 1 8 0 0 1 1 A E 3 0 0 0 0 0 0 9 1 0 0 0 E A 3 02UlBeKo2_l79
3348.971 0.0005 0 0 1 1 1 1 8 1 1 1 2 E E 1 0 0 0 0 0 0 9 0 0 0 0 A A 2 02UlBeKo2_l80
3349.0107 0.0005 0 0 1 1 1 1 10 3 1 1 2 A E 3 0 0 0 0 0 0 11 2 0 0 0 E A 3 02UlBeKo2_l81
3349.113 0.0005 0 0 1 1 -1 1 8 1 1 1 0 E A 3 0 0 0 0 0 0 9 2 0 0 0 E A 3 02UlBeKo2_l82
3349.4735 0.0005 1 0 0 1 0 1 6 6 0 1 1 A E 3 0 0 0 0 0 0 7 7 0 0 0 E A 3 02UlBeKo2_l83
3349.581 0.0007 0 0 1 1 -1 1 7 3 1 1 0 A A 1 0 0 0 0 0 0 8 3 0 0 0 A A 2 02UlBeKo2_l84
3350.1816 0.0005 0 0 1 1 -1 1 6 5 1 1 0 E A 3 0 0 0 0 0 0 7 5 0 0 0 E A 3 02UlBeKo2_l85
3351.1281 0.0005 0 0 1 1 1 -1 11 0 1 1 0 A A 2 0 0 0 0 0 0 12 3 0 0 0 A A 1 02UlBeKo2_l86
3351.1518 0.0005 1 0 0 1 0 1 7 3 0 1 1 A E 3 0 0 0 0 0 0 8 4 0 0 0 E A 3 02UlBeKo2_l87
3351.5155 0.0005 0 0 1 1 1 -1 11 3 1 1 0 A A 1 0 0 0 0 0 0 12 3 0 0 0 A A 2 02UlBeKo2_l88
3351.5366 0.0005 1 0 0 1 0 1 6 4 0 1 1 E E 1 0 0 0 0 0 0 7 3 0 0 0 A A 2 02UlBeKo2_l89
-3351.5556 0.0005 1 0 0 1 0 1 7 2 0 1 1 E E 3 0 0 0 0 0 0 8 1 0 0 0 E A 3 02UlBeKo2_l90
3351.5828 0.0005 1 0 0 1 0 1 6 3 0 1 1 A E 3 0 0 0 0 0 0 7 1 0 0 0 E A 3 02UlBeKo2_l91
-3353.1203 0.002 1 0 0 1 0 1 7 2 0 1 1 E E 3 0 0 0 0 0 0 8 2 0 0 0 E A 3 02UlBeKo2_l92
3353.227 0.0005 1 0 0 1 0 1 6 5 0 1 1 E E 1 0 0 0 0 0 0 7 6 0 0 0 A A 1 02UlBeKo2_l93
3353.2542 0.0005 1 0 0 1 0 1 7 2 0 1 1 E E 1 0 0 0 0 0 0 8 3 0 0 0 A A 2 02UlBeKo2_l94
3353.7807 0.0005 1 0 0 1 0 1 7 2 0 1 1 E E 2 0 0 0 0 0 0 8 3 0 0 0 A A 1 02UlBeKo2_l95
3354.1497 0.0005 0 0 1 1 -1 1 6 4 1 1 0 E A 3 0 0 0 0 0 0 7 4 0 0 0 E A 3 02UlBeKo2_l96
3354.7976 0.0005 1 0 0 1 0 1 7 1 0 1 1 E E 3 0 0 0 0 0 0 8 2 0 0 0 E A 3 02UlBeKo2_l97
3354.8647 0.0005 0 0 1 1 1 1 9 4 1 1 2 E E 3 0 0 0 0 0 0 10 1 0 0 0 E A 3 02UlBeKo2_l98
3355.1796 0.0005 0 0 1 1 1 -1 10 2 1 1 0 E A 3 0 0 0 0 0 0 11 1 0 0 0 E A 3 02UlBeKo2_l99
3355.818 0.0005 0 0 1 1 1 1 9 3 1 1 2 A E 3 0 0 0 0 0 0 10 2 0 0 0 E A 3 02UlBeKo2_l100
3355.9218 0.0007 0 0 1 1 -1 1 7 1 1 1 0 E A 3 0 0 0 0 0 0 8 1 0 0 0 E A 3 02UlBeKo2_l101
3356.0706 0.0005 1 0 0 1 0 -1 6 3 0 1 1 A E 3 0 0 0 0 0 0 7 2 0 0 0 E A 3 02UlBeKo2_l102
3356.2197 0.0005 0 0 1 1 1 -1 10 1 1 1 0 E A 3 0 0 0 0 0 0 11 2 0 0 0 E A 3 02UlBeKo2_l103
3356.3657 0.0005 0 0 1 1 1 1 9 6 1 1 2 A E 3 0 0 0 0 0 0 10 4 0 0 0 E A 3 02UlBeKo2_l104
3356.5421 0.0005 1 0 0 1 0 1 6 4 0 1 1 E E 3 0 0 0 0 0 0 7 5 0 0 0 E A 3 02UlBeKo2_l105
3356.6632 0.0007 0 0 1 1 1 1 9 4 1 1 2 E E 1 0 0 0 0 0 0 10 3 0 0 0 A A 2 02UlBeKo2_l106
3356.7648 0.0005 0 0 1 1 1 1 9 4 1 1 2 E E 2 0 0 0 0 0 0 10 3 0 0 0 A A 1 02UlBeKo2_l107
3357.1351 0.0005 1 0 0 1 0 1 7 0 0 1 1 A E 3 0 0 0 0 0 0 8 1 0 0 0 E A 3 02UlBeKo2_l108
3357.1778 0.0005 0 0 1 1 1 1 9 5 1 1 2 E E 3 0 0 0 0 0 0 10 4 0 0 0 E A 3 02UlBeKo2_l109
3357.2552 0.0005 0 0 1 1 1 1 7 1 1 1 2 E E 2 0 0 0 0 0 0 8 0 0 0 0 A A 1 02UlBeKo2_l110
-3357.2767 0.0011 0 0 1 1 1 1 8 2 1 1 2 E E 3 0 0 0 0 0 0 9 1 0 0 0 E A 3 02UlBeKo2_l111
3357.4851 0.003 0 0 1 1 -1 1 7 1 1 1 0 E A 3 0 0 0 0 0 0 8 2 0 0 0 E A 3 02UlBeKo2_l112
3357.6586 0.0005 0 0 1 1 1 -1 10 0 1 1 0 A A 1 0 0 0 0 0 0 11 3 0 0 0 A A 2 02UlBeKo2_l113
3357.7162 0.0005 0 0 1 1 -1 1 5 5 1 1 0 E A 3 0 0 0 0 0 0 6 5 0 0 0 E A 3 02UlBeKo2_l114
3357.8609 0.0005 0 0 1 1 -1 1 6 3 1 1 0 A A 2 0 0 0 0 0 0 7 3 0 0 0 A A 1 02UlBeKo2_l115
3357.8916 0.0011 0 0 1 1 -1 1 6 3 1 1 0 A A 1 0 0 0 0 0 0 7 3 0 0 0 A A 2 02UlBeKo2_l116
3358.0777 0.0005 0 0 1 1 1 -1 10 3 1 1 0 A A 2 0 0 0 0 0 0 11 3 0 0 0 A A 1 02UlBeKo2_l117
-3358.8324 0.0005 0 0 1 1 1 1 8 2 1 1 2 E E 3 0 0 0 0 0 0 9 2 0 0 0 E A 3 02UlBeKo2_l118
3358.9082 0.0005 0 0 1 1 1 -1 11 6 1 1 0 A A 2 0 0 0 0 0 0 12 6 0 0 0 A A 1 02UlBeKo2_l119
3359.0154 0.0005 0 0 1 1 1 -1 11 6 1 1 0 A A 1 0 0 0 0 0 0 12 6 0 0 0 A A 2 02UlBeKo2_l120
3359.4767 0.0005 1 0 0 1 0 1 6 3 0 1 1 A E 3 0 0 0 0 0 0 7 4 0 0 0 E A 3 02UlBeKo2_l121
3359.8107 0.0005 1 0 0 1 0 1 5 4 0 1 1 E E 1 0 0 0 0 0 0 6 3 0 0 0 A A 2 02UlBeKo2_l122
3360.0523 0.0005 1 0 0 1 0 1 6 2 0 1 1 E E 3 0 0 0 0 0 0 7 1 0 0 0 E A 3 02UlBeKo2_l123
3360.2295 0.0005 0 0 1 1 1 1 10 4 1 1 2 E E 3 0 0 0 0 0 0 11 5 0 0 0 E A 3 02UlBeKo2_l124
3360.8338 0.006 0 0 1 1 -1 1 6 2 1 1 0 E A 3 0 0 0 0 0 0 7 2 0 0 0 E A 3 02UlBeKo2_l125
3361.2988 0.0005 1 0 0 1 0 1 5 5 0 1 1 E E 1 0 0 0 0 0 0 6 6 0 0 0 A A 1 02UlBeKo2_l126
3361.511 0.0005 0 0 1 1 1 -1 9 3 1 1 0 A A 2 0 0 0 0 0 0 10 0 0 0 0 A A 1 02UlBeKo2_l127
3361.8693 0.0005 0 0 1 1 1 -1 9 1 1 1 0 E A 3 0 0 0 0 0 0 10 1 0 0 0 E A 3 02UlBeKo2_l128
3361.8828 0.0005 1 0 0 1 0 1 6 1 0 1 1 E E 3 0 0 0 0 0 0 7 1 0 0 0 E A 3 02UlBeKo2_l129
3362.0864 0.0005 0 0 1 1 1 1 8 4 1 1 2 E E 3 0 0 0 0 0 0 9 1 0 0 0 E A 3 02UlBeKo2_l130
3362.121 0.0005 1 0 0 1 0 1 6 2 0 1 1 E E 1 0 0 0 0 0 0 7 3 0 0 0 A A 2 02UlBeKo2_l131
3362.2615 0.0005 0 0 1 1 -1 1 5 4 1 1 0 E A 3 0 0 0 0 0 0 6 4 0 0 0 E A 3 02UlBeKo2_l132
3362.9033 0.0008 0 0 1 1 1 1 8 3 1 1 2 A E 3 0 0 0 0 0 0 9 2 0 0 0 E A 3 02UlBeKo2_l133
3362.9452 0.009 0 0 1 1 1 -1 9 2 1 1 0 E A 3 0 0 0 0 0 0 10 2 0 0 0 E A 3 02UlBeKo2_l134
3363.1745 0.0005 1 0 0 1 0 1 6 1 0 1 1 E E 1 0 0 0 0 0 0 7 0 0 0 0 A A 2 02UlBeKo2_l136
3363.1745 0.0005 0 0 1 1 1 1 10 5 1 1 2 E E 2 0 0 0 0 0 0 11 6 0 0 0 A A 1 02UlBeKo2_l135
3363.2188 0.0005 0 0 1 1 1 1 10 5 1 1 2 E E 1 0 0 0 0 0 0 11 6 0 0 0 A A 2 02UlBeKo2_l137
3363.4111 0.0005 0 0 1 1 1 1 8 2 1 1 2 E E 1 0 0 0 0 0 0 9 3 0 0 0 A A 2 02UlBeKo2_l138
3363.4569 0.0005 1 0 0 1 0 1 6 1 0 1 1 E E 3 0 0 0 0 0 0 7 2 0 0 0 E A 3 02UlBeKo2_l139
3364.01 0.0005 0 0 1 1 1 1 8 4 1 1 2 E E 2 0 0 0 0 0 0 9 3 0 0 0 A A 1 02UlBeKo2_l140
3364.1507 0.0005 0 0 1 1 1 1 8 4 1 1 2 E E 1 0 0 0 0 0 0 9 3 0 0 0 A A 2 02UlBeKo2_l141
3364.1899 0.0011 0 0 1 1 -1 1 6 1 1 1 0 E A 3 0 0 0 0 0 0 7 1 0 0 0 E A 3 02UlBeKo2_l142
3364.5054 0.0005 1 0 0 1 0 -1 5 3 0 1 1 A E 3 0 0 0 0 0 0 6 2 0 0 0 E A 3 02UlBeKo2_l143
3364.5206 0.0005 0 0 1 1 1 1 8 5 1 1 2 E E 3 0 0 0 0 0 0 9 4 0 0 0 E A 3 02UlBeKo2_l144
3364.7106 0.0011 0 0 1 1 1 1 11 8 1 1 2 E E 1 0 0 0 0 0 0 12 9 0 0 0 A A 2 02UlBeKo2_l145
3364.7458 0.0005 1 0 0 1 0 1 5 4 0 1 1 E E 3 0 0 0 0 0 0 6 5 0 0 0 E A 3 02UlBeKo2_l146
3364.887 0.0012 0 0 1 1 1 -1 9 3 1 1 0 A A 1 0 0 0 0 0 0 10 3 0 0 0 A A 2 02UlBeKo2_l147
-3365.3909 0.0005 0 0 1 1 -1 -1 6 1 1 1 2 E E 1 0 0 0 0 0 0 7 0 0 0 0 A A 2 02UlBeKo2_l148_dup
-3365.414 0.0005 0 0 1 1 1 1 6 1 1 1 2 E E 1 0 0 0 0 0 0 7 0 0 0 0 A A 2 02UlBeKo2_l149_dup
3365.7111 0.0011 1 0 0 1 0 1 5 2 0 1 1 E E 2 0 0 0 0 0 0 6 0 0 0 0 A A 1 02UlBeKo2_l150
3365.7625 0.0005 0 0 1 1 -1 1 6 1 1 1 0 E A 3 0 0 0 0 0 0 7 2 0 0 0 E A 3 02UlBeKo2_l151
3365.8496 0.0005 1 0 0 1 0 1 6 4 0 1 1 E E 1 0 0 0 0 0 0 7 6 0 0 0 A A 2 02UlBeKo2_l152
3365.9404 0.0006 0 0 1 1 1 1 8 7 1 1 2 E E 1 0 0 0 0 0 0 9 6 0 0 0 A A 1 02UlBeKo2_l153
3366.1362 0.0005 0 0 1 1 -1 1 5 3 1 1 0 A A 1 0 0 0 0 0 0 6 3 0 0 0 A A 2 02UlBeKo2_l154
3366.1469 0.0005 0 0 1 1 -1 1 5 3 1 1 0 A A 2 0 0 0 0 0 0 6 3 0 0 0 A A 1 02UlBeKo2_l155
-3366.1888 0.0005 0 0 1 1 1 1 7 2 1 1 2 E E 3 0 0 0 0 0 0 8 1 0 0 0 E A 3 02UlBeKo2_l156
3366.2988 0.0005 0 0 1 1 1 1 10 6 1 1 2 A E 3 0 0 0 0 0 0 11 7 0 0 0 E A 3 02UlBeKo2_l157
3366.4754 0.0005 1 0 0 1 0 1 6 1 0 1 1 E E 2 0 0 0 0 0 0 7 3 0 0 0 A A 1 02UlBeKo2_l158
3366.7156 0.0005 0 0 1 1 1 1 9 3 1 1 2 A E 3 0 0 0 0 0 0 10 5 0 0 0 E A 3 02UlBeKo2_l159
3366.9394 0.0068 0 0 1 1 1 -1 9 4 1 1 0 E A 3 0 0 0 0 0 0 10 4 0 0 0 E A 3 02UlBeKo2_l160
3367.3085 0.0005 0 0 1 1 1 1 9 4 1 1 2 E E 3 0 0 0 0 0 0 10 5 0 0 0 E A 3 02UlBeKo2_l161
-3367.7547 0.0005 0 0 1 1 1 1 7 2 1 1 2 E E 3 0 0 0 0 0 0 8 2 0 0 0 E A 3 02UlBeKo2_l162
3367.7861 0.0005 1 0 0 1 0 1 5 3 0 1 1 A E 3 0 0 0 0 0 0 6 4 0 0 0 E A 3 02UlBeKo2_l163
-3367.9185 0.0005 0 0 1 1 1 1 7 2 1 1 2 E E 2 0 0 0 0 0 0 8 0 0 0 0 A A 1 02UlBeKo2_l164
3368.0985 0.0006 1 0 0 1 0 1 4 4 0 1 1 E E 1 0 0 0 0 0 0 5 3 0 0 0 A A 2 02UlBeKo2_l165
3368.2792 0.0005 0 0 1 1 1 -1 10 7 1 1 0 E A 3 0 0 0 0 0 0 11 7 0 0 0 E A 3 02UlBeKo2_l166
3368.3563 0.0005 0 0 1 1 1 -1 8 3 1 1 0 A A 1 0 0 0 0 0 0 9 0 0 0 0 A A 2 02UlBeKo2_l167
3368.5616 0.0005 1 0 0 1 0 1 5 2 0 1 1 E E 3 0 0 0 0 0 0 6 1 0 0 0 E A 3 02UlBeKo2_l168
3368.7345 0.0005 0 0 1 1 1 -1 8 1 1 1 0 E A 3 0 0 0 0 0 0 9 1 0 0 0 E A 3 02UlBeKo2_l169
3369.3815 0.0005 0 0 1 1 -1 1 5 2 1 1 0 E A 3 0 0 0 0 0 0 6 2 0 0 0 E A 3 02UlBeKo2_l170
3369.5553 0.0005 0 0 1 1 1 -1 9 5 1 1 0 E A 3 0 0 0 0 0 0 10 5 0 0 0 E A 3 02UlBeKo2_l171
3369.8891 0.0005 0 0 1 1 1 -1 8 2 1 1 0 E A 3 0 0 0 0 0 0 9 2 0 0 0 E A 3 02UlBeKo2_l172
3370.1905 0.0011 0 0 1 1 1 1 7 4 1 1 2 E E 3 0 0 0 0 0 0 8 1 0 0 0 E A 3 02UlBeKo2_l173
3370.2698 0.0005 0 0 1 1 1 1 9 5 1 1 2 E E 2 0 0 0 0 0 0 10 6 0 0 0 A A 1 02UlBeKo2_l174
3370.284 0.0005 1 0 0 1 0 1 5 2 0 1 1 E E 1 0 0 0 0 0 0 6 3 0 0 0 A A 2 02UlBeKo2_l175
3370.3326 0.0005 0 0 1 1 1 1 7 3 1 1 2 A E 3 0 0 0 0 0 0 8 2 0 0 0 E A 3 02UlBeKo2_l176
3370.3984 0.0005 0 0 1 1 -1 1 4 4 1 1 0 E A 3 0 0 0 0 0 0 5 4 0 0 0 E A 3 02UlBeKo2_l177
3370.3984 0.0005 1 0 0 1 0 1 5 1 0 1 1 E E 2 0 0 0 0 0 0 6 0 0 0 0 A A 1 02UlBeKo2_l178
3370.457 0.0008 1 0 0 1 0 1 5 2 0 1 1 E E 2 0 0 0 0 0 0 6 3 0 0 0 A A 1 02UlBeKo2_l179
3370.5541 0.0005 0 0 1 1 1 1 9 5 1 1 2 E E 1 0 0 0 0 0 0 10 6 0 0 0 A A 2 02UlBeKo2_l180
3370.7345 0.0008 0 0 1 1 1 1 9 4 1 1 2 E E 1 0 0 0 0 0 0 10 6 0 0 0 A A 2 02UlBeKo2_l181
3370.833 0.0005 0 0 1 1 1 1 9 4 1 1 2 E E 2 0 0 0 0 0 0 10 6 0 0 0 A A 1 02UlBeKo2_l182
3370.8962 0.0005 0 0 1 1 1 1 7 4 1 1 2 E E 1 0 0 0 0 0 0 8 3 0 0 0 A A 2 02UlBeKo2_l183
3371.5682 0.0005 0 0 1 1 1 -1 8 0 1 1 0 A A 1 0 0 0 0 0 0 9 3 0 0 0 A A 2 02UlBeKo2_l184
3371.9286 0.0005 0 0 1 1 1 -1 8 3 1 1 0 A A 2 0 0 0 0 0 0 9 3 0 0 0 A A 1 02UlBeKo2_l185
3372.0352 0.0005 0 0 1 1 1 1 10 8 1 1 2 E E 1 0 0 0 0 0 0 11 9 0 0 0 A A 2 02UlBeKo2_l186
3372.0487 0.0015 0 0 1 1 1 1 10 8 1 1 2 E E 2 0 0 0 0 0 0 11 9 0 0 0 A A 1 02UlBeKo2_l187
3372.0761 0.0005 1 0 0 1 0 1 5 1 0 1 1 E E 3 0 0 0 0 0 0 6 2 0 0 0 E A 3 02UlBeKo2_l188
3372.2504 0.0005 0 0 1 1 1 -1 9 6 1 1 0 A A 2 0 0 0 0 0 0 10 6 0 0 0 A A 1 02UlBeKo2_l189
3372.2614 0.0011 0 0 1 1 1 1 7 5 1 1 2 E E 3 0 0 0 0 0 0 8 4 0 0 0 E A 3 02UlBeKo2_l190
3372.3914 0.0012 0 0 1 1 -1 1 5 1 1 1 0 E A 3 0 0 0 0 0 0 6 1 0 0 0 E A 3 02UlBeKo2_l191
-3372.6213 0.0005 0 0 1 1 1 1 7 2 1 1 2 E E 2 0 0 0 0 0 0 8 3 0 0 0 A A 1 02UlBeKo2_l192
3372.9187 0.0005 1 0 0 1 0 1 4 3 0 1 1 A E 3 0 0 0 0 0 0 5 2 0 0 0 E A 3 02UlBeKo2_l193
3372.9856 0.0005 1 0 0 1 0 1 4 4 0 1 1 E E 3 0 0 0 0 0 0 5 5 0 0 0 E A 3 02UlBeKo2_l194
3373.4452 0.0005 0 0 1 1 1 1 5 1 1 1 2 E E 2 0 0 0 0 0 0 6 0 0 0 0 A A 1 02UlBeKo2_l195
3373.6254 0.0005 1 0 0 1 0 1 5 0 0 1 1 A E 3 0 0 0 0 0 0 6 1 0 0 0 E A 3 02UlBeKo2_l196
3373.6513 0.0005 0 0 1 1 1 1 9 6 1 1 2 A E 3 0 0 0 0 0 0 10 7 0 0 0 E A 3 02UlBeKo2_l197
3373.6815 0.0005 0 0 1 1 1 1 7 7 1 1 2 E E 1 0 0 0 0 0 0 8 6 0 0 0 A A 1 02UlBeKo2_l198
3373.8708 0.0005 0 0 1 1 1 1 8 3 1 1 2 A E 3 0 0 0 0 0 0 9 5 0 0 0 E A 3 02UlBeKo2_l199
3373.9735 0.0005 0 0 1 1 -1 1 5 1 1 1 0 E A 3 0 0 0 0 0 0 6 2 0 0 0 E A 3 02UlBeKo2_l200
3374.1266 0.0007 0 0 1 1 1 -1 8 4 1 1 0 E A 3 0 0 0 0 0 0 9 4 0 0 0 E A 3 02UlBeKo2_l201
-3374.1785 0.0005 0 0 1 1 1 1 6 2 1 1 2 E E 3 0 0 0 0 0 0 7 1 0 0 0 E A 3 02UlBeKo2_l202
3374.3929 0.0005 0 0 1 1 -1 1 4 3 1 1 0 A A 1 0 0 0 0 0 0 5 3 0 0 0 A A 1 02UlBeKo2_l203
3374.6095 0.0005 0 0 1 1 1 1 8 4 1 1 2 E E 3 0 0 0 0 0 0 9 5 0 0 0 E A 3 02UlBeKo2_l204
3375.0127 0.0005 0 0 1 1 1 1 6 3 1 1 2 A E 3 0 0 0 0 0 0 7 1 0 0 0 E A 3 02UlBeKo2_l205
3375.3826 0.0005 0 0 1 1 1 -1 7 3 1 1 0 A A 2 0 0 0 0 0 0 8 0 0 0 0 A A 1 02UlBeKo2_l206
3375.6008 0.0005 0 0 1 1 1 1 7 2 1 1 2 E E 1 0 0 0 0 0 0 8 3 0 0 0 A A 2 02UlBeKo2_l207
3375.7918 0.0005 0 0 1 1 1 -1 7 1 1 1 0 E A 3 0 0 0 0 0 0 8 1 0 0 0 E A 3 02UlBeKo2_l208
-3376.1131 0.0005 1 0 0 1 0 1 4 3 0 1 1 A E 3 0 0 0 0 0 0 5 4 0 0 0 E A 3 02UlBeKo2_l209
3376.5868 0.0005 0 0 1 1 1 1 6 3 1 1 2 A E 3 0 0 0 0 0 0 7 2 0 0 0 E A 3 02UlBeKo2_l210
3376.7927 0.0005 0 0 1 1 1 -1 8 5 1 1 0 E A 3 0 0 0 0 0 0 9 5 0 0 0 E A 3 02UlBeKo2_l211
3377.0378 0.0005 0 0 1 1 1 -1 7 2 1 1 0 E A 3 0 0 0 0 0 0 8 2 0 0 0 E A 3 02UlBeKo2_l212
3377.1008 0.0005 1 0 0 1 0 1 4 2 0 1 1 E E 3 0 0 0 0 0 0 5 1 0 0 0 E A 3 02UlBeKo2_l213
3377.435 0.0011 1 0 0 1 0 1 4 1 0 1 1 E E 1 0 0 0 0 0 0 5 0 0 0 0 A A 2 02UlBeKo2_l214
3377.7863 0.0007 0 0 1 1 1 1 5 1 1 1 2 E E 1 0 0 0 0 0 0 6 3 0 0 0 A A 2 02UlBeKo2_l216
3377.7863 0.0005 0 0 1 1 1 1 6 4 1 1 2 E E 3 0 0 0 0 0 0 7 1 0 0 0 E A 3 02UlBeKo2_l215
3378.1703 0.0005 0 0 1 1 1 1 8 5 1 1 2 E E 2 0 0 0 0 0 0 9 6 0 0 0 A A 1 02UlBeKo2_l217
3378.3083 0.0005 0 0 1 1 1 1 8 5 1 1 2 E E 1 0 0 0 0 0 0 9 6 0 0 0 A A 2 02UlBeKo2_l218
3378.4934 0.0005 0 0 1 1 -1 -1 7 3 1 1 2 A E 3 0 0 0 0 0 0 8 4 0 0 0 E A 3 02UlBeKo2_l219
3378.69 0.0005 0 0 1 1 1 1 6 4 1 1 2 E E 1 0 0 0 0 0 0 7 3 0 0 0 A A 2 02UlBeKo2_l220
3378.7423 0.0005 1 0 0 1 0 1 4 2 0 1 1 E E 2 0 0 0 0 0 0 5 3 0 0 0 A A 1 02UlBeKo2_l221
3378.8201 0.0005 1 0 0 1 0 1 4 2 0 1 1 E E 1 0 0 0 0 0 0 5 3 0 0 0 A A 2 02UlBeKo2_l222
3378.8893 0.0005 0 0 1 1 1 -1 7 0 1 1 0 A A 2 0 0 0 0 0 0 8 3 0 0 0 A A 1 02UlBeKo2_l223
3379.2139 0.0005 0 0 1 1 1 -1 7 3 1 1 0 A A 1 0 0 0 0 0 0 8 3 0 0 0 A A 2 02UlBeKo2_l224
3379.3632 0.0012 0 0 1 1 1 1 6 5 1 1 2 E E 1 0 0 0 0 0 0 7 3 0 0 0 A A 2 02UlBeKo2_l225
3379.4123 0.0007 0 0 1 1 1 1 6 5 1 1 2 E E 2 0 0 0 0 0 0 7 3 0 0 0 A A 1 02UlBeKo2_l226
3379.4975 0.0005 0 0 1 1 1 -1 8 6 1 1 0 A A 1 0 0 0 0 0 0 9 6 0 0 0 A A 2 02UlBeKo2_l227
3379.5206 0.0005 0 0 1 1 1 -1 8 6 1 1 0 A A 2 0 0 0 0 0 0 9 6 0 0 0 A A 1 02UlBeKo2_l228
3379.5646 0.0005 0 0 1 1 1 1 9 8 1 1 2 E E 1 0 0 0 0 0 0 10 9 0 0 0 A A 1 02UlBeKo2_l229
3379.6444 0.0005 1 0 0 1 0 1 11 11 0 1 1 E E 3 0 0 0 0 0 0 11 10 0 0 0 E A 3 02UlBeKo2_l230
3379.9775 0.0011 0 0 1 1 1 1 6 5 1 1 2 E E 3 0 0 0 0 0 0 7 4 0 0 0 E A 3 02UlBeKo2_l231
3380.5875 0.002 0 0 1 1 -1 1 4 1 1 1 0 E A 3 0 0 0 0 0 0 5 1 0 0 0 E A 3 02UlBeKo2_l232
3380.6652 0.0005 1 0 0 1 0 1 4 1 0 1 1 E E 3 0 0 0 0 0 0 5 2 0 0 0 E A 3 02UlBeKo2_l233
3381.0689 0.0005 0 0 1 1 1 1 8 6 1 1 2 A E 3 0 0 0 0 0 0 9 7 0 0 0 E A 3 02UlBeKo2_l234
3381.4943 0.0005 0 0 1 1 1 1 4 1 1 1 2 E E 1 0 0 0 0 0 0 5 0 0 0 0 A A 2 02UlBeKo2_l235
3381.5622 0.0005 0 0 1 1 1 -1 7 4 1 1 0 E A 3 0 0 0 0 0 0 8 4 0 0 0 E A 3 02UlBeKo2_l236
3381.7253 0.0011 0 0 1 1 1 -1 6 0 1 1 0 A A 1 0 0 0 0 0 0 7 0 0 0 0 A A 2 02UlBeKo2_l237
3381.9221 0.0005 1 0 0 1 0 1 4 0 0 1 1 A E 3 0 0 0 0 0 0 5 1 0 0 0 E A 3 02UlBeKo2_l238
3382.1762 0.0005 0 0 1 1 -1 1 4 1 1 1 0 E A 3 0 0 0 0 0 0 5 2 0 0 0 E A 3 02UlBeKo2_l239
3382.6184 0.0005 0 0 1 1 1 -1 6 3 1 1 0 A A 1 0 0 0 0 0 0 7 0 0 0 0 A A 2 02UlBeKo2_l240
3382.6908 0.0005 0 0 1 1 -1 1 3 3 1 1 0 A A 1 0 0 0 0 0 0 4 3 0 0 0 A A 1 02UlBeKo2_l241
3382.7868 0.0005 0 0 1 1 1 1 7 4 1 1 2 E E 3 0 0 0 0 0 0 8 5 0 0 0 E A 3 02UlBeKo2_l242
3382.8408 0.0005 0 0 1 1 1 -1 6 1 1 1 0 E A 3 0 0 0 0 0 0 7 1 0 0 0 E A 3 02UlBeKo2_l243
-3383.0063 0.0005 0 0 1 1 1 1 5 2 1 1 2 E E 3 0 0 0 0 0 0 6 1 0 0 0 E A 3 02UlBeKo2_l244
3383.2361 0.0005 0 0 1 1 1 1 6 2 1 1 2 E E 2 0 0 0 0 0 0 7 3 0 0 0 A A 1 02UlBeKo2_l245
3383.602 0.0005 0 0 1 1 1 1 5 3 1 1 2 A E 3 0 0 0 0 0 0 6 1 0 0 0 E A 3 02UlBeKo2_l246
3384.2088 0.0005 1 0 0 1 0 1 10 10 0 1 1 E E 2 0 0 0 0 0 0 10 9 0 0 0 A A 1 02UlBeKo2_l247
3384.2842 0.0005 0 0 1 1 1 -1 7 5 1 1 0 E A 3 0 0 0 0 0 0 8 5 0 0 0 E A 3 02UlBeKo2_l248
3384.388 0.0005 0 0 1 1 1 1 8 7 1 1 2 E E 3 0 0 0 0 0 0 9 8 0 0 0 E A 3 02UlBeKo2_l249
3384.4142 0.0005 0 0 1 1 1 -1 6 1 1 1 0 E A 3 0 0 0 0 0 0 7 2 0 0 0 E A 3 02UlBeKo2_l250
3384.4958 0.0005 1 0 0 1 0 -1 3 3 0 1 1 A E 3 0 0 0 0 0 0 4 4 0 0 0 E A 3 02UlBeKo2_l251
3384.6484 0.0005 0 0 1 1 1 -1 6 2 1 1 0 E A 3 0 0 0 0 0 0 7 2 0 0 0 E A 3 02UlBeKo2_l252
3385.1371 0.0008 0 0 1 1 1 1 7 4 1 1 2 E E 1 0 0 0 0 0 0 8 6 0 0 0 A A 2 02UlBeKo2_l253
3385.1826 0.0005 1 0 0 1 0 1 3 1 0 1 1 E E 2 0 0 0 0 0 0 4 0 0 0 0 A A 1 02UlBeKo2_l255
3385.1826 0.0005 0 0 1 1 1 1 5 3 1 1 2 A E 3 0 0 0 0 0 0 6 2 0 0 0 E A 3 02UlBeKo2_l254_dup
3385.6521 0.0005 1 0 0 1 0 1 3 2 0 1 1 E E 3 0 0 0 0 0 0 4 1 0 0 0 E A 3 02UlBeKo2_l256
3385.8363 0.0005 0 0 1 1 1 1 7 5 1 1 2 E E 2 0 0 0 0 0 0 8 6 0 0 0 A A 1 02UlBeKo2_l257
3386.0423 0.004 0 0 1 1 1 1 7 5 1 1 2 E E 1 0 0 0 0 0 0 8 6 0 0 0 A A 2 02UlBeKo2_l258
3386.1665 0.006 0 0 1 1 1 1 4 1 1 1 2 E E 2 0 0 0 0 0 0 5 3 0 0 0 A A 1 02UlBeKo2_l259
3386.2694 0.0005 1 0 0 1 0 1 11 10 0 1 1 E E 2 0 0 0 0 0 0 11 9 0 0 0 A A 1 02UlBeKo2_l260
3386.4523 0.0005 0 0 1 1 1 -1 6 0 1 1 0 A A 1 0 0 0 0 0 0 7 3 0 0 0 A A 2 02UlBeKo2_l261
3386.6677 0.0005 0 0 1 1 -1 -1 6 3 1 1 2 A E 3 0 0 0 0 0 0 7 4 0 0 0 E A 3 02UlBeKo2_l262
3386.7517 0.0005 0 0 1 1 1 -1 6 3 1 1 0 A A 2 0 0 0 0 0 0 7 3 0 0 0 A A 1 02UlBeKo2_l263
3387.2136 0.0007 1 0 0 1 0 1 3 2 0 1 1 E E 1 0 0 0 0 0 0 4 3 0 0 0 A A 2 02UlBeKo2_l264
3387.2403 0.0005 1 0 0 1 0 1 3 2 0 1 1 E E 2 0 0 0 0 0 0 4 3 0 0 0 A A 1 02UlBeKo2_l265
3387.3027 0.0005 0 0 1 1 1 1 8 8 1 1 2 E E 1 0 0 0 0 0 0 9 9 0 0 0 A A 1 02UlBeKo2_l266
3387.4683 0.0007 0 0 1 1 1 1 5 5 1 1 2 E E 1 0 0 0 0 0 0 6 3 0 0 0 A A 1 02UlBeKo2_l267
3387.9626 0.0005 0 0 1 1 1 1 5 5 1 1 2 E E 3 0 0 0 0 0 0 6 4 0 0 0 E A 3 02UlBeKo2_l268
-3388.2797 0.0005 0 0 1 1 1 1 5 3 1 1 2 A E 3 0 0 0 0 0 0 6 2 0 0 0 E A 3 02UlBeKo2_l269_dup
3388.8512 0.0005 0 0 1 1 1 1 7 6 1 1 2 A E 3 0 0 0 0 0 0 8 7 0 0 0 E A 3 02UlBeKo2_l270
3388.9419 0.0005 1 0 0 1 0 1 9 9 0 1 1 A E 3 0 0 0 0 0 0 9 8 0 0 0 E A 3 02UlBeKo2_l271
3389.2479 0.0005 1 0 0 1 0 1 3 1 0 1 1 E E 3 0 0 0 0 0 0 4 2 0 0 0 E A 3 02UlBeKo2_l272
3389.2479 0.005 0 0 1 1 1 -1 6 4 1 1 0 E A 3 0 0 0 0 0 0 7 4 0 0 0 E A 3 02UlBeKo2_l273
3389.5015 0.0005 0 0 1 1 1 -1 5 0 1 1 0 A A 2 0 0 0 0 0 0 6 0 0 0 0 A A 1 02UlBeKo2_l274
3389.6184 0.0005 0 0 1 1 1 1 3 1 1 1 2 E E 2 0 0 0 0 0 0 4 0 0 0 0 A A 1 02UlBeKo2_l275
3390.1058 0.002 0 0 1 1 1 1 5 2 1 1 2 E E 2 0 0 0 0 0 0 6 3 0 0 0 A A 1 02UlBeKo2_l276
3390.3215 0.0005 1 0 0 1 0 1 3 0 0 1 1 A E 3 0 0 0 0 0 0 4 1 0 0 0 E A 3 02UlBeKo2_l277
3390.4357 0.0008 0 0 1 1 1 -1 5 1 1 1 0 E A 3 0 0 0 0 0 0 6 1 0 0 0 E A 3 02UlBeKo2_l278
3390.4454 0.0005 0 0 1 1 1 1 6 4 1 1 2 E E 3 0 0 0 0 0 0 7 5 0 0 0 E A 3 02UlBeKo2_l279
3390.5475 0.0005 1 0 0 1 0 1 10 9 0 1 1 A E 3 0 0 0 0 0 0 10 8 0 0 0 E A 3 02UlBeKo2_l280
3390.6447 0.0005 0 0 1 1 1 -1 5 2 1 1 0 E A 3 0 0 0 0 0 0 6 1 0 0 0 E A 3 02UlBeKo2_l281
-3391.1231 0.0005 0 0 1 1 1 1 5 2 1 1 2 E E 1 0 0 0 0 0 0 6 3 0 0 0 A A 2 02UlBeKo2_l282
-3391.7936 0.0005 0 0 1 1 1 1 4 2 1 1 2 E E 3 0 0 0 0 0 0 5 1 0 0 0 E A 3 02UlBeKo2_l283
3392.003 0.0005 0 0 1 1 1 -1 6 5 1 1 0 E A 3 0 0 0 0 0 0 7 5 0 0 0 E A 3 02UlBeKo2_l284
3392.0159 0.0005 0 0 1 1 1 -1 5 1 1 1 0 E A 3 0 0 0 0 0 0 6 2 0 0 0 E A 3 02UlBeKo2_l285
3392.0364 0.0005 0 0 1 1 1 1 4 3 1 1 2 A E 3 0 0 0 0 0 0 5 1 0 0 0 E A 3 02UlBeKo2_l286
3392.0782 0.0005 1 0 0 1 0 1 11 9 0 1 1 A E 3 0 0 0 0 0 0 11 8 0 0 0 E A 3 02UlBeKo2_l287
3392.1688 0.0005 0 0 1 1 1 1 7 7 1 1 2 E E 3 0 0 0 0 0 0 8 8 0 0 0 E A 3 02UlBeKo2_l288
3392.2257 0.0005 0 0 1 1 1 -1 5 2 1 1 0 E A 3 0 0 0 0 0 0 6 2 0 0 0 E A 3 02UlBeKo2_l289
3392.8954 0.0005 0 0 1 1 1 1 6 4 1 1 2 E E 2 0 0 0 0 0 0 7 6 0 0 0 A A 1 02UlBeKo2_l290
3393.0035 0.0005 0 0 1 1 1 1 6 4 1 1 2 E E 1 0 0 0 0 0 0 7 6 0 0 0 A A 2 02UlBeKo2_l291
3393.4066 0.0005 1 0 0 1 0 1 2 1 0 1 1 E E 1 0 0 0 0 0 0 3 0 0 0 0 A A 2 02UlBeKo2_l292
3393.6232 0.0005 0 0 1 1 1 1 4 3 1 1 2 A E 3 0 0 0 0 0 0 5 2 0 0 0 E A 3 02UlBeKo2_l293
3393.6765 0.0011 0 0 1 1 1 1 6 5 1 1 2 E E 1 0 0 0 0 0 0 7 6 0 0 0 A A 2 02UlBeKo2_l294
3393.7268 0.0005 0 0 1 1 1 1 6 5 1 1 2 E E 2 0 0 0 0 0 0 7 6 0 0 0 A A 1 02UlBeKo2_l295
3393.7373 0.0005 1 0 0 1 0 1 8 8 0 1 1 E E 3 0 0 0 0 0 0 8 7 0 0 0 E A 3 02UlBeKo2_l296
3394.1184 0.0005 1 0 0 1 0 1 12 9 0 1 1 A E 3 0 0 0 0 0 0 12 8 0 0 0 E A 3 02UlBeKo2_l297
3394.2365 0.0005 1 0 0 1 0 1 2 2 0 1 1 E E 3 0 0 0 0 0 0 3 1 0 0 0 E A 3 02UlBeKo2_l298
3394.2486 0.0005 0 0 1 1 1 -1 5 0 1 1 0 A A 2 0 0 0 0 0 0 6 3 0 0 0 A A 1 02UlBeKo2_l299
3394.5466 0.0005 0 0 1 1 1 -1 5 3 1 1 0 A A 1 0 0 0 0 0 0 6 3 0 0 0 A A 2 02UlBeKo2_l300
3394.6273 0.0005 0 0 1 1 -1 -1 5 3 1 1 2 A E 3 0 0 0 0 0 0 6 4 0 0 0 E A 3 02UlBeKo2_l301
3394.8511 0.0012 0 0 1 1 1 -1 5 3 1 1 0 A A 2 0 0 0 0 0 0 6 3 0 0 0 A A 1 02UlBeKo2_l302
3395.0143 0.0012 1 0 0 1 0 1 9 8 0 1 1 E E 3 0 0 0 0 0 0 9 7 0 0 0 E A 3 02UlBeKo2_l303
3395.2903 0.0005 0 0 1 1 1 1 4 4 1 1 2 E E 3 0 0 0 0 0 0 5 2 0 0 0 E A 3 02UlBeKo2_l304
3395.7466 0.0005 1 0 0 1 0 1 2 2 0 1 1 E E 1 0 0 0 0 0 0 3 3 0 0 0 A A 1 02UlBeKo2_l305
-3395.9233 0.0005 1 0 0 1 0 1 8 6 0 1 1 A E 3 0 0 0 0 0 0 8 4 0 0 0 E A 3 02UlBeKo2_l306
3396.2573 0.004 1 0 0 1 0 1 2 1 0 1 1 E E 3 0 0 0 0 0 0 3 1 0 0 0 E A 3 02UlBeKo2_l307
3396.2573 0.0005 1 0 0 1 0 1 10 8 0 1 1 E E 3 0 0 0 0 0 0 10 7 0 0 0 E A 3 02UlBeKo2_l308
-3396.3194 0.0007 0 0 1 1 1 1 5 3 1 1 2 A E 3 0 0 0 0 0 0 6 5 0 0 0 E A 3 02UlBeKo2_l309
-3396.939 0.0005 0 0 1 1 1 1 6 6 1 1 2 A E 3 0 0 0 0 0 0 7 7 0 0 0 E A 3 02UlBeKo2_l310
3396.9619 0.0005 1 0 0 1 0 1 12 11 0 1 1 E E 1 0 0 0 0 0 0 12 12 0 0 0 A A 1 02UlBeKo2_l311
3397.1573 0.0005 0 0 1 1 1 -1 5 4 1 1 0 E A 3 0 0 0 0 0 0 6 4 0 0 0 E A 3 02UlBeKo2_l312
3397.4673 0.0005 0 0 1 1 1 -1 4 0 1 1 0 A A 1 0 0 0 0 0 0 5 0 0 0 0 A A 2 02UlBeKo2_l313
3397.5643 0.0005 0 0 1 1 1 1 6 5 1 1 2 E E 3 0 0 0 0 0 0 7 7 0 0 0 E A 3 02UlBeKo2_l314
3397.6066 0.0005 1 0 0 1 0 1 11 8 0 1 1 E E 3 0 0 0 0 0 0 11 7 0 0 0 E A 3 02UlBeKo2_l315
3397.8567 0.0016 1 0 0 1 0 1 2 1 0 1 1 E E 3 0 0 0 0 0 0 3 2 0 0 0 E A 3 02UlBeKo2_l316
3397.8833 0.0005 0 0 1 1 1 1 2 1 1 1 2 E E 1 0 0 0 0 0 0 3 0 0 0 0 A A 2 02UlBeKo2_l317
3397.9171 0.0005 0 0 1 1 1 -1 4 3 1 1 0 A A 1 0 0 0 0 0 0 5 0 0 0 0 A A 2 02UlBeKo2_l318
3398.2619 0.0005 0 0 1 1 1 -1 4 1 1 1 0 E A 3 0 0 0 0 0 0 5 1 0 0 0 E A 3 02UlBeKo2_l319
3398.3743 0.0005 0 0 1 1 1 1 5 4 1 1 2 E E 3 0 0 0 0 0 0 6 5 0 0 0 E A 3 02UlBeKo2_l320
3398.5345 0.0005 1 0 0 1 0 1 7 7 0 1 1 E E 1 0 0 0 0 0 0 7 6 0 0 0 A A 1 02UlBeKo2_l321
3398.58 0.0005 0 0 1 1 1 1 4 2 1 1 2 E E 1 0 0 0 0 0 0 5 3 0 0 0 A A 2 02UlBeKo2_l322
3398.8407 0.0005 1 0 0 1 0 1 2 0 0 1 1 A E 3 0 0 0 0 0 0 3 1 0 0 0 E A 3 02UlBeKo2_l323
3399.2532 0.0005 0 0 1 1 1 1 4 2 1 1 2 E E 2 0 0 0 0 0 0 5 3 0 0 0 A A 1 02UlBeKo2_l324
3399.5898 0.0011 1 0 0 1 0 1 8 7 0 1 1 E E 1 0 0 0 0 0 0 8 6 0 0 0 A A 1 02UlBeKo2_l325
3399.8486 0.0005 0 0 1 1 1 -1 4 1 1 1 0 E A 3 0 0 0 0 0 0 5 2 0 0 0 E A 3 02UlBeKo2_l326
3399.9277 0.0005 0 0 1 1 1 -1 5 5 1 1 0 E A 3 0 0 0 0 0 0 6 5 0 0 0 E A 3 02UlBeKo2_l327
3400.1311 0.0005 0 0 1 1 1 -1 4 2 1 1 0 E A 3 0 0 0 0 0 0 5 2 0 0 0 E A 3 02UlBeKo2_l328
3400.2023 0.0005 1 0 0 1 0 1 11 10 0 1 1 E E 3 0 0 0 0 0 0 11 11 0 0 0 E A 3 02UlBeKo2_l329
3400.5246 0.0005 1 0 0 1 0 1 9 7 0 1 1 E E 1 0 0 0 0 0 0 9 6 0 0 0 A A 2 02UlBeKo2_l330
3400.5768 0.0005 0 0 1 1 1 1 3 2 1 1 2 E E 3 0 0 0 0 0 0 4 1 0 0 0 E A 3 02UlBeKo2_l331
3400.6238 0.0005 1 0 0 1 0 1 9 7 0 1 1 E E 2 0 0 0 0 0 0 9 6 0 0 0 A A 1 02UlBeKo2_l332
3401.5194 0.0005 1 0 0 1 0 1 10 7 0 1 1 E E 1 0 0 0 0 0 0 10 6 0 0 0 A A 1 02UlBeKo2_l333
3401.8212 0.0005 1 0 0 1 0 1 1 1 0 1 1 E E 2 0 0 0 0 0 0 2 0 0 0 0 A A 1 02UlBeKo2_l334
3401.8468 0.0005 0 0 1 1 1 1 5 5 1 1 2 E E 1 0 0 0 0 0 0 6 6 0 0 0 A A 1 02UlBeKo2_l335
3402.0752 0.0007 0 0 1 1 1 1 3 3 1 1 2 A E 3 0 0 0 0 0 0 4 2 0 0 0 E A 3 02UlBeKo2_l336
3402.2328 0.0005 0 0 1 1 1 -1 4 0 1 1 0 A A 1 0 0 0 0 0 0 5 3 0 0 0 A A 2 02UlBeKo2_l337
3402.4777 0.0005 1 0 0 1 0 1 8 5 0 1 1 E E 2 0 0 0 0 0 0 8 3 0 0 0 A A 1 02UlBeKo2_l338
-3402.5037 0.0011 1 0 0 1 0 1 11 7 0 1 1 E E 1 0 0 0 0 0 0 11 6 0 0 0 A A 1 02UlBeKo2_l339
3402.5891 0.0005 0 0 1 1 1 -1 4 3 1 1 0 A A 2 0 0 0 0 0 0 5 3 0 0 0 A A 1 02UlBeKo2_l340
3402.6818 0.0005 0 0 1 1 1 -1 4 3 1 1 0 A A 1 0 0 0 0 0 0 5 3 0 0 0 A A 2 02UlBeKo2_l341
-3402.8411 0.0005 0 0 1 1 1 1 4 3 1 1 2 A E 3 0 0 0 0 0 0 5 4 0 0 0 E A 3 02UlBeKo2_l342
3403.0969 0.0011 1 0 0 1 0 1 9 5 0 1 1 E E 1 0 0 0 0 0 0 9 3 0 0 0 A A 2 02UlBeKo2_l343
-3403.1566 0.0005 1 0 0 1 0 -1 6 6 0 1 1 A E 3 0 0 0 0 0 0 6 5 0 0 0 E A 3 02UlBeKo2_l344
3403.1848 0.0011 1 0 0 1 0 1 9 5 0 1 1 E E 2 0 0 0 0 0 0 9 3 0 0 0 A A 1 02UlBeKo2_l345
3403.8708 0.0011 1 0 0 1 0 1 8 5 0 1 1 E E 3 0 0 0 0 0 0 8 2 0 0 0 E A 3 02UlBeKo2_l346
-3404.1355 0.0005 1 0 0 1 0 -1 7 6 0 1 1 A E 3 0 0 0 0 0 0 7 5 0 0 0 E A 3 02UlBeKo2_l347
-3404.9757 0.0005 1 0 0 1 0 -1 8 6 0 1 1 A E 3 0 0 0 0 0 0 8 5 0 0 0 E A 3 02UlBeKo2_l348
3405.2807 0.0005 0 0 1 1 1 -1 4 4 1 1 0 E A 3 0 0 0 0 0 0 5 4 0 0 0 E A 3 02UlBeKo2_l349
3405.5964 0.0005 0 0 1 1 1 -1 3 0 1 1 0 A A 2 0 0 0 0 0 0 4 0 0 0 0 A A 1 02UlBeKo2_l350
-3405.7322 0.0005 1 0 0 1 0 -1 9 6 0 1 1 A E 3 0 0 0 0 0 0 9 5 0 0 0 E A 3 02UlBeKo2_l351
3406.3369 0.0005 0 0 1 1 1 1 1 1 1 1 2 E E 2 0 0 0 0 0 0 2 0 0 0 0 A A 1 02UlBeKo2_l352
3406.3724 0.0005 0 0 1 1 1 -1 3 1 1 1 0 E A 3 0 0 0 0 0 0 4 1 0 0 0 E A 3 02UlBeKo2_l353
3406.4004 0.0011 1 0 0 1 0 1 10 6 0 1 1 A E 3 0 0 0 0 0 0 10 5 0 0 0 E A 3 02UlBeKo2_l354
3406.4694 0.0006 0 0 1 1 1 1 4 4 1 1 2 E E 3 0 0 0 0 0 0 5 5 0 0 0 E A 3 02UlBeKo2_l355
3406.5274 0.0005 1 0 0 1 0 1 1 1 0 1 1 E E 3 0 0 0 0 0 0 2 2 0 0 0 E A 3 02UlBeKo2_l356
3406.6517 0.0005 1 0 0 1 0 1 9 8 0 1 1 E E 1 0 0 0 0 0 0 9 9 0 0 0 A A 1 02UlBeKo2_l357
3406.9332 0.0012 1 0 0 1 0 1 5 4 0 1 1 E E 3 0 0 0 0 0 0 5 2 0 0 0 E A 3 02UlBeKo2_l358
3407.0769 0.0005 1 0 0 1 0 1 11 6 0 1 1 A E 3 0 0 0 0 0 0 11 5 0 0 0 E A 3 02UlBeKo2_l359
3407.3175 0.0005 0 0 1 1 1 1 3 2 1 1 2 E E 2 0 0 0 0 0 0 4 3 0 0 0 A A 1 02UlBeKo2_l360
3407.485 0.0005 1 0 0 1 0 1 1 0 0 1 1 A E 3 0 0 0 0 0 0 2 1 0 0 0 E A 3 02UlBeKo2_l361
3407.6002 0.0005 0 0 1 1 1 1 3 2 1 1 2 E E 1 0 0 0 0 0 0 4 3 0 0 0 A A 2 02UlBeKo2_l362
3407.7041 0.0005 1 0 0 1 0 1 10 8 0 1 1 E E 1 0 0 0 0 0 0 10 9 0 0 0 A A 1 02UlBeKo2_l363
3408.0012 0.0005 1 0 0 1 0 1 5 5 0 1 1 E E 3 0 0 0 0 0 0 5 4 0 0 0 E A 3 02UlBeKo2_l364
3408.2996 0.0005 1 0 0 1 0 1 7 4 0 1 1 E E 3 0 0 0 0 0 0 7 2 0 0 0 E A 3 02UlBeKo2_l365
3408.3316 0.0005 0 0 1 1 1 -1 3 2 1 1 0 E A 3 0 0 0 0 0 0 4 2 0 0 0 E A 3 02UlBeKo2_l366
3408.7256 0.0005 1 0 0 1 0 1 6 5 0 1 1 E E 3 0 0 0 0 0 0 6 4 0 0 0 E A 3 02UlBeKo2_l367
3409.324 0.0005 0 0 1 1 1 1 2 2 1 1 2 E E 3 0 0 0 0 0 0 3 1 0 0 0 E A 3 02UlBeKo2_l368
3409.4319 0.0005 1 0 0 1 0 1 7 5 0 1 1 E E 3 0 0 0 0 0 0 7 4 0 0 0 E A 3 02UlBeKo2_l369
3409.6817 0.0005 1 0 0 1 0 1 8 7 0 1 1 E E 3 0 0 0 0 0 0 8 8 0 0 0 E A 3 02UlBeKo2_l370
3410.1577 0.0005 1 0 0 1 0 1 8 5 0 1 1 E E 3 0 0 0 0 0 0 8 4 0 0 0 E A 3 02UlBeKo2_l371
3410.3227 0.0005 1 0 0 1 0 1 9 4 0 1 1 E E 1 0 0 0 0 0 0 9 0 0 0 0 A A 2 02UlBeKo2_l372
3410.3779 0.0007 0 0 1 1 1 -1 3 0 1 1 0 A A 2 0 0 0 0 0 0 4 3 0 0 0 A A 1 02UlBeKo2_l373
-3410.414 0.0006 1 0 0 1 0 1 9 5 0 1 1 E E 3 0 0 0 0 0 0 9 4 0 0 0 E A 3 02UlBeKo2_l374
3410.6097 0.0005 1 0 0 1 0 1 9 7 0 1 1 E E 3 0 0 0 0 0 0 9 8 0 0 0 E A 3 02UlBeKo2_l375
3410.8594 0.0005 0 0 1 1 1 -1 3 3 1 1 0 A A 1 0 0 0 0 0 0 4 3 0 0 0 A A 2 02UlBeKo2_l376
3410.8724 0.0005 0 0 1 1 1 -1 3 3 1 1 0 A A 2 0 0 0 0 0 0 4 3 0 0 0 A A 1 02UlBeKo2_l377
3411.0806 0.0005 1 0 0 1 0 1 10 5 0 1 1 E E 3 0 0 0 0 0 0 10 4 0 0 0 E A 3 02UlBeKo2_l378
3411.2754 0.0005 0 0 1 1 -1 -1 3 3 1 1 2 A E 3 0 0 0 0 0 0 4 4 0 0 0 E A 3 02UlBeKo2_l379
3411.4548 0.0005 1 0 0 1 0 1 10 7 0 1 1 E E 3 0 0 0 0 0 0 10 8 0 0 0 E A 3 02UlBeKo2_l380
3412.3063 0.0005 1 0 0 1 0 1 11 7 0 1 1 E E 3 0 0 0 0 0 0 11 8 0 0 0 E A 3 02UlBeKo2_l381
3412.3962 0.0005 0 0 1 1 -1 1 6 5 1 1 0 E A 3 0 0 0 0 0 0 6 5 0 0 0 E A 3 02UlBeKo2_l382
3412.5719 0.0005 1 0 0 1 0 1 4 4 0 1 1 E E 1 0 0 0 0 0 0 4 3 0 0 0 A A 2 02UlBeKo2_l383
3412.5969 0.0005 1 0 0 1 0 1 7 6 0 1 1 A E 3 0 0 0 0 0 0 7 7 0 0 0 E A 3 02UlBeKo2_l384
3413.1458 0.0005 1 0 0 1 0 1 5 4 0 1 1 E E 1 0 0 0 0 0 0 5 3 0 0 0 A A 2 02UlBeKo2_l385
3413.1761 0.0005 1 0 0 1 0 1 5 3 0 1 1 A E 3 0 0 0 0 0 0 5 1 0 0 0 E A 3 02UlBeKo2_l386
3413.4187 0.0015 1 0 0 1 0 1 8 6 0 1 1 A E 3 0 0 0 0 0 0 8 7 0 0 0 E A 3 02UlBeKo2_l387
3413.7129 0.0005 1 0 0 1 0 1 6 4 0 1 1 E E 1 0 0 0 0 0 0 6 3 0 0 0 A A 2 02UlBeKo2_l388
3413.7408 0.0005 1 0 0 1 0 1 6 3 0 1 1 A E 3 0 0 0 0 0 0 6 1 0 0 0 E A 3 02UlBeKo2_l389
3413.9615 0.0005 0 0 1 1 1 -1 2 0 1 1 0 A A 1 0 0 0 0 0 0 3 0 0 0 0 A A 2 02UlBeKo2_l390
3414.2314 0.0008 1 0 0 1 0 1 7 4 0 1 1 E E 1 0 0 0 0 0 0 7 3 0 0 0 A A 2 02UlBeKo2_l391
3414.2732 0.0005 1 0 0 1 0 1 7 3 0 1 1 A E 3 0 0 0 0 0 0 7 1 0 0 0 E A 3 02UlBeKo2_l392
3414.6598 0.0005 1 0 0 1 0 1 8 4 0 1 1 E E 2 0 0 0 0 0 0 8 3 0 0 0 A A 1 02UlBeKo2_l393
3414.6765 0.0005 1 0 0 1 0 1 8 4 0 1 1 E E 1 0 0 0 0 0 0 8 3 0 0 0 A A 2 02UlBeKo2_l394
3414.7478 0.0005 1 0 0 1 0 -1 8 3 0 1 1 A E 3 0 0 0 0 0 0 8 1 0 0 0 E A 3 02UlBeKo2_l395
3414.7686 0.0005 0 0 1 1 1 -1 2 1 1 1 0 E A 3 0 0 0 0 0 0 3 1 0 0 0 E A 3 02UlBeKo2_l396
3414.8848 0.0005 0 0 1 1 -1 1 4 4 1 1 0 E A 3 0 0 0 0 0 0 4 4 0 0 0 E A 3 02UlBeKo2_l397
3414.9988 0.0005 1 0 0 1 0 1 9 4 0 1 1 E E 1 0 0 0 0 0 0 9 3 0 0 0 A A 2 02UlBeKo2_l398
3415.0546 0.0005 1 0 0 1 0 1 9 4 0 1 1 E E 2 0 0 0 0 0 0 9 3 0 0 0 A A 1 02UlBeKo2_l399
3415.1421 0.0005 1 0 0 1 0 1 10 4 0 1 1 E E 2 0 0 0 0 0 0 10 3 0 0 0 A A 1 02UlBeKo2_l400
3415.1625 0.0005 1 0 0 1 0 -1 9 3 0 1 1 A E 3 0 0 0 0 0 0 9 1 0 0 0 E A 3 02UlBeKo2_l401
3415.3547 0.0005 1 0 0 1 0 1 10 4 0 1 1 E E 1 0 0 0 0 0 0 10 3 0 0 0 A A 2 02UlBeKo2_l402
3415.4673 0.0005 1 0 0 1 0 1 6 5 0 1 1 E E 1 0 0 0 0 0 0 6 6 0 0 0 A A 1 02UlBeKo2_l403
3415.6109 0.0005 0 0 1 1 -1 1 5 4 1 1 0 E A 3 0 0 0 0 0 0 5 4 0 0 0 E A 3 02UlBeKo2_l404
3416.1301 0.0005 1 0 0 1 0 1 0 0 0 1 1 A E 3 0 0 0 0 0 0 1 1 0 0 0 E A 3 02UlBeKo2_l405
3416.404 0.0005 1 0 0 1 0 1 7 5 0 1 1 E E 2 0 0 0 0 0 0 7 6 0 0 0 A A 1 02UlBeKo2_l406
3416.7176 0.0005 1 0 0 1 0 1 8 5 0 1 1 E E 2 0 0 0 0 0 0 8 6 0 0 0 A A 1 02UlBeKo2_l407
3416.7576 0.0011 1 0 0 1 0 1 8 5 0 1 1 E E 1 0 0 0 0 0 0 8 6 0 0 0 A A 2 02UlBeKo2_l409
3416.7576 0.0016 1 0 0 1 0 1 9 4 0 1 1 E E 3 0 0 0 0 0 0 9 4 0 0 0 E A 3 02UlBeKo2_l408
3416.7741 0.0005 0 0 1 1 1 -1 2 2 1 1 0 E A 3 0 0 0 0 0 0 3 2 0 0 0 E A 3 02UlBeKo2_l410
3416.9479 0.0005 1 0 0 1 0 1 3 3 0 1 1 A E 3 0 0 0 0 0 0 3 2 0 0 0 E A 3 02UlBeKo2_l411
3417.2541 0.0005 1 0 0 1 0 1 9 5 0 1 1 E E 1 0 0 0 0 0 0 9 6 0 0 0 A A 2 02UlBeKo2_l412
3417.3443 0.0016 1 0 0 1 0 1 9 5 0 1 1 E E 2 0 0 0 0 0 0 9 6 0 0 0 A A 1 02UlBeKo2_l413
3417.3842 0.0005 1 0 0 1 0 1 4 3 0 1 1 A E 3 0 0 0 0 0 0 4 2 0 0 0 E A 3 02UlBeKo2_l414
3417.8296 0.0005 1 0 0 1 0 -1 5 3 0 1 1 A E 3 0 0 0 0 0 0 5 2 0 0 0 E A 3 02UlBeKo2_l415
3418.0657 0.0005 1 0 0 1 0 1 10 5 0 1 1 E E 2 0 0 0 0 0 0 10 6 0 0 0 A A 1 02UlBeKo2_l416
3418.1129 0.0007 1 0 0 1 0 1 5 4 0 1 1 E E 3 0 0 0 0 0 0 5 5 0 0 0 E A 3 02UlBeKo2_l417
3418.2356 0.0005 1 0 0 1 0 -1 6 3 0 1 1 A E 3 0 0 0 0 0 0 6 2 0 0 0 E A 3 02UlBeKo2_l418
3418.2892 0.0005 0 0 1 1 -1 1 3 3 1 1 0 A A 1 0 0 0 0 0 0 3 3 0 0 0 A A 1 02UlBeKo2_l419
3418.4142 0.0005 0 0 1 1 -1 1 9 4 1 1 0 E A 3 0 0 0 0 0 0 9 4 0 0 0 E A 3 02UlBeKo2_l420
3418.4354 0.0005 1 0 0 1 0 1 4 2 0 1 1 E E 2 0 0 0 0 0 0 4 0 0 0 0 A A 1 02UlBeKo2_l421
-3418.5594 0.0005 1 0 0 1 0 1 7 3 0 1 1 A E 3 0 0 0 0 0 0 7 2 0 0 0 E A 3 02UlBeKo2_l422
3418.7099 0.0005 1 0 0 1 0 1 11 3 0 1 1 A E 3 0 0 0 0 0 0 11 2 0 0 0 E A 3 02UlBeKo2_l423
3418.7565 0.0005 1 0 0 1 0 1 6 4 0 1 1 E E 3 0 0 0 0 0 0 6 5 0 0 0 E A 3 02UlBeKo2_l424
-3418.7691 0.0005 1 0 0 1 0 1 8 3 0 1 1 A E 3 0 0 0 0 0 0 8 2 0 0 0 E A 3 02UlBeKo2_l425
3418.8294 0.0005 1 0 0 1 0 1 10 3 0 1 1 A E 3 0 0 0 0 0 0 10 2 0 0 0 E A 3 02UlBeKo2_l426
3418.8471 0.0006 1 0 0 1 0 1 9 3 0 1 1 A E 3 0 0 0 0 0 0 9 2 0 0 0 E A 3 02UlBeKo2_l427
3419.2277 0.0005 1 0 0 1 0 1 6 2 0 1 1 E E 2 0 0 0 0 0 0 6 0 0 0 0 A A 1 02UlBeKo2_l428
3419.3858 0.0005 1 0 0 1 0 1 7 4 0 1 1 E E 3 0 0 0 0 0 0 7 5 0 0 0 E A 3 02UlBeKo2_l429
3419.799 0.0005 1 0 0 1 0 1 9 2 0 1 1 E E 1 0 0 0 0 0 0 9 0 0 0 0 A A 2 02UlBeKo2_l430
3420.0042 0.0005 1 0 0 1 0 1 8 4 0 1 1 E E 3 0 0 0 0 0 0 8 5 0 0 0 E A 3 02UlBeKo2_l431
3420.0376 0.0005 0 0 1 1 -1 1 6 3 1 1 0 A A 2 0 0 0 0 0 0 6 3 0 0 0 A A 1 02UlBeKo2_l432
3420.0685 0.0005 0 0 1 1 -1 1 6 3 1 1 0 A A 1 0 0 0 0 0 0 6 3 0 0 0 A A 2 02UlBeKo2_l433
3420.5768 0.0007 0 0 1 1 -1 1 7 3 1 1 0 A A 1 0 0 0 0 0 0 7 3 0 0 0 A A 2 02UlBeKo2_l434
3420.5993 0.0005 1 0 0 1 0 -1 4 3 0 1 1 A E 3 0 0 0 0 0 0 4 4 0 0 0 E A 3 02UlBeKo2_l435
3420.6601 0.0005 0 0 1 1 -1 1 4 2 1 1 0 E A 3 0 0 0 0 0 0 4 1 0 0 0 E A 3 02UlBeKo2_l436
3420.8132 0.003 0 0 1 1 -1 1 8 3 1 1 0 A A 2 0 0 0 0 0 0 8 3 0 0 0 A A 1 02UlBeKo2_l437
3420.9384 0.0005 1 0 0 1 0 1 2 2 0 1 1 E E 3 0 0 0 0 0 0 2 1 0 0 0 E A 3 02UlBeKo2_l438
3420.9546 0.0005 0 0 1 1 -1 1 9 3 1 1 0 A A 1 0 0 0 0 0 0 9 3 0 0 0 A A 2 02UlBeKo2_l439
3420.9684 0.0016 0 0 1 1 -1 1 8 3 1 1 0 A A 1 0 0 0 0 0 0 8 3 0 0 0 A A 2 02UlBeKo2_l440
-3421.1191 0.0005 0 0 1 1 1 1 5 2 1 1 0 E A 3 0 0 0 0 0 0 5 2 0 0 0 E A 3 02UlBeKo2_l441_dup
3421.1349 0.0005 1 0 0 1 0 1 5 3 0 1 1 A E 3 0 0 0 0 0 0 5 4 0 0 0 E A 3 02UlBeKo2_l442
3421.2396 0.0005 1 0 0 1 0 1 3 2 0 1 1 E E 3 0 0 0 0 0 0 3 1 0 0 0 E A 3 02UlBeKo2_l443
3421.4747 0.0011 1 0 0 1 0 1 9 4 0 1 1 E E 3 0 0 0 0 0 0 9 5 0 0 0 E A 3 02UlBeKo2_l444
3421.561 0.0005 1 0 0 1 0 1 4 2 0 1 1 E E 3 0 0 0 0 0 0 4 1 0 0 0 E A 3 02UlBeKo2_l445
3421.6695 0.0005 1 0 0 1 0 1 6 3 0 1 1 A E 3 0 0 0 0 0 0 6 4 0 0 0 E A 3 02UlBeKo2_l446
3421.8799 0.0005 1 0 0 1 0 1 5 2 0 1 1 E E 3 0 0 0 0 0 0 5 1 0 0 0 E A 3 02UlBeKo2_l447
3422.1671 0.0005 1 0 0 1 0 1 7 3 0 1 1 A E 3 0 0 0 0 0 0 7 4 0 0 0 E A 3 02UlBeKo2_l448
3422.2095 0.0006 1 0 0 1 0 1 6 2 0 1 1 E E 3 0 0 0 0 0 0 6 1 0 0 0 E A 3 02UlBeKo2_l449
-3422.531 0.0005 1 0 0 1 0 1 7 2 0 1 1 E E 3 0 0 0 0 0 0 7 1 0 0 0 E A 3 02UlBeKo2_l450
3422.57 0.0005 0 0 1 1 1 -1 1 0 1 1 0 A A 2 0 0 0 0 0 0 2 0 0 0 0 A A 1 02UlBeKo2_l451
3422.6017 0.0005 1 0 0 1 0 1 8 3 0 1 1 A E 3 0 0 0 0 0 0 8 4 0 0 0 E A 3 02UlBeKo2_l452
3422.7055 0.0005 0 0 1 1 -1 1 5 2 1 1 0 E A 3 0 0 0 0 0 0 5 2 0 0 0 E A 3 02UlBeKo2_l453_dup
3422.7348 0.0005 1 0 0 1 0 1 1 1 0 1 1 E E 3 0 0 0 0 0 0 1 1 0 0 0 E A 3 02UlBeKo2_l454
3422.767 0.0005 1 0 0 1 0 1 8 2 0 1 1 E E 3 0 0 0 0 0 0 8 1 0 0 0 E A 3 02UlBeKo2_l455
3422.776 0.0005 1 0 0 1 0 1 11 1 0 1 1 E E 1 0 0 0 0 0 0 11 0 0 0 0 A A 2 02UlBeKo2_l456
3422.8131 0.0007 1 0 0 1 0 1 3 2 0 1 1 E E 1 0 0 0 0 0 0 3 3 0 0 0 A A 2 02UlBeKo2_l457
3422.8382 0.0005 1 0 0 1 0 1 3 2 0 1 1 E E 2 0 0 0 0 0 0 3 3 0 0 0 A A 1 02UlBeKo2_l458
3422.9718 0.0009 1 0 0 1 0 -1 9 3 0 1 1 A E 3 0 0 0 0 0 0 9 4 0 0 0 E A 3 02UlBeKo2_l459
3423.0032 0.0005 0 0 1 1 -1 1 6 2 1 1 0 E A 3 0 0 0 0 0 0 6 2 0 0 0 E A 3 02UlBeKo2_l461
3423.0032 0.0005 1 0 0 1 0 1 9 2 0 1 1 E E 3 0 0 0 0 0 0 9 1 0 0 0 E A 3 02UlBeKo2_l460
3423.0717 0.0005 1 0 0 1 0 1 10 1 0 1 1 E E 2 0 0 0 0 0 0 10 0 0 0 0 A A 1 02UlBeKo2_l462
3423.2162 0.0005 1 0 0 1 0 1 4 2 0 1 1 E E 2 0 0 0 0 0 0 4 3 0 0 0 A A 1 02UlBeKo2_l463
3423.2938 0.0005 1 0 0 1 0 1 4 2 0 1 1 E E 1 0 0 0 0 0 0 4 3 0 0 0 A A 2 02UlBeKo2_l464
3423.3596 0.0005 1 0 0 1 0 1 9 1 0 1 1 E E 1 0 0 0 0 0 0 9 0 0 0 0 A A 2 02UlBeKo2_l465
3423.3906 0.0005 0 0 1 1 1 -1 1 1 1 1 0 E A 3 0 0 0 0 0 0 2 1 0 0 0 E A 3 02UlBeKo2_l466
3423.5389 0.0005 1 0 0 1 0 1 4 1 0 1 1 E E 3 0 0 0 0 0 0 4 1 0 0 0 E A 3 02UlBeKo2_l467
3423.6036 0.0008 1 0 0 1 0 1 3 1 0 1 1 E E 1 0 0 0 0 0 0 3 0 0 0 0 A A 2 02UlBeKo2_l469
3423.6036 0.0005 1 0 0 1 0 1 8 1 0 1 1 E E 2 0 0 0 0 0 0 8 0 0 0 0 A A 1 02UlBeKo2_l468
3423.619 0.0005 1 0 0 1 0 1 5 2 0 1 1 E E 1 0 0 0 0 0 0 5 3 0 0 0 A A 2 02UlBeKo2_l470
3423.7884 0.0005 1 0 0 1 0 1 4 1 0 1 1 E E 2 0 0 0 0 0 0 4 0 0 0 0 A A 1 02UlBeKo2_l471
3423.7884 0.0012 1 0 0 1 0 1 7 1 0 1 1 E E 1 0 0 0 0 0 0 7 0 0 0 0 A A 2 02UlBeKo2_l472
3423.8132 0.0005 1 0 0 1 0 1 5 1 0 1 1 E E 3 0 0 0 0 0 0 5 1 0 0 0 E A 3 02UlBeKo2_l473
3423.9048 0.0005 1 0 0 1 0 1 6 1 0 1 1 E E 2 0 0 0 0 0 0 6 0 0 0 0 A A 1 02UlBeKo2_l474
3423.9597 0.002 1 0 0 1 0 1 5 1 0 1 1 E E 1 0 0 0 0 0 0 5 0 0 0 0 A A 2 02UlBeKo2_l475
3423.9757 0.0005 1 0 0 1 0 1 6 2 0 1 1 E E 2 0 0 0 0 0 0 6 3 0 0 0 A A 1 02UlBeKo2_l476
3424.0407 0.0005 1 0 0 1 0 1 6 1 0 1 1 E E 3 0 0 0 0 0 0 6 1 0 0 0 E A 3 02UlBeKo2_l477
-3424.1054 0.0007 1 0 0 1 0 1 7 2 0 1 1 E E 3 0 0 0 0 0 0 7 2 0 0 0 E A 3 02UlBeKo2_l478
3424.2071 0.0005 1 0 0 1 0 1 7 1 0 1 1 E E 3 0 0 0 0 0 0 7 1 0 0 0 E A 3 02UlBeKo2_l479
3424.2511 0.0005 1 0 0 1 0 1 7 2 0 1 1 E E 1 0 0 0 0 0 0 7 3 0 0 0 A A 2 02UlBeKo2_l480
3424.2973 0.0005 1 0 0 1 0 1 6 2 0 1 1 E E 1 0 0 0 0 0 0 6 3 0 0 0 A A 2 02UlBeKo2_l481
3424.3121 0.0005 1 0 0 1 0 1 8 1 0 1 1 E E 3 0 0 0 0 0 0 8 1 0 0 0 E A 3 02UlBeKo2_l482
3424.3324 0.0005 1 0 0 1 0 1 8 2 0 1 1 E E 3 0 0 0 0 0 0 8 2 0 0 0 E A 3 02UlBeKo2_l483
3424.364 0.002 1 0 0 1 0 1 9 1 0 1 1 E E 3 0 0 0 0 0 0 9 1 0 0 0 E A 3 02UlBeKo2_l484
3424.4231 0.0005 1 0 0 1 0 1 8 2 0 1 1 E E 2 0 0 0 0 0 0 8 3 0 0 0 A A 1 02UlBeKo2_l485
3424.4752 0.0005 1 0 0 1 0 1 9 2 0 1 1 E E 1 0 0 0 0 0 0 9 3 0 0 0 A A 2 02UlBeKo2_l486
3424.5607 0.0011 1 0 0 1 0 1 2 1 0 1 1 E E 3 0 0 0 0 0 0 2 2 0 0 0 E A 3 02UlBeKo2_l487
3424.6349 0.0005 0 0 1 1 1 1 1 1 1 1 2 E E 1 0 0 0 0 0 0 1 0 0 0 0 A A 2 02UlBeKo2_l488
3424.7764 0.0005 1 0 0 1 0 1 7 2 0 1 1 E E 2 0 0 0 0 0 0 7 3 0 0 0 A A 1 02UlBeKo2_l489
3424.8395 0.0005 1 0 0 1 0 1 3 1 0 1 1 E E 3 0 0 0 0 0 0 3 2 0 0 0 E A 3 02UlBeKo2_l490
3424.9661 0.0005 0 0 1 1 1 1 2 1 1 1 2 E E 2 0 0 0 0 0 0 2 0 0 0 0 A A 1 02UlBeKo2_l491
3425.0497 0.0005 0 0 1 1 -1 1 4 1 1 1 0 E A 3 0 0 0 0 0 0 4 1 0 0 0 E A 3 02UlBeKo2_l492
3425.1307 0.0005 1 0 0 1 0 1 4 1 0 1 1 E E 3 0 0 0 0 0 0 4 2 0 0 0 E A 3 02UlBeKo2_l493
3425.2035 0.0005 1 0 0 1 0 1 8 2 0 1 1 E E 1 0 0 0 0 0 0 8 3 0 0 0 A A 2 02UlBeKo2_l494
3425.2912 0.0005 1 0 0 1 0 1 1 0 0 1 1 A E 3 0 0 0 0 0 0 1 1 0 0 0 E A 3 02UlBeKo2_l495
3425.3879 0.0005 0 0 1 1 1 1 3 1 1 1 2 E E 1 0 0 0 0 0 0 3 0 0 0 0 A A 2 02UlBeKo2_l496
3425.4001 0.0005 1 0 0 1 0 1 5 1 0 1 1 E E 3 0 0 0 0 0 0 5 2 0 0 0 E A 3 02UlBeKo2_l497
3425.5418 0.0005 1 0 0 1 0 1 2 0 0 1 1 A E 3 0 0 0 0 0 0 2 1 0 0 0 E A 3 02UlBeKo2_l498
3425.5605 0.0005 1 0 0 1 0 1 9 2 0 1 1 E E 2 0 0 0 0 0 0 9 3 0 0 0 A A 1 02UlBeKo2_l499
3425.6212 0.0005 1 0 0 1 0 1 6 1 0 1 1 E E 3 0 0 0 0 0 0 6 2 0 0 0 E A 3 02UlBeKo2_l500
3425.7109 0.0005 0 0 1 1 -1 1 5 1 1 1 0 E A 3 0 0 0 0 0 0 5 1 0 0 0 E A 3 02UlBeKo2_l501
3425.7805 0.0005 1 0 0 1 0 1 7 1 0 1 1 E E 3 0 0 0 0 0 0 7 2 0 0 0 E A 3 02UlBeKo2_l502
3425.8549 0.0005 1 0 0 1 0 1 10 2 0 1 1 E E 1 0 0 0 0 0 0 10 3 0 0 0 A A 2 02UlBeKo2_l503
3425.8653 0.0025 0 0 1 1 1 1 4 1 1 1 2 E E 2 0 0 0 0 0 0 4 0 0 0 0 A A 1 02UlBeKo2_l504
3425.8779 0.0005 1 0 0 1 0 1 8 1 0 1 1 E E 3 0 0 0 0 0 0 8 2 0 0 0 E A 3 02UlBeKo2_l505
3425.9086 0.0005 1 0 0 1 0 1 3 0 0 1 1 A E 3 0 0 0 0 0 0 3 1 0 0 0 E A 3 02UlBeKo2_l506
3425.9219 0.0005 1 0 0 1 0 1 9 1 0 1 1 E E 3 0 0 0 0 0 0 9 2 0 0 0 E A 3 02UlBeKo2_l507
3426.3538 0.0012 0 0 1 1 1 1 5 1 1 1 2 E E 1 0 0 0 0 0 0 5 0 0 0 0 A A 2 02UlBeKo2_l508
3426.3824 0.0005 1 0 0 1 0 1 4 0 0 1 1 A E 3 0 0 0 0 0 0 4 1 0 0 0 E A 3 02UlBeKo2_l509
3426.6417 0.0005 0 0 1 1 -1 1 4 1 1 1 0 E A 3 0 0 0 0 0 0 4 2 0 0 0 E A 3 02UlBeKo2_l510
3426.8116 0.0005 0 0 1 1 1 1 6 1 1 1 2 E E 2 0 0 0 0 0 0 6 0 0 0 0 A A 1 02UlBeKo2_l511
3426.8963 0.0005 0 0 1 1 -1 1 7 1 1 1 0 E A 3 0 0 0 0 0 0 7 1 0 0 0 E A 3 02UlBeKo2_l512
3426.9433 0.0005 1 0 0 1 0 1 5 0 0 1 1 A E 3 0 0 0 0 0 0 5 1 0 0 0 E A 3 02UlBeKo2_l513
3427.1925 0.0005 0 0 1 1 1 1 7 1 1 1 2 E E 1 0 0 0 0 0 0 7 0 0 0 0 A A 2 02UlBeKo2_l514
3427.2975 0.0005 0 0 1 1 -1 1 5 1 1 1 0 E A 3 0 0 0 0 0 0 5 2 0 0 0 E A 3 02UlBeKo2_l515
3427.3256 0.001 0 0 1 1 -1 1 8 1 1 1 0 E A 3 0 0 0 0 0 0 8 1 0 0 0 E A 3 02UlBeKo2_l516
3427.3933 0.0005 1 0 0 1 0 1 11 1 0 1 1 E E 1 0 0 0 0 0 0 11 3 0 0 0 A A 2 02UlBeKo2_l517
3427.4742 0.0005 0 0 1 1 1 1 8 1 1 1 2 E E 2 0 0 0 0 0 0 8 0 0 0 0 A A 1 02UlBeKo2_l518
3427.5439 0.0005 1 0 0 1 0 1 6 0 0 1 1 A E 3 0 0 0 0 0 0 6 1 0 0 0 E A 3 02UlBeKo2_l519
3427.6181 0.0005 0 0 1 1 -1 1 9 1 1 1 0 E A 3 0 0 0 0 0 0 9 1 0 0 0 E A 3 02UlBeKo2_l520
3427.7189 0.0005 1 0 0 1 0 1 10 1 0 1 1 E E 2 0 0 0 0 0 0 10 3 0 0 0 A A 1 02UlBeKo2_l521
3427.7879 0.0006 0 0 1 1 -1 1 10 1 1 1 0 E A 3 0 0 0 0 0 0 10 1 0 0 0 E A 3 02UlBeKo2_l522
3427.9268 0.0011 0 0 1 1 -1 1 6 1 1 1 0 E A 3 0 0 0 0 0 0 6 2 0 0 0 E A 3 02UlBeKo2_l523
3427.9747 0.0005 1 0 0 1 0 1 4 0 0 1 1 A E 3 0 0 0 0 0 0 4 2 0 0 0 E A 3 02UlBeKo2_l524
3428.0361 0.0005 1 0 0 1 0 1 9 1 0 1 1 E E 1 0 0 0 0 0 0 9 3 0 0 0 A A 2 02UlBeKo2_l525
3428.0897 0.0012 1 0 0 1 0 1 6 4 0 1 1 E E 1 0 0 0 0 0 0 6 6 0 0 0 A A 2 02UlBeKo2_l526
3428.1102 0.0005 1 0 0 1 0 1 7 0 0 1 1 A E 3 0 0 0 0 0 0 7 1 0 0 0 E A 3 02UlBeKo2_l527
3428.3061 0.0005 1 0 0 1 0 1 8 1 0 1 1 E E 2 0 0 0 0 0 0 8 3 0 0 0 A A 1 02UlBeKo2_l528
3428.3986 0.0008 1 0 0 1 0 1 3 1 0 1 1 E E 1 0 0 0 0 0 0 3 3 0 0 0 A A 2 02UlBeKo2_l529
3428.4706 0.0005 0 0 1 1 -1 1 7 1 1 1 0 E A 3 0 0 0 0 0 0 7 2 0 0 0 E A 3 02UlBeKo2_l530
3428.5132 0.0007 1 0 0 1 0 1 7 1 0 1 1 E E 1 0 0 0 0 0 0 7 3 0 0 0 A A 2 02UlBeKo2_l531
3428.5299 0.0005 1 0 0 1 0 1 1 1 0 1 1 E E 2 0 0 0 0 0 0 0 0 0 0 0 A A 1 02UlBeKo2_l532
3428.5689 0.0005 1 0 0 1 0 1 8 0 0 1 1 A E 3 0 0 0 0 0 0 8 1 0 0 0 E A 3 02UlBeKo2_l533
3428.6521 0.0005 1 0 0 1 0 1 6 1 0 1 1 E E 2 0 0 0 0 0 0 6 3 0 0 0 A A 1 02UlBeKo2_l534
3428.7236 0.0005 1 0 0 1 0 1 5 1 0 1 1 E E 1 0 0 0 0 0 0 5 3 0 0 0 A A 2 02UlBeKo2_l535
3428.8779 0.0015 1 0 0 1 0 1 9 0 0 1 1 A E 3 0 0 0 0 0 0 9 1 0 0 0 E A 3 02UlBeKo2_l536
3428.8903 0.0005 0 0 1 1 -1 1 8 1 1 1 0 E A 3 0 0 0 0 0 0 8 2 0 0 0 E A 3 02UlBeKo2_l537
3428.917 0.0005 1 0 0 1 0 1 8 4 0 1 1 E E 1 0 0 0 0 0 0 8 6 0 0 0 A A 2 02UlBeKo2_l538
3429.0071 0.0008 1 0 0 1 0 -1 5 3 0 1 1 A E 3 0 0 0 0 0 0 5 5 0 0 0 E A 3 02UlBeKo2_l539
3429.0395 0.002 1 0 0 1 0 1 10 0 0 1 1 A E 3 0 0 0 0 0 0 10 1 0 0 0 E A 3 02UlBeKo2_l540
3429.156 0.0005 1 0 0 1 0 1 9 4 0 1 1 E E 1 0 0 0 0 0 0 9 6 0 0 0 A A 2 02UlBeKo2_l541
3429.1749 0.0005 0 0 1 1 -1 1 9 1 1 1 0 E A 3 0 0 0 0 0 0 9 2 0 0 0 E A 3 02UlBeKo2_l542
3429.21 0.0005 1 0 0 1 0 1 10 4 0 1 1 E E 2 0 0 0 0 0 0 10 6 0 0 0 A A 1 02UlBeKo2_l543
3429.335 0.0005 0 0 1 1 -1 1 10 1 1 1 0 E A 3 0 0 0 0 0 0 10 2 0 0 0 E A 3 02UlBeKo2_l544
3429.3699 0.0015 1 0 0 1 0 -1 6 3 0 1 1 A E 3 0 0 0 0 0 0 6 5 0 0 0 E A 3 02UlBeKo2_l545
3429.426 0.0005 1 0 0 1 0 1 10 4 0 1 1 E E 1 0 0 0 0 0 0 10 6 0 0 0 A A 2 02UlBeKo2_l546
3429.5328 0.0005 1 0 0 1 0 1 11 3 0 1 1 A E 3 0 0 0 0 0 0 11 5 0 0 0 E A 3 02UlBeKo2_l547
3429.6456 0.0005 1 0 0 1 0 -1 7 3 0 1 1 A E 3 0 0 0 0 0 0 7 5 0 0 0 E A 3 02UlBeKo2_l548
3429.6834 0.0008 1 0 0 1 0 1 7 0 0 1 1 A E 3 0 0 0 0 0 0 7 2 0 0 0 E A 3 02UlBeKo2_l549
3429.7262 0.0005 1 0 0 1 0 1 10 3 0 1 1 A E 3 0 0 0 0 0 0 10 5 0 0 0 E A 3 02UlBeKo2_l550
-3429.7983 0.0005 1 0 0 1 0 1 8 3 0 1 1 A E 3 0 0 0 0 0 0 8 5 0 0 0 E A 3 02UlBeKo2_l551
3429.8129 0.0005 1 0 0 1 0 1 9 3 0 1 1 A E 3 0 0 0 0 0 0 9 5 0 0 0 E A 3 02UlBeKo2_l552
3429.839 0.0005 1 0 0 1 0 1 5 2 0 1 1 E E 3 0 0 0 0 0 0 5 4 0 0 0 E A 3 02UlBeKo2_l553
3430.1384 0.0005 1 0 0 1 0 1 6 2 0 1 1 E E 3 0 0 0 0 0 0 6 4 0 0 0 E A 3 02UlBeKo2_l554
-3430.4247 0.0005 1 0 0 1 0 1 7 2 0 1 1 E E 3 0 0 0 0 0 0 7 4 0 0 0 E A 3 02UlBeKo2_l555
3430.6204 0.0005 1 0 0 1 0 1 8 2 0 1 1 E E 3 0 0 0 0 0 0 8 4 0 0 0 E A 3 02UlBeKo2_l556
3430.6454 0.002 0 0 1 1 1 1 4 1 1 1 2 E E 2 0 0 0 0 0 0 4 3 0 0 0 A A 1 02UlBeKo2_l557
3430.7342 0.0005 0 0 1 1 1 1 4 1 1 1 2 E E 1 0 0 0 0 0 0 4 3 0 0 0 A A 2 02UlBeKo2_l558
3431.1204 0.0005 0 0 1 1 1 1 5 1 1 1 2 E E 1 0 0 0 0 0 0 5 3 0 0 0 A A 2 02UlBeKo2_l559
3431.3543 0.0005 0 0 1 1 1 -1 0 0 1 1 0 A A 1 0 0 0 0 0 0 1 0 0 0 0 A A 2 02UlBeKo2_l560
3431.527 0.0005 0 0 1 1 1 1 5 1 1 1 2 E E 2 0 0 0 0 0 0 5 3 0 0 0 A A 1 02UlBeKo2_l561
3431.5591 0.0005 0 0 1 1 1 1 6 1 1 1 2 E E 2 0 0 0 0 0 0 6 3 0 0 0 A A 1 02UlBeKo2_l562
3431.9183 0.0005 0 0 1 1 1 1 7 1 1 1 2 E E 1 0 0 0 0 0 0 7 3 0 0 0 A A 2 02UlBeKo2_l563
3432.1767 0.0005 0 0 1 1 1 1 8 1 1 1 2 E E 2 0 0 0 0 0 0 8 3 0 0 0 A A 1 02UlBeKo2_l564
3432.9537 0.0005 0 0 1 1 1 1 7 1 1 1 2 E E 2 0 0 0 0 0 0 7 3 0 0 0 A A 1 02UlBeKo2_l565
3433.0468 0.0005 0 0 1 1 1 1 1 1 1 1 2 E E 2 0 0 0 0 0 0 0 0 0 0 0 A A 1 02UlBeKo2_l566
3433.4382 0.0005 0 0 1 1 1 1 8 1 1 1 2 E E 1 0 0 0 0 0 0 8 3 0 0 0 A A 2 02UlBeKo2_l567
3433.7236 0.0005 0 0 1 1 1 1 9 1 1 1 2 E E 2 0 0 0 0 0 0 9 3 0 0 0 A A 1 02UlBeKo2_l568
3433.7946 0.0005 0 0 1 1 1 1 10 1 1 1 2 E E 1 0 0 0 0 0 0 10 3 0 0 0 A A 2 02UlBeKo2_l569
3433.8326 0.0005 0 0 1 1 1 1 11 1 1 1 2 E E 2 0 0 0 0 0 0 11 3 0 0 0 A A 1 02UlBeKo2_l570
3436.0256 0.0005 0 0 1 1 1 1 2 2 1 1 2 E E 3 0 0 0 0 0 0 2 1 0 0 0 E A 3 02UlBeKo2_l571
3436.1641 0.0005 0 0 1 1 1 1 3 2 1 1 2 E E 3 0 0 0 0 0 0 3 1 0 0 0 E A 3 02UlBeKo2_l572
3436.7217 0.0005 0 0 1 1 1 1 11 7 1 1 2 E E 1 0 0 0 0 0 0 11 3 0 0 0 A A 2 02UlBeKo2_l573
3436.9205 0.0005 0 0 1 1 1 1 5 3 1 1 2 A E 3 0 0 0 0 0 0 5 1 0 0 0 E A 3 02UlBeKo2_l574
3437.1666 0.0005 0 0 1 1 1 1 7 4 1 1 2 E E 1 0 0 0 0 0 0 7 0 0 0 0 A A 2 02UlBeKo2_l575
3437.6658 0.0005 0 0 1 1 1 1 3 3 1 1 2 A E 3 0 0 0 0 0 0 3 2 0 0 0 E A 3 02UlBeKo2_l576
-3437.8454 0.0007 0 0 1 1 1 1 4 2 1 1 2 E E 3 0 0 0 0 0 0 4 2 0 0 0 E A 3 02UlBeKo2_l577
3437.9132 0.0005 1 0 0 1 0 1 2 1 0 1 1 E E 1 0 0 0 0 0 0 1 0 0 0 0 A A 2 02UlBeKo2_l578
3438.7443 0.0005 1 0 0 1 0 1 2 2 0 1 1 E E 3 0 0 0 0 0 0 1 1 0 0 0 E A 3 02UlBeKo2_l579
3439.756 0.0005 0 0 1 1 1 1 4 4 1 1 2 E E 3 0 0 0 0 0 0 4 2 0 0 0 E A 3 02UlBeKo2_l580
3440.5628 0.0005 0 0 1 1 1 1 5 4 1 1 2 E E 3 0 0 0 0 0 0 5 2 0 0 0 E A 3 02UlBeKo2_l581
3440.7579 0.0005 0 0 1 1 1 1 6 4 1 1 2 E E 2 0 0 0 0 0 0 6 3 0 0 0 A A 1 02UlBeKo2_l582
3440.804 0.0008 0 0 1 1 1 1 5 5 1 1 2 E E 1 0 0 0 0 0 0 5 3 0 0 0 A A 1 02UlBeKo2_l583
3440.8663 0.0005 0 0 1 1 1 1 6 4 1 1 2 E E 1 0 0 0 0 0 0 6 3 0 0 0 A A 2 02UlBeKo2_l584
3440.932 0.0005 0 0 1 1 -1 -1 6 3 1 1 2 A E 3 0 0 0 0 0 0 6 1 0 0 0 E A 3 02UlBeKo2_l585
3441.1663 0.0005 0 0 1 1 1 1 7 4 1 1 2 E E 3 0 0 0 0 0 0 7 1 0 0 0 E A 3 02UlBeKo2_l586
3441.1969 0.0005 0 0 1 1 1 -1 1 1 1 1 0 E A 3 0 0 0 0 0 0 1 1 0 0 0 E A 3 02UlBeKo2_l587
3441.3119 0.0005 0 0 1 1 1 1 5 5 1 1 2 E E 3 0 0 0 0 0 0 5 4 0 0 0 E A 3 02UlBeKo2_l588
3441.4699 0.0005 0 0 1 1 1 -1 2 1 1 1 0 E A 3 0 0 0 0 0 0 2 1 0 0 0 E A 3 02UlBeKo2_l589
3441.5245 0.0005 0 0 1 1 1 1 6 4 1 1 2 E E 3 0 0 0 0 0 0 6 2 0 0 0 E A 3 02UlBeKo2_l590
-3441.8933 0.0007 0 0 1 1 1 1 7 4 1 1 2 E E 2 0 0 0 0 0 0 7 3 0 0 0 A A 1 02UlBeKo2_l591
3441.9588 0.0005 0 0 1 1 1 -1 3 1 1 1 0 E A 3 0 0 0 0 0 0 3 1 0 0 0 E A 3 02UlBeKo2_l592
3442.172 0.0015 0 0 1 1 1 1 6 5 1 1 2 E E 3 0 0 0 0 0 0 6 4 0 0 0 E A 3 02UlBeKo2_l593
3442.3892 0.0005 0 0 1 1 1 1 2 1 1 1 2 E E 1 0 0 0 0 0 0 1 0 0 0 0 A A 2 02UlBeKo2_l594
-3442.593 0.0005 0 0 1 1 -1 -1 7 5 1 1 2 E E 2 0 0 0 0 0 0 7 3 0 0 0 A A 1 02UlBeKo2_l595_dup
3442.681 0.0005 0 0 1 1 1 1 8 3 1 1 2 A E 3 0 0 0 0 0 0 8 2 0 0 0 E A 3 02UlBeKo2_l596
3442.7221 0.0005 0 0 1 1 1 -1 4 1 1 1 0 E A 3 0 0 0 0 0 0 4 1 0 0 0 E A 3 02UlBeKo2_l597
3442.7402 0.0005 0 0 1 1 1 1 7 4 1 1 2 E E 3 0 0 0 0 0 0 7 2 0 0 0 E A 3 02UlBeKo2_l598
3442.7983 0.0005 0 0 1 1 1 1 7 5 1 1 2 E E 1 0 0 0 0 0 0 7 3 0 0 0 A A 2 02UlBeKo2_l599
3442.9153 0.0005 0 0 1 1 1 1 3 2 1 1 2 E E 2 0 0 0 0 0 0 3 3 0 0 0 A A 1 02UlBeKo2_l600
3443.0544 0.0005 0 0 1 1 1 1 4 2 1 1 2 E E 1 0 0 0 0 0 0 4 3 0 0 0 A A 2 02UlBeKo2_l601
3443.0763 0.0005 0 0 1 1 1 1 6 6 1 1 2 A E 3 0 0 0 0 0 0 6 5 0 0 0 E A 3 02UlBeKo2_l602
3443.1307 0.0005 0 0 1 1 1 1 8 8 1 1 2 E E 1 0 0 0 0 0 0 8 6 0 0 0 A A 1 02UlBeKo2_l603
3443.199 0.0005 0 0 1 1 1 1 3 2 1 1 2 E E 1 0 0 0 0 0 0 3 3 0 0 0 A A 2 02UlBeKo2_l604
3443.2753 0.0008 0 0 1 1 1 1 7 5 1 1 2 E E 3 0 0 0 0 0 0 7 4 0 0 0 E A 3 02UlBeKo2_l605
3443.3478 0.0005 1 0 0 1 0 1 2 0 0 1 1 A E 3 0 0 0 0 0 0 1 1 0 0 0 E A 3 02UlBeKo2_l606
3443.4429 0.002 0 0 1 1 1 1 5 2 1 1 2 E E 2 0 0 0 0 0 0 5 3 0 0 0 A A 1 02UlBeKo2_l607
3443.4781 0.0005 0 0 1 1 1 -1 2 2 1 1 0 E A 3 0 0 0 0 0 0 2 2 0 0 0 E A 3 02UlBeKo2_l608
3443.6526 0.0005 1 0 0 1 0 1 3 3 0 1 1 A E 3 0 0 0 0 0 0 2 2 0 0 0 E A 3 02UlBeKo2_l609
3443.7275 0.0005 0 0 1 1 1 1 4 2 1 1 2 E E 2 0 0 0 0 0 0 4 3 0 0 0 A A 1 02UlBeKo2_l610
3443.7531 0.0005 0 0 1 1 1 -1 5 1 1 1 0 E A 3 0 0 0 0 0 0 5 1 0 0 0 E A 3 02UlBeKo2_l611
3443.7742 0.0005 0 0 1 1 1 -1 7 6 1 1 0 A A 1 0 0 0 0 0 0 7 3 0 0 0 A A 2 02UlBeKo2_l612
3443.8039 0.0005 0 0 1 1 1 1 8 4 1 1 2 E E 2 0 0 0 0 0 0 8 3 0 0 0 A A 1 02UlBeKo2_l613
3443.9227 0.0005 0 0 1 1 1 -1 3 2 1 1 0 E A 3 0 0 0 0 0 0 3 2 0 0 0 E A 3 02UlBeKo2_l614
3443.9401 0.0016 0 0 1 1 1 1 8 4 1 1 2 E E 1 0 0 0 0 0 0 8 3 0 0 0 A A 2 02UlBeKo2_l615
-3444.0213 0.0005 0 0 1 1 -1 -1 7 6 1 1 2 A E 3 0 0 0 0 0 0 7 5 0 0 0 E A 3 02UlBeKo2_l616
3444.3355 0.002 0 0 1 1 1 1 8 5 1 1 2 E E 3 0 0 0 0 0 0 8 4 0 0 0 E A 3 02UlBeKo2_l617
3444.363 0.0005 0 0 1 1 1 1 9 3 1 1 2 A E 3 0 0 0 0 0 0 9 2 0 0 0 E A 3 02UlBeKo2_l618
-3444.4576 0.0005 0 0 1 1 1 1 5 2 1 1 2 E E 1 0 0 0 0 0 0 5 3 0 0 0 A A 2 02UlBeKo2_l619
3444.5965 0.0005 0 0 1 1 1 -1 4 2 1 1 0 E A 3 0 0 0 0 0 0 4 2 0 0 0 E A 3 02UlBeKo2_l620
3444.6704 0.0005 0 0 1 1 1 -1 8 7 1 1 0 E A 3 0 0 0 0 0 0 8 4 0 0 0 E A 3 02UlBeKo2_l621
3444.751 0.0005 0 0 1 1 1 1 7 7 1 1 2 E E 1 0 0 0 0 0 0 7 6 0 0 0 A A 1 02UlBeKo2_l622
-3444.8979 0.0005 0 0 1 1 1 1 8 2 1 1 2 E E 3 0 0 0 0 0 0 8 4 0 0 0 E A 3 02UlBeKo2_l623
3444.9982 0.0005 0 0 1 1 1 -1 6 1 1 1 0 E A 3 0 0 0 0 0 0 6 1 0 0 0 E A 3 02UlBeKo2_l624
-3445.1561 0.0005 0 0 1 1 -1 -1 8 6 1 1 2 A E 3 0 0 0 0 0 0 8 5 0 0 0 E A 3 02UlBeKo2_l625
3445.2238 0.003 0 0 1 1 1 1 9 4 1 1 2 E E 1 0 0 0 0 0 0 9 3 0 0 0 A A 2 02UlBeKo2_l626
3445.3236 0.0005 0 0 1 1 1 1 9 4 1 1 2 E E 2 0 0 0 0 0 0 9 3 0 0 0 A A 1 02UlBeKo2_l627
3445.4121 0.0005 0 0 1 1 1 1 6 2 1 1 2 E E 2 0 0 0 0 0 0 6 3 0 0 0 A A 1 02UlBeKo2_l628
3445.4834 0.0011 0 0 1 1 1 -1 7 3 1 1 0 A A 1 0 0 0 0 0 0 7 0 0 0 0 A A 2 02UlBeKo2_l629
3445.5498 0.0005 0 0 1 1 1 -1 5 2 1 1 0 E A 3 0 0 0 0 0 0 5 2 0 0 0 E A 3 02UlBeKo2_l630
3445.7615 0.0005 0 0 1 1 1 1 9 5 1 1 2 E E 3 0 0 0 0 0 0 9 4 0 0 0 E A 3 02UlBeKo2_l631
3445.8152 0.0005 0 0 1 1 1 1 8 7 1 1 2 E E 1 0 0 0 0 0 0 8 6 0 0 0 A A 1 02UlBeKo2_l632
3446.318 0.0005 0 0 1 1 1 1 8 8 1 1 2 E E 3 0 0 0 0 0 0 8 7 0 0 0 E A 3 02UlBeKo2_l633
3446.379 0.0005 0 0 1 1 1 -1 9 7 1 1 0 E A 3 0 0 0 0 0 0 9 4 0 0 0 E A 3 02UlBeKo2_l634
3446.4575 0.0005 0 0 1 1 1 -1 3 3 1 1 0 A A 1 0 0 0 0 0 0 3 3 0 0 0 A A 2 02UlBeKo2_l635
3446.4707 0.0005 0 0 1 1 1 -1 3 3 1 1 0 A A 2 0 0 0 0 0 0 3 3 0 0 0 A A 1 02UlBeKo2_l636
-3446.503 0.0005 0 0 1 1 -1 -1 9 6 1 1 2 A E 3 0 0 0 0 0 0 9 5 0 0 0 E A 3 02UlBeKo2_l637
3446.598 0.0005 0 0 1 1 1 1 7 2 1 1 2 E E 1 0 0 0 0 0 0 7 3 0 0 0 A A 2 02UlBeKo2_l638
3446.8136 0.0005 0 0 1 1 1 -1 6 2 1 1 0 E A 3 0 0 0 0 0 0 6 2 0 0 0 E A 3 02UlBeKo2_l639
3447.0196 0.0005 0 0 1 1 1 -1 8 3 1 1 0 A A 2 0 0 0 0 0 0 8 0 0 0 0 A A 1 02UlBeKo2_l640
3447.0641 0.0007 0 0 1 1 1 -1 4 3 1 1 0 A A 2 0 0 0 0 0 0 4 3 0 0 0 A A 1 02UlBeKo2_l641
3447.1039 0.0005 0 0 1 1 1 1 9 7 1 1 2 E E 1 0 0 0 0 0 0 9 6 0 0 0 A A 2 02UlBeKo2_l642
3447.1565 0.0005 0 0 1 1 1 -1 4 3 1 1 0 A A 1 0 0 0 0 0 0 4 3 0 0 0 A A 2 02UlBeKo2_l643
3447.3266 0.0005 0 0 1 1 -1 -1 4 3 1 1 2 A E 3 0 0 0 0 0 0 4 4 0 0 0 E A 3 02UlBeKo2_l644
3447.4298 0.0005 1 0 0 1 0 1 6 6 0 1 1 A E 3 0 0 0 0 0 0 5 4 0 0 0 E A 3 02UlBeKo2_l645
3447.4677 0.0005 1 0 0 1 0 1 3 1 0 1 1 E E 2 0 0 0 0 0 0 2 0 0 0 0 A A 1 02UlBeKo2_l646
3447.5107 0.0005 0 0 1 1 1 1 9 8 1 1 2 E E 3 0 0 0 0 0 0 9 7 0 0 0 E A 3 02UlBeKo2_l647
3447.5831 0.0005 0 0 1 1 1 -1 5 0 1 1 0 A A 2 0 0 0 0 0 0 5 3 0 0 0 A A 1 02UlBeKo2_l648
3447.7664 0.0005 0 0 1 1 1 1 9 9 1 1 2 A E 3 0 0 0 0 0 0 9 8 0 0 0 E A 3 02UlBeKo2_l649
3447.8811 0.0005 0 0 1 1 1 -1 5 3 1 1 0 A A 1 0 0 0 0 0 0 5 3 0 0 0 A A 2 02UlBeKo2_l650
3447.9405 0.0005 1 0 0 1 0 1 3 2 0 1 1 E E 3 0 0 0 0 0 0 2 1 0 0 0 E A 3 02UlBeKo2_l651
3447.9759 0.0005 0 0 1 1 -1 -1 5 3 1 1 2 A E 3 0 0 0 0 0 0 5 4 0 0 0 E A 3 02UlBeKo2_l652
3448.1701 0.0005 1 0 0 1 0 1 4 4 0 1 1 E E 1 0 0 0 0 0 0 3 3 0 0 0 A A 2 02UlBeKo2_l653
3448.1866 0.0005 0 0 1 1 1 -1 5 3 1 1 0 A A 2 0 0 0 0 0 0 5 3 0 0 0 A A 1 02UlBeKo2_l654
3448.3405 0.0005 0 0 1 1 1 -1 7 1 1 1 0 E A 3 0 0 0 0 0 0 7 2 0 0 0 E A 3 02UlBeKo2_l655
3448.5651 0.0005 0 0 1 1 1 1 10 7 1 1 2 E E 2 0 0 0 0 0 0 10 6 0 0 0 A A 1 02UlBeKo2_l656
3448.5844 0.0005 0 0 1 1 1 1 10 7 1 1 2 E E 1 0 0 0 0 0 0 10 6 0 0 0 A A 2 02UlBeKo2_l657
3448.6288 0.0006 0 0 1 1 1 -1 6 0 1 1 0 A A 1 0 0 0 0 0 0 6 3 0 0 0 A A 2 02UlBeKo2_l658
3448.7731 0.0005 0 0 1 1 1 -1 9 3 1 1 0 A A 1 0 0 0 0 0 0 9 0 0 0 0 A A 2 02UlBeKo2_l659
3448.86 0.0005 0 0 1 1 -1 -1 6 3 1 1 2 A E 3 0 0 0 0 0 0 6 4 0 0 0 E A 3 02UlBeKo2_l660
3448.8874 0.0005 0 0 1 1 1 1 10 8 1 1 2 E E 3 0 0 0 0 0 0 10 7 0 0 0 E A 3 02UlBeKo2_l661
3448.928 0.0005 0 0 1 1 1 -1 6 3 1 1 0 A A 2 0 0 0 0 0 0 6 3 0 0 0 A A 1 02UlBeKo2_l662
3449.0887 0.0005 0 0 1 1 1 1 10 10 1 1 2 E E 1 0 0 0 0 0 0 10 9 0 0 0 A A 1 02UlBeKo2_l663
3449.2793 0.0005 0 0 1 1 1 -1 1 0 1 1 0 A A 2 0 0 0 0 0 0 0 0 0 0 0 A A 1 02UlBeKo2_l664
3449.5206 0.0005 0 0 1 1 1 -1 6 3 1 1 0 A A 1 0 0 0 0 0 0 6 3 0 0 0 A A 2 02UlBeKo2_l665
3449.7668 0.0005 0 0 1 1 1 -1 4 4 1 1 0 E A 3 0 0 0 0 0 0 4 4 0 0 0 E A 3 02UlBeKo2_l666
3449.941 0.0005 0 0 1 1 1 -1 9 2 1 1 0 E A 3 0 0 0 0 0 0 9 1 0 0 0 E A 3 02UlBeKo2_l667
3449.978 0.0005 1 0 0 1 0 1 7 7 0 1 1 E E 3 0 0 0 0 0 0 6 5 0 0 0 E A 3 02UlBeKo2_l668
3450.0684 0.0005 0 0 1 1 1 -1 8 1 1 1 0 E A 3 0 0 0 0 0 0 8 2 0 0 0 E A 3 02UlBeKo2_l669
3450.2106 0.0005 0 0 1 1 1 -1 7 3 1 1 0 A A 1 0 0 0 0 0 0 7 3 0 0 0 A A 2 02UlBeKo2_l670
3450.5058 0.0005 0 0 1 1 1 -1 5 4 1 1 0 E A 3 0 0 0 0 0 0 5 4 0 0 0 E A 3 02UlBeKo2_l671
3450.5454 0.0011 0 0 1 1 1 1 11 10 1 1 2 E E 1 0 0 0 0 0 0 11 9 0 0 0 A A 1 02UlBeKo2_l672
3450.5631 0.0005 0 0 1 1 1 1 11 8 1 1 2 E E 3 0 0 0 0 0 0 11 7 0 0 0 E A 3 02UlBeKo2_l673
3450.6647 0.0005 0 0 1 1 1 1 11 7 1 1 2 E E 2 0 0 0 0 0 0 11 6 0 0 0 A A 1 02UlBeKo2_l674
3450.69 0.0005 0 0 1 1 1 1 11 7 1 1 2 E E 1 0 0 0 0 0 0 11 6 0 0 0 A A 2 02UlBeKo2_l675
3450.7332 0.0007 0 0 1 1 1 -1 10 3 1 1 0 A A 2 0 0 0 0 0 0 10 0 0 0 0 A A 1 02UlBeKo2_l676
3451.0814 0.0005 0 0 1 1 1 -1 7 3 1 1 0 A A 2 0 0 0 0 0 0 7 3 0 0 0 A A 1 02UlBeKo2_l677
3451.332 0.0005 0 0 1 1 1 1 12 12 1 1 2 A E 3 0 0 0 0 0 0 12 11 0 0 0 E A 3 02UlBeKo2_l678
3451.3994 0.0005 1 0 0 1 0 1 5 4 0 1 1 E E 3 0 0 0 0 0 0 4 2 0 0 0 E A 3 02UlBeKo2_l679
3451.4363 0.002 0 0 1 1 1 -1 6 4 1 1 0 E A 3 0 0 0 0 0 0 6 4 0 0 0 E A 3 02UlBeKo2_l680
3451.5436 0.0005 1 0 0 1 0 1 3 1 0 1 1 E E 3 0 0 0 0 0 0 2 2 0 0 0 E A 3 02UlBeKo2_l681
3451.7222 0.0005 0 0 1 1 1 -1 8 3 1 1 0 A A 2 0 0 0 0 0 0 8 3 0 0 0 A A 1 02UlBeKo2_l682
3451.7407 0.0007 0 0 1 1 1 1 5 4 1 1 2 E E 3 0 0 0 0 0 0 5 5 0 0 0 E A 3 02UlBeKo2_l683
3451.7677 0.0005 0 0 1 1 1 1 12 8 1 1 2 E E 3 0 0 0 0 0 0 12 7 0 0 0 E A 3 02UlBeKo2_l684
3451.8727 0.0005 0 0 1 1 1 1 12 11 1 1 2 E E 3 0 0 0 0 0 0 12 10 0 0 0 E A 3 02UlBeKo2_l685
3451.9046 0.0005 0 0 1 1 1 1 3 1 1 1 2 E E 2 0 0 0 0 0 0 2 0 0 0 0 A A 1 02UlBeKo2_l686
3451.988 0.0005 0 0 1 1 1 1 12 9 1 1 2 A E 3 0 0 0 0 0 0 12 8 0 0 0 E A 3 02UlBeKo2_l687
3452.1808 0.0005 0 0 1 1 1 1 12 10 1 1 2 E E 2 0 0 0 0 0 0 12 9 0 0 0 A A 1 02UlBeKo2_l688
3452.1929 0.003 0 0 1 1 1 1 12 10 1 1 2 E E 1 0 0 0 0 0 0 12 9 0 0 0 A A 2 02UlBeKo2_l689
3452.2507 0.0005 0 0 1 1 1 1 13 13 1 1 2 E E 1 0 0 0 0 0 0 13 12 0 0 0 A A 1 02UlBeKo2_l690
3452.3845 0.0005 1 0 0 1 0 1 8 8 0 1 1 E E 1 0 0 0 0 0 0 7 6 0 0 0 A A 1 02UlBeKo2_l691
3452.4013 0.0005 0 0 1 1 1 1 7 3 1 1 2 A E 3 0 0 0 0 0 0 7 5 0 0 0 E A 3 02UlBeKo2_l692
3452.487 0.0005 1 0 0 1 0 1 5 5 0 1 1 E E 3 0 0 0 0 0 0 4 4 0 0 0 E A 3 02UlBeKo2_l693
3452.5316 0.0005 0 0 1 1 1 -1 11 2 1 1 0 E A 3 0 0 0 0 0 0 11 1 0 0 0 E A 3 02UlBeKo2_l694
3452.5777 0.0005 0 0 1 1 1 -1 7 4 1 1 0 E A 3 0 0 0 0 0 0 7 4 0 0 0 E A 3 02UlBeKo2_l695
3452.61 0.0005 1 0 0 1 0 1 3 0 0 1 1 A E 3 0 0 0 0 0 0 2 1 0 0 0 E A 3 02UlBeKo2_l696
3452.6602 0.0005 0 0 1 1 1 1 6 4 1 1 2 E E 3 0 0 0 0 0 0 6 5 0 0 0 E A 3 02UlBeKo2_l697
3452.8231 0.0005 0 0 1 1 1 -1 8 3 1 1 0 A A 1 0 0 0 0 0 0 8 3 0 0 0 A A 2 02UlBeKo2_l698
3452.9114 0.0005 0 0 1 1 1 -1 11 3 1 1 0 A A 1 0 0 0 0 0 0 11 0 0 0 0 A A 2 02UlBeKo2_l699
3452.9755 0.0005 1 0 0 1 0 1 4 3 0 1 1 A E 3 0 0 0 0 0 0 3 2 0 0 0 E A 3 02UlBeKo2_l700
3453.0656 0.0005 0 0 1 1 1 1 13 12 1 1 2 A E 3 0 0 0 0 0 0 13 11 0 0 0 E A 3 02UlBeKo2_l701
3453.2939 0.0005 0 0 1 1 1 -1 5 5 1 1 0 E A 3 0 0 0 0 0 0 5 5 0 0 0 E A 3 02UlBeKo2_l702
3453.4489 0.0005 0 0 1 1 1 -1 9 3 1 1 0 A A 1 0 0 0 0 0 0 9 3 0 0 0 A A 2 02UlBeKo2_l703
3453.6996 0.0005 0 0 1 1 1 1 13 10 1 1 2 E E 1 0 0 0 0 0 0 13 9 0 0 0 A A 2 02UlBeKo2_l704
3453.7215 0.0005 0 0 1 1 1 1 13 10 1 1 2 E E 2 0 0 0 0 0 0 13 9 0 0 0 A A 1 02UlBeKo2_l705
3453.8321 0.0005 0 0 1 1 1 1 2 2 1 1 2 E E 3 0 0 0 0 0 0 1 1 0 0 0 E A 3 02UlBeKo2_l706
3453.9391 0.0005 0 0 1 1 1 -1 8 4 1 1 0 E A 3 0 0 0 0 0 0 8 4 0 0 0 E A 3 02UlBeKo2_l707
3453.9974 0.0005 0 0 1 1 1 -1 10 2 1 1 0 E A 3 0 0 0 0 0 0 10 2 0 0 0 E A 3 02UlBeKo2_l708
3454.0981 0.0007 1 0 0 1 0 1 4 2 0 1 1 E E 1 0 0 0 0 0 0 3 0 0 0 0 A A 2 02UlBeKo2_l709
3454.1239 0.0005 0 0 1 1 1 1 14 13 1 1 2 E E 1 0 0 0 0 0 0 14 12 0 0 0 A A 1 02UlBeKo2_l710
3454.2176 0.0005 0 0 1 1 1 -1 6 5 1 1 0 E A 3 0 0 0 0 0 0 6 5 0 0 0 E A 3 02UlBeKo2_l711
3454.4243 0.0005 1 0 0 1 0 1 6 5 0 1 1 E E 1 0 0 0 0 0 0 5 3 0 0 0 A A 1 02UlBeKo2_l712
3454.4497 0.0005 0 0 1 1 1 1 8 4 1 1 2 E E 3 0 0 0 0 0 0 8 5 0 0 0 E A 3 02UlBeKo2_l713
3454.4653 0.0005 0 0 1 1 -1 1 4 3 1 1 0 A A 1 0 0 0 0 0 0 3 3 0 0 0 A A 1 02UlBeKo2_l714
3454.7166 0.0005 0 0 1 1 1 -1 9 3 1 1 0 A A 2 0 0 0 0 0 0 9 3 0 0 0 A A 1 02UlBeKo2_l715
3454.8268 0.0005 0 0 1 1 1 1 14 12 1 1 2 A E 3 0 0 0 0 0 0 14 11 0 0 0 E A 3 02UlBeKo2_l716
3455.3242 0.0005 0 0 1 1 1 -1 7 5 1 1 0 E A 3 0 0 0 0 0 0 7 5 0 0 0 E A 3 02UlBeKo2_l717
3455.3823 0.0016 0 0 1 1 1 -1 10 3 1 1 0 A A 2 0 0 0 0 0 0 10 3 0 0 0 A A 1 02UlBeKo2_l718
3455.5288 0.0007 0 0 1 1 1 -1 9 4 1 1 0 E A 3 0 0 0 0 0 0 9 4 0 0 0 E A 3 02UlBeKo2_l719
3455.9221 0.0007 0 0 1 1 1 1 9 4 1 1 2 E E 3 0 0 0 0 0 0 9 5 0 0 0 E A 3 02UlBeKo2_l720
-3456.5242 0.0005 1 0 0 1 0 -1 6 6 0 1 1 A E 3 0 0 0 0 0 0 5 5 0 0 0 E A 3 02UlBeKo2_l721
3456.6324 0.0005 0 0 1 1 1 -1 8 5 1 1 0 E A 3 0 0 0 0 0 0 8 5 0 0 0 E A 3 02UlBeKo2_l722
3456.7421 0.0005 0 0 1 1 1 -1 10 3 1 1 0 A A 1 0 0 0 0 0 0 10 3 0 0 0 A A 2 02UlBeKo2_l723
-3456.905 0.0005 0 0 1 1 -1 -1 7 5 1 1 2 E E 2 0 0 0 0 0 0 7 3 0 0 0 A A 1 02UlBeKo2_l724_dup
3456.9678 0.0005 0 0 1 1 1 -1 6 6 1 1 0 A A 1 0 0 0 0 0 0 6 6 0 0 0 A A 1 02UlBeKo2_l725
3457.1481 0.0005 1 0 0 1 0 1 4 2 0 1 1 E E 3 0 0 0 0 0 0 3 1 0 0 0 E A 3 02UlBeKo2_l726
3457.4808 0.0011 1 0 0 1 0 1 4 1 0 1 1 E E 1 0 0 0 0 0 0 3 0 0 0 0 A A 2 02UlBeKo2_l727
3457.5852 0.0005 0 0 1 1 1 1 10 4 1 1 2 E E 3 0 0 0 0 0 0 10 5 0 0 0 E A 3 02UlBeKo2_l728
3457.62 0.0005 1 0 0 1 0 1 5 4 0 1 1 E E 1 0 0 0 0 0 0 4 3 0 0 0 A A 2 02UlBeKo2_l729
3457.8428 0.0005 0 0 1 1 -1 1 4 2 1 1 0 E A 3 0 0 0 0 0 0 3 2 0 0 0 E A 3 02UlBeKo2_l730
3458.0439 0.0005 0 0 1 1 1 1 8 5 1 1 2 E E 2 0 0 0 0 0 0 8 6 0 0 0 A A 1 02UlBeKo2_l731
3458.0762 0.0005 0 0 1 1 1 -1 7 6 1 1 0 A A 2 0 0 0 0 0 0 7 6 0 0 0 A A 1 02UlBeKo2_l732
3458.0872 0.0005 0 0 1 1 1 -1 7 6 1 1 0 A A 1 0 0 0 0 0 0 7 6 0 0 0 A A 2 02UlBeKo2_l733
3458.169 0.0005 0 0 1 1 1 -1 9 5 1 1 0 E A 3 0 0 0 0 0 0 9 5 0 0 0 E A 3 02UlBeKo2_l734
3458.4673 0.0005 0 0 1 1 1 -1 2 0 1 1 0 A A 1 0 0 0 0 0 0 1 0 0 0 0 A A 2 02UlBeKo2_l735
3458.7448 0.0005 1 0 0 1 0 1 4 2 0 1 1 E E 3 0 0 0 0 0 0 3 2 0 0 0 E A 3 02UlBeKo2_l736
3458.8149 0.0005 1 0 0 1 0 1 4 2 0 1 1 E E 2 0 0 0 0 0 0 3 3 0 0 0 A A 1 02UlBeKo2_l737
3458.8927 0.0005 1 0 0 1 0 1 4 2 0 1 1 E E 1 0 0 0 0 0 0 3 3 0 0 0 A A 2 02UlBeKo2_l738
3459.2764 0.0005 0 0 1 1 1 -1 2 1 1 1 0 E A 3 0 0 0 0 0 0 1 1 0 0 0 E A 3 02UlBeKo2_l739
3459.3713 0.0005 0 0 1 1 1 -1 8 6 1 1 0 A A 1 0 0 0 0 0 0 8 6 0 0 0 A A 2 02UlBeKo2_l740
3459.3938 0.0005 0 0 1 1 1 -1 8 6 1 1 0 A A 2 0 0 0 0 0 0 8 6 0 0 0 A A 1 02UlBeKo2_l741
3459.9805 0.0005 0 0 1 1 1 -1 10 5 1 1 0 E A 3 0 0 0 0 0 0 10 5 0 0 0 E A 3 02UlBeKo2_l742
3460.0967 0.0005 0 0 1 1 -1 1 5 4 1 1 0 E A 3 0 0 0 0 0 0 4 4 0 0 0 E A 3 02UlBeKo2_l743
3460.5705 0.0005 0 0 1 1 1 1 10 5 1 1 2 E E 2 0 0 0 0 0 0 10 6 0 0 0 A A 1 02UlBeKo2_l744
3460.6147 0.0005 0 0 1 1 1 1 10 5 1 1 2 E E 1 0 0 0 0 0 0 10 6 0 0 0 A A 2 02UlBeKo2_l745
3460.6369 0.0005 0 0 1 1 -1 1 4 1 1 1 0 E A 3 0 0 0 0 0 0 3 1 0 0 0 E A 3 02UlBeKo2_l746
3460.6825 0.0005 0 0 1 1 1 -1 7 7 1 1 0 E A 3 0 0 0 0 0 0 7 7 0 0 0 E A 3 02UlBeKo2_l747
3460.7222 0.0005 1 0 0 1 0 1 4 1 0 1 1 E E 3 0 0 0 0 0 0 3 2 0 0 0 E A 3 02UlBeKo2_l748
3460.7751 0.0005 1 0 0 1 0 1 7 7 0 1 1 E E 1 0 0 0 0 0 0 6 6 0 0 0 A A 1 02UlBeKo2_l749
3460.8616 0.0005 0 0 1 1 1 1 7 5 1 1 2 E E 3 0 0 0 0 0 0 7 7 0 0 0 E A 3 02UlBeKo2_l750
3460.9011 0.0005 0 0 1 1 1 -1 9 6 1 1 0 A A 2 0 0 0 0 0 0 9 6 0 0 0 A A 1 02UlBeKo2_l751
3460.9386 0.0005 0 0 1 1 1 -1 9 6 1 1 0 A A 1 0 0 0 0 0 0 9 6 0 0 0 A A 2 02UlBeKo2_l752
3460.9818 0.0005 0 0 1 1 1 1 8 6 1 1 2 A E 3 0 0 0 0 0 0 8 7 0 0 0 E A 3 02UlBeKo2_l753
3461.5386 0.0005 0 0 1 1 1 1 4 1 1 1 2 E E 1 0 0 0 0 0 0 3 0 0 0 0 A A 2 02UlBeKo2_l754
3461.8298 0.0005 0 0 1 1 1 1 8 5 1 1 2 E E 3 0 0 0 0 0 0 8 7 0 0 0 E A 3 02UlBeKo2_l755
3461.9696 0.0005 1 0 0 1 0 1 4 0 0 1 1 A E 3 0 0 0 0 0 0 3 1 0 0 0 E A 3 02UlBeKo2_l756
3462.0742 0.0005 1 0 0 1 0 1 6 5 0 1 1 E E 3 0 0 0 0 0 0 5 4 0 0 0 E A 3 02UlBeKo2_l757
3462.1661 0.0005 0 0 1 1 1 -1 8 7 1 1 0 E A 3 0 0 0 0 0 0 8 7 0 0 0 E A 3 02UlBeKo2_l758
3462.2329 0.0005 0 0 1 1 -1 1 4 1 1 1 0 E A 3 0 0 0 0 0 0 3 2 0 0 0 E A 3 02UlBeKo2_l759
3462.2738 0.0005 1 0 0 1 0 1 4 1 0 1 1 E E 1 0 0 0 0 0 0 3 3 0 0 0 A A 2 02UlBeKo2_l760
3462.2952 0.0005 1 0 0 1 0 -1 5 3 0 1 1 A E 3 0 0 0 0 0 0 4 2 0 0 0 E A 3 02UlBeKo2_l761
3462.7423 0.0005 0 0 1 1 1 -1 10 6 1 1 0 A A 1 0 0 0 0 0 0 10 6 0 0 0 A A 2 02UlBeKo2_l762
3462.8038 0.0005 0 0 1 1 1 -1 10 6 1 1 0 A A 2 0 0 0 0 0 0 10 6 0 0 0 A A 1 02UlBeKo2_l763
3462.8656 0.0005 0 0 1 1 1 1 3 2 1 1 2 E E 3 0 0 0 0 0 0 2 1 0 0 0 E A 3 02UlBeKo2_l764
3463.4854 0.0005 1 0 0 1 0 1 5 2 0 1 1 E E 2 0 0 0 0 0 0 4 0 0 0 0 A A 1 02UlBeKo2_l765
3463.5657 0.0005 1 0 0 1 0 1 4 0 0 1 1 A E 3 0 0 0 0 0 0 3 2 0 0 0 E A 3 02UlBeKo2_l766
3463.7428 0.0005 0 0 1 1 1 1 10 6 1 1 2 A E 3 0 0 0 0 0 0 10 7 0 0 0 E A 3 02UlBeKo2_l767
3463.7755 0.0005 0 0 1 1 1 -1 9 7 1 1 0 E A 3 0 0 0 0 0 0 9 7 0 0 0 E A 3 02UlBeKo2_l768
3463.9446 0.0005 0 0 1 1 -1 1 5 3 1 1 0 A A 1 0 0 0 0 0 0 4 3 0 0 0 A A 2 02UlBeKo2_l769
3463.9551 0.0005 0 0 1 1 -1 1 5 3 1 1 0 A A 2 0 0 0 0 0 0 4 3 0 0 0 A A 1 02UlBeKo2_l770
3464.2665 0.0005 1 0 0 1 0 1 7 5 0 1 1 E E 2 0 0 0 0 0 0 6 3 0 0 0 A A 1 02UlBeKo2_l771
3464.3472 0.0005 0 0 1 1 1 1 8 7 1 1 2 E E 3 0 0 0 0 0 0 8 8 0 0 0 E A 3 02UlBeKo2_l772
3464.3701 0.0005 0 0 1 1 1 1 3 3 1 1 2 A E 3 0 0 0 0 0 0 2 2 0 0 0 E A 3 02UlBeKo2_l773
3464.8421 0.0005 1 0 0 1 0 1 8 8 0 1 1 E E 3 0 0 0 0 0 0 7 7 0 0 0 E A 3 02UlBeKo2_l774
3465.0183 0.0005 0 0 1 1 1 -1 11 6 1 1 0 A A 2 0 0 0 0 0 0 11 6 0 0 0 A A 1 02UlBeKo2_l775
3465.1251 0.0005 0 0 1 1 1 -1 11 6 1 1 0 A A 1 0 0 0 0 0 0 11 6 0 0 0 A A 2 02UlBeKo2_l776
-3465.5794 0.0005 0 0 1 1 -1 1 5 2 1 1 0 E A 3 0 0 0 0 0 0 4 2 0 0 0 E A 3 02UlBeKo2_l777_dup
3465.6216 0.0005 1 0 0 1 0 1 5 3 0 1 1 A E 3 0 0 0 0 0 0 4 4 0 0 0 E A 3 02UlBeKo2_l778
3465.723 0.0005 0 0 1 1 1 -1 10 7 1 1 0 E A 3 0 0 0 0 0 0 10 7 0 0 0 E A 3 02UlBeKo2_l779
3465.7631 0.0005 0 0 1 1 -1 1 6 5 1 1 0 E A 3 0 0 0 0 0 0 5 5 0 0 0 E A 3 02UlBeKo2_l780
3466.3402 0.0005 1 0 0 1 0 1 5 2 0 1 1 E E 3 0 0 0 0 0 0 4 1 0 0 0 E A 3 02UlBeKo2_l781
-3466.3498 0.0005 1 0 0 1 0 -1 7 6 0 1 1 A E 3 0 0 0 0 0 0 6 5 0 0 0 E A 3 02UlBeKo2_l782
3466.9366 0.0005 1 0 0 1 0 1 8 6 0 1 1 A E 3 0 0 0 0 0 0 7 4 0 0 0 E A 3 02UlBeKo2_l783
3467.0476 0.0008 1 0 0 1 0 1 6 4 0 1 1 E E 1 0 0 0 0 0 0 5 3 0 0 0 A A 2 02UlBeKo2_l784
3467.0618 0.003 1 0 0 1 0 1 6 3 0 1 1 A E 3 0 0 0 0 0 0 5 1 0 0 0 E A 3 02UlBeKo2_l785
3467.1716 0.0005 0 0 1 1 -1 1 5 2 1 1 0 E A 3 0 0 0 0 0 0 4 2 0 0 0 E A 3 02UlBeKo2_l786_dup
3467.8493 0.0005 0 0 1 1 1 -1 11 7 1 1 0 E A 3 0 0 0 0 0 0 11 7 0 0 0 E A 3 02UlBeKo2_l787
3467.8825 0.0005 0 0 1 1 1 -1 3 0 1 1 0 A A 2 0 0 0 0 0 0 2 0 0 0 0 A A 1 02UlBeKo2_l788
3467.9333 0.002 1 0 0 1 0 1 5 2 0 1 1 E E 3 0 0 0 0 0 0 4 2 0 0 0 E A 3 02UlBeKo2_l789
3468.0931 0.0005 1 0 0 1 0 1 5 2 0 1 1 E E 1 0 0 0 0 0 0 4 3 0 0 0 A A 2 02UlBeKo2_l790
3468.1733 0.0005 1 0 0 1 0 1 5 1 0 1 1 E E 2 0 0 0 0 0 0 4 0 0 0 0 A A 1 02UlBeKo2_l791
3468.2664 0.0005 1 0 0 1 0 1 5 2 0 1 1 E E 2 0 0 0 0 0 0 4 3 0 0 0 A A 1 02UlBeKo2_l792
3468.3677 0.0005 0 0 1 1 1 1 9 8 1 1 2 E E 1 0 0 0 0 0 0 9 9 0 0 0 A A 1 02UlBeKo2_l793
3468.661 0.0005 0 0 1 1 1 -1 3 1 1 1 0 E A 3 0 0 0 0 0 0 2 1 0 0 0 E A 3 02UlBeKo2_l794
3468.9014 0.0005 1 0 0 1 0 1 9 9 0 1 1 A E 3 0 0 0 0 0 0 8 8 0 0 0 E A 3 02UlBeKo2_l795
3469.5974 0.0005 0 0 1 1 1 1 10 8 1 1 2 E E 1 0 0 0 0 0 0 10 9 0 0 0 A A 2 02UlBeKo2_l796
3469.6094 0.0015 0 0 1 1 1 1 10 8 1 1 2 E E 2 0 0 0 0 0 0 10 9 0 0 0 A A 1 02UlBeKo2_l797
3469.6914 0.0005 0 0 1 1 -1 1 6 4 1 1 0 E A 3 0 0 0 0 0 0 5 4 0 0 0 E A 3 02UlBeKo2_l798
3469.8658 0.0005 1 0 0 1 0 1 5 1 0 1 1 E E 3 0 0 0 0 0 0 4 2 0 0 0 E A 3 02UlBeKo2_l799
3470.1718 0.0011 0 0 1 1 -1 1 5 1 1 1 0 E A 3 0 0 0 0 0 0 4 1 0 0 0 E A 3 02UlBeKo2_l800
3470.4651 0.0007 1 0 0 1 0 1 7 4 0 1 1 E E 3 0 0 0 0 0 0 6 2 0 0 0 E A 3 02UlBeKo2_l801
3470.6271 0.0005 0 0 1 1 1 -1 3 2 1 1 0 E A 3 0 0 0 0 0 0 2 2 0 0 0 E A 3 02UlBeKo2_l802
3470.6594 0.0005 1 0 0 1 0 1 8 7 0 1 1 E E 1 0 0 0 0 0 0 7 6 0 0 0 A A 1 02UlBeKo2_l803
3470.9988 0.0011 0 0 1 1 1 1 11 8 1 1 2 E E 1 0 0 0 0 0 0 11 9 0 0 0 A A 2 02UlBeKo2_l804
3471.2203 0.0005 0 0 1 1 1 1 5 1 1 1 2 E E 2 0 0 0 0 0 0 4 0 0 0 0 A A 1 02UlBeKo2_l805
3471.4039 0.0005 1 0 0 1 0 1 5 0 0 1 1 A E 3 0 0 0 0 0 0 4 1 0 0 0 E A 3 02UlBeKo2_l806
3471.56 0.0005 1 0 0 1 0 -1 6 3 0 1 1 A E 3 0 0 0 0 0 0 5 2 0 0 0 E A 3 02UlBeKo2_l807
3471.6246 0.0005 1 0 0 1 0 1 7 5 0 1 1 E E 3 0 0 0 0 0 0 6 4 0 0 0 E A 3 02UlBeKo2_l808
3471.7626 0.0007 0 0 1 1 -1 1 5 1 1 1 0 E A 3 0 0 0 0 0 0 4 2 0 0 0 E A 3 02UlBeKo2_l809
-3471.8411 0.0005 0 0 1 1 1 1 4 2 1 1 2 E E 3 0 0 0 0 0 0 3 1 0 0 0 E A 3 02UlBeKo2_l810
3472.1228 0.0006 1 0 0 1 0 1 6 4 0 1 1 E E 3 0 0 0 0 0 0 5 5 0 0 0 E A 3 02UlBeKo2_l811
3472.8661 0.0005 1 0 0 1 0 1 6 2 0 1 1 E E 1 0 0 0 0 0 0 5 0 0 0 0 A A 2 02UlBeKo2_l812
3472.9958 0.0005 1 0 0 1 0 1 5 0 0 1 1 A E 3 0 0 0 0 0 0 4 2 0 0 0 E A 3 02UlBeKo2_l813
3473.0113 0.0005 1 0 0 1 0 1 10 10 0 1 1 E E 2 0 0 0 0 0 0 9 9 0 0 0 A A 1 02UlBeKo2_l814
3473.1972 0.0012 1 0 0 1 0 1 5 1 0 1 1 E E 1 0 0 0 0 0 0 4 3 0 0 0 A A 2 02UlBeKo2_l815
3473.3724 0.0005 0 0 1 1 -1 1 6 3 1 1 0 A A 2 0 0 0 0 0 0 5 3 0 0 0 A A 1 02UlBeKo2_l816
3473.4033 0.0006 0 0 1 1 -1 1 6 3 1 1 0 A A 1 0 0 0 0 0 0 5 3 0 0 0 A A 2 02UlBeKo2_l817
3473.4735 0.0005 1 0 0 1 0 1 8 5 0 1 1 E E 2 0 0 0 0 0 0 7 3 0 0 0 A A 1 02UlBeKo2_l818
3473.5154 0.0005 1 0 0 1 0 1 8 5 0 1 1 E E 1 0 0 0 0 0 0 7 3 0 0 0 A A 2 02UlBeKo2_l819
3473.6801 0.0005 0 0 1 1 1 1 4 3 1 1 2 A E 3 0 0 0 0 0 0 3 2 0 0 0 E A 3 02UlBeKo2_l820
3473.7515 0.0005 0 0 1 1 1 1 4 4 1 1 2 E E 3 0 0 0 0 0 0 3 1 0 0 0 E A 3 02UlBeKo2_l821
3473.8591 0.0005 0 0 1 1 1 1 4 2 1 1 2 E E 1 0 0 0 0 0 0 3 0 0 0 0 A A 2 02UlBeKo2_l822
3474.9297 0.0012 1 0 0 1 0 1 9 8 0 1 1 E E 3 0 0 0 0 0 0 8 7 0 0 0 E A 3 02UlBeKo2_l823
3475.5281 0.0005 1 0 0 1 0 1 6 2 0 1 1 E E 3 0 0 0 0 0 0 5 1 0 0 0 E A 3 02UlBeKo2_l824
3475.7635 0.0005 0 0 1 1 -1 1 7 5 1 1 0 E A 3 0 0 0 0 0 0 6 5 0 0 0 E A 3 02UlBeKo2_l825
-3476.0154 0.0005 1 0 0 1 0 -1 8 6 0 1 1 A E 3 0 0 0 0 0 0 7 5 0 0 0 E A 3 02UlBeKo2_l826
3476.3283 0.0005 0 0 1 1 -1 1 6 2 1 1 0 E A 3 0 0 0 0 0 0 5 2 0 0 0 E A 3 02UlBeKo2_l827
3476.4076 0.0005 1 0 0 1 0 1 7 4 0 1 1 E E 1 0 0 0 0 0 0 6 3 0 0 0 A A 2 02UlBeKo2_l828
-3476.4333 0.0005 1 0 0 1 0 1 7 3 0 1 1 A E 3 0 0 0 0 0 0 6 1 0 0 0 E A 3 02UlBeKo2_l829
3477.1161 0.0012 1 0 0 1 0 1 6 2 0 1 1 E E 3 0 0 0 0 0 0 5 2 0 0 0 E A 3 02UlBeKo2_l830
3477.2794 0.0005 1 0 0 1 0 1 11 11 0 1 1 E E 3 0 0 0 0 0 0 10 10 0 0 0 E A 3 02UlBeKo2_l831
3477.3101 0.0005 1 0 0 1 0 1 6 2 0 1 1 E E 2 0 0 0 0 0 0 5 3 0 0 0 A A 1 02UlBeKo2_l832
3477.512 0.0005 0 0 1 1 1 -1 4 0 1 1 0 A A 1 0 0 0 0 0 0 3 0 0 0 0 A A 2 02UlBeKo2_l833
3477.6319 0.0005 1 0 0 1 0 1 6 2 0 1 1 E E 1 0 0 0 0 0 0 5 3 0 0 0 A A 2 02UlBeKo2_l834
3477.9612 0.0005 0 0 1 1 1 -1 4 3 1 1 0 A A 1 0 0 0 0 0 0 3 0 0 0 0 A A 2 02UlBeKo2_l835
3478.3097 0.0005 0 0 1 1 1 -1 4 1 1 1 0 E A 3 0 0 0 0 0 0 3 1 0 0 0 E A 3 02UlBeKo2_l836
3478.946 0.0005 1 0 0 1 0 1 6 1 0 1 1 E E 3 0 0 0 0 0 0 5 2 0 0 0 E A 3 02UlBeKo2_l837
3479.2247 0.0005 0 0 1 1 -1 1 7 4 1 1 0 E A 3 0 0 0 0 0 0 6 4 0 0 0 E A 3 02UlBeKo2_l838
3479.2922 0.0005 1 0 0 1 0 1 10 9 0 1 1 A E 3 0 0 0 0 0 0 9 8 0 0 0 E A 3 02UlBeKo2_l839
3479.5114 0.0005 1 0 0 1 0 1 10 7 0 1 1 E E 3 0 0 0 0 0 0 9 5 0 0 0 E A 3 02UlBeKo2_l840
3479.665 0.0005 0 0 1 1 -1 1 6 1 1 1 0 E A 3 0 0 0 0 0 0 5 1 0 0 0 E A 3 02UlBeKo2_l841
3479.9053 0.0005 0 0 1 1 1 -1 4 1 1 1 0 E A 3 0 0 0 0 0 0 3 2 0 0 0 E A 3 02UlBeKo2_l842
3479.9575 0.0005 1 0 0 1 0 1 8 4 0 1 1 E E 3 0 0 0 0 0 0 7 2 0 0 0 E A 3 02UlBeKo2_l843
3480.1879 0.0005 0 0 1 1 1 -1 4 2 1 1 0 E A 3 0 0 0 0 0 0 3 2 0 0 0 E A 3 02UlBeKo2_l844
3480.3988 0.0005 1 0 0 1 0 1 9 7 0 1 1 E E 1 0 0 0 0 0 0 8 6 0 0 0 A A 2 02UlBeKo2_l845
3480.4972 0.0005 1 0 0 1 0 1 9 7 0 1 1 E E 2 0 0 0 0 0 0 8 6 0 0 0 A A 1 02UlBeKo2_l846
3480.7241 0.0005 1 0 0 1 0 -1 7 3 0 1 1 A E 3 0 0 0 0 0 0 6 2 0 0 0 E A 3 02UlBeKo2_l847
-3480.785 0.0005 0 0 1 1 1 1 5 2 1 1 2 E E 3 0 0 0 0 0 0 4 1 0 0 0 E A 3 02UlBeKo2_l848
3480.8635 0.0005 0 0 1 1 1 1 6 1 1 1 2 E E 1 0 0 0 0 0 0 5 0 0 0 0 A A 2 02UlBeKo2_l849
3481.1733 0.0005 1 0 0 1 0 1 8 5 0 1 1 E E 3 0 0 0 0 0 0 7 4 0 0 0 E A 3 02UlBeKo2_l850
3481.2523 0.0005 0 0 1 1 -1 1 6 1 1 1 0 E A 3 0 0 0 0 0 0 5 2 0 0 0 E A 3 02UlBeKo2_l851
3481.5999 0.0005 1 0 0 1 0 1 7 4 0 1 1 E E 3 0 0 0 0 0 0 6 5 0 0 0 E A 3 02UlBeKo2_l852
3481.9867 0.0005 1 0 0 1 0 1 6 1 0 1 1 E E 2 0 0 0 0 0 0 5 3 0 0 0 A A 1 02UlBeKo2_l853
3482.2059 0.0005 1 0 0 1 0 1 7 2 0 1 1 E E 2 0 0 0 0 0 0 6 0 0 0 0 A A 1 02UlBeKo2_l854
3482.3048 0.0005 0 0 1 1 1 -1 4 0 1 1 0 A A 1 0 0 0 0 0 0 3 3 0 0 0 A A 2 02UlBeKo2_l855
3482.6617 0.0005 0 0 1 1 1 -1 4 3 1 1 0 A A 2 0 0 0 0 0 0 3 3 0 0 0 A A 1 02UlBeKo2_l856
3482.7544 0.0005 0 0 1 1 1 -1 4 3 1 1 0 A A 1 0 0 0 0 0 0 3 3 0 0 0 A A 2 02UlBeKo2_l857
3482.9727 0.0005 0 0 1 1 1 1 5 3 1 1 2 A E 3 0 0 0 0 0 0 4 2 0 0 0 E A 3 02UlBeKo2_l858
3483.1354 0.0005 0 0 1 1 1 1 5 2 1 1 2 E E 2 0 0 0 0 0 0 4 0 0 0 0 A A 1 02UlBeKo2_l859
3483.4366 0.0005 0 0 1 1 1 1 5 4 1 1 2 E E 3 0 0 0 0 0 0 4 1 0 0 0 E A 3 02UlBeKo2_l860
3483.8318 0.0005 1 0 0 1 0 1 11 10 0 1 1 E E 2 0 0 0 0 0 0 10 9 0 0 0 A A 1 02UlBeKo2_l861
3484.36 0.0005 1 0 0 1 0 1 7 3 0 1 1 A E 3 0 0 0 0 0 0 6 4 0 0 0 E A 3 02UlBeKo2_l862
3484.4761 0.0015 0 0 1 1 -1 -1 5 3 1 1 2 A E 3 0 0 0 0 0 0 4 1 0 0 0 E A 3 02UlBeKo2_l863
3484.5213 0.0015 1 0 0 1 0 1 8 6 0 1 1 A E 3 0 0 0 0 0 0 7 7 0 0 0 E A 3 02UlBeKo2_l864
-3484.6887 0.0005 1 0 0 1 0 1 7 2 0 1 1 E E 3 0 0 0 0 0 0 6 1 0 0 0 E A 3 02UlBeKo2_l865
3484.951 0.0005 1 0 0 1 0 1 10 8 0 1 1 E E 3 0 0 0 0 0 0 9 7 0 0 0 E A 3 02UlBeKo2_l866
3485.029 0.0006 0 0 1 1 1 1 5 4 1 1 2 E E 3 0 0 0 0 0 0 4 2 0 0 0 E A 3 02UlBeKo2_l867
3485.2777 0.0005 0 0 1 1 1 1 5 5 1 1 2 E E 1 0 0 0 0 0 0 4 3 0 0 0 A A 1 02UlBeKo2_l868
-3485.5726 0.0005 1 0 0 1 0 -1 9 6 0 1 1 A E 3 0 0 0 0 0 0 8 5 0 0 0 E A 3 02UlBeKo2_l869
3485.6553 0.0005 1 0 0 1 0 1 8 4 0 1 1 E E 2 0 0 0 0 0 0 7 3 0 0 0 A A 1 02UlBeKo2_l870
3485.6739 0.0005 1 0 0 1 0 1 8 4 0 1 1 E E 1 0 0 0 0 0 0 7 3 0 0 0 A A 2 02UlBeKo2_l871
3485.7245 0.0008 1 0 0 1 0 1 8 3 0 1 1 A E 3 0 0 0 0 0 0 7 1 0 0 0 E A 3 02UlBeKo2_l872
3485.7973 0.0005 0 0 1 1 1 1 5 5 1 1 2 E E 3 0 0 0 0 0 0 4 4 0 0 0 E A 3 02UlBeKo2_l873
-3486.2695 0.0005 1 0 0 1 0 1 7 2 0 1 1 E E 3 0 0 0 0 0 0 6 2 0 0 0 E A 3 02UlBeKo2_l874
3486.427 0.0005 1 0 0 1 0 1 7 2 0 1 1 E E 1 0 0 0 0 0 0 6 3 0 0 0 A A 2 02UlBeKo2_l875
3486.9533 0.0005 1 0 0 1 0 1 7 2 0 1 1 E E 2 0 0 0 0 0 0 6 3 0 0 0 A A 1 02UlBeKo2_l876
3487.0074 0.0005 0 0 1 1 1 -1 5 4 1 1 0 E A 3 0 0 0 0 0 0 4 1 0 0 0 E A 3 02UlBeKo2_l877
3487.2763 0.0005 0 0 1 1 1 -1 5 0 1 1 0 A A 2 0 0 0 0 0 0 4 0 0 0 0 A A 1 02UlBeKo2_l878
3487.8299 0.002 1 0 0 1 0 1 8 5 0 1 1 E E 1 0 0 0 0 0 0 7 6 0 0 0 A A 2 02UlBeKo2_l879
3487.8802 0.0005 0 0 1 1 1 -1 5 3 1 1 0 A A 2 0 0 0 0 0 0 4 0 0 0 0 A A 1 02UlBeKo2_l880
3487.9449 0.0005 1 0 0 1 0 1 7 1 0 1 1 E E 3 0 0 0 0 0 0 6 2 0 0 0 E A 3 02UlBeKo2_l881
3488.2138 0.0005 0 0 1 1 1 -1 5 1 1 1 0 E A 3 0 0 0 0 0 0 4 1 0 0 0 E A 3 02UlBeKo2_l882
3488.4237 0.0005 0 0 1 1 1 -1 5 2 1 1 0 E A 3 0 0 0 0 0 0 4 1 0 0 0 E A 3 02UlBeKo2_l883
3488.6748 0.0005 0 0 1 1 -1 1 8 4 1 1 0 E A 3 0 0 0 0 0 0 7 4 0 0 0 E A 3 02UlBeKo2_l884
3489.0546 0.0008 0 0 1 1 -1 1 7 1 1 1 0 E A 3 0 0 0 0 0 0 6 1 0 0 0 E A 3 02UlBeKo2_l885
3489.5776 0.0005 1 0 0 1 0 1 11 9 0 1 1 A E 3 0 0 0 0 0 0 10 8 0 0 0 E A 3 02UlBeKo2_l886
-3489.6543 0.0005 0 0 1 1 1 1 6 2 1 1 2 E E 3 0 0 0 0 0 0 5 1 0 0 0 E A 3 02UlBeKo2_l887
-3489.7522 0.0005 1 0 0 1 0 1 8 3 0 1 1 A E 3 0 0 0 0 0 0 7 2 0 0 0 E A 3 02UlBeKo2_l888
3489.8056 0.0005 0 0 1 1 1 -1 5 1 1 1 0 E A 3 0 0 0 0 0 0 4 2 0 0 0 E A 3 02UlBeKo2_l889
3490.0158 0.0005 0 0 1 1 1 -1 5 2 1 1 0 E A 3 0 0 0 0 0 0 4 2 0 0 0 E A 3 02UlBeKo2_l890
3490.1696 0.0005 1 0 0 1 0 1 10 7 0 1 1 E E 1 0 0 0 0 0 0 9 6 0 0 0 A A 1 02UlBeKo2_l891
-3490.2276 0.0005 1 0 0 1 0 1 9 5 0 1 1 E E 3 0 0 0 0 0 0 8 4 0 0 0 E A 3 02UlBeKo2_l892
3490.268 0.0005 1 0 0 1 0 1 7 0 0 1 1 A E 3 0 0 0 0 0 0 6 1 0 0 0 E A 3 02UlBeKo2_l893
3490.3828 0.0005 0 0 1 1 1 1 7 1 1 1 2 E E 2 0 0 0 0 0 0 6 0 0 0 0 A A 1 02UlBeKo2_l894
3490.4881 0.0007 0 0 1 1 1 1 6 3 1 1 2 A E 3 0 0 0 0 0 0 5 1 0 0 0 E A 3 02UlBeKo2_l895
3490.6349 0.0005 0 0 1 1 -1 1 7 1 1 1 0 E A 3 0 0 0 0 0 0 6 2 0 0 0 E A 3 02UlBeKo2_l896
3490.6895 0.0005 1 0 0 1 0 1 7 1 0 1 1 E E 1 0 0 0 0 0 0 6 3 0 0 0 A A 2 02UlBeKo2_l897
3491.0437 0.0005 1 0 0 1 0 1 8 4 0 1 1 E E 3 0 0 0 0 0 0 7 5 0 0 0 E A 3 02UlBeKo2_l898
3491.4753 0.0011 1 0 0 1 0 1 8 2 0 1 1 E E 1 0 0 0 0 0 0 7 0 0 0 0 A A 2 02UlBeKo2_l899
3491.8113 0.0008 0 0 1 1 -1 1 8 3 1 1 0 A A 2 0 0 0 0 0 0 7 3 0 0 0 A A 1 02UlBeKo2_l900
3491.8492 0.0005 1 0 0 1 0 1 7 0 0 1 1 A E 3 0 0 0 0 0 0 6 2 0 0 0 E A 3 02UlBeKo2_l901
3491.967 0.0007 0 0 1 1 -1 1 8 3 1 1 0 A A 1 0 0 0 0 0 0 7 3 0 0 0 A A 2 02UlBeKo2_l902
3492.0759 0.0005 0 0 1 1 1 1 6 3 1 1 2 A E 3 0 0 0 0 0 0 5 2 0 0 0 E A 3 02UlBeKo2_l903
3492.3552 0.0005 0 0 1 1 1 -1 5 3 1 1 0 A A 1 0 0 0 0 0 0 4 3 0 0 0 A A 2 02UlBeKo2_l904
-3492.618 0.0011 1 0 0 1 0 1 7 2 0 1 1 E E 3 0 0 0 0 0 0 6 4 0 0 0 E A 3 02UlBeKo2_l905
3492.6612 0.0011 0 0 1 1 1 -1 5 3 1 1 0 A A 2 0 0 0 0 0 0 4 3 0 0 0 A A 1 02UlBeKo2_l906
3493.2622 0.0005 0 0 1 1 1 1 6 4 1 1 2 E E 3 0 0 0 0 0 0 5 1 0 0 0 E A 3 02UlBeKo2_l907
3493.6177 0.0005 1 0 0 1 0 1 8 3 0 1 1 A E 3 0 0 0 0 0 0 7 4 0 0 0 E A 3 02UlBeKo2_l908
3493.7424 0.0005 1 0 0 1 0 1 8 2 0 1 1 E E 3 0 0 0 0 0 0 7 1 0 0 0 E A 3 02UlBeKo2_l909
3494.0929 0.0009 0 0 1 1 1 1 6 4 1 1 2 E E 2 0 0 0 0 0 0 5 3 0 0 0 A A 1 02UlBeKo2_l910
3494.2007 0.0005 0 0 1 1 1 1 6 4 1 1 2 E E 1 0 0 0 0 0 0 5 3 0 0 0 A A 2 02UlBeKo2_l911
3494.7897 0.0005 1 0 0 1 0 1 9 4 0 1 1 E E 1 0 0 0 0 0 0 8 3 0 0 0 A A 2 02UlBeKo2_l912
3494.8485 0.0005 1 0 0 1 0 1 9 4 0 1 1 E E 2 0 0 0 0 0 0 8 3 0 0 0 A A 1 02UlBeKo2_l913
3494.8711 0.003 0 0 1 1 1 1 6 5 1 1 2 E E 1 0 0 0 0 0 0 5 3 0 0 0 A A 2 02UlBeKo2_l914
3494.9246 0.0011 0 0 1 1 1 1 6 5 1 1 2 E E 2 0 0 0 0 0 0 5 3 0 0 0 A A 1 02UlBeKo2_l915
3494.9922 0.0005 0 0 1 1 1 -1 5 4 1 1 0 E A 3 0 0 0 0 0 0 4 4 0 0 0 E A 3 02UlBeKo2_l916
3495.016 0.0011 1 0 0 1 0 1 10 6 0 1 1 A E 3 0 0 0 0 0 0 9 5 0 0 0 E A 3 02UlBeKo2_l917
3495.0497 0.0005 1 0 0 1 0 1 11 8 0 1 1 E E 3 0 0 0 0 0 0 10 7 0 0 0 E A 3 02UlBeKo2_l918
3495.1301 0.0005 0 0 1 1 1 1 7 1 1 1 2 E E 2 0 0 0 0 0 0 6 3 0 0 0 A A 1 02UlBeKo2_l919
3495.2879 0.0005 1 0 0 1 0 1 8 1 0 1 1 E E 3 0 0 0 0 0 0 7 1 0 0 0 E A 3 02UlBeKo2_l920
3495.3161 0.0005 1 0 0 1 0 1 8 2 0 1 1 E E 3 0 0 0 0 0 0 7 2 0 0 0 E A 3 02UlBeKo2_l921
3495.4189 0.0005 1 0 0 1 0 1 8 2 0 1 1 E E 2 0 0 0 0 0 0 7 3 0 0 0 A A 1 02UlBeKo2_l922
3495.5192 0.0005 0 0 1 1 1 1 6 5 1 1 2 E E 3 0 0 0 0 0 0 5 4 0 0 0 E A 3 02UlBeKo2_l923
3496.2005 0.0005 1 0 0 1 0 1 8 2 0 1 1 E E 1 0 0 0 0 0 0 7 3 0 0 0 A A 2 02UlBeKo2_l924
3496.4438 0.0005 0 0 1 1 1 1 6 6 1 1 2 A E 3 0 0 0 0 0 0 5 5 0 0 0 E A 3 02UlBeKo2_l925
3496.8616 0.0005 1 0 0 1 0 1 8 1 0 1 1 E E 3 0 0 0 0 0 0 7 2 0 0 0 E A 3 02UlBeKo2_l926
3497.1263 0.0015 1 0 0 1 0 1 9 5 0 1 1 E E 1 0 0 0 0 0 0 8 6 0 0 0 A A 2 02UlBeKo2_l927
3497.1973 0.0005 0 0 1 1 1 -1 6 0 1 1 0 A A 1 0 0 0 0 0 0 5 0 0 0 0 A A 2 02UlBeKo2_l928
3497.2216 0.003 1 0 0 1 0 1 9 5 0 1 1 E E 2 0 0 0 0 0 0 8 6 0 0 0 A A 1 02UlBeKo2_l929
3498.0893 0.0005 0 0 1 1 1 -1 6 3 1 1 0 A A 1 0 0 0 0 0 0 5 0 0 0 0 A A 2 02UlBeKo2_l930
3498.2273 0.0005 0 0 1 1 -1 1 9 4 1 1 0 E A 3 0 0 0 0 0 0 8 4 0 0 0 E A 3 02UlBeKo2_l931
3498.3166 0.0005 0 0 1 1 1 -1 6 1 1 1 0 E A 3 0 0 0 0 0 0 5 1 0 0 0 E A 3 02UlBeKo2_l932
3498.5509 0.0005 0 0 1 1 1 -1 6 2 1 1 0 E A 3 0 0 0 0 0 0 5 1 0 0 0 E A 3 02UlBeKo2_l933
3498.624 0.0005 1 0 0 1 0 1 9 3 0 1 1 A E 3 0 0 0 0 0 0 8 2 0 0 0 E A 3 02UlBeKo2_l934
3498.7471 0.0005 0 0 1 1 1 1 6 2 1 1 2 E E 2 0 0 0 0 0 0 5 3 0 0 0 A A 1 02UlBeKo2_l935
3499.302 0.0005 1 0 0 1 0 1 8 1 0 1 1 E E 2 0 0 0 0 0 0 7 3 0 0 0 A A 1 02UlBeKo2_l936
-3499.3219 0.0005 0 0 1 1 1 1 7 2 1 1 2 E E 3 0 0 0 0 0 0 6 1 0 0 0 E A 3 02UlBeKo2_l937
3499.5443 0.0005 1 0 0 1 0 1 8 0 0 1 1 A E 3 0 0 0 0 0 0 7 1 0 0 0 E A 3 02UlBeKo2_l938
3499.6647 0.0005 1 0 0 1 0 1 10 5 0 1 1 E E 3 0 0 0 0 0 0 9 4 0 0 0 E A 3 02UlBeKo2_l939
3499.7087 0.0005 0 0 1 1 1 1 8 1 1 1 2 E E 1 0 0 0 0 0 0 7 0 0 0 0 A A 2 02UlBeKo2_l940
3499.874 0.0005 0 0 1 1 -1 1 8 1 1 1 0 E A 3 0 0 0 0 0 0 7 2 0 0 0 E A 3 02UlBeKo2_l941
-3499.9014 0.0011 1 0 0 1 0 1 11 7 0 1 1 E E 1 0 0 0 0 0 0 10 6 0 0 0 A A 1 02UlBeKo2_l942
3500.138 0.0005 0 0 1 1 1 -1 6 2 1 1 0 E A 3 0 0 0 0 0 0 5 2 0 0 0 E A 3 02UlBeKo2_l943
3500.3383 0.0005 1 0 0 1 0 1 12 9 0 1 1 A E 3 0 0 0 0 0 0 11 8 0 0 0 E A 3 02UlBeKo2_l944
3500.6515 0.0005 1 0 0 1 0 1 9 2 0 1 1 E E 2 0 0 0 0 0 0 8 0 0 0 0 A A 1 02UlBeKo2_l945
3500.7463 0.0005 0 0 1 1 -1 1 9 3 1 1 0 A A 1 0 0 0 0 0 0 8 3 0 0 0 A A 2 02UlBeKo2_l946
-3500.8383 0.0005 1 0 0 1 0 1 8 3 0 1 1 A E 3 0 0 0 0 0 0 7 5 0 0 0 E A 3 02UlBeKo2_l947
-3500.9024 0.0005 0 0 1 1 1 1 7 2 1 1 2 E E 3 0 0 0 0 0 0 6 2 0 0 0 E A 3 02UlBeKo2_l948
3501.0354 0.0005 0 0 1 1 -1 1 9 3 1 1 0 A A 2 0 0 0 0 0 0 8 3 0 0 0 A A 1 02UlBeKo2_l949
3501.1181 0.0005 1 0 0 1 0 1 8 0 0 1 1 A E 3 0 0 0 0 0 0 7 2 0 0 0 E A 3 02UlBeKo2_l950
3501.3142 0.0005 1 0 0 1 0 1 9 4 0 1 1 E E 3 0 0 0 0 0 0 8 5 0 0 0 E A 3 02UlBeKo2_l951
3501.6357 0.0005 1 0 0 1 0 1 8 2 0 1 1 E E 3 0 0 0 0 0 0 7 4 0 0 0 E A 3 02UlBeKo2_l952
3501.899 0.0005 0 0 1 1 1 1 7 3 1 1 2 A E 3 0 0 0 0 0 0 6 1 0 0 0 E A 3 02UlBeKo2_l953
3501.9629 0.0005 0 0 1 1 1 -1 6 0 1 1 0 A A 1 0 0 0 0 0 0 5 3 0 0 0 A A 2 02UlBeKo2_l954
3502.2624 0.0005 0 0 1 1 1 -1 6 3 1 1 0 A A 2 0 0 0 0 0 0 5 3 0 0 0 A A 1 02UlBeKo2_l955
3502.7834 0.0008 1 0 0 1 0 -1 9 3 0 1 1 A E 3 0 0 0 0 0 0 8 4 0 0 0 E A 3 02UlBeKo2_l956
3502.8549 0.0005 0 0 1 1 1 -1 6 3 1 1 0 A A 1 0 0 0 0 0 0 5 3 0 0 0 A A 2 02UlBeKo2_l957
3503.3242 0.0005 0 0 1 1 1 1 7 4 1 1 2 E E 3 0 0 0 0 0 0 6 1 0 0 0 E A 3 02UlBeKo2_l958
3503.4805 0.0005 0 0 1 1 1 1 7 3 1 1 2 A E 3 0 0 0 0 0 0 6 2 0 0 0 E A 3 02UlBeKo2_l959
3503.6999 0.0005 1 0 0 1 0 1 10 4 0 1 1 E E 2 0 0 0 0 0 0 9 3 0 0 0 A A 1 02UlBeKo2_l960
3503.9182 0.0005 1 0 0 1 0 1 10 4 0 1 1 E E 1 0 0 0 0 0 0 9 3 0 0 0 A A 2 02UlBeKo2_l961
-3504.0687 0.0007 0 0 1 1 1 1 7 4 1 1 2 E E 2 0 0 0 0 0 0 6 3 0 0 0 A A 1 02UlBeKo2_l962
3504.2661 0.0005 1 0 0 1 0 1 9 2 0 1 1 E E 1 0 0 0 0 0 0 8 3 0 0 0 A A 2 02UlBeKo2_l963
3504.4338 0.0005 1 0 0 1 0 1 11 6 0 1 1 A E 3 0 0 0 0 0 0 10 5 0 0 0 E A 3 02UlBeKo2_l964
3504.5627 0.0005 0 0 1 1 1 1 7 6 1 1 2 A E 3 0 0 0 0 0 0 6 4 0 0 0 E A 3 02UlBeKo2_l965
3504.7685 0.0005 0 0 1 1 1 1 7 5 1 1 2 E E 2 0 0 0 0 0 0 6 3 0 0 0 A A 1 02UlBeKo2_l966
3504.7854 0.0016 0 0 1 1 1 -1 6 4 1 1 0 E A 3 0 0 0 0 0 0 5 4 0 0 0 E A 3 02UlBeKo2_l967
3504.974 0.0005 0 0 1 1 1 1 7 5 1 1 2 E E 1 0 0 0 0 0 0 6 3 0 0 0 A A 2 02UlBeKo2_l968
3505.2893 0.0005 0 0 1 1 1 -1 7 7 1 1 0 E A 3 0 0 0 0 0 0 6 4 0 0 0 E A 3 02UlBeKo2_l969
3505.3544 0.0005 1 0 0 1 0 1 9 2 0 1 1 E E 2 0 0 0 0 0 0 8 3 0 0 0 A A 1 02UlBeKo2_l970
3505.4686 0.0005 0 0 1 1 1 1 7 5 1 1 2 E E 3 0 0 0 0 0 0 6 4 0 0 0 E A 3 02UlBeKo2_l971
3505.699 0.0005 1 0 0 1 0 1 9 1 0 1 1 E E 3 0 0 0 0 0 0 8 2 0 0 0 E A 3 02UlBeKo2_l972
-3506.2359 0.0005 0 0 1 1 -1 -1 7 6 1 1 2 A E 3 0 0 0 0 0 0 6 5 0 0 0 E A 3 02UlBeKo2_l973
3506.4028 0.0005 0 0 1 1 1 -1 7 5 1 1 0 E A 3 0 0 0 0 0 0 6 2 0 0 0 E A 3 02UlBeKo2_l974
3506.715 0.0008 1 0 0 1 0 1 10 5 0 1 1 E E 2 0 0 0 0 0 0 9 6 0 0 0 A A 1 02UlBeKo2_l975
3506.842 0.0005 0 0 1 1 1 -1 7 4 1 1 0 E A 3 0 0 0 0 0 0 6 1 0 0 0 E A 3 02UlBeKo2_l976
3506.9918 0.0005 0 0 1 1 1 1 7 7 1 1 2 E E 1 0 0 0 0 0 0 6 6 0 0 0 A A 1 02UlBeKo2_l977
3507.3139 0.0005 0 0 1 1 1 -1 7 0 1 1 0 A A 2 0 0 0 0 0 0 6 0 0 0 0 A A 1 02UlBeKo2_l978
3507.3735 0.0005 1 0 0 1 0 1 10 3 0 1 1 A E 3 0 0 0 0 0 0 9 2 0 0 0 E A 3 02UlBeKo2_l979
3507.5848 0.0005 0 0 1 1 1 -1 6 5 1 1 0 E A 3 0 0 0 0 0 0 5 5 0 0 0 E A 3 02UlBeKo2_l980
3507.8267 0.0005 1 0 0 1 0 1 9 1 0 1 1 E E 1 0 0 0 0 0 0 8 3 0 0 0 A A 2 02UlBeKo2_l981
-3508.0195 0.0005 0 0 1 1 1 1 8 2 1 1 2 E E 3 0 0 0 0 0 0 7 1 0 0 0 E A 3 02UlBeKo2_l982
3508.5104 0.0005 0 0 1 1 1 -1 7 3 1 1 0 A A 2 0 0 0 0 0 0 6 0 0 0 0 A A 1 02UlBeKo2_l983
3508.6045 0.0005 0 0 1 1 1 -1 7 2 1 1 0 E A 3 0 0 0 0 0 0 6 1 0 0 0 E A 3 02UlBeKo2_l984
3508.6482 0.0012 1 0 0 1 0 1 9 0 0 1 1 A E 3 0 0 0 0 0 0 8 1 0 0 0 E A 3 02UlBeKo2_l985
3508.8145 0.0005 0 0 1 1 1 1 9 1 1 1 2 E E 2 0 0 0 0 0 0 8 0 0 0 0 A A 1 02UlBeKo2_l986
3508.9247 0.0005 0 0 1 1 1 -1 7 1 1 1 0 E A 3 0 0 0 0 0 0 6 1 0 0 0 E A 3 02UlBeKo2_l987
3508.9519 0.0005 0 0 1 1 -1 1 9 1 1 1 0 E A 3 0 0 0 0 0 0 8 2 0 0 0 E A 3 02UlBeKo2_l988
3509.089 0.0005 1 0 0 1 0 1 9 4 0 1 1 E E 2 0 0 0 0 0 0 8 6 0 0 0 A A 1 02UlBeKo2_l989
3509.5104 0.003 0 0 1 1 1 1 7 1 1 1 2 E E 2 0 0 0 0 0 0 6 6 0 0 0 A A 1 02UlBeKo2_l990
-3509.5932 0.0005 0 0 1 1 1 1 8 2 1 1 2 E E 3 0 0 0 0 0 0 7 2 0 0 0 E A 3 02UlBeKo2_l991
3509.6526 0.0011 1 0 0 1 0 1 9 3 0 1 1 A E 3 0 0 0 0 0 0 8 5 0 0 0 E A 3 02UlBeKo2_l992
3509.7419 0.0005 1 0 0 1 0 1 10 2 0 1 1 E E 1 0 0 0 0 0 0 9 0 0 0 0 A A 2 02UlBeKo2_l993
3510.1855 0.0005 0 0 1 1 1 -1 7 2 1 1 0 E A 3 0 0 0 0 0 0 6 2 0 0 0 E A 3 02UlBeKo2_l994
3510.2122 0.0005 0 0 1 1 1 1 8 4 1 1 2 E E 1 0 0 0 0 0 0 7 0 0 0 0 A A 2 02UlBeKo2_l995
3512.0614 0.0005 0 0 1 1 1 -1 7 0 1 1 0 A A 2 0 0 0 0 0 0 6 3 0 0 0 A A 1 02UlBeKo2_l996
3512.3866 0.0005 0 0 1 1 1 -1 7 3 1 1 0 A A 1 0 0 0 0 0 0 6 3 0 0 0 A A 2 02UlBeKo2_l997
3512.8291 0.0005 0 0 1 1 1 1 8 4 1 1 2 E E 3 0 0 0 0 0 0 7 1 0 0 0 E A 3 02UlBeKo2_l998
3513.2581 0.0005 0 0 1 1 1 -1 7 3 1 1 0 A A 2 0 0 0 0 0 0 6 3 0 0 0 A A 1 02UlBeKo2_l999
3513.5164 0.0006 0 0 1 1 1 1 9 1 1 1 2 E E 2 0 0 0 0 0 0 8 3 0 0 0 A A 1 02UlBeKo2_l1000
3513.6648 0.0005 0 0 1 1 1 1 8 3 1 1 2 A E 3 0 0 0 0 0 0 7 2 0 0 0 E A 3 02UlBeKo2_l1001
3514.199 0.0005 0 0 1 1 1 1 8 2 1 1 2 E E 1 0 0 0 0 0 0 7 3 0 0 0 A A 2 02UlBeKo2_l1002
3514.4177 0.0005 1 0 0 1 0 1 10 2 0 1 1 E E 1 0 0 0 0 0 0 9 3 0 0 0 A A 2 02UlBeKo2_l1003
-3514.4644 0.0005 1 0 0 1 0 1 10 1 0 1 1 E E 3 0 0 0 0 0 0 9 2 0 0 0 E A 3 02UlBeKo2_l1004
3514.7707 0.0005 0 0 1 1 1 -1 7 4 1 1 0 E A 3 0 0 0 0 0 0 6 4 0 0 0 E A 3 02UlBeKo2_l1005
3514.7999 0.0005 0 0 1 1 1 1 8 4 1 1 2 E E 2 0 0 0 0 0 0 7 3 0 0 0 A A 1 02UlBeKo2_l1006
3514.9384 0.0005 0 0 1 1 1 1 8 4 1 1 2 E E 1 0 0 0 0 0 0 7 3 0 0 0 A A 2 02UlBeKo2_l1007
3515.3487 0.0011 0 0 1 1 1 1 8 5 1 1 2 E E 3 0 0 0 0 0 0 7 4 0 0 0 E A 3 02UlBeKo2_l1008
3515.6852 0.0005 0 0 1 1 1 -1 8 7 1 1 0 E A 3 0 0 0 0 0 0 7 4 0 0 0 E A 3 02UlBeKo2_l1009
-3515.9128 0.0005 0 0 1 1 1 1 8 2 1 1 2 E E 3 0 0 0 0 0 0 7 4 0 0 0 E A 3 02UlBeKo2_l1010
3515.9915 0.0005 1 0 0 1 0 1 11 3 0 1 1 A E 3 0 0 0 0 0 0 10 2 0 0 0 E A 3 02UlBeKo2_l1011
3516.128 0.0005 0 0 1 1 1 -1 8 6 1 1 0 A A 1 0 0 0 0 0 0 7 3 0 0 0 A A 2 02UlBeKo2_l1012
3516.1495 0.0005 0 0 1 1 1 -1 8 6 1 1 0 A A 2 0 0 0 0 0 0 7 3 0 0 0 A A 1 02UlBeKo2_l1013
-3516.1959 0.0005 0 0 1 1 -1 -1 8 6 1 1 2 A E 3 0 0 0 0 0 0 7 5 0 0 0 E A 3 02UlBeKo2_l1014
3516.2771 0.0005 1 0 0 1 0 1 10 1 0 1 1 E E 2 0 0 0 0 0 0 9 3 0 0 0 A A 1 02UlBeKo2_l1015
3516.5863 0.0005 0 0 1 1 1 -1 8 5 1 1 0 E A 3 0 0 0 0 0 0 7 2 0 0 0 E A 3 02UlBeKo2_l1016
3516.8843 0.0005 0 0 1 1 1 1 8 7 1 1 2 E E 1 0 0 0 0 0 0 7 6 0 0 0 A A 1 02UlBeKo2_l1017
3517.0611 0.0005 0 0 1 1 1 -1 8 4 1 1 0 E A 3 0 0 0 0 0 0 7 1 0 0 0 E A 3 02UlBeKo2_l1018
3517.4233 0.0005 0 0 1 1 1 1 8 8 1 1 2 E E 3 0 0 0 0 0 0 7 7 0 0 0 E A 3 02UlBeKo2_l1019
3517.538 0.0005 0 0 1 1 1 -1 7 5 1 1 0 E A 3 0 0 0 0 0 0 6 5 0 0 0 E A 3 02UlBeKo2_l1020
3517.5728 0.0005 1 0 0 1 0 1 10 0 0 1 1 A E 3 0 0 0 0 0 0 9 1 0 0 0 E A 3 02UlBeKo2_l1021
3517.6297 0.0005 0 0 1 1 1 -1 8 0 1 1 0 A A 1 0 0 0 0 0 0 7 0 0 0 0 A A 2 02UlBeKo2_l1022
3517.6817 0.0005 0 0 1 1 1 1 10 1 1 1 2 E E 1 0 0 0 0 0 0 9 0 0 0 0 A A 2 02UlBeKo2_l1023
3517.8793 0.0005 0 0 1 1 -1 1 10 1 1 1 0 E A 3 0 0 0 0 0 0 9 2 0 0 0 E A 3 02UlBeKo2_l1024
3518.077 0.0016 1 0 0 1 0 1 10 4 0 1 1 E E 1 0 0 0 0 0 0 9 6 0 0 0 A A 2 02UlBeKo2_l1025
3519.0751 0.0005 0 0 1 1 1 -1 8 2 1 1 0 E A 3 0 0 0 0 0 0 7 1 0 0 0 E A 3 02UlBeKo2_l1026
3519.094 0.0005 0 0 1 1 1 -1 8 3 1 1 0 A A 1 0 0 0 0 0 0 7 0 0 0 0 A A 2 02UlBeKo2_l1027
3519.1293 0.0005 1 0 0 1 0 1 10 0 0 1 1 A E 3 0 0 0 0 0 0 9 2 0 0 0 E A 3 02UlBeKo2_l1028
3519.4776 0.0005 0 0 1 1 1 -1 8 1 1 1 0 E A 3 0 0 0 0 0 0 7 1 0 0 0 E A 3 02UlBeKo2_l1029
3520.3165 0.0005 0 0 1 1 1 -1 7 6 1 1 0 A A 2 0 0 0 0 0 0 6 6 0 0 0 A A 1 02UlBeKo2_l1030
3520.3278 0.0005 0 0 1 1 1 -1 7 6 1 1 0 A A 1 0 0 0 0 0 0 6 6 0 0 0 A A 2 02UlBeKo2_l1031
3520.6493 0.0005 0 0 1 1 1 -1 8 2 1 1 0 E A 3 0 0 0 0 0 0 7 2 0 0 0 E A 3 02UlBeKo2_l1032
3521.0515 0.0005 0 0 1 1 1 -1 8 1 1 1 0 E A 3 0 0 0 0 0 0 7 2 0 0 0 E A 3 02UlBeKo2_l1033
3522.3559 0.0005 0 0 1 1 1 -1 8 0 1 1 0 A A 1 0 0 0 0 0 0 7 3 0 0 0 A A 2 02UlBeKo2_l1034
3522.5738 0.0005 0 0 1 1 1 1 9 3 1 1 2 A E 3 0 0 0 0 0 0 8 1 0 0 0 E A 3 02UlBeKo2_l1035
3522.7177 0.0005 0 0 1 1 1 -1 8 3 1 1 0 A A 2 0 0 0 0 0 0 7 3 0 0 0 A A 1 02UlBeKo2_l1036
3523.1677 0.0005 0 0 1 1 1 1 9 4 1 1 2 E E 3 0 0 0 0 0 0 8 1 0 0 0 E A 3 02UlBeKo2_l1037
3523.8202 0.0005 0 0 1 1 1 -1 8 3 1 1 0 A A 1 0 0 0 0 0 0 7 3 0 0 0 A A 2 02UlBeKo2_l1038
3524.1395 0.0005 0 0 1 1 1 1 9 3 1 1 2 A E 3 0 0 0 0 0 0 8 2 0 0 0 E A 3 02UlBeKo2_l1039
3524.1978 0.003 0 0 1 1 1 1 9 8 1 1 2 E E 1 0 0 0 0 0 0 8 6 0 0 0 A A 1 02UlBeKo2_l1040
3524.5538 0.0005 0 0 1 1 1 1 9 5 1 1 2 E E 2 0 0 0 0 0 0 8 3 0 0 0 A A 1 02UlBeKo2_l1041
3524.6879 0.0005 1 0 0 1 0 1 11 1 0 1 1 E E 1 0 0 0 0 0 0 10 3 0 0 0 A A 2 02UlBeKo2_l1042
3524.7335 0.0007 0 0 1 1 1 1 9 4 1 1 2 E E 3 0 0 0 0 0 0 8 2 0 0 0 E A 3 02UlBeKo2_l1043
3524.8364 0.0005 0 0 1 1 1 1 9 5 1 1 2 E E 1 0 0 0 0 0 0 8 3 0 0 0 A A 2 02UlBeKo2_l1044
3524.9549 0.0005 0 0 1 1 1 -1 8 4 1 1 0 E A 3 0 0 0 0 0 0 7 4 0 0 0 E A 3 02UlBeKo2_l1045
3525.0176 0.0012 0 0 1 1 1 1 9 4 1 1 2 E E 1 0 0 0 0 0 0 8 3 0 0 0 A A 2 02UlBeKo2_l1046
3525.117 0.0005 0 0 1 1 1 1 9 4 1 1 2 E E 2 0 0 0 0 0 0 8 3 0 0 0 A A 1 02UlBeKo2_l1047
3525.5743 0.0005 0 0 1 1 1 1 9 5 1 1 2 E E 3 0 0 0 0 0 0 8 4 0 0 0 E A 3 02UlBeKo2_l1048
3526.1925 0.0005 0 0 1 1 1 -1 9 7 1 1 0 E A 3 0 0 0 0 0 0 8 4 0 0 0 E A 3 02UlBeKo2_l1049
-3526.3436 0.0005 0 0 1 1 -1 -1 9 6 1 1 2 A E 3 0 0 0 0 0 0 8 5 0 0 0 E A 3 02UlBeKo2_l1050
3526.4887 0.0005 0 0 1 1 1 1 11 1 1 1 2 E E 2 0 0 0 0 0 0 10 0 0 0 0 A A 1 02UlBeKo2_l1051
3526.5351 0.0008 0 0 1 1 1 -1 9 6 1 1 0 A A 2 0 0 0 0 0 0 8 3 0 0 0 A A 1 02UlBeKo2_l1052
3526.5714 0.0005 0 0 1 1 1 -1 9 6 1 1 0 A A 1 0 0 0 0 0 0 8 3 0 0 0 A A 2 02UlBeKo2_l1053
3526.9405 0.0005 0 0 1 1 1 1 9 7 1 1 2 E E 2 0 0 0 0 0 0 8 6 0 0 0 A A 1 02UlBeKo2_l1054
3526.9779 0.0005 0 0 1 1 1 1 9 7 1 1 2 E E 1 0 0 0 0 0 0 8 6 0 0 0 A A 2 02UlBeKo2_l1055
3527.424 0.0005 0 0 1 1 1 1 9 8 1 1 2 E E 3 0 0 0 0 0 0 8 7 0 0 0 E A 3 02UlBeKo2_l1056
3527.6723 0.0005 0 0 1 1 1 -1 8 5 1 1 0 E A 3 0 0 0 0 0 0 7 5 0 0 0 E A 3 02UlBeKo2_l1057
3527.7258 0.0005 0 0 1 1 1 1 9 9 1 1 2 A E 3 0 0 0 0 0 0 8 8 0 0 0 E A 3 02UlBeKo2_l1058
3528.1366 0.0005 0 0 1 1 1 -1 9 0 1 1 0 A A 2 0 0 0 0 0 0 8 0 0 0 0 A A 1 02UlBeKo2_l1059
3529.7085 0.0005 0 0 1 1 1 -1 9 2 1 1 0 E A 3 0 0 0 0 0 0 8 1 0 0 0 E A 3 02UlBeKo2_l1060
3529.8068 0.0005 0 0 1 1 1 -1 9 3 1 1 0 A A 2 0 0 0 0 0 0 8 0 0 0 0 A A 1 02UlBeKo2_l1061
3530.1716 0.0005 0 0 1 1 1 -1 9 1 1 1 0 E A 3 0 0 0 0 0 0 8 1 0 0 0 E A 3 02UlBeKo2_l1062
3530.4406 0.0006 0 0 1 1 1 -1 8 6 1 1 0 A A 1 0 0 0 0 0 0 7 6 0 0 0 A A 2 02UlBeKo2_l1063
3530.4635 0.0005 0 0 1 1 1 -1 8 6 1 1 0 A A 2 0 0 0 0 0 0 7 6 0 0 0 A A 1 02UlBeKo2_l1064
3531.1355 0.0006 0 0 1 1 1 1 11 1 1 1 2 E E 2 0 0 0 0 0 0 10 3 0 0 0 A A 1 02UlBeKo2_l1065
3531.2745 0.0005 0 0 1 1 1 -1 9 2 1 1 0 E A 3 0 0 0 0 0 0 8 2 0 0 0 E A 3 02UlBeKo2_l1066
3531.7366 0.0009 0 0 1 1 1 -1 9 1 1 1 0 E A 3 0 0 0 0 0 0 8 2 0 0 0 E A 3 02UlBeKo2_l1067
3532.8393 0.0005 0 0 1 1 1 -1 9 0 1 1 0 A A 2 0 0 0 0 0 0 8 3 0 0 0 A A 1 02UlBeKo2_l1068
3532.9347 0.0005 0 0 1 1 1 1 8 5 1 1 2 E E 3 0 0 0 0 0 0 7 7 0 0 0 E A 3 02UlBeKo2_l1069
3533.2399 0.0005 0 0 1 1 1 -1 9 3 1 1 0 A A 1 0 0 0 0 0 0 8 3 0 0 0 A A 2 02UlBeKo2_l1070
3533.2713 0.0005 0 0 1 1 1 -1 8 7 1 1 0 E A 3 0 0 0 0 0 0 7 7 0 0 0 E A 3 02UlBeKo2_l1071
3534.5097 0.0005 0 0 1 1 1 -1 9 3 1 1 0 A A 2 0 0 0 0 0 0 8 3 0 0 0 A A 1 02UlBeKo2_l1072
3534.8365 0.0005 0 0 1 1 1 1 10 3 1 1 2 A E 3 0 0 0 0 0 0 9 2 0 0 0 E A 3 02UlBeKo2_l1073
3535.107 0.0005 0 0 1 1 1 1 10 5 1 1 2 E E 1 0 0 0 0 0 0 9 3 0 0 0 A A 2 02UlBeKo2_l1074
3535.2324 0.0005 0 0 1 1 1 1 10 4 1 1 2 E E 3 0 0 0 0 0 0 9 2 0 0 0 E A 3 02UlBeKo2_l1075
3535.3412 0.0005 0 0 1 1 1 -1 9 4 1 1 0 E A 3 0 0 0 0 0 0 8 4 0 0 0 E A 3 02UlBeKo2_l1076
3535.7627 0.0005 0 0 1 1 1 1 9 4 1 1 2 E E 3 0 0 0 0 0 0 8 5 0 0 0 E A 3 02UlBeKo2_l1077
3537.0209 0.0005 0 0 1 1 1 -1 10 7 1 1 0 E A 3 0 0 0 0 0 0 9 4 0 0 0 E A 3 02UlBeKo2_l1078
3537.2149 0.0005 0 0 1 1 1 1 10 7 1 1 2 E E 2 0 0 0 0 0 0 9 6 0 0 0 A A 1 02UlBeKo2_l1079
3537.2339 0.0005 0 0 1 1 1 1 10 7 1 1 2 E E 1 0 0 0 0 0 0 9 6 0 0 0 A A 2 02UlBeKo2_l1080
3537.5816 0.0005 0 0 1 1 1 1 10 8 1 1 2 E E 3 0 0 0 0 0 0 9 7 0 0 0 E A 3 02UlBeKo2_l1081
3537.6277 0.0005 0 0 1 1 1 -1 10 5 1 1 0 E A 3 0 0 0 0 0 0 9 2 0 0 0 E A 3 02UlBeKo2_l1082
3537.8346 0.0005 0 0 1 1 1 1 10 9 1 1 2 A E 3 0 0 0 0 0 0 9 8 0 0 0 E A 3 02UlBeKo2_l1083
3537.8914 0.0005 0 0 1 1 1 1 10 10 1 1 2 E E 1 0 0 0 0 0 0 9 9 0 0 0 A A 1 02UlBeKo2_l1084
3538.0091 0.0005 0 0 1 1 1 -1 9 5 1 1 0 E A 3 0 0 0 0 0 0 8 5 0 0 0 E A 3 02UlBeKo2_l1085
3538.8397 0.0005 0 0 1 1 1 -1 10 0 1 1 0 A A 1 0 0 0 0 0 0 9 0 0 0 0 A A 2 02UlBeKo2_l1086
3540.4885 0.0005 0 0 1 1 1 -1 10 1 1 1 0 E A 3 0 0 0 0 0 0 9 1 0 0 0 E A 3 02UlBeKo2_l1087
3540.6297 0.0005 0 0 1 1 1 -1 10 3 1 1 0 A A 1 0 0 0 0 0 0 9 0 0 0 0 A A 2 02UlBeKo2_l1088
3540.7749 0.0005 0 0 1 1 1 -1 9 6 1 1 0 A A 2 0 0 0 0 0 0 8 6 0 0 0 A A 1 02UlBeKo2_l1089
3540.8117 0.0005 0 0 1 1 1 -1 9 6 1 1 0 A A 1 0 0 0 0 0 0 8 6 0 0 0 A A 2 02UlBeKo2_l1090
3540.9844 0.0005 0 0 1 1 1 -1 10 2 1 1 0 E A 3 0 0 0 0 0 0 9 1 0 0 0 E A 3 02UlBeKo2_l1091
3542.0453 0.0005 0 0 1 1 1 -1 10 1 1 1 0 E A 3 0 0 0 0 0 0 9 2 0 0 0 E A 3 02UlBeKo2_l1092
3542.5413 0.0005 0 0 1 1 1 -1 10 2 1 1 0 E A 3 0 0 0 0 0 0 9 2 0 0 0 E A 3 02UlBeKo2_l1093
3543.516 0.0005 0 0 1 1 1 -1 10 0 1 1 0 A A 1 0 0 0 0 0 0 9 3 0 0 0 A A 2 02UlBeKo2_l1094
3543.6886 0.0005 0 0 1 1 1 -1 9 7 1 1 0 E A 3 0 0 0 0 0 0 8 7 0 0 0 E A 3 02UlBeKo2_l1095
3543.9392 0.0005 0 0 1 1 1 -1 10 3 1 1 0 A A 2 0 0 0 0 0 0 9 3 0 0 0 A A 1 02UlBeKo2_l1096
3545.3056 0.0005 0 0 1 1 1 -1 10 3 1 1 0 A A 1 0 0 0 0 0 0 9 3 0 0 0 A A 2 02UlBeKo2_l1097
3545.8033 0.0005 0 0 1 1 1 1 10 3 1 1 2 A E 3 0 0 0 0 0 0 9 5 0 0 0 E A 3 02UlBeKo2_l1098
3546.1987 0.0005 0 0 1 1 1 1 10 4 1 1 2 E E 3 0 0 0 0 0 0 9 5 0 0 0 E A 3 02UlBeKo2_l1099
3547.9144 0.0005 0 0 1 1 1 1 11 9 1 1 2 A E 3 0 0 0 0 0 0 10 8 0 0 0 E A 3 02UlBeKo2_l1100
3548.007 0.0005 0 0 1 1 1 1 11 8 1 1 2 E E 3 0 0 0 0 0 0 10 7 0 0 0 E A 3 02UlBeKo2_l1101
3548.0608 0.0005 0 0 1 1 1 1 11 7 1 1 2 E E 2 0 0 0 0 0 0 10 6 0 0 0 A A 1 02UlBeKo2_l1102
3548.0866 0.0005 0 0 1 1 1 1 11 7 1 1 2 E E 1 0 0 0 0 0 0 10 6 0 0 0 A A 2 02UlBeKo2_l1103
3548.1097 0.0011 0 0 1 1 1 1 11 10 1 1 2 E E 1 0 0 0 0 0 0 10 9 0 0 0 A A 1 02UlBeKo2_l1104
3548.3478 0.0014 0 0 1 1 1 -1 11 6 1 1 0 A A 2 0 0 0 0 0 0 10 3 0 0 0 A A 1 02UlBeKo2_l1105
3548.4503 0.0005 0 0 1 1 1 -1 11 6 1 1 0 A A 1 0 0 0 0 0 0 10 3 0 0 0 A A 2 02UlBeKo2_l1106
3548.5944 0.0005 0 0 1 1 1 -1 10 5 1 1 0 E A 3 0 0 0 0 0 0 9 5 0 0 0 E A 3 02UlBeKo2_l1107
3549.265 0.0005 0 0 1 1 1 1 10 5 1 1 2 E E 1 0 0 0 0 0 0 9 6 0 0 0 A A 2 02UlBeKo2_l1108
3549.7808 0.0005 0 0 1 1 1 -1 11 0 1 1 0 A A 2 0 0 0 0 0 0 10 0 0 0 0 A A 1 02UlBeKo2_l1109
3551.3921 0.0005 0 0 1 1 1 -1 10 6 1 1 0 A A 1 0 0 0 0 0 0 9 6 0 0 0 A A 2 02UlBeKo2_l1110
3551.4537 0.0005 0 0 1 1 1 -1 10 6 1 1 0 A A 2 0 0 0 0 0 0 9 6 0 0 0 A A 1 02UlBeKo2_l1111
3551.5578 0.0007 0 0 1 1 1 -1 11 3 1 1 0 A A 2 0 0 0 0 0 0 10 0 0 0 0 A A 1 02UlBeKo2_l1112
3554.4169 0.0005 0 0 1 1 1 -1 10 7 1 1 0 E A 3 0 0 0 0 0 0 9 7 0 0 0 E A 3 02UlBeKo2_l1113
3554.823 0.0005 0 0 1 1 1 -1 11 3 1 1 0 A A 1 0 0 0 0 0 0 10 3 0 0 0 A A 2 02UlBeKo2_l1114
3556.2065 0.001 0 0 1 1 1 -1 11 3 1 1 0 A A 2 0 0 0 0 0 0 10 3 0 0 0 A A 1 02UlBeKo2_l1115
3557.7851 0.0005 0 0 1 1 1 1 12 12 1 1 2 A E 3 0 0 0 0 0 0 11 11 0 0 0 E A 3 02UlBeKo2_l1116
3557.9278 0.0005 0 0 1 1 1 1 12 8 1 1 2 E E 3 0 0 0 0 0 0 11 7 0 0 0 E A 3 02UlBeKo2_l1117
3558.208 0.0005 0 0 1 1 1 1 12 9 1 1 2 A E 3 0 0 0 0 0 0 11 8 0 0 0 E A 3 02UlBeKo2_l1118
3558.2381 0.0005 0 0 1 1 1 1 12 11 1 1 2 E E 3 0 0 0 0 0 0 11 10 0 0 0 E A 3 02UlBeKo2_l1119
3558.4687 0.0005 0 0 1 1 1 1 12 10 1 1 2 E E 2 0 0 0 0 0 0 11 9 0 0 0 A A 1 02UlBeKo2_l1120
3558.4772 0.003 0 0 1 1 1 1 12 10 1 1 2 E E 1 0 0 0 0 0 0 11 9 0 0 0 A A 2 02UlBeKo2_l1121
3562.4148 0.0005 0 0 1 1 1 -1 11 6 1 1 0 A A 2 0 0 0 0 0 0 10 6 0 0 0 A A 1 02UlBeKo2_l1122
3562.5213 0.0005 0 0 1 1 1 -1 11 6 1 1 0 A A 1 0 0 0 0 0 0 10 6 0 0 0 A A 2 02UlBeKo2_l1123
3567.5067 0.0005 0 0 1 1 1 1 13 13 1 1 2 E E 1 0 0 0 0 0 0 12 12 0 0 0 A A 1 02UlBeKo2_l1124
3568.2198 0.0005 0 0 1 1 1 1 13 12 1 1 2 A E 3 0 0 0 0 0 0 12 11 0 0 0 E A 3 02UlBeKo2_l1125
3568.6774 0.0005 0 0 1 1 1 1 13 10 1 1 2 E E 1 0 0 0 0 0 0 12 9 0 0 0 A A 2 02UlBeKo2_l1126
3568.6991 0.0005 0 0 1 1 1 1 13 10 1 1 2 E E 2 0 0 0 0 0 0 12 9 0 0 0 A A 1 02UlBeKo2_l1127
3568.7088 0.0005 0 0 1 1 1 1 13 11 1 1 2 E E 3 0 0 0 0 0 0 12 10 0 0 0 E A 3 02UlBeKo2_l1128
3578.0483 0.0005 0 0 1 1 1 1 14 13 1 1 2 E E 1 0 0 0 0 0 0 13 12 0 0 0 A A 1 02UlBeKo2_l1129
3578.6418 0.0005 0 0 1 1 1 1 14 12 1 1 2 A E 3 0 0 0 0 0 0 13 11 0 0 0 E A 3 02UlBeKo2_l1130
-735.08405 0.0025 0 1 0 0 0 0 22 0 0 0 0 A A 2 0 0 0 0 0 0 23 0 0 0 0 A A 1 21UlBeGr_syms_l1
735.17458 0.0025 0 1 0 0 0 0 22 1 0 0 0 E A 3 0 0 0 0 0 0 23 1 0 0 0 E A 3 21UlBeGr_syms_l2
-735.45181 0.0025 0 1 0 0 0 0 22 2 0 0 0 E A 3 0 0 0 0 0 0 23 2 0 0 0 E A 3 21UlBeGr_syms_l3
735.65615 0.0025 0 1 0 0 0 0 22 3 0 0 0 A A 1 0 0 0 0 0 0 23 3 0 0 0 A A 2 21UlBeGr_syms_l4
736.06199 0.0025 0 1 0 0 0 0 22 3 0 0 0 A A 2 0 0 0 0 0 0 23 3 0 0 0 A A 1 21UlBeGr_syms_l5
736.08688 0.0025 0 1 0 0 0 0 23 12 0 0 0 A A 2 0 0 0 0 0 0 24 12 0 0 0 A A 1 21UlBeGr_syms_l6
736.08688 0.0025 0 1 0 0 0 0 23 12 0 0 0 A A 1 0 0 0 0 0 0 24 12 0 0 0 A A 2 21UlBeGr_syms_l7
737.26646 0.0025 0 1 0 0 0 0 22 5 0 0 0 E A 3 0 0 0 0 0 0 23 5 0 0 0 E A 3 21UlBeGr_syms_l8
738.25424 0.0025 0 1 0 0 0 0 22 6 0 0 0 A A 1 0 0 0 0 0 0 23 6 0 0 0 A A 2 21UlBeGr_syms_l9
738.27334 0.0025 0 1 0 0 0 0 22 6 0 0 0 A A 2 0 0 0 0 0 0 23 6 0 0 0 A A 1 21UlBeGr_syms_l10
-735.08405 0.0025 0 1 0 0 0 0 22 0 0 0 0 A A 2 0 0 0 0 0 0 23 0 0 0 0 A A 1 21UlBeGr_syms_l1
735.17458 0.0025 0 1 0 0 0 0 22 1 0 0 0 E A 3 0 0 0 0 0 0 23 1 0 0 0 E A 3 21UlBeGr_syms_l2
-735.45181 0.0025 0 1 0 0 0 0 22 2 0 0 0 E A 3 0 0 0 0 0 0 23 2 0 0 0 E A 3 21UlBeGr_syms_l3
735.65615 0.0025 0 1 0 0 0 0 22 3 0 0 0 A A 1 0 0 0 0 0 0 23 3 0 0 0 A A 2 21UlBeGr_syms_l4
736.06199 0.0025 0 1 0 0 0 0 22 3 0 0 0 A A 2 0 0 0 0 0 0 23 3 0 0 0 A A 1 21UlBeGr_syms_l5
736.08688 0.0025 0 1 0 0 0 0 23 12 0 0 0 A A 2 0 0 0 0 0 0 24 12 0 0 0 A A 1 21UlBeGr_syms_l6
736.08688 0.0025 0 1 0 0 0 0 23 12 0 0 0 A A 1 0 0 0 0 0 0 24 12 0 0 0 A A 2 21UlBeGr_syms_l7
737.26646 0.0025 0 1 0 0 0 0 22 5 0 0 0 E A 3 0 0 0 0 0 0 23 5 0 0 0 E A 3 21UlBeGr_syms_l8
738.25424 0.0025 0 1 0 0 0 0 22 6 0 0 0 A A 1 0 0 0 0 0 0 23 6 0 0 0 A A 2 21UlBeGr_syms_l9
738.27334 0.0025 0 1 0 0 0 0 22 6 0 0 0 A A 2 0 0 0 0 0 0 23 6 0 0 0 A A 1 21UlBeGr_syms_l10
-739.45439 0.0025 0 1 0 0 0 0 23 0 0 0 0 A A 2 0 0 0 0 0 0 24 6 0 0 0 A A 1 21UlBeGr_syms_l11
739.45439 0.0025 0 1 0 0 0 0 22 7 0 0 0 E A 3 0 0 0 0 0 0 23 7 0 0 0 E A 3 21UlBeGr_syms_l12
740.84629 0.0025 0 1 0 0 0 0 22 8 0 0 0 E A 3 0 0 0 0 0 0 23 8 0 0 0 E A 3 21UlBeGr_syms_l13
742.44888 0.0025 0 1 0 0 0 0 22 9 0 0 0 A A 1 0 0 0 0 0 0 23 9 0 0 0 A A 2 21UlBeGr_syms_l14
742.44888 0.0025 0 1 0 0 0 0 22 9 0 0 0 A A 2 0 0 0 0 0 0 23 9 0 0 0 A A 1 21UlBeGr_syms_l15
744.14196 0.0025 0 1 0 0 0 0 23 15 0 0 0 A A 1 0 0 0 0 0 0 24 15 0 0 0 A A 2 21UlBeGr_syms_l16
744.14196 0.0025 0 1 0 0 0 0 23 15 0 0 0 A A 2 0 0 0 0 0 0 24 15 0 0 0 A A 1 21UlBeGr_syms_l17
744.26993 0.0025 0 1 0 0 0 0 22 10 0 0 0 E A 3 0 0 0 0 0 0 23 10 0 0 0 E A 3 21UlBeGr_syms_l18
746.3432 0.0025 0 1 0 0 0 0 22 11 0 0 0 E A 3 0 0 0 0 0 0 23 11 0 0 0 E A 3 21UlBeGr_syms_l19
746.98385 0.0025 0 1 0 0 0 0 21 0 0 0 0 A A 2 0 0 0 0 0 0 22 0 0 0 0 A A 1 21UlBeGr_syms_l20
747.07751 0.0025 0 1 0 0 0 0 21 1 0 0 0 E A 3 0 0 0 0 0 0 22 1 0 0 0 E A 3 21UlBeGr_syms_l21
-747.36328 0.0025 0 1 0 0 0 0 21 2 0 0 0 E A 3 0 0 0 0 0 0 22 2 0 0 0 E A 3 21UlBeGr_syms_l22
747.63651 0.0025 0 1 0 0 0 0 21 3 0 0 0 A A 2 0 0 0 0 0 0 22 3 0 0 0 A A 1 21UlBeGr_syms_l23
747.97205 0.0025 0 1 0 0 0 0 21 3 0 0 0 A A 1 0 0 0 0 0 0 22 3 0 0 0 A A 2 21UlBeGr_syms_l24
748.43459 0.0025 0 1 0 0 0 0 21 4 0 0 0 E A 3 0 0 0 0 0 0 22 4 0 0 0 E A 3 21UlBeGr_syms_l25
748.65382 0.0025 0 1 0 0 0 0 22 12 0 0 0 A A 1 0 0 0 0 0 0 23 12 0 0 0 A A 2 21UlBeGr_syms_l26
748.65382 0.0025 0 1 0 0 0 0 22 12 0 0 0 A A 2 0 0 0 0 0 0 23 12 0 0 0 A A 1 21UlBeGr_syms_l27
749.28973 0.0025 0 1 0 0 0 0 21 5 0 0 0 E A 3 0 0 0 0 0 0 22 5 0 0 0 E A 3 21UlBeGr_syms_l28
750.33189 0.0025 0 1 0 0 0 0 21 6 0 0 0 A A 2 0 0 0 0 0 0 22 6 0 0 0 A A 1 21UlBeGr_syms_l29
750.34405 0.0025 0 1 0 0 0 0 21 6 0 0 0 A A 1 0 0 0 0 0 0 22 6 0 0 0 A A 2 21UlBeGr_syms_l30
-751.23564 0.0025 0 1 0 0 0 0 22 13 0 0 0 E A 3 0 0 0 0 0 0 23 13 0 0 0 E A 3 21UlBeGr_syms_l31
751.58812 0.0025 0 1 0 0 0 0 21 7 0 0 0 E A 3 0 0 0 0 0 0 22 7 0 0 0 E A 3 21UlBeGr_syms_l32
753.05301 0.0025 0 1 0 0 0 0 21 8 0 0 0 E A 3 0 0 0 0 0 0 22 8 0 0 0 E A 3 21UlBeGr_syms_l33
754.09768 0.0025 0 1 0 0 0 0 22 14 0 0 0 E A 3 0 0 0 0 0 0 23 14 0 0 0 E A 3 21UlBeGr_syms_l34
754.74192 0.0025 0 1 0 0 0 0 21 9 0 0 0 A A 1 0 0 0 0 0 0 22 9 0 0 0 A A 2 21UlBeGr_syms_l35
754.74192 0.0025 0 1 0 0 0 0 21 9 0 0 0 A A 2 0 0 0 0 0 0 22 9 0 0 0 A A 1 21UlBeGr_syms_l36
-755.32911 0.0025 0 1 0 0 0 0 20 3 0 0 0 A A 2 0 0 0 0 0 0 21 0 0 0 0 A A 1 21UlBeGr_syms_l37
755.57395 0.0025 0 1 0 0 0 0 19 12 0 0 0 A A 2 0 0 0 0 0 0 20 9 0 0 0 A A 1 21UlBeGr_syms_l38
756.06947 0.0025 0 1 0 0 0 0 19 11 0 0 0 E A 3 0 0 0 0 0 0 20 8 0 0 0 E A 3 21UlBeGr_syms_l39
756.68565 0.0025 0 1 0 0 0 0 21 10 0 0 0 E A 3 0 0 0 0 0 0 22 10 0 0 0 E A 3 21UlBeGr_syms_l40
756.70431 0.0025 0 1 0 0 0 0 22 15 0 0 0 A A 1 0 0 0 0 0 0 23 15 0 0 0 A A 2 21UlBeGr_syms_l41
756.70431 0.0025 0 1 0 0 0 0 22 15 0 0 0 A A 2 0 0 0 0 0 0 23 15 0 0 0 A A 1 21UlBeGr_syms_l42
757.75183 0.0025 0 1 0 0 0 0 19 9 0 0 0 A A 1 0 0 0 0 0 0 20 6 0 0 0 A A 2 21UlBeGr_syms_l43
757.75183 0.0025 0 1 0 0 0 0 19 9 0 0 0 A A 2 0 0 0 0 0 0 20 6 0 0 0 A A 1 21UlBeGr_syms_l44
758.85137 0.0025 0 1 0 0 0 0 21 11 0 0 0 E A 3 0 0 0 0 0 0 22 11 0 0 0 E A 3 21UlBeGr_syms_l45
758.89333 0.0025 0 1 0 0 0 0 19 8 0 0 0 E A 3 0 0 0 0 0 0 20 5 0 0 0 E A 3 21UlBeGr_syms_l46
-758.91718 0.0025 0 1 0 0 0 0 20 0 0 0 0 A A 2 0 0 0 0 0 0 21 0 0 0 0 A A 1 21UlBeGr_syms_l47
759.01481 0.0025 0 1 0 0 0 0 20 1 0 0 0 E A 3 0 0 0 0 0 0 21 1 0 0 0 E A 3 21UlBeGr_syms_l48
759.31093 0.0025 0 1 0 0 0 0 20 2 0 0 0 E A 3 0 0 0 0 0 0 21 2 0 0 0 E A 3 21UlBeGr_syms_l49
759.64553 0.0025 0 1 0 0 0 0 20 3 0 0 0 A A 1 0 0 0 0 0 0 21 3 0 0 0 A A 2 21UlBeGr_syms_l50
759.92014 0.0025 0 1 0 0 0 0 20 3 0 0 0 A A 2 0 0 0 0 0 0 21 3 0 0 0 A A 1 21UlBeGr_syms_l51
760.24057 0.0025 0 1 0 0 0 0 19 7 0 0 0 E A 3 0 0 0 0 0 0 20 4 0 0 0 E A 3 21UlBeGr_syms_l52
760.45363 0.0025 0 1 0 0 0 0 20 4 0 0 0 E A 3 0 0 0 0 0 0 21 4 0 0 0 E A 3 21UlBeGr_syms_l53
-760.99022 0.0025 0 1 0 0 0 0 22 16 0 0 0 E A 3 0 0 0 0 0 0 23 16 0 0 0 E A 3 21UlBeGr_syms_l54
761.30145 0.0025 0 1 0 0 0 0 21 12 0 0 0 A A 2 0 0 0 0 0 0 22 12 0 0 0 A A 1 21UlBeGr_syms_l55
761.30145 0.0025 0 1 0 0 0 0 21 12 0 0 0 A A 1 0 0 0 0 0 0 22 12 0 0 0 A A 2 21UlBeGr_syms_l56
761.34789 0.0025 0 1 0 0 0 0 20 5 0 0 0 E A 3 0 0 0 0 0 0 21 5 0 0 0 E A 3 21UlBeGr_syms_l57
762.4436 0.0025 0 1 0 0 0 0 20 6 0 0 0 A A 1 0 0 0 0 0 0 21 6 0 0 0 A A 2 21UlBeGr_syms_l58
762.45122 0.0025 0 1 0 0 0 0 20 6 0 0 0 A A 2 0 0 0 0 0 0 21 6 0 0 0 A A 1 21UlBeGr_syms_l59
763.23385 0.0025 0 1 0 0 0 0 20 0 0 0 0 A A 1 0 0 0 0 0 0 21 3 0 0 0 A A 2 21UlBeGr_syms_l60
763.50725 0.0025 0 1 0 0 0 0 19 5 0 0 0 E A 3 0 0 0 0 0 0 20 2 0 0 0 E A 3 21UlBeGr_syms_l61
763.76311 0.0025 0 1 0 0 0 0 20 7 0 0 0 E A 3 0 0 0 0 0 0 21 7 0 0 0 E A 3 21UlBeGr_syms_l62
764.0424 0.0025 0 1 0 0 0 0 21 13 0 0 0 E A 3 0 0 0 0 0 0 22 13 0 0 0 E A 3 21UlBeGr_syms_l63
764.9474 0.0025 0 1 0 0 0 0 22 17 0 0 0 E A 3 0 0 0 0 0 0 23 17 0 0 0 E A 3 21UlBeGr_syms_l64
765.3053 0.0025 0 1 0 0 0 0 20 8 0 0 0 E A 3 0 0 0 0 0 0 21 8 0 0 0 E A 3 21UlBeGr_syms_l65
765.42761 0.0025 0 1 0 0 0 0 19 4 0 0 0 E A 3 0 0 0 0 0 0 20 1 0 0 0 E A 3 21UlBeGr_syms_l66
767.07445 0.0025 0 1 0 0 0 0 21 14 0 0 0 E A 3 0 0 0 0 0 0 22 14 0 0 0 E A 3 21UlBeGr_syms_l67
767.08567 0.0025 0 1 0 0 0 0 20 9 0 0 0 A A 1 0 0 0 0 0 0 21 9 0 0 0 A A 2 21UlBeGr_syms_l68
767.08567 0.0025 0 1 0 0 0 0 20 9 0 0 0 A A 2 0 0 0 0 0 0 21 9 0 0 0 A A 1 21UlBeGr_syms_l69
767.344 0.0025 0 1 0 0 0 0 19 3 0 0 0 A A 2 0 0 0 0 0 0 20 0 0 0 0 A A 1 21UlBeGr_syms_l70
768.01537 0.0025 0 1 0 0 0 0 18 13 0 0 0 E A 3 0 0 0 0 0 0 19 10 0 0 0 E A 3 21UlBeGr_syms_l71
768.06984 0.0025 0 1 0 0 0 0 18 12 0 0 0 A A 1 0 0 0 0 0 0 19 9 0 0 0 A A 2 21UlBeGr_syms_l72
768.06984 0.0025 0 1 0 0 0 0 18 12 0 0 0 A A 2 0 0 0 0 0 0 19 9 0 0 0 A A 1 21UlBeGr_syms_l73
768.43252 0.0025 0 1 0 0 0 0 18 11 0 0 0 E A 3 0 0 0 0 0 0 19 8 0 0 0 E A 3 21UlBeGr_syms_l74
769.05423 0.0025 0 1 0 0 0 0 18 10 0 0 0 E A 3 0 0 0 0 0 0 19 7 0 0 0 E A 3 21UlBeGr_syms_l75
769.12275 0.0025 0 1 0 0 0 0 20 10 0 0 0 E A 3 0 0 0 0 0 0 21 10 0 0 0 E A 3 21UlBeGr_syms_l76
769.38575 0.0025 0 1 0 0 0 0 22 18 0 0 0 A A 1 0 0 0 0 0 0 23 18 0 0 0 A A 2 21UlBeGr_syms_l77
769.38575 0.0025 0 1 0 0 0 0 22 18 0 0 0 A A 2 0 0 0 0 0 0 23 18 0 0 0 A A 1 21UlBeGr_syms_l78
769.87802 0.0025 0 1 0 0 0 0 19 2 0 0 0 E A 3 0 0 0 0 0 0 20 1 0 0 0 E A 3 21UlBeGr_syms_l79
769.91412 0.0025 0 1 0 0 0 0 18 9 0 0 0 A A 1 0 0 0 0 0 0 19 6 0 0 0 A A 2 21UlBeGr_syms_l80
769.91412 0.0025 0 1 0 0 0 0 18 9 0 0 0 A A 2 0 0 0 0 0 0 19 6 0 0 0 A A 1 21UlBeGr_syms_l81
770.62382 0.0025 0 1 0 0 0 0 21 15 0 0 0 A A 2 0 0 0 0 0 0 22 15 0 0 0 A A 1 21UlBeGr_syms_l82
770.62382 0.0025 0 1 0 0 0 0 21 15 0 0 0 A A 1 0 0 0 0 0 0 22 15 0 0 0 A A 2 21UlBeGr_syms_l83
770.87618 0.0025 0 1 0 0 0 0 19 0 0 0 0 A A 2 0 0 0 0 0 0 20 0 0 0 0 A A 1 21UlBeGr_syms_l84
770.97813 0.0025 0 1 0 0 0 0 19 1 0 0 0 E A 3 0 0 0 0 0 0 20 1 0 0 0 E A 3 21UlBeGr_syms_l85
770.99639 0.0025 0 1 0 0 0 0 18 8 0 0 0 E A 3 0 0 0 0 0 0 19 5 0 0 0 E A 3 21UlBeGr_syms_l86
771.28626 0.0025 0 1 0 0 0 0 19 2 0 0 0 E A 3 0 0 0 0 0 0 20 2 0 0 0 E A 3 21UlBeGr_syms_l87
771.42783 0.0025 0 1 0 0 0 0 20 11 0 0 0 E A 3 0 0 0 0 0 0 21 11 0 0 0 E A 3 21UlBeGr_syms_l88
771.67657 0.0025 0 1 0 0 0 0 19 3 0 0 0 A A 2 0 0 0 0 0 0 20 3 0 0 0 A A 1 21UlBeGr_syms_l89
771.89835 0.0025 0 1 0 0 0 0 19 3 0 0 0 A A 1 0 0 0 0 0 0 20 3 0 0 0 A A 2 21UlBeGr_syms_l90
772.29399 0.0025 0 1 0 0 0 0 18 7 0 0 0 E A 3 0 0 0 0 0 0 19 4 0 0 0 E A 3 21UlBeGr_syms_l91
772.3864 0.0025 0 1 0 0 0 0 19 1 0 0 0 E A 3 0 0 0 0 0 0 20 2 0 0 0 E A 3 21UlBeGr_syms_l92
772.4976 0.0025 0 1 0 0 0 0 19 4 0 0 0 E A 3 0 0 0 0 0 0 20 4 0 0 0 E A 3 21UlBeGr_syms_l93
773.43423 0.0025 0 1 0 0 0 0 19 5 0 0 0 E A 3 0 0 0 0 0 0 20 5 0 0 0 E A 3 21UlBeGr_syms_l94
773.72273 0.0025 0 1 0 0 0 0 18 6 0 0 0 A A 2 0 0 0 0 0 0 19 3 0 0 0 A A 1 21UlBeGr_syms_l95
774.02599 0.0025 0 1 0 0 0 0 20 12 0 0 0 A A 1 0 0 0 0 0 0 21 12 0 0 0 A A 2 21UlBeGr_syms_l96
774.02599 0.0025 0 1 0 0 0 0 20 12 0 0 0 A A 2 0 0 0 0 0 0 21 12 0 0 0 A A 1 21UlBeGr_syms_l97
774.42979 0.0025 0 1 0 0 0 0 21 16 0 0 0 E A 3 0 0 0 0 0 0 22 16 0 0 0 E A 3 21UlBeGr_syms_l98
774.58686 0.0025 0 1 0 0 0 0 19 6 0 0 0 A A 2 0 0 0 0 0 0 20 6 0 0 0 A A 1 21UlBeGr_syms_l99
774.59145 0.0025 0 1 0 0 0 0 19 6 0 0 0 A A 1 0 0 0 0 0 0 20 6 0 0 0 A A 2 21UlBeGr_syms_l100
775.20906 0.0025 0 1 0 0 0 0 19 0 0 0 0 A A 2 0 0 0 0 0 0 20 3 0 0 0 A A 1 21UlBeGr_syms_l101
775.973 0.0025 0 1 0 0 0 0 19 7 0 0 0 E A 3 0 0 0 0 0 0 20 7 0 0 0 E A 3 21UlBeGr_syms_l102
775.99612 0.0025 0 1 0 0 0 0 20 4 0 0 0 E A 3 0 0 0 0 0 0 21 7 0 0 0 E A 3 21UlBeGr_syms_l103
776.93978 0.0025 0 1 0 0 0 0 20 13 0 0 0 E A 3 0 0 0 0 0 0 21 13 0 0 0 E A 3 21UlBeGr_syms_l104
777.40838 0.0025 0 1 0 0 0 0 18 4 0 0 0 E A 3 0 0 0 0 0 0 19 1 0 0 0 E A 3 21UlBeGr_syms_l105
777.59725 0.0025 0 1 0 0 0 0 19 8 0 0 0 E A 3 0 0 0 0 0 0 20 8 0 0 0 E A 3 21UlBeGr_syms_l106
778.04816 0.0025 0 1 0 0 0 0 19 1 0 0 0 E A 3 0 0 0 0 0 0 20 4 0 0 0 E A 3 21UlBeGr_syms_l107
778.73079 0.0025 0 1 0 0 0 0 21 17 0 0 0 E A 3 0 0 0 0 0 0 22 17 0 0 0 E A 3 21UlBeGr_syms_l108
-779.36576 0.0025 0 1 0 0 0 0 18 3 0 0 0 A A 2 0 0 0 0 0 0 19 0 0 0 0 A A 1 21UlBeGr_syms_l109
779.48469 0.0025 0 1 0 0 0 0 19 9 0 0 0 A A 1 0 0 0 0 0 0 20 9 0 0 0 A A 2 21UlBeGr_syms_l110
779.48469 0.0025 0 1 0 0 0 0 19 9 0 0 0 A A 2 0 0 0 0 0 0 20 9 0 0 0 A A 1 21UlBeGr_syms_l111
779.82682 0.0025 0 1 0 0 0 0 20 5 0 0 0 E A 3 0 0 0 0 0 0 21 8 0 0 0 E A 3 21UlBeGr_syms_l112
780.38041 0.0025 0 1 0 0 0 0 20 14 0 0 0 E A 3 0 0 0 0 0 0 21 14 0 0 0 E A 3 21UlBeGr_syms_l113
780.64422 0.0025 0 1 0 0 0 0 17 12 0 0 0 A A 1 0 0 0 0 0 0 18 9 0 0 0 A A 2 21UlBeGr_syms_l114
780.64422 0.0025 0 1 0 0 0 0 17 12 0 0 0 A A 2 0 0 0 0 0 0 18 9 0 0 0 A A 1 21UlBeGr_syms_l115
780.7687 0.0025 0 1 0 0 0 0 17 13 0 0 0 E A 3 0 0 0 0 0 0 18 10 0 0 0 E A 3 21UlBeGr_syms_l116
781.21251 0.0025 0 1 0 0 0 0 19 2 0 0 0 E A 3 0 0 0 0 0 0 20 5 0 0 0 E A 3 21UlBeGr_syms_l117
781.35877 0.0025 0 1 0 0 0 0 17 10 0 0 0 E A 3 0 0 0 0 0 0 18 7 0 0 0 E A 3 21UlBeGr_syms_l118
781.62584 0.0025 0 1 0 0 0 0 19 10 0 0 0 E A 3 0 0 0 0 0 0 20 10 0 0 0 E A 3 21UlBeGr_syms_l119
781.85487 0.0025 0 1 0 0 0 0 18 2 0 0 0 E A 3 0 0 0 0 0 0 19 1 0 0 0 E A 3 21UlBeGr_syms_l120
782.12286 0.0025 0 1 0 0 0 0 17 9 0 0 0 A A 2 0 0 0 0 0 0 18 6 0 0 0 A A 1 21UlBeGr_syms_l121
782.12286 0.0025 0 1 0 0 0 0 17 9 0 0 0 A A 1 0 0 0 0 0 0 18 6 0 0 0 A A 2 21UlBeGr_syms_l122
782.2597 0.0025 0 1 0 0 0 0 17 15 0 0 0 A A 1 0 0 0 0 0 0 18 12 0 0 0 A A 2 21UlBeGr_syms_l123
782.2597 0.0025 0 1 0 0 0 0 17 15 0 0 0 A A 2 0 0 0 0 0 0 18 12 0 0 0 A A 1 21UlBeGr_syms_l124
-782.85174 0.0025 0 1 0 0 0 0 18 0 0 0 0 A A 2 0 0 0 0 0 0 19 0 0 0 0 A A 1 21UlBeGr_syms_l125
782.95833 0.0025 0 1 0 0 0 0 18 1 0 0 0 E A 3 0 0 0 0 0 0 19 1 0 0 0 E A 3 21UlBeGr_syms_l126
-783.13025 0.0025 0 1 0 0 0 0 17 8 0 0 0 E A 3 0 0 0 0 0 0 18 5 0 0 0 E A 3 21UlBeGr_syms_l127
783.28 0.0025 0 1 0 0 0 0 18 2 0 0 0 E A 3 0 0 0 0 0 0 19 2 0 0 0 E A 3 21UlBeGr_syms_l128
783.57389 0.0025 0 1 0 0 0 0 21 18 0 0 0 A A 2 0 0 0 0 0 0 22 18 0 0 0 A A 1 21UlBeGr_syms_l129
783.57389 0.0025 0 1 0 0 0 0 21 18 0 0 0 A A 1 0 0 0 0 0 0 22 18 0 0 0 A A 2 21UlBeGr_syms_l130
783.72146 0.0025 0 1 0 0 0 0 18 3 0 0 0 A A 1 0 0 0 0 0 0 19 3 0 0 0 A A 2 21UlBeGr_syms_l131
783.898 0.0025 0 1 0 0 0 0 18 3 0 0 0 A A 2 0 0 0 0 0 0 19 3 0 0 0 A A 1 21UlBeGr_syms_l132
783.9125 0.0025 0 1 0 0 0 0 20 6 0 0 0 A A 1 0 0 0 0 0 0 21 9 0 0 0 A A 2 21UlBeGr_syms_l133
783.92168 0.0025 0 1 0 0 0 0 20 6 0 0 0 A A 2 0 0 0 0 0 0 21 9 0 0 0 A A 1 21UlBeGr_syms_l134
783.93063 0.0025 0 1 0 0 0 0 20 15 0 0 0 A A 1 0 0 0 0 0 0 21 15 0 0 0 A A 2 21UlBeGr_syms_l135
783.93063 0.0025 0 1 0 0 0 0 20 15 0 0 0 A A 2 0 0 0 0 0 0 21 15 0 0 0 A A 1 21UlBeGr_syms_l136
784.06703 0.0025 0 1 0 0 0 0 19 11 0 0 0 E A 3 0 0 0 0 0 0 20 11 0 0 0 E A 3 21UlBeGr_syms_l137
-784.36991 0.0025 0 1 0 0 0 0 17 7 0 0 0 E A 3 0 0 0 0 0 0 18 4 0 0 0 E A 3 21UlBeGr_syms_l138
784.38363 0.0025 0 1 0 0 0 0 18 1 0 0 0 E A 3 0 0 0 0 0 0 19 2 0 0 0 E A 3 21UlBeGr_syms_l139
784.38685 0.0025 0 1 0 0 0 0 19 3 0 0 0 A A 2 0 0 0 0 0 0 20 6 0 0 0 A A 1 21UlBeGr_syms_l140
784.80794 0.0025 0 1 0 0 0 0 19 3 0 0 0 A A 1 0 0 0 0 0 0 20 6 0 0 0 A A 2 21UlBeGr_syms_l142
-784.55908 0.0025 0 1 0 0 0 0 18 4 0 0 0 E A 3 0 0 0 0 0 0 19 4 0 0 0 E A 3 21UlBeGr_syms_l141
784.8213 0.0025 0 1 0 0 0 0 21 0 0 0 0 A A 2 0 0 0 0 0 0 22 9 0 0 0 A A 1 21UlBeGr_syms_l143
785.21544 0.0025 0 1 0 0 0 0 21 9 0 0 0 A A 1 0 0 0 0 0 0 22 12 0 0 0 A A 2 21UlBeGr_syms_l144
785.21544 0.0025 0 1 0 0 0 0 21 9 0 0 0 A A 2 0 0 0 0 0 0 22 12 0 0 0 A A 1 21UlBeGr_syms_l145
785.77707 0.0025 0 1 0 0 0 0 17 6 0 0 0 A A 2 0 0 0 0 0 0 18 3 0 0 0 A A 1 21UlBeGr_syms_l146
785.88368 0.0025 0 1 0 0 0 0 17 6 0 0 0 A A 1 0 0 0 0 0 0 18 3 0 0 0 A A 2 21UlBeGr_syms_l147
786.75337 0.0025 0 1 0 0 0 0 18 6 0 0 0 A A 1 0 0 0 0 0 0 19 6 0 0 0 A A 2 21UlBeGr_syms_l148
786.7556 0.0025 0 1 0 0 0 0 18 6 0 0 0 A A 2 0 0 0 0 0 0 19 6 0 0 0 A A 1 21UlBeGr_syms_l149
786.82553 0.0025 0 1 0 0 0 0 19 12 0 0 0 A A 2 0 0 0 0 0 0 20 12 0 0 0 A A 1 21UlBeGr_syms_l150
786.82553 0.0025 0 1 0 0 0 0 19 12 0 0 0 A A 1 0 0 0 0 0 0 20 12 0 0 0 A A 2 21UlBeGr_syms_l151
787.20746 0.0025 0 1 0 0 0 0 18 0 0 0 0 A A 1 0 0 0 0 0 0 19 3 0 0 0 A A 2 21UlBeGr_syms_l152
-787.50763 0.0025 0 1 0 0 0 0 17 5 0 0 0 E A 3 0 0 0 0 0 0 18 2 0 0 0 E A 3 21UlBeGr_syms_l153
788.068 0.0025 0 1 0 0 0 0 20 16 0 0 0 E A 3 0 0 0 0 0 0 21 16 0 0 0 E A 3 21UlBeGr_syms_l154
788.21046 0.0025 0 1 0 0 0 0 18 7 0 0 0 E A 3 0 0 0 0 0 0 19 7 0 0 0 E A 3 21UlBeGr_syms_l155
788.22969 0.0025 0 1 0 0 0 0 19 4 0 0 0 E A 3 0 0 0 0 0 0 20 7 0 0 0 E A 3 21UlBeGr_syms_l156
788.28756 0.0025 0 1 0 0 0 0 20 7 0 0 0 E A 3 0 0 0 0 0 0 21 10 0 0 0 E A 3 21UlBeGr_syms_l157
788.68777 0.0025 0 1 0 0 0 0 22 12 0 0 0 A A 1 0 0 0 0 0 0 23 15 0 0 0 A A 2 21UlBeGr_syms_l158
788.68777 0.0025 0 1 0 0 0 0 22 12 0 0 0 A A 2 0 0 0 0 0 0 23 15 0 0 0 A A 1 21UlBeGr_syms_l159
-788.89883 0.0025 0 1 0 0 0 0 21 19 0 0 0 E A 3 0 0 0 0 0 0 22 19 0 0 0 E A 3 21UlBeGr_syms_l160
789.39935 0.0025 0 1 0 0 0 0 17 4 0 0 0 E A 3 0 0 0 0 0 0 18 1 0 0 0 E A 3 21UlBeGr_syms_l161
-789.92164 0.0025 0 1 0 0 0 0 18 8 0 0 0 E A 3 0 0 0 0 0 0 19 8 0 0 0 E A 3 21UlBeGr_syms_l162
-790.10906 0.0025 0 1 0 0 0 0 18 1 0 0 0 E A 3 0 0 0 0 0 0 19 4 0 0 0 E A 3 21UlBeGr_syms_l163
791.38791 0.0025 0 1 0 0 0 0 17 3 0 0 0 A A 2 0 0 0 0 0 0 18 0 0 0 0 A A 1 21UlBeGr_syms_l164
791.90401 0.0025 0 1 0 0 0 0 18 9 0 0 0 A A 2 0 0 0 0 0 0 19 9 0 0 0 A A 1 21UlBeGr_syms_l165
791.90401 0.0025 0 1 0 0 0 0 18 9 0 0 0 A A 1 0 0 0 0 0 0 19 9 0 0 0 A A 2 21UlBeGr_syms_l166
-792.0548 0.0025 0 0 0 1 0 1 25 14 0 1 1 E E 2 0 0 0 0 0 0 26 6 0 0 0 A A 1 21UlBeGr_syms_l167
792.13899 0.0025 0 1 0 0 0 0 19 5 0 0 0 E A 3 0 0 0 0 0 0 20 8 0 0 0 E A 3 21UlBeGr_syms_l168
792.75341 0.0025 0 1 0 0 0 0 20 17 0 0 0 E A 3 0 0 0 0 0 0 21 17 0 0 0 E A 3 21UlBeGr_syms_l169
792.95902 0.0025 0 1 0 0 0 0 20 8 0 0 0 E A 3 0 0 0 0 0 0 21 11 0 0 0 E A 3 21UlBeGr_syms_l170
793.30082 0.0025 0 1 0 0 0 0 16 12 0 0 0 A A 1 0 0 0 0 0 0 17 9 0 0 0 A A 2 21UlBeGr_syms_l171
793.30082 0.0025 0 1 0 0 0 0 16 12 0 0 0 A A 2 0 0 0 0 0 0 17 9 0 0 0 A A 1 21UlBeGr_syms_l172
793.32039 0.0025 0 1 0 0 0 0 18 2 0 0 0 E A 3 0 0 0 0 0 0 19 5 0 0 0 E A 3 21UlBeGr_syms_l173
-793.33914 0.0025 0 1 0 0 0 0 16 11 0 0 0 E A 3 0 0 0 0 0 0 17 8 0 0 0 E A 3 21UlBeGr_syms_l174
793.46171 0.0025 0 1 0 0 0 0 19 14 0 0 0 E A 3 0 0 0 0 0 0 20 14 0 0 0 E A 3 21UlBeGr_syms_l175
793.64018 0.0025 0 1 0 0 0 0 20 3 0 0 0 A A 1 0 0 0 0 0 0 21 9 0 0 0 A A 2 21UlBeGr_syms_l176
793.64018 0.0025 0 1 0 0 0 0 16 13 0 0 0 E A 3 0 0 0 0 0 0 17 10 0 0 0 E A 3 21UlBeGr_syms_l177
-793.70493 0.0025 0 1 0 0 0 0 16 10 0 0 0 E A 3 0 0 0 0 0 0 17 7 0 0 0 E A 3 21UlBeGr_syms_l178
793.84088 0.0025 0 1 0 0 0 0 17 2 0 0 0 E A 3 0 0 0 0 0 0 18 1 0 0 0 E A 3 21UlBeGr_syms_l179
794.17651 0.0025 0 1 0 0 0 0 18 10 0 0 0 E A 3 0 0 0 0 0 0 19 10 0 0 0 E A 3 21UlBeGr_syms_l180
794.3625 0.0025 0 1 0 0 0 0 16 9 0 0 0 A A 1 0 0 0 0 0 0 17 6 0 0 0 A A 2 21UlBeGr_syms_l181
794.3625 0.0025 0 1 0 0 0 0 16 9 0 0 0 A A 1 0 0 0 0 0 0 17 6 0 0 0 A A 2 21UlBeGr_syms_l182
794.83433 0.0025 0 1 0 0 0 0 17 0 0 0 0 A A 2 0 0 0 0 0 0 18 0 0 0 0 A A 1 21UlBeGr_syms_l183
794.94578 0.0025 0 1 0 0 0 0 17 1 0 0 0 E A 3 0 0 0 0 0 0 18 1 0 0 0 E A 3 21UlBeGr_syms_l184
-795.28205 0.0025 0 1 0 0 0 0 17 2 0 0 0 E A 3 0 0 0 0 0 0 18 2 0 0 0 E A 3 21UlBeGr_syms_l185
-795.77105 0.0025 0 1 0 0 0 0 17 3 0 0 0 A A 2 0 0 0 0 0 0 18 3 0 0 0 A A 1 21UlBeGr_syms_l186
795.80245 0.0025 0 1 0 0 0 0 16 15 0 0 0 A A 1 0 0 0 0 0 0 17 12 0 0 0 A A 2 21UlBeGr_syms_l187
795.80245 0.0025 0 1 0 0 0 0 16 15 0 0 0 A A 2 0 0 0 0 0 0 17 12 0 0 0 A A 1 21UlBeGr_syms_l188
795.90938 0.0025 0 1 0 0 0 0 17 3 0 0 0 A A 1 0 0 0 0 0 0 18 3 0 0 0 A A 2 21UlBeGr_syms_l189
795.95064 0.0025 0 1 0 0 0 0 21 11 0 0 0 E A 3 0 0 0 0 0 0 22 14 0 0 0 E A 3 21UlBeGr_syms_l190
796.31934 0.0025 0 1 0 0 0 0 19 6 0 0 0 A A 1 0 0 0 0 0 0 20 9 0 0 0 A A 1 21UlBeGr_syms_l191
796.32513 0.0025 0 1 0 0 0 0 19 6 0 0 0 A A 1 0 0 0 0 0 0 20 9 0 0 0 A A 2 21UlBeGr_syms_l192
-796.38694 0.0025 0 1 0 0 0 0 17 1 0 0 0 E A 3 0 0 0 0 0 0 18 2 0 0 0 E A 3 21UlBeGr_syms_l193
796.46145 0.0025 0 1 0 0 0 0 16 7 0 0 0 E A 3 0 0 0 0 0 0 17 4 0 0 0 E A 3 21UlBeGr_syms_l194
796.60642 0.0025 0 1 0 0 0 0 18 3 0 0 0 A A 1 0 0 0 0 0 0 19 6 0 0 0 A A 2 21UlBeGr_syms_l195
-796.62907 0.0025 0 1 0 0 0 0 17 4 0 0 0 E A 3 0 0 0 0 0 0 18 4 0 0 0 E A 3 21UlBeGr_syms_l196
-796.76405 0.0025 0 1 0 0 0 0 18 11 0 0 0 E A 3 0 0 0 0 0 0 19 11 0 0 0 E A 3 21UlBeGr_syms_l197
796.93136 0.0025 0 1 0 0 0 0 18 3 0 0 0 A A 2 0 0 0 0 0 0 19 6 0 0 0 A A 1 21UlBeGr_syms_l198
797.41644 0.0025 0 1 0 0 0 0 19 15 0 0 0 A A 1 0 0 0 0 0 0 20 15 0 0 0 A A 2 21UlBeGr_syms_l199
797.41644 0.0025 0 1 0 0 0 0 19 15 0 0 0 A A 2 0 0 0 0 0 0 20 15 0 0 0 A A 1 21UlBeGr_syms_l200
-797.65952 0.0025 0 1 0 0 0 0 17 5 0 0 0 E A 3 0 0 0 0 0 0 18 5 0 0 0 E A 3 21UlBeGr_syms_l201
797.83591 0.0025 0 1 0 0 0 0 16 6 0 0 0 A A 2 0 0 0 0 0 0 17 3 0 0 0 A A 1 21UlBeGr_syms_l202
-797.91275 0.0025 0 1 0 0 0 0 16 6 0 0 0 A A 1 0 0 0 0 0 0 17 3 0 0 0 A A 2 21UlBeGr_syms_l203
797.95227 0.0025 0 1 0 0 0 0 20 9 0 0 0 A A 1 0 0 0 0 0 0 21 12 0 0 0 A A 2 21UlBeGr_syms_l204
797.95227 0.0025 0 1 0 0 0 0 20 9 0 0 0 A A 2 0 0 0 0 0 0 21 12 0 0 0 A A 1 21UlBeGr_syms_l205
798.07895 0.0025 0 1 0 0 0 0 20 18 0 0 0 A A 1 0 0 0 0 0 0 21 18 0 0 0 A A 2 21UlBeGr_syms_l206
798.07895 0.0025 0 1 0 0 0 0 20 18 0 0 0 A A 2 0 0 0 0 0 0 21 18 0 0 0 A A 1 21UlBeGr_syms_l207
798.9348 0.0025 0 1 0 0 0 0 17 6 0 0 0 A A 2 0 0 0 0 0 0 18 6 0 0 0 A A 1 21UlBeGr_syms_l208
798.9348 0.0025 0 1 0 0 0 0 17 6 0 0 0 A A 1 0 0 0 0 0 0 18 6 0 0 0 A A 2 21UlBeGr_syms_l209
-799.21732 0.0025 0 1 0 0 0 0 17 0 0 0 0 A A 1 0 0 0 0 0 0 18 3 0 0 0 A A 2 21UlBeGr_syms_l210
799.51872 0.0025 0 1 0 0 0 0 16 5 0 0 0 E A 3 0 0 0 0 0 0 17 2 0 0 0 E A 3 21UlBeGr_syms_l211
799.69704 0.0025 0 1 0 0 0 0 18 12 0 0 0 A A 1 0 0 0 0 0 0 19 12 0 0 0 A A 2 21UlBeGr_syms_l212
799.69704 0.0025 0 1 0 0 0 0 18 12 0 0 0 A A 2 0 0 0 0 0 0 19 12 0 0 0 A A 1 21UlBeGr_syms_l213
-800.46681 0.0025 0 1 0 0 0 0 17 7 0 0 0 E A 3 0 0 0 0 0 0 18 7 0 0 0 E A 3 21UlBeGr_syms_l214
-800.4761 0.0025 0 1 0 0 0 0 18 4 0 0 0 E A 3 0 0 0 0 0 0 19 7 0 0 0 E A 3 21UlBeGr_syms_l215
800.7999 0.0025 0 1 0 0 0 0 19 7 0 0 0 E A 3 0 0 0 0 0 0 20 10 0 0 0 E A 3 21UlBeGr_syms_l216
801.39091 0.0025 0 1 0 0 0 0 16 4 0 0 0 E A 3 0 0 0 0 0 0 17 1 0 0 0 E A 3 21UlBeGr_syms_l217
801.87933 0.0025 0 1 0 0 0 0 21 12 0 0 0 A A 1 0 0 0 0 0 0 22 15 0 0 0 A A 2 21UlBeGr_syms_l218
801.87933 0.0025 0 1 0 0 0 0 21 12 0 0 0 A A 2 0 0 0 0 0 0 22 15 0 0 0 A A 1 21UlBeGr_syms_l219
801.90925 0.0025 0 1 0 0 0 0 19 16 0 0 0 E A 3 0 0 0 0 0 0 20 16 0 0 0 E A 3 21UlBeGr_syms_l220
-802.17568 0.0025 0 1 0 0 0 0 17 1 0 0 0 E A 3 0 0 0 0 0 0 18 4 0 0 0 E A 3 21UlBeGr_syms_l221
-802.26947 0.0025 0 1 0 0 0 0 17 8 0 0 0 E A 3 0 0 0 0 0 0 18 8 0 0 0 E A 3 21UlBeGr_syms_l222
803.03586 0.0025 0 1 0 0 0 0 18 13 0 0 0 E A 3 0 0 0 0 0 0 19 13 0 0 0 E A 3 21UlBeGr_syms_l223
803.2963 0.0025 0 1 0 0 0 0 20 10 0 0 0 E A 3 0 0 0 0 0 0 21 13 0 0 0 E A 3 21UlBeGr_syms_l224
-803.40111 0.0025 0 1 0 0 0 0 16 3 0 0 0 A A 2 0 0 0 0 0 0 17 0 0 0 0 A A 1 21UlBeGr_syms_l225
804.36296 0.0025 0 1 0 0 0 0 17 9 0 0 0 A A 1 0 0 0 0 0 0 18 9 0 0 0 A A 2 21UlBeGr_syms_l226
804.36296 0.0025 0 1 0 0 0 0 17 9 0 0 0 A A 2 0 0 0 0 0 0 18 9 0 0 0 A A 1 21UlBeGr_syms_l227
-804.70283 0.0025 0 1 0 0 0 0 20 19 0 0 0 E A 3 0 0 0 0 0 0 21 19 0 0 0 E A 3 21UlBeGr_syms_l228
-805.43395 0.0025 0 1 0 0 0 0 17 2 0 0 0 E A 3 0 0 0 0 0 0 18 5 0 0 0 E A 3 21UlBeGr_syms_l229
805.59369 0.0025 0 1 0 0 0 0 19 8 0 0 0 E A 3 0 0 0 0 0 0 20 11 0 0 0 E A 3 21UlBeGr_syms_l230
805.82466 0.0025 0 1 0 0 0 0 16 2 0 0 0 E A 3 0 0 0 0 0 0 17 1 0 0 0 E A 3 21UlBeGr_syms_l231
-805.87109 0.0025 0 1 0 0 0 0 15 11 0 0 0 E A 3 0 0 0 0 0 0 16 8 0 0 0 E A 3 21UlBeGr_syms_l232
806.02658 0.0025 0 1 0 0 0 0 15 12 0 0 0 A A 2 0 0 0 0 0 0 16 9 0 0 0 A A 1 21UlBeGr_syms_l233
806.02658 0.0025 0 1 0 0 0 0 15 12 0 0 0 A A 1 0 0 0 0 0 0 16 9 0 0 0 A A 2 21UlBeGr_syms_l234
-806.02658 0.0025 0 1 0 0 0 0 18 1 0 0 0 E A 3 0 0 0 0 0 0 19 7 0 0 0 E A 3 21UlBeGr_syms_l235
-806.08492 0.0025 0 1 0 0 0 0 15 10 0 0 0 E A 3 0 0 0 0 0 0 16 7 0 0 0 E A 3 21UlBeGr_syms_l236
806.61725 0.0025 0 1 0 0 0 0 15 13 0 0 0 E A 3 0 0 0 0 0 0 16 10 0 0 0 E A 3 21UlBeGr_syms_l237
806.62322 0.0025 0 1 0 0 0 0 15 9 0 0 0 A A 1 0 0 0 0 0 0 16 6 0 0 0 A A 2 21UlBeGr_syms_l238
806.62322 0.0025 0 1 0 0 0 0 15 9 0 0 0 A A 2 0 0 0 0 0 0 16 6 0 0 0 A A 1 21UlBeGr_syms_l239
806.7676 0.0025 0 1 0 0 0 0 17 10 0 0 0 E A 3 0 0 0 0 0 0 18 10 0 0 0 E A 3 21UlBeGr_syms_l240
806.78902 0.0025 0 1 0 0 0 0 18 14 0 0 0 E A 3 0 0 0 0 0 0 19 14 0 0 0 E A 3 21UlBeGr_syms_l241
-806.81243 0.0025 0 1 0 0 0 0 16 0 0 0 0 A A 2 0 0 0 0 0 0 17 0 0 0 0 A A 1 21UlBeGr_syms_l242
806.92937 0.0025 0 1 0 0 0 0 16 1 0 0 0 E A 3 0 0 0 0 0 0 17 1 0 0 0 E A 3 21UlBeGr_syms_l243
807.05376 0.0025 0 1 0 0 0 0 19 17 0 0 0 E A 3 0 0 0 0 0 0 20 17 0 0 0 E A 3 21UlBeGr_syms_l244
807.28134 0.0025 0 1 0 0 0 0 16 2 0 0 0 E A 3 0 0 0 0 0 0 17 2 0 0 0 E A 3 21UlBeGr_syms_l245
807.45457 0.0025 0 1 0 0 0 0 15 8 0 0 0 E A 3 0 0 0 0 0 0 16 5 0 0 0 E A 3 21UlBeGr_syms_l246
-807.81508 0.0025 0 1 0 0 0 0 16 3 0 0 0 A A 1 0 0 0 0 0 0 17 3 0 0 0 A A 2 21UlBeGr_syms_l247
807.92153 0.0025 0 1 0 0 0 0 16 3 0 0 0 A A 2 0 0 0 0 0 0 17 3 0 0 0 A A 1 21UlBeGr_syms_l248
808.22292 0.0025 0 1 0 0 0 0 21 13 0 0 0 E A 3 0 0 0 0 0 0 22 16 0 0 0 E A 3 21UlBeGr_syms_l249
808.38572 0.0025 0 1 0 0 0 0 16 1 0 0 0 E A 3 0 0 0 0 0 0 17 2 0 0 0 E A 3 21UlBeGr_syms_l250
808.55728 0.0025 0 1 0 0 0 0 15 7 0 0 0 E A 3 0 0 0 0 0 0 16 4 0 0 0 E A 3 21UlBeGr_syms_l251
808.6977 0.0025 0 1 0 0 0 0 16 4 0 0 0 E A 3 0 0 0 0 0 0 17 4 0 0 0 E A 3 21UlBeGr_syms_l252
808.74304 0.0025 0 1 0 0 0 0 18 6 0 0 0 A A 1 0 0 0 0 0 0 19 9 0 0 0 A A 2 21UlBeGr_syms_l253
808.7462 0.0025 0 1 0 0 0 0 18 6 0 0 0 A A 2 0 0 0 0 0 0 19 9 0 0 0 A A 1 21UlBeGr_syms_l254
808.82149 0.0025 0 1 0 0 0 0 17 3 0 0 0 A A 2 0 0 0 0 0 0 18 6 0 0 0 A A 1 21UlBeGr_syms_l255
809.0138 0.0025 0 1 0 0 0 0 20 11 0 0 0 E A 3 0 0 0 0 0 0 21 14 0 0 0 E A 3 21UlBeGr_syms_l256
-809.06806 0.0025 0 1 0 0 0 0 17 3 0 0 0 A A 1 0 0 0 0 0 0 18 6 0 0 0 A A 2 21UlBeGr_syms_l257
809.51398 0.0025 0 1 0 0 0 0 17 11 0 0 0 E A 3 0 0 0 0 0 0 18 11 0 0 0 E A 3 21UlBeGr_syms_l258
809.7793 0.0025 0 1 0 0 0 0 16 5 0 0 0 E A 3 0 0 0 0 0 0 17 5 0 0 0 E A 3 21UlBeGr_syms_l259
809.88948 0.0025 0 1 0 0 0 0 15 6 0 0 0 A A 1 0 0 0 0 0 0 16 3 0 0 0 A A 2 21UlBeGr_syms_l260
809.94362 0.0025 0 1 0 0 0 0 15 6 0 0 0 A A 2 0 0 0 0 0 0 16 3 0 0 0 A A 1 21UlBeGr_syms_l261
810.73639 0.0025 0 1 0 0 0 0 19 9 0 0 0 A A 1 0 0 0 0 0 0 20 12 0 0 0 A A 2 21UlBeGr_syms_l262
810.73639 0.0025 0 1 0 0 0 0 19 9 0 0 0 A A 2 0 0 0 0 0 0 20 12 0 0 0 A A 1 21UlBeGr_syms_l263
811.06861 0.0025 0 1 0 0 0 0 18 15 0 0 0 A A 1 0 0 0 0 0 0 19 15 0 0 0 A A 2 21UlBeGr_syms_l264
811.06861 0.0025 0 1 0 0 0 0 18 15 0 0 0 A A 2 0 0 0 0 0 0 19 15 0 0 0 A A 1 21UlBeGr_syms_l265
811.11981 0.0025 0 1 0 0 0 0 16 6 0 0 0 A A 1 0 0 0 0 0 0 17 6 0 0 0 A A 2 21UlBeGr_syms_l266
811.11981 0.0025 0 1 0 0 0 0 16 6 0 0 0 A A 2 0 0 0 0 0 0 17 6 0 0 0 A A 1 21UlBeGr_syms_l267
-811.2267 0.0025 0 1 0 0 0 0 16 0 0 0 0 A A 1 0 0 0 0 0 0 17 3 0 0 0 A A 2 21UlBeGr_syms_l268
811.52321 0.0025 0 1 0 0 0 0 15 5 0 0 0 E A 3 0 0 0 0 0 0 16 2 0 0 0 E A 3 21UlBeGr_syms_l269
812.52322 0.0025 0 0 0 1 0 1 21 20 0 1 1 E E 2 0 0 0 0 0 0 22 18 0 0 0 A A 1 21UlBeGr_syms_l270
812.52322 0.0025 0 0 0 1 0 1 21 20 0 1 1 E E 1 0 0 0 0 0 0 22 18 0 0 0 A A 2 21UlBeGr_syms_l271
812.63659 0.0025 0 1 0 0 0 0 17 12 0 0 0 A A 1 0 0 0 0 0 0 18 12 0 0 0 A A 2 21UlBeGr_syms_l272
812.63659 0.0025 0 1 0 0 0 0 17 12 0 0 0 A A 2 0 0 0 0 0 0 18 12 0 0 0 A A 1 21UlBeGr_syms_l273
-812.73249 0.0025 0 1 0 0 0 0 16 7 0 0 0 E A 3 0 0 0 0 0 0 17 7 0 0 0 E A 3 21UlBeGr_syms_l274
813.20726 0.0025 0 1 0 0 0 0 19 18 0 0 0 A A 1 0 0 0 0 0 0 20 18 0 0 0 A A 2 21UlBeGr_syms_l275
813.20726 0.0025 0 1 0 0 0 0 19 18 0 0 0 A A 2 0 0 0 0 0 0 20 18 0 0 0 A A 1 21UlBeGr_syms_l276
813.33273 0.0025 0 1 0 0 0 0 18 7 0 0 0 E A 3 0 0 0 0 0 0 19 10 0 0 0 E A 3 21UlBeGr_syms_l277
-813.37188 0.0025 0 1 0 0 0 0 15 4 0 0 0 E A 3 0 0 0 0 0 0 16 1 0 0 0 E A 3 21UlBeGr_syms_l278
814.23627 0.0025 0 1 0 0 0 0 16 1 0 0 0 E A 3 0 0 0 0 0 0 17 4 0 0 0 E A 3 21UlBeGr_syms_l279
814.63384 0.0025 0 1 0 0 0 0 16 8 0 0 0 E A 3 0 0 0 0 0 0 17 8 0 0 0 E A 3 21UlBeGr_syms_l280
814.99464 0.0025 0 1 0 0 0 0 21 14 0 0 0 E A 3 0 0 0 0 0 0 22 17 0 0 0 E A 3 21UlBeGr_syms_l281
815.13846 0.0025 0 1 0 0 0 0 20 12 0 0 0 A A 2 0 0 0 0 0 0 21 15 0 0 0 A A 1 21UlBeGr_syms_l282
-815.39495 0.0025 0 1 0 0 0 0 15 3 0 0 0 A A 2 0 0 0 0 0 0 16 0 0 0 0 A A 1 21UlBeGr_syms_l283
815.97628 0.0025 0 1 0 0 0 0 18 16 0 0 0 E A 3 0 0 0 0 0 0 19 16 0 0 0 E A 3 21UlBeGr_syms_l284
816.19632 0.0025 0 1 0 0 0 0 17 13 0 0 0 E A 3 0 0 0 0 0 0 18 13 0 0 0 E A 3 21UlBeGr_syms_l285
816.22854 0.0025 0 1 0 0 0 0 19 10 0 0 0 E A 3 0 0 0 0 0 0 20 13 0 0 0 E A 3 21UlBeGr_syms_l286
-816.79889 0.0025 0 1 0 0 0 0 17 5 0 0 0 E A 3 0 0 0 0 0 0 18 8 0 0 0 E A 3 21UlBeGr_syms_l287
816.84473 0.0025 0 1 0 0 0 0 16 9 0 0 0 A A 1 0 0 0 0 0 0 17 9 0 0 0 A A 2 21UlBeGr_syms_l288
816.84473 0.0025 0 1 0 0 0 0 16 9 0 0 0 A A 2 0 0 0 0 0 0 17 9 0 0 0 A A 1 21UlBeGr_syms_l289
817.54206 0.0025 0 1 0 0 0 0 16 2 0 0 0 E A 3 0 0 0 0 0 0 17 5 0 0 0 E A 3 21UlBeGr_syms_l290
817.79402 0.0025 0 1 0 0 0 0 15 2 0 0 0 E A 3 0 0 0 0 0 0 16 1 0 0 0 E A 3 21UlBeGr_syms_l291
818.25279 0.0025 0 1 0 0 0 0 18 8 0 0 0 E A 3 0 0 0 0 0 0 19 11 0 0 0 E A 3 21UlBeGr_syms_l292
-818.27156 0.0025 0 1 0 0 0 0 17 1 0 0 0 E A 3 0 0 0 0 0 0 18 7 0 0 0 E A 3 21UlBeGr_syms_l293
-818.44451 0.0025 0 1 0 0 0 0 14 11 0 0 0 E A 3 0 0 0 0 0 0 15 8 0 0 0 E A 3 21UlBeGr_syms_l294
-818.48852 0.0025 0 1 0 0 0 0 14 10 0 0 0 E A 3 0 0 0 0 0 0 15 7 0 0 0 E A 3 21UlBeGr_syms_l295
899.96069 0.0025 0 0 0 1 0 1 15 14 0 1 1 E E 2 0 0 0 0 0 0 16 12 0 0 0 A A 1 21UlBeGr_syms_l733
-896.28107 0.0025 0 0 0 1 0 1 16 11 0 1 1 E E 1 0 0 0 0 0 0 17 6 0 0 0 A A 2 21UlBeGr_syms_l717
-896.28107 0.0025 0 0 0 1 0 1 16 11 0 1 1 E E 2 0 0 0 0 0 0 17 6 0 0 0 A A 1 21UlBeGr_syms_l718
-885.58604 0.0025 0 0 0 1 0 1 16 12 0 1 1 A E 3 0 0 0 0 0 0 17 7 0 0 0 E A 3 21UlBeGr_syms_l645
894.71772 0.0025 0 0 0 1 0 1 16 14 0 1 1 E E 2 0 0 0 0 0 0 17 12 0 0 0 A A 1 21UlBeGr_syms_l699
894.71772 0.0025 0 0 0 1 0 1 16 14 0 1 1 E E 1 0 0 0 0 0 0 17 12 0 0 0 A A 2 21UlBeGr_syms_l700
-885.35051 0.0025 0 0 0 1 0 1 16 15 0 1 1 A E 3 0 0 0 0 0 0 17 13 0 0 0 E A 3 21UlBeGr_syms_l644
-831.77457 0.0025 0 0 0 1 0 1 17 16 0 1 1 E E 3 0 0 0 0 0 0 18 11 0 0 0 E A 3 21UlBeGr_syms_l367
870.74629 0.0025 0 0 0 1 0 -1 17 16 0 1 1 E E 3 0 0 0 0 0 0 18 14 0 0 0 E A 3 21UlBeGr_syms_l563
875.12244 0.0025 0 0 0 1 0 -1 18 15 0 1 1 A E 3 0 0 0 0 0 0 19 13 0 0 0 E A 3 21UlBeGr_syms_l585
877.39058 0.0025 0 0 0 1 0 1 19 11 0 1 1 E E 2 0 0 0 0 0 0 20 6 0 0 0 A A 1 21UlBeGr_syms_l595
877.39058 0.0025 0 0 0 1 0 1 19 11 0 1 1 E E 1 0 0 0 0 0 0 20 6 0 0 0 A A 2 21UlBeGr_syms_l596
885.18177 0.0025 0 0 0 1 0 1 19 13 0 1 1 E E 3 0 0 0 0 0 0 20 11 0 0 0 E A 3 21UlBeGr_syms_l643
861.06302 0.0025 0 0 0 1 0 1 19 16 0 1 1 E E 3 0 0 0 0 0 0 20 14 0 0 0 E A 3 21UlBeGr_syms_l503
882.53658 0.0025 0 0 0 1 0 1 19 17 0 1 1 E E 3 0 0 0 0 0 0 20 7 0 0 0 E A 3 21UlBeGr_syms_l631
-898.93823 0.0025 0 0 0 1 0 1 19 18 0 1 1 A E 3 0 0 0 0 0 0 20 19 0 0 0 E A 3 21UlBeGr_syms_l727
829.73699 0.0025 0 0 0 1 0 1 19 19 0 1 1 E E 3 0 0 0 0 0 0 20 17 0 0 0 E A 3 21UlBeGr_syms_l356
891.41866 0.0025 0 0 0 1 0 1 19 19 0 1 1 E E 3 0 0 0 0 0 0 20 20 0 0 0 E A 3 21UlBeGr_syms_l675
871.02458 0.0025 0 0 0 1 0 1 20 11 0 1 1 E E 2 0 0 0 0 0 0 21 6 0 0 0 A A 1 21UlBeGr_syms_l566
892.49267 0.0025 0 0 0 1 0 1 20 11 0 1 1 E E 1 0 0 0 0 0 0 21 9 0 0 0 A A 2 21UlBeGr_syms_l683
892.49267 0.0025 0 0 0 1 0 1 20 11 0 1 1 E E 2 0 0 0 0 0 0 21 9 0 0 0 A A 1 21UlBeGr_syms_l684
899.53117 0.0025 0 0 0 1 0 1 20 17 0 1 1 E E 2 0 0 0 0 0 0 21 18 0 0 0 A A 1 21UlBeGr_syms_l730
899.53117 0.0025 0 0 0 1 0 1 20 17 0 1 1 E E 1 0 0 0 0 0 0 21 18 0 0 0 A A 2 21UlBeGr_syms_l731
-894.17376 0.0025 0 0 0 1 0 1 20 18 0 1 1 A E 3 0 0 0 0 0 0 21 19 0 0 0 E A 3 21UlBeGr_syms_l697
-887.78503 0.0025 0 0 0 1 0 1 20 19 0 1 1 E E 3 0 0 0 0 0 0 21 20 0 0 0 E A 3 21UlBeGr_syms_l659
897.60216 0.0025 0 0 0 1 0 1 20 8 0 1 1 E E 2 0 0 0 0 0 0 21 3 0 0 0 A A 1 21UlBeGr_syms_l722
864.64109 0.0025 0 0 0 1 0 1 21 11 0 1 1 E E 2 0 0 0 0 0 0 22 6 0 0 0 A A 1 21UlBeGr_syms_l518
872.68415 0.0025 0 0 0 1 0 1 21 13 0 1 1 E E 3 0 0 0 0 0 0 22 11 0 0 0 E A 3 21UlBeGr_syms_l570
898.20902 0.0025 0 0 0 1 0 1 21 16 0 1 1 E E 3 0 0 0 0 0 0 22 17 0 0 0 E A 3 21UlBeGr_syms_l726
893.75665 0.0025 0 0 0 1 0 1 21 17 0 1 1 E E 1 0 0 0 0 0 0 22 18 0 0 0 A A 2 21UlBeGr_syms_l691
893.75665 0.0025 0 0 0 1 0 1 21 17 0 1 1 E E 2 0 0 0 0 0 0 22 18 0 0 0 A A 1 21UlBeGr_syms_l692
-888.87362 0.0025 0 0 0 1 0 1 21 18 0 1 1 A E 3 0 0 0 0 0 0 22 19 0 0 0 E A 3 21UlBeGr_syms_l663
-883.47385 0.0025 0 0 0 1 0 1 21 19 0 1 1 E E 3 0 0 0 0 0 0 22 20 0 0 0 E A 3 21UlBeGr_syms_l637
877.00149 0.0025 0 0 0 1 0 1 21 20 0 1 1 E E 2 0 0 0 0 0 0 22 21 0 0 0 A A 1 21UlBeGr_syms_l592
877.00149 0.0025 0 0 0 1 0 1 21 20 0 1 1 E E 1 0 0 0 0 0 0 22 21 0 0 0 A A 2 21UlBeGr_syms_l593
897.76109 0.0025 0 0 0 1 0 1 21 9 0 1 1 A E 3 0 0 0 0 0 0 22 7 0 0 0 E A 3 21UlBeGr_syms_l724
899.52531 0.0025 0 0 0 1 0 1 22 14 0 1 1 E E 1 0 0 0 0 0 0 23 15 0 0 0 A A 2 21UlBeGr_syms_l728
899.52531 0.0025 0 0 0 1 0 1 22 14 0 1 1 E E 2 0 0 0 0 0 0 23 15 0 0 0 A A 1 21UlBeGr_syms_l729
-895.85323 0.0025 0 0 0 1 0 1 22 15 0 1 1 A E 3 0 0 0 0 0 0 23 16 0 0 0 E A 3 21UlBeGr_syms_l713
887.76242 0.0025 0 0 0 1 0 1 22 17 0 1 1 E E 2 0 0 0 0 0 0 23 18 0 0 0 A A 1 21UlBeGr_syms_l657
887.76242 0.0025 0 0 0 1 0 1 22 17 0 1 1 E E 1 0 0 0 0 0 0 23 18 0 0 0 A A 2 21UlBeGr_syms_l658
-883.26282 0.0025 0 0 0 1 0 1 22 18 0 1 1 A E 3 0 0 0 0 0 0 23 19 0 0 0 E A 3 21UlBeGr_syms_l636
-878.3407 0.0025 0 0 0 1 0 1 22 19 0 1 1 E E 3 0 0 0 0 0 0 23 20 0 0 0 E A 3 21UlBeGr_syms_l603
-873.42909 0.0025 0 0 0 1 0 1 22 20 0 1 1 E E 2 0 0 0 0 0 0 23 21 0 0 0 A A 1 21UlBeGr_syms_l573
-873.42909 0.0025 0 0 0 1 0 1 22 20 0 1 1 E E 1 0 0 0 0 0 0 23 21 0 0 0 A A 2 21UlBeGr_syms_l574
-866.29318 0.0025 0 0 0 1 0 1 22 21 0 1 1 A E 3 0 0 0 0 0 0 23 22 0 0 0 E A 3 21UlBeGr_syms_l530
895.84549 0.0025 0 0 0 1 0 1 22 22 0 1 1 E E 1 0 0 0 0 0 0 23 18 0 0 0 A A 2 21UlBeGr_syms_l711
895.84549 0.0025 0 0 0 1 0 1 22 22 0 1 1 E E 2 0 0 0 0 0 0 23 18 0 0 0 A A 1 21UlBeGr_syms_l712
-858.9715 0.0025 0 0 0 1 0 1 22 22 0 1 1 E E 3 0 0 0 0 0 0 23 23 0 0 0 E A 3 21UlBeGr_syms_l494
896.23633 0.0025 0 0 0 1 0 1 22 8 0 1 1 E E 2 0 0 0 0 0 0 23 6 0 0 0 A A 1 21UlBeGr_syms_l716
-860.03393 0.0025 0 0 0 1 0 1 23 13 0 1 1 E E 3 0 0 0 0 0 0 24 11 0 0 0 E A 3 21UlBeGr_syms_l500
-896.1365 0.0025 0 0 0 1 0 1 23 13 0 1 1 E E 3 0 0 0 0 0 0 24 14 0 0 0 E A 3 21UlBeGr_syms_l714
892.82095 0.0025 0 0 0 1 0 1 23 14 0 1 1 E E 1 0 0 0 0 0 0 24 15 0 0 0 A A 2 21UlBeGr_syms_l685
892.82095 0.0025 0 0 0 1 0 1 23 14 0 1 1 E E 2 0 0 0 0 0 0 24 15 0 0 0 A A 1 21UlBeGr_syms_l686
823.67446 0.0025 0 0 0 1 0 1 23 14 0 1 1 E E 1 0 0 0 0 0 0 24 9 0 0 0 A A 2 21UlBeGr_syms_l330
823.67446 0.0025 0 0 0 1 0 1 23 14 0 1 1 E E 2 0 0 0 0 0 0 24 9 0 0 0 A A 1 21UlBeGr_syms_l331
-889.30306 0.0025 0 0 0 1 0 1 23 15 0 1 1 A E 3 0 0 0 0 0 0 24 16 0 0 0 E A 3 21UlBeGr_syms_l665
-881.60949 0.0025 0 0 0 1 0 1 23 17 0 1 1 E E 2 0 0 0 0 0 0 24 18 0 0 0 A A 1 21UlBeGr_syms_l625
-881.60949 0.0025 0 0 0 1 0 1 23 17 0 1 1 E E 1 0 0 0 0 0 0 24 18 0 0 0 A A 2 21UlBeGr_syms_l626
-877.38581 0.0025 0 0 0 1 0 1 23 18 0 1 1 A E 3 0 0 0 0 0 0 24 19 0 0 0 E A 3 21UlBeGr_syms_l594
-872.80677 0.0025 0 0 0 1 0 1 23 19 0 1 1 E E 3 0 0 0 0 0 0 24 20 0 0 0 E A 3 21UlBeGr_syms_l571
-867.95373 0.0025 0 0 0 1 0 1 23 20 0 1 1 E E 1 0 0 0 0 0 0 24 21 0 0 0 A A 2 21UlBeGr_syms_l541
-867.95373 0.0025 0 0 0 1 0 1 23 20 0 1 1 E E 2 0 0 0 0 0 0 24 21 0 0 0 A A 1 21UlBeGr_syms_l542
-862.04607 0.0025 0 0 0 1 0 1 23 21 0 1 1 A E 3 0 0 0 0 0 0 24 22 0 0 0 E A 3 21UlBeGr_syms_l510
-854.02815 0.0025 0 0 0 1 0 1 24 10 0 1 1 E E 3 0 0 0 0 0 0 25 5 0 0 0 E A 3 21UlBeGr_syms_l465
-865.8634 0.0025 0 0 0 1 0 1 24 11 0 1 1 E E 1 0 0 0 0 0 0 25 9 0 0 0 A A 2 21UlBeGr_syms_l526
-865.8634 0.0025 0 0 0 1 0 1 24 11 0 1 1 E E 2 0 0 0 0 0 0 25 9 0 0 0 A A 1 21UlBeGr_syms_l527
-853.6844 0.0025 0 0 0 1 0 1 24 13 0 1 1 E E 3 0 0 0 0 0 0 25 11 0 0 0 E A 3 21UlBeGr_syms_l462
-886.08475 0.0025 0 0 0 1 0 1 24 14 0 1 1 E E 1 0 0 0 0 0 0 25 15 0 0 0 A A 2 21UlBeGr_syms_l649
-886.08475 0.0025 0 0 0 1 0 1 24 14 0 1 1 E E 2 0 0 0 0 0 0 25 15 0 0 0 A A 1 21UlBeGr_syms_l650
-833.19636 0.0025 0 0 0 1 0 1 24 16 0 1 1 E E 3 0 0 0 0 0 0 25 14 0 0 0 E A 3 21UlBeGr_syms_l377
-875.34527 0.0025 0 0 0 1 0 1 24 17 0 1 1 E E 2 0 0 0 0 0 0 25 18 0 0 0 A A 1 21UlBeGr_syms_l586
-875.34527 0.0025 0 0 0 1 0 1 24 17 0 1 1 E E 1 0 0 0 0 0 0 25 18 0 0 0 A A 2 21UlBeGr_syms_l587
-834.37613 0.0025 0 0 0 1 0 1 24 18 0 1 1 A E 3 0 0 0 0 0 0 25 17 0 0 0 E A 3 21UlBeGr_syms_l385
-867.11013 0.0025 0 0 0 1 0 1 24 19 0 1 1 E E 3 0 0 0 0 0 0 25 20 0 0 0 E A 3 21UlBeGr_syms_l535
862.54646 0.0025 0 0 0 1 0 1 24 20 0 1 1 E E 1 0 0 0 0 0 0 25 21 0 0 0 A A 2 21UlBeGr_syms_l512
862.54646 0.0025 0 0 0 1 0 1 24 20 0 1 1 E E 2 0 0 0 0 0 0 25 21 0 0 0 A A 1 21UlBeGr_syms_l513
-873.58518 0.0025 0 0 0 1 0 1 24 24 0 1 1 A E 3 0 0 0 0 0 0 25 20 0 0 0 E A 3 21UlBeGr_syms_l576
-859.24783 0.0025 0 0 0 1 0 1 25 11 0 1 1 E E 2 0 0 0 0 0 0 26 9 0 0 0 A A 1 21UlBeGr_syms_l496
-859.24783 0.0025 0 0 0 1 0 1 25 11 0 1 1 E E 1 0 0 0 0 0 0 26 9 0 0 0 A A 2 21UlBeGr_syms_l497
-892.35328 0.0025 0 0 0 1 0 1 25 15 0 1 1 A E 3 0 0 0 0 0 0 26 17 0 0 0 E A 3 21UlBeGr_syms_l682
-869.00382 0.0025 0 0 0 1 0 1 25 17 0 1 1 E E 1 0 0 0 0 0 0 26 18 0 0 0 A A 2 21UlBeGr_syms_l551
-869.00382 0.0025 0 0 0 1 0 1 25 17 0 1 1 E E 2 0 0 0 0 0 0 26 18 0 0 0 A A 1 21UlBeGr_syms_l552
-889.59047 0.0025 0 0 0 1 0 1 25 22 0 1 1 E E 1 0 0 0 0 0 0 26 18 0 0 0 A A 2 21UlBeGr_syms_l668
-889.59047 0.0025 0 0 0 1 0 1 25 22 0 1 1 E E 2 0 0 0 0 0 0 26 18 0 0 0 A A 1 21UlBeGr_syms_l669
-887.3235 0.0025 0 0 0 1 0 1 25 6 0 1 1 A E 3 0 0 0 0 0 0 26 5 0 0 0 E A 3 21UlBeGr_syms_l653
-873.56772 0.0025 0 0 0 1 0 1 25 8 0 1 1 E E 2 0 0 0 0 0 0 26 6 0 0 0 A A 1 21UlBeGr_syms_l575
-877.81286 0.0050 0 1 0 0 0 0 10 0 0 0 0 A A 2 0 0 0 0 0 0 11 0 0 0 0 A A 1 21UlBeGr_syms_l598
-882.42987 0.0050 0 1 0 0 0 0 10 0 0 0 0 A A 2 0 0 0 0 0 0 11 3 0 0 0 A A 1 21UlBeGr_syms_l630
877.96659 0.0025 0 1 0 0 0 0 10 1 0 0 0 E A 3 0 0 0 0 0 0 11 1 0 0 0 E A 3 21UlBeGr_syms_l599
879.50329 0.0025 0 1 0 0 0 0 10 1 0 0 0 E A 3 0 0 0 0 0 0 11 2 0 0 0 E A 3 21UlBeGr_syms_l611
885.67245 0.0025 0 1 0 0 0 0 10 1 0 0 0 E A 3 0 0 0 0 0 0 11 4 0 0 0 E A 3 21UlBeGr_syms_l647
895.13401 0.0025 0 1 0 0 0 0 10 10 0 0 0 E A 3 0 0 0 0 0 0 11 10 0 0 0 E A 3 21UlBeGr_syms_l701
876.89329 0.0025 0 1 0 0 0 0 10 2 0 0 0 E A 3 0 0 0 0 0 0 11 1 0 0 0 E A 3 21UlBeGr_syms_l591
878.4296 0.0025 0 1 0 0 0 0 10 2 0 0 0 E A 3 0 0 0 0 0 0 11 2 0 0 0 E A 3 21UlBeGr_syms_l604
889.25163 0.0025 0 1 0 0 0 0 10 2 0 0 0 E A 3 0 0 0 0 0 0 11 5 0 0 0 E A 3 21UlBeGr_syms_l664
-874.58475 0.0050 0 1 0 0 0 0 10 3 0 0 0 A A 2 0 0 0 0 0 0 11 0 0 0 0 A A 1 21UlBeGr_syms_l581
879.20181 0.0025 0 1 0 0 0 0 10 3 0 0 0 A A 1 0 0 0 0 0 0 11 3 0 0 0 A A 2 21UlBeGr_syms_l607
879.21383 0.0025 0 1 0 0 0 0 10 3 0 0 0 A A 2 0 0 0 0 0 0 11 3 0 0 0 A A 1 21UlBeGr_syms_l608
893.18867 0.0025 0 1 0 0 0 0 10 3 0 0 0 A A 2 0 0 0 0 0 0 11 6 0 0 0 A A 1 21UlBeGr_syms_l689
872.60552 0.0025 0 1 0 0 0 0 10 4 0 0 0 E A 3 0 0 0 0 0 0 11 1 0 0 0 E A 3 21UlBeGr_syms_l569
880.31141 0.0025 0 1 0 0 0 0 10 4 0 0 0 E A 3 0 0 0 0 0 0 11 4 0 0 0 E A 3 21UlBeGr_syms_l615
897.47705 0.0025 0 1 0 0 0 0 10 4 0 0 0 E A 3 0 0 0 0 0 0 11 7 0 0 0 E A 3 21UlBeGr_syms_l720
870.93346 0.0025 0 1 0 0 0 0 10 5 0 0 0 E A 3 0 0 0 0 0 0 11 2 0 0 0 E A 3 21UlBeGr_syms_l565
881.75554 0.0025 0 1 0 0 0 0 10 5 0 0 0 E A 3 0 0 0 0 0 0 11 5 0 0 0 E A 3 21UlBeGr_syms_l627
869.58603 0.0025 0 1 0 0 0 0 10 6 0 0 0 A A 2 0 0 0 0 0 0 11 3 0 0 0 A A 1 21UlBeGr_syms_l555
869.59218 0.0025 0 1 0 0 0 0 10 6 0 0 0 A A 1 0 0 0 0 0 0 11 3 0 0 0 A A 2 21UlBeGr_syms_l556
883.5613 0.0025 0 1 0 0 0 0 10 6 0 0 0 A A 1 0 0 0 0 0 0 11 6 0 0 0 A A 2 21UlBeGr_syms_l638
883.5613 0.0025 0 1 0 0 0 0 10 6 0 0 0 A A 2 0 0 0 0 0 0 11 6 0 0 0 A A 1 21UlBeGr_syms_l639
868.59114 0.0025 0 1 0 0 0 0 10 7 0 0 0 E A 3 0 0 0 0 0 0 11 4 0 0 0 E A 3 21UlBeGr_syms_l547
885.75734 0.0025 0 1 0 0 0 0 10 7 0 0 0 E A 3 0 0 0 0 0 0 11 7 0 0 0 E A 3 21UlBeGr_syms_l648
867.96817 0.0025 0 1 0 0 0 0 10 8 0 0 0 E A 3 0 0 0 0 0 0 11 5 0 0 0 E A 3 21UlBeGr_syms_l543
888.38212 0.0025 0 1 0 0 0 0 10 8 0 0 0 E A 3 0 0 0 0 0 0 11 8 0 0 0 E A 3 21UlBeGr_syms_l662
867.76022 0.0025 0 1 0 0 0 0 10 9 0 0 0 A A 2 0 0 0 0 0 0 11 6 0 0 0 A A 1 21UlBeGr_syms_l538
867.76022 0.0025 0 1 0 0 0 0 10 9 0 0 0 A A 1 0 0 0 0 0 0 11 6 0 0 0 A A 2 21UlBeGr_syms_l539
891.48663 0.0025 0 1 0 0 0 0 10 9 0 0 0 A A 2 0 0 0 0 0 0 11 9 0 0 0 A A 1 21UlBeGr_syms_l677
891.48663 0.0025 0 1 0 0 0 0 10 9 0 0 0 A A 1 0 0 0 0 0 0 11 9 0 0 0 A A 2 21UlBeGr_syms_l678
866.16696 0.0025 0 1 0 0 0 0 11 0 0 0 0 A A 2 0 0 0 0 0 0 12 0 0 0 0 A A 1 21UlBeGr_syms_l529
870.75153 0.0025 0 1 0 0 0 0 11 0 0 0 0 A A 2 0 0 0 0 0 0 12 3 0 0 0 A A 1 21UlBeGr_syms_l564
884.61383 0.0025 0 1 0 0 0 0 11 0 0 0 0 A A 2 0 0 0 0 0 0 12 6 0 0 0 A A 1 21UlBeGr_syms_l641
866.31409 0.0025 0 1 0 0 0 0 11 1 0 0 0 E A 3 0 0 0 0 0 0 12 1 0 0 0 E A 3 21UlBeGr_syms_l531
867.83932 0.0025 0 1 0 0 0 0 11 1 0 0 0 E A 3 0 0 0 0 0 0 12 2 0 0 0 E A 3 21UlBeGr_syms_l540
873.96242 0.0025 0 1 0 0 0 0 11 1 0 0 0 E A 3 0 0 0 0 0 0 12 4 0 0 0 E A 3 21UlBeGr_syms_l580
882.60305 0.0025 0 1 0 0 0 0 11 10 0 0 0 E A 3 0 0 0 0 0 0 12 10 0 0 0 E A 3 21UlBeGr_syms_l633
886.61789 0.0025 0 1 0 0 0 0 11 11 0 0 0 E A 3 0 0 0 0 0 0 12 11 0 0 0 E A 3 21UlBeGr_syms_l652
865.23211 0.0025 0 1 0 0 0 0 11 2 0 0 0 E A 3 0 0 0 0 0 0 12 1 0 0 0 E A 3 21UlBeGr_syms_l523
866.75707 0.0025 0 1 0 0 0 0 11 2 0 0 0 E A 3 0 0 0 0 0 0 12 2 0 0 0 E A 3 21UlBeGr_syms_l532
877.49811 0.0025 0 1 0 0 0 0 11 2 0 0 0 E A 3 0 0 0 0 0 0 12 5 0 0 0 E A 3 21UlBeGr_syms_l597
862.90703 0.0025 0 1 0 0 0 0 11 3 0 0 0 A A 2 0 0 0 0 0 0 12 0 0 0 0 A A 1 21UlBeGr_syms_l515
867.49154 0.0025 0 1 0 0 0 0 11 3 0 0 0 A A 2 0 0 0 0 0 0 12 3 0 0 0 A A 1 21UlBeGr_syms_l536
867.51079 0.0025 0 1 0 0 0 0 11 3 0 0 0 A A 1 0 0 0 0 0 0 12 3 0 0 0 A A 2 21UlBeGr_syms_l537
881.35487 0.0025 0 1 0 0 0 0 11 3 0 0 0 A A 2 0 0 0 0 0 0 12 6 0 0 0 A A 1 21UlBeGr_syms_l622
881.38336 0.0025 0 1 0 0 0 0 11 3 0 0 0 A A 1 0 0 0 0 0 0 12 6 0 0 0 A A 2 21UlBeGr_syms_l623
860.90727 0.0025 0 1 0 0 0 0 11 4 0 0 0 E A 3 0 0 0 0 0 0 12 1 0 0 0 E A 3 21UlBeGr_syms_l502
868.55544 0.0025 0 1 0 0 0 0 11 4 0 0 0 E A 3 0 0 0 0 0 0 12 4 0 0 0 E A 3 21UlBeGr_syms_l546
885.59279 0.0025 0 1 0 0 0 0 11 4 0 0 0 E A 3 0 0 0 0 0 0 12 7 0 0 0 E A 3 21UlBeGr_syms_l646
857.66754 0.0025 0 1 0 0 0 0 11 5 0 0 0 E A 3 0 0 0 0 0 0 12 1 0 0 0 E A 3 21UlBeGr_syms_l487
859.19237 0.0025 0 1 0 0 0 0 11 5 0 0 0 E A 3 0 0 0 0 0 0 12 2 0 0 0 E A 3 21UlBeGr_syms_l495
869.93344 0.0025 0 1 0 0 0 0 11 5 0 0 0 E A 3 0 0 0 0 0 0 12 5 0 0 0 E A 3 21UlBeGr_syms_l558
890.19399 0.0025 0 1 0 0 0 0 11 5 0 0 0 E A 3 0 0 0 0 0 0 12 8 0 0 0 E A 3 21UlBeGr_syms_l671
857.7813 0.0025 0 1 0 0 0 0 11 6 0 0 0 A A 1 0 0 0 0 0 0 12 3 0 0 0 A A 2 21UlBeGr_syms_l488
857.79113 0.0025 0 1 0 0 0 0 11 6 0 0 0 A A 2 0 0 0 0 0 0 12 3 0 0 0 A A 1 21UlBeGr_syms_l489
871.65357 0.0025 0 1 0 0 0 0 11 6 0 0 0 A A 1 0 0 0 0 0 0 12 6 0 0 0 A A 2 21UlBeGr_syms_l567
871.65357 0.0025 0 1 0 0 0 0 11 6 0 0 0 A A 2 0 0 0 0 0 0 12 6 0 0 0 A A 1 21UlBeGr_syms_l568
895.20115 0.0025 0 1 0 0 0 0 11 6 0 0 0 A A 1 0 0 0 0 0 0 12 9 0 0 0 A A 2 21UlBeGr_syms_l702
895.20115 0.0025 0 1 0 0 0 0 11 6 0 0 0 A A 2 0 0 0 0 0 0 12 9 0 0 0 A A 1 21UlBeGr_syms_l703
873.74117 0.0025 0 1 0 0 0 0 11 7 0 0 0 E A 3 0 0 0 0 0 0 12 7 0 0 0 E A 3 21UlBeGr_syms_l578
855.96889 0.0025 0 1 0 0 0 0 11 8 0 0 0 E A 3 0 0 0 0 0 0 12 5 0 0 0 E A 3 21UlBeGr_syms_l478
868.38963 0.0025 0 1 0 0 0 0 11 8 0 0 0 E A 3 0 0 0 0 0 0 12 7 0 0 0 E A 3 21UlBeGr_syms_l545
876.22971 0.0025 0 1 0 0 0 0 11 8 0 0 0 E A 3 0 0 0 0 0 0 12 8 0 0 0 E A 3 21UlBeGr_syms_l589
855.61647 0.0025 0 1 0 0 0 0 11 9 0 0 0 A A 1 0 0 0 0 0 0 12 6 0 0 0 A A 2 21UlBeGr_syms_l474
855.61647 0.0025 0 1 0 0 0 0 11 9 0 0 0 A A 2 0 0 0 0 0 0 12 6 0 0 0 A A 1 21UlBeGr_syms_l475
879.16396 0.0025 0 1 0 0 0 0 11 9 0 0 0 A A 1 0 0 0 0 0 0 12 9 0 0 0 A A 2 21UlBeGr_syms_l605
879.16396 0.0025 0 1 0 0 0 0 11 9 0 0 0 A A 2 0 0 0 0 0 0 12 9 0 0 0 A A 1 21UlBeGr_syms_l606
854.42079 0.0025 0 1 0 0 0 0 12 0 0 0 0 A A 1 0 0 0 0 0 0 13 0 0 0 0 A A 2 21UlBeGr_syms_l468
-858.9715 0.0025 0 1 0 0 0 0 12 0 0 0 0 A A 2 0 0 0 0 0 0 13 3 0 0 0 A A 1 21UlBeGr_syms_l493
854.56136 0.0025 0 1 0 0 0 0 12 1 0 0 0 E A 3 0 0 0 0 0 0 13 1 0 0 0 E A 3 21UlBeGr_syms_l469
856.07396 0.0025 0 1 0 0 0 0 12 1 0 0 0 E A 3 0 0 0 0 0 0 13 2 0 0 0 E A 3 21UlBeGr_syms_l479
862.14816 0.0025 0 1 0 0 0 0 12 1 0 0 0 E A 3 0 0 0 0 0 0 13 4 0 0 0 E A 3 21UlBeGr_syms_l511
870.00138 0.0025 0 1 0 0 0 0 12 10 0 0 0 E A 3 0 0 0 0 0 0 13 10 0 0 0 E A 3 21UlBeGr_syms_l559
-843.31213 0.0025 0 1 0 0 0 0 12 10 0 0 0 E A 3 0 0 0 0 0 0 13 7 0 0 0 E A 3 21UlBeGr_syms_l417
873.77125 0.0025 0 1 0 0 0 0 12 11 0 0 0 E A 3 0 0 0 0 0 0 13 11 0 0 0 E A 3 21UlBeGr_syms_l579
-843.66497 0.0025 0 1 0 0 0 0 12 11 0 0 0 E A 3 0 0 0 0 0 0 13 8 0 0 0 E A 3 21UlBeGr_syms_l421
878.15144 0.0025 0 1 0 0 0 0 12 12 0 0 0 A A 1 0 0 0 0 0 0 13 12 0 0 0 A A 2 21UlBeGr_syms_l601
878.15144 0.0025 0 1 0 0 0 0 12 12 0 0 0 A A 2 0 0 0 0 0 0 13 12 0 0 0 A A 1 21UlBeGr_syms_l602
853.47218 0.0025 0 1 0 0 0 0 12 2 0 0 0 E A 3 0 0 0 0 0 0 13 1 0 0 0 E A 3 21UlBeGr_syms_l461
854.9848 0.0025 0 1 0 0 0 0 12 2 0 0 0 E A 3 0 0 0 0 0 0 13 2 0 0 0 E A 3 21UlBeGr_syms_l470
865.63939 0.0025 0 1 0 0 0 0 12 2 0 0 0 E A 3 0 0 0 0 0 0 13 5 0 0 0 E A 3 21UlBeGr_syms_l524
-851.13024 0.0025 0 1 0 0 0 0 12 3 0 0 0 A A 2 0 0 0 0 0 0 13 0 0 0 0 A A 1 21UlBeGr_syms_l455
855.68097 0.0025 0 1 0 0 0 0 12 3 0 0 0 A A 1 0 0 0 0 0 0 13 3 0 0 0 A A 2 21UlBeGr_syms_l476
855.71001 0.0025 0 1 0 0 0 0 12 3 0 0 0 A A 2 0 0 0 0 0 0 13 3 0 0 0 A A 1 21UlBeGr_syms_l477
869.42845 0.0025 0 1 0 0 0 0 12 3 0 0 0 A A 1 0 0 0 0 0 0 13 6 0 0 0 A A 2 21UlBeGr_syms_l553
869.47381 0.0025 0 1 0 0 0 0 12 3 0 0 0 A A 2 0 0 0 0 0 0 13 6 0 0 0 A A 1 21UlBeGr_syms_l554
849.11485 0.0025 0 1 0 0 0 0 12 4 0 0 0 E A 3 0 0 0 0 0 0 13 1 0 0 0 E A 3 21UlBeGr_syms_l446
856.70167 0.0025 0 1 0 0 0 0 12 4 0 0 0 E A 3 0 0 0 0 0 0 13 4 0 0 0 E A 3 21UlBeGr_syms_l483
873.60139 0.0025 0 1 0 0 0 0 12 4 0 0 0 E A 3 0 0 0 0 0 0 13 7 0 0 0 E A 3 21UlBeGr_syms_l577
847.36077 0.0025 0 1 0 0 0 0 12 5 0 0 0 E A 3 0 0 0 0 0 0 13 2 0 0 0 E A 3 21UlBeGr_syms_l438
858.01531 0.0025 0 1 0 0 0 0 12 5 0 0 0 E A 3 0 0 0 0 0 0 13 5 0 0 0 E A 3 21UlBeGr_syms_l490
878.11182 0.0025 0 1 0 0 0 0 12 5 0 0 0 E A 3 0 0 0 0 0 0 13 8 0 0 0 E A 3 21UlBeGr_syms_l600
845.88906 0.0025 0 1 0 0 0 0 12 6 0 0 0 A A 2 0 0 0 0 0 0 13 3 0 0 0 A A 1 21UlBeGr_syms_l432
845.90512 0.0025 0 1 0 0 0 0 12 6 0 0 0 A A 1 0 0 0 0 0 0 13 3 0 0 0 A A 2 21UlBeGr_syms_l433
859.65272 0.0025 0 1 0 0 0 0 12 6 0 0 0 A A 2 0 0 0 0 0 0 13 6 0 0 0 A A 1 21UlBeGr_syms_l498
859.65272 0.0025 0 1 0 0 0 0 12 6 0 0 0 A A 1 0 0 0 0 0 0 13 6 0 0 0 A A 2 21UlBeGr_syms_l499
883.00909 0.0025 0 1 0 0 0 0 12 6 0 0 0 A A 2 0 0 0 0 0 0 13 9 0 0 0 A A 1 21UlBeGr_syms_l634
883.00909 0.0025 0 1 0 0 0 0 12 6 0 0 0 A A 1 0 0 0 0 0 0 13 9 0 0 0 A A 2 21UlBeGr_syms_l635
-888.32508 0.0025 0 1 0 0 0 0 12 7 0 0 0 E A 3 0 0 0 0 0 0 13 10 0 0 0 E A 3 21UlBeGr_syms_l661
844.73611 0.0025 0 1 0 0 0 0 12 7 0 0 0 E A 3 0 0 0 0 0 0 13 4 0 0 0 E A 3 21UlBeGr_syms_l427
861.63578 0.0025 0 1 0 0 0 0 12 7 0 0 0 E A 3 0 0 0 0 0 0 13 7 0 0 0 E A 3 21UlBeGr_syms_l506
-894.10026 0.0025 0 1 0 0 0 0 12 8 0 0 0 E A 3 0 0 0 0 0 0 13 11 0 0 0 E A 3 21UlBeGr_syms_l696
843.89703 0.0025 0 1 0 0 0 0 12 8 0 0 0 E A 3 0 0 0 0 0 0 13 5 0 0 0 E A 3 21UlBeGr_syms_l424
863.99354 0.0025 0 1 0 0 0 0 12 8 0 0 0 E A 3 0 0 0 0 0 0 13 8 0 0 0 E A 3 21UlBeGr_syms_l517
829.66016 0.0025 0 1 0 0 0 0 12 9 0 0 0 A A 1 0 0 0 0 0 0 13 3 0 0 0 A A 2 21UlBeGr_syms_l354
843.40857 0.0025 0 1 0 0 0 0 12 9 0 0 0 A A 1 0 0 0 0 0 0 13 6 0 0 0 A A 2 21UlBeGr_syms_l418
843.40857 0.0025 0 1 0 0 0 0 12 9 0 0 0 A A 2 0 0 0 0 0 0 13 6 0 0 0 A A 1 21UlBeGr_syms_l419
866.76492 0.0025 0 1 0 0 0 0 12 9 0 0 0 A A 1 0 0 0 0 0 0 13 9 0 0 0 A A 2 21UlBeGr_syms_l533
866.76492 0.0025 0 1 0 0 0 0 12 9 0 0 0 A A 2 0 0 0 0 0 0 13 9 0 0 0 A A 1 21UlBeGr_syms_l534
842.59452 0.0025 0 1 0 0 0 0 13 0 0 0 0 A A 2 0 0 0 0 0 0 14 0 0 0 0 A A 1 21UlBeGr_syms_l412
847.11072 0.0025 0 1 0 0 0 0 13 0 0 0 0 A A 2 0 0 0 0 0 0 14 3 0 0 0 A A 1 21UlBeGr_syms_l437
842.72883 0.0025 0 1 0 0 0 0 13 1 0 0 0 E A 3 0 0 0 0 0 0 14 1 0 0 0 E A 3 21UlBeGr_syms_l414
844.22841 0.0025 0 1 0 0 0 0 13 1 0 0 0 E A 3 0 0 0 0 0 0 14 2 0 0 0 E A 3 21UlBeGr_syms_l425
850.25055 0.0025 0 1 0 0 0 0 13 1 0 0 0 E A 3 0 0 0 0 0 0 14 4 0 0 0 E A 3 21UlBeGr_syms_l451
857.35955 0.0025 0 1 0 0 0 0 13 10 0 0 0 E A 3 0 0 0 0 0 0 14 10 0 0 0 E A 3 21UlBeGr_syms_l484
-830.90279 0.0025 0 1 0 0 0 0 13 10 0 0 0 E A 3 0 0 0 0 0 0 14 7 0 0 0 E A 3 21UlBeGr_syms_l360
860.89156 0.0025 0 1 0 0 0 0 13 11 0 0 0 E A 3 0 0 0 0 0 0 14 11 0 0 0 E A 3 21UlBeGr_syms_l501
864.98868 0.0025 0 1 0 0 0 0 13 12 0 0 0 A A 2 0 0 0 0 0 0 14 12 0 0 0 A A 1 21UlBeGr_syms_l521
864.98868 0.0025 0 1 0 0 0 0 13 12 0 0 0 A A 1 0 0 0 0 0 0 14 12 0 0 0 A A 2 21UlBeGr_syms_l522
831.66625 0.0025 0 1 0 0 0 0 13 12 0 0 0 A A 2 0 0 0 0 0 0 14 9 0 0 0 A A 1 21UlBeGr_syms_l365
831.66625 0.0025 0 1 0 0 0 0 13 12 0 0 0 A A 1 0 0 0 0 0 0 14 9 0 0 0 A A 2 21UlBeGr_syms_l366
832.82655 0.0025 0 1 0 0 0 0 13 13 0 0 0 E A 3 0 0 0 0 0 0 14 10 0 0 0 E A 3 21UlBeGr_syms_l375
869.73309 0.0025 0 1 0 0 0 0 13 13 0 0 0 E A 3 0 0 0 0 0 0 14 13 0 0 0 E A 3 21UlBeGr_syms_l557
841.63366 0.0025 0 1 0 0 0 0 13 2 0 0 0 E A 3 0 0 0 0 0 0 14 1 0 0 0 E A 3 21UlBeGr_syms_l407
843.13325 0.0025 0 1 0 0 0 0 13 2 0 0 0 E A 3 0 0 0 0 0 0 14 2 0 0 0 E A 3 21UlBeGr_syms_l416
853.69639 0.0025 0 1 0 0 0 0 13 2 0 0 0 E A 3 0 0 0 0 0 0 14 5 0 0 0 E A 3 21UlBeGr_syms_l463
839.27429 0.0025 0 1 0 0 0 0 13 3 0 0 0 A A 2 0 0 0 0 0 0 14 0 0 0 0 A A 1 21UlBeGr_syms_l404
843.79059 0.0025 0 1 0 0 0 0 13 3 0 0 0 A A 2 0 0 0 0 0 0 14 3 0 0 0 A A 1 21UlBeGr_syms_l422
843.83265 0.0025 0 1 0 0 0 0 13 3 0 0 0 A A 1 0 0 0 0 0 0 14 3 0 0 0 A A 2 21UlBeGr_syms_l423
857.41508 0.0025 0 1 0 0 0 0 13 3 0 0 0 A A 2 0 0 0 0 0 0 14 6 0 0 0 A A 1 21UlBeGr_syms_l485
857.48235 0.0025 0 1 0 0 0 0 13 3 0 0 0 A A 1 0 0 0 0 0 0 14 6 0 0 0 A A 2 21UlBeGr_syms_l486
844.77117 0.0025 0 1 0 0 0 0 13 4 0 0 0 E A 3 0 0 0 0 0 0 14 4 0 0 0 E A 3 21UlBeGr_syms_l429
861.52495 0.0025 0 1 0 0 0 0 13 4 0 0 0 E A 3 0 0 0 0 0 0 14 7 0 0 0 E A 3 21UlBeGr_syms_l505
846.02286 0.0025 0 1 0 0 0 0 13 5 0 0 0 E A 3 0 0 0 0 0 0 14 5 0 0 0 E A 3 21UlBeGr_syms_l436
865.94553 0.0025 0 1 0 0 0 0 13 5 0 0 0 E A 3 0 0 0 0 0 0 14 8 0 0 0 E A 3 21UlBeGr_syms_l528
833.93106 0.0025 0 1 0 0 0 0 13 6 0 0 0 A A 1 0 0 0 0 0 0 14 3 0 0 0 A A 2 21UlBeGr_syms_l382
833.95599 0.0025 0 1 0 0 0 0 13 6 0 0 0 A A 2 0 0 0 0 0 0 14 3 0 0 0 A A 1 21UlBeGr_syms_l383
847.58064 0.0025 0 1 0 0 0 0 13 6 0 0 0 A A 2 0 0 0 0 0 0 14 6 0 0 0 A A 1 21UlBeGr_syms_l440
847.58064 0.0025 0 1 0 0 0 0 13 6 0 0 0 A A 1 0 0 0 0 0 0 14 6 0 0 0 A A 2 21UlBeGr_syms_l441
870.73417 0.0025 0 1 0 0 0 0 13 6 0 0 0 A A 2 0 0 0 0 0 0 14 9 0 0 0 A A 1 21UlBeGr_syms_l561
870.73417 0.0025 0 1 0 0 0 0 13 6 0 0 0 A A 1 0 0 0 0 0 0 14 9 0 0 0 A A 2 21UlBeGr_syms_l562
-875.92054 0.0025 0 1 0 0 0 0 13 7 0 0 0 E A 3 0 0 0 0 0 0 14 10 0 0 0 E A 3 21UlBeGr_syms_l588
832.70983 0.0025 0 1 0 0 0 0 13 7 0 0 0 E A 3 0 0 0 0 0 0 14 4 0 0 0 E A 3 21UlBeGr_syms_l373
849.46364 0.0025 0 1 0 0 0 0 13 7 0 0 0 E A 3 0 0 0 0 0 0 14 7 0 0 0 E A 3 21UlBeGr_syms_l450
-881.54025 0.0025 0 1 0 0 0 0 13 8 0 0 0 E A 3 0 0 0 0 0 0 14 11 0 0 0 E A 3 21UlBeGr_syms_l624
831.77473 0.0025 0 1 0 0 0 0 13 8 0 0 0 E A 3 0 0 0 0 0 0 14 5 0 0 0 E A 3 21UlBeGr_syms_l368
851.69726 0.0025 0 1 0 0 0 0 13 8 0 0 0 E A 3 0 0 0 0 0 0 14 8 0 0 0 E A 3 21UlBeGr_syms_l456
887.63714 0.0025 0 1 0 0 0 0 13 9 0 0 0 A A 1 0 0 0 0 0 0 14 12 0 0 0 A A 2 21UlBeGr_syms_l654
887.63714 0.0025 0 1 0 0 0 0 13 9 0 0 0 A A 2 0 0 0 0 0 0 14 12 0 0 0 A A 1 21UlBeGr_syms_l655
831.16113 0.0025 0 1 0 0 0 0 13 9 0 0 0 A A 1 0 0 0 0 0 0 14 6 0 0 0 A A 2 21UlBeGr_syms_l362
831.16113 0.0025 0 1 0 0 0 0 13 9 0 0 0 A A 2 0 0 0 0 0 0 14 6 0 0 0 A A 1 21UlBeGr_syms_l363
854.31462 0.0025 0 1 0 0 0 0 13 9 0 0 0 A A 1 0 0 0 0 0 0 14 9 0 0 0 A A 2 21UlBeGr_syms_l466
854.31462 0.0025 0 1 0 0 0 0 13 9 0 0 0 A A 2 0 0 0 0 0 0 14 9 0 0 0 A A 1 21UlBeGr_syms_l467
-830.70683 0.0025 0 1 0 0 0 0 14 0 0 0 0 A A 2 0 0 0 0 0 0 15 0 0 0 0 A A 1 21UlBeGr_syms_l358
-835.18827 0.0025 0 1 0 0 0 0 14 0 0 0 0 A A 2 0 0 0 0 0 0 15 3 0 0 0 A A 1 21UlBeGr_syms_l387
848.68099 0.0025 0 1 0 0 0 0 14 0 0 0 0 A A 1 0 0 0 0 0 0 15 6 0 0 0 A A 2 21UlBeGr_syms_l444
830.83495 0.0025 0 1 0 0 0 0 14 1 0 0 0 E A 3 0 0 0 0 0 0 15 1 0 0 0 E A 3 21UlBeGr_syms_l359
832.32118 0.0025 0 1 0 0 0 0 14 1 0 0 0 E A 3 0 0 0 0 0 0 15 2 0 0 0 E A 3 21UlBeGr_syms_l372
838.28831 0.0025 0 1 0 0 0 0 14 1 0 0 0 E A 3 0 0 0 0 0 0 15 4 0 0 0 E A 3 21UlBeGr_syms_l399
844.70016 0.0025 0 1 0 0 0 0 14 10 0 0 0 E A 3 0 0 0 0 0 0 15 10 0 0 0 E A 3 21UlBeGr_syms_l426
881.26117 0.0025 0 1 0 0 0 0 14 10 0 0 0 E A 3 0 0 0 0 0 0 15 13 0 0 0 E A 3 21UlBeGr_syms_l617
848.01007 0.0025 0 1 0 0 0 0 14 11 0 0 0 E A 3 0 0 0 0 0 0 15 11 0 0 0 E A 3 21UlBeGr_syms_l442
-888.23483 0.0025 0 1 0 0 0 0 14 11 0 0 0 E A 3 0 0 0 0 0 0 15 14 0 0 0 E A 3 21UlBeGr_syms_l660
851.83091 0.0025 0 1 0 0 0 0 14 12 0 0 0 A A 2 0 0 0 0 0 0 15 12 0 0 0 A A 1 21UlBeGr_syms_l457
851.83091 0.0025 0 1 0 0 0 0 14 12 0 0 0 A A 1 0 0 0 0 0 0 15 12 0 0 0 A A 2 21UlBeGr_syms_l458
895.84533 0.0025 0 1 0 0 0 0 14 12 0 0 0 A A 2 0 0 0 0 0 0 15 15 0 0 0 A A 1 21UlBeGr_syms_l709
895.84533 0.0025 0 1 0 0 0 0 14 12 0 0 0 A A 1 0 0 0 0 0 0 15 15 0 0 0 A A 2 21UlBeGr_syms_l710
818.81939 0.0025 0 1 0 0 0 0 14 12 0 0 0 A A 2 0 0 0 0 0 0 15 9 0 0 0 A A 1 21UlBeGr_syms_l297
818.81939 0.0025 0 1 0 0 0 0 14 12 0 0 0 A A 1 0 0 0 0 0 0 15 9 0 0 0 A A 2 21UlBeGr_syms_l298
819.6929 0.0025 0 1 0 0 0 0 14 13 0 0 0 E A 3 0 0 0 0 0 0 15 10 0 0 0 E A 3 21UlBeGr_syms_l303
856.254 0.0025 0 1 0 0 0 0 14 13 0 0 0 E A 3 0 0 0 0 0 0 15 13 0 0 0 E A 3 21UlBeGr_syms_l480
-821.13659 0.0025 0 1 0 0 0 0 14 14 0 0 0 E A 3 0 0 0 0 0 0 15 11 0 0 0 E A 3 21UlBeGr_syms_l312
861.36104 0.0025 0 1 0 0 0 0 14 14 0 0 0 E A 3 0 0 0 0 0 0 15 14 0 0 0 E A 3 21UlBeGr_syms_l504
829.73576 0.0025 0 1 0 0 0 0 14 2 0 0 0 E A 3 0 0 0 0 0 0 15 1 0 0 0 E A 3 21UlBeGr_syms_l355
831.22109 0.0025 0 1 0 0 0 0 14 2 0 0 0 E A 3 0 0 0 0 0 0 15 2 0 0 0 E A 3 21UlBeGr_syms_l364
841.68794 0.0025 0 1 0 0 0 0 14 2 0 0 0 E A 3 0 0 0 0 0 0 15 5 0 0 0 E A 3 21UlBeGr_syms_l408
827.35732 0.0025 0 1 0 0 0 0 14 3 0 0 0 A A 1 0 0 0 0 0 0 15 0 0 0 0 A A 2 21UlBeGr_syms_l342
831.83862 0.0025 0 1 0 0 0 0 14 3 0 0 0 A A 1 0 0 0 0 0 0 15 3 0 0 0 A A 2 21UlBeGr_syms_l369
831.89766 0.0025 0 1 0 0 0 0 14 3 0 0 0 A A 2 0 0 0 0 0 0 15 3 0 0 0 A A 1 21UlBeGr_syms_l370
845.3323 0.0025 0 1 0 0 0 0 14 3 0 0 0 A A 1 0 0 0 0 0 0 15 6 0 0 0 A A 2 21UlBeGr_syms_l430
845.42873 0.0025 0 1 0 0 0 0 14 3 0 0 0 A A 2 0 0 0 0 0 0 15 6 0 0 0 A A 1 21UlBeGr_syms_l431
825.32963 0.0025 0 1 0 0 0 0 14 4 0 0 0 E A 3 0 0 0 0 0 0 15 1 0 0 0 E A 3 21UlBeGr_syms_l336
832.78261 0.0025 0 1 0 0 0 0 14 4 0 0 0 E A 3 0 0 0 0 0 0 15 4 0 0 0 E A 3 21UlBeGr_syms_l374
849.38279 0.0025 0 1 0 0 0 0 14 4 0 0 0 E A 3 0 0 0 0 0 0 15 7 0 0 0 E A 3 21UlBeGr_syms_l449
823.50848 0.0025 0 1 0 0 0 0 14 5 0 0 0 E A 3 0 0 0 0 0 0 15 2 0 0 0 E A 3 21UlBeGr_syms_l327
833.9751 0.0025 0 1 0 0 0 0 14 5 0 0 0 E A 3 0 0 0 0 0 0 15 5 0 0 0 E A 3 21UlBeGr_syms_l384
853.71428 0.0025 0 1 0 0 0 0 14 5 0 0 0 E A 3 0 0 0 0 0 0 15 8 0 0 0 E A 3 21UlBeGr_syms_l464
821.92583 0.0025 0 1 0 0 0 0 14 6 0 0 0 A A 2 0 0 0 0 0 0 15 3 0 0 0 A A 1 21UlBeGr_syms_l318
821.96306 0.0025 0 1 0 0 0 0 14 6 0 0 0 A A 1 0 0 0 0 0 0 15 3 0 0 0 A A 2 21UlBeGr_syms_l319
835.45672 0.0025 0 1 0 0 0 0 14 6 0 0 0 A A 1 0 0 0 0 0 0 15 6 0 0 0 A A 2 21UlBeGr_syms_l390
835.45672 0.0025 0 1 0 0 0 0 14 6 0 0 0 A A 2 0 0 0 0 0 0 15 6 0 0 0 A A 1 21UlBeGr_syms_l391
858.39654 0.0025 0 1 0 0 0 0 14 6 0 0 0 A A 1 0 0 0 0 0 0 15 9 0 0 0 A A 2 21UlBeGr_syms_l491
858.39654 0.0025 0 1 0 0 0 0 14 6 0 0 0 A A 2 0 0 0 0 0 0 15 9 0 0 0 A A 1 21UlBeGr_syms_l492
-863.45657 0.0025 0 1 0 0 0 0 14 7 0 0 0 E A 3 0 0 0 0 0 0 15 10 0 0 0 E A 3 21UlBeGr_syms_l516
820.64486 0.0025 0 1 0 0 0 0 14 7 0 0 0 E A 3 0 0 0 0 0 0 15 4 0 0 0 E A 3 21UlBeGr_syms_l309
837.24481 0.0025 0 1 0 0 0 0 14 7 0 0 0 E A 3 0 0 0 0 0 0 15 7 0 0 0 E A 3 21UlBeGr_syms_l398
-868.92645 0.0025 0 1 0 0 0 0 14 8 0 0 0 E A 3 0 0 0 0 0 0 15 11 0 0 0 E A 3 21UlBeGr_syms_l550
819.62184 0.0025 0 1 0 0 0 0 14 8 0 0 0 E A 3 0 0 0 0 0 0 15 5 0 0 0 E A 3 21UlBeGr_syms_l302
839.3609 0.0025 0 1 0 0 0 0 14 8 0 0 0 E A 3 0 0 0 0 0 0 15 8 0 0 0 E A 3 21UlBeGr_syms_l405
874.84523 0.0025 0 1 0 0 0 0 14 9 0 0 0 A A 1 0 0 0 0 0 0 15 12 0 0 0 A A 2 21UlBeGr_syms_l582
874.84523 0.0025 0 1 0 0 0 0 14 9 0 0 0 A A 2 0 0 0 0 0 0 15 12 0 0 0 A A 1 21UlBeGr_syms_l583
841.83359 0.0025 0 1 0 0 0 0 14 9 0 0 0 A A 1 0 0 0 0 0 0 15 9 0 0 0 A A 2 21UlBeGr_syms_l409
841.83359 0.0025 0 1 0 0 0 0 14 9 0 0 0 A A 2 0 0 0 0 0 0 15 9 0 0 0 A A 1 21UlBeGr_syms_l410
818.77452 0.0025 0 1 0 0 0 0 15 0 0 0 0 A A 2 0 0 0 0 0 0 16 0 0 0 0 A A 1 21UlBeGr_syms_l296
823.22157 0.0025 0 1 0 0 0 0 15 0 0 0 0 A A 2 0 0 0 0 0 0 16 3 0 0 0 A A 1 21UlBeGr_syms_l324
818.89696 0.0025 0 1 0 0 0 0 15 1 0 0 0 E A 3 0 0 0 0 0 0 16 1 0 0 0 E A 3 21UlBeGr_syms_l299
820.36867 0.0025 0 1 0 0 0 0 15 1 0 0 0 E A 3 0 0 0 0 0 0 16 2 0 0 0 E A 3 21UlBeGr_syms_l308
826.27845 0.0025 0 1 0 0 0 0 15 1 0 0 0 E A 3 0 0 0 0 0 0 16 4 0 0 0 E A 3 21UlBeGr_syms_l340
832.03978 0.0025 0 1 0 0 0 0 15 10 0 0 0 E A 3 0 0 0 0 0 0 16 10 0 0 0 E A 3 21UlBeGr_syms_l371
868.2383 0.0025 0 1 0 0 0 0 15 10 0 0 0 E A 3 0 0 0 0 0 0 16 13 0 0 0 E A 3 21UlBeGr_syms_l544
835.14575 0.0025 0 1 0 0 0 0 15 11 0 0 0 E A 3 0 0 0 0 0 0 16 11 0 0 0 E A 3 21UlBeGr_syms_l386
-874.97022 0.0025 0 1 0 0 0 0 15 11 0 0 0 E A 3 0 0 0 0 0 0 16 14 0 0 0 E A 3 21UlBeGr_syms_l584
838.712 0.0025 0 1 0 0 0 0 15 12 0 0 0 A A 2 0 0 0 0 0 0 16 12 0 0 0 A A 1 21UlBeGr_syms_l400
838.712 0.0025 0 1 0 0 0 0 15 12 0 0 0 A A 1 0 0 0 0 0 0 16 12 0 0 0 A A 2 21UlBeGr_syms_l401
882.2867 0.0025 0 1 0 0 0 0 15 12 0 0 0 A A 2 0 0 0 0 0 0 16 15 0 0 0 A A 1 21UlBeGr_syms_l628
882.2867 0.0025 0 1 0 0 0 0 15 12 0 0 0 A A 1 0 0 0 0 0 0 16 15 0 0 0 A A 2 21UlBeGr_syms_l629
842.81586 0.0025 0 1 0 0 0 0 15 13 0 0 0 E A 3 0 0 0 0 0 0 16 13 0 0 0 E A 3 21UlBeGr_syms_l415
847.56456 0.0025 0 1 0 0 0 0 15 14 0 0 0 E A 3 0 0 0 0 0 0 16 14 0 0 0 E A 3 21UlBeGr_syms_l439
853.03314 0.0025 0 1 0 0 0 0 15 15 0 0 0 A A 1 0 0 0 0 0 0 16 15 0 0 0 A A 2 21UlBeGr_syms_l459
853.03314 0.0025 0 1 0 0 0 0 15 15 0 0 0 A A 2 0 0 0 0 0 0 16 15 0 0 0 A A 1 21UlBeGr_syms_l460
819.26561 0.0025 0 1 0 0 0 0 15 2 0 0 0 E A 3 0 0 0 0 0 0 16 2 0 0 0 E A 3 21UlBeGr_syms_l300
829.63142 0.0025 0 1 0 0 0 0 15 2 0 0 0 E A 3 0 0 0 0 0 0 16 5 0 0 0 E A 3 21UlBeGr_syms_l353
819.842 0.0025 0 1 0 0 0 0 15 3 0 0 0 A A 2 0 0 0 0 0 0 16 3 0 0 0 A A 1 21UlBeGr_syms_l304
819.92217 0.0025 0 1 0 0 0 0 15 3 0 0 0 A A 1 0 0 0 0 0 0 16 3 0 0 0 A A 2 21UlBeGr_syms_l305
833.19636 0.0025 0 1 0 0 0 0 15 3 0 0 0 A A 2 0 0 0 0 0 0 16 6 0 0 0 A A 1 21UlBeGr_syms_l376
833.33112 0.0025 0 1 0 0 0 0 15 3 0 0 0 A A 1 0 0 0 0 0 0 16 6 0 0 0 A A 2 21UlBeGr_syms_l378
820.75332 0.0025 0 1 0 0 0 0 15 4 0 0 0 E A 3 0 0 0 0 0 0 16 4 0 0 0 E A 3 21UlBeGr_syms_l310
837.19223 0.0025 0 1 0 0 0 0 15 4 0 0 0 E A 3 0 0 0 0 0 0 16 7 0 0 0 E A 3 21UlBeGr_syms_l397
821.88886 0.0025 0 1 0 0 0 0 15 5 0 0 0 E A 3 0 0 0 0 0 0 16 5 0 0 0 E A 3 21UlBeGr_syms_l317
841.43602 0.0025 0 1 0 0 0 0 15 5 0 0 0 E A 3 0 0 0 0 0 0 16 8 0 0 0 E A 3 21UlBeGr_syms_l406
823.29813 0.0025 0 1 0 0 0 0 15 6 0 0 0 A A 2 0 0 0 0 0 0 16 6 0 0 0 A A 1 21UlBeGr_syms_l325
823.29813 0.0025 0 1 0 0 0 0 15 6 0 0 0 A A 1 0 0 0 0 0 0 16 6 0 0 0 A A 2 21UlBeGr_syms_l326
846.0143 0.0025 0 1 0 0 0 0 15 6 0 0 0 A A 2 0 0 0 0 0 0 16 9 0 0 0 A A 1 21UlBeGr_syms_l434
846.0143 0.0025 0 1 0 0 0 0 15 6 0 0 0 A A 1 0 0 0 0 0 0 16 9 0 0 0 A A 2 21UlBeGr_syms_l435
-850.95108 0.0025 0 1 0 0 0 0 15 7 0 0 0 E A 3 0 0 0 0 0 0 16 10 0 0 0 E A 3 21UlBeGr_syms_l454
824.99608 0.0025 0 1 0 0 0 0 15 7 0 0 0 E A 3 0 0 0 0 0 0 16 7 0 0 0 E A 3 21UlBeGr_syms_l335
-856.27622 0.0025 0 1 0 0 0 0 15 8 0 0 0 E A 3 0 0 0 0 0 0 16 11 0 0 0 E A 3 21UlBeGr_syms_l481
827.00157 0.0025 0 1 0 0 0 0 15 8 0 0 0 E A 3 0 0 0 0 0 0 16 8 0 0 0 E A 3 21UlBeGr_syms_l341
862.02453 0.0025 0 1 0 0 0 0 15 9 0 0 0 A A 2 0 0 0 0 0 0 16 12 0 0 0 A A 1 21UlBeGr_syms_l508
862.02453 0.0025 0 1 0 0 0 0 15 9 0 0 0 A A 1 0 0 0 0 0 0 16 12 0 0 0 A A 2 21UlBeGr_syms_l509
829.33894 0.0025 0 1 0 0 0 0 15 9 0 0 0 A A 2 0 0 0 0 0 0 16 9 0 0 0 A A 1 21UlBeGr_syms_l350
829.33894 0.0025 0 1 0 0 0 0 15 9 0 0 0 A A 1 0 0 0 0 0 0 16 9 0 0 0 A A 2 21UlBeGr_syms_l351
819.39201 0.0025 0 1 0 0 0 0 16 10 0 0 0 E A 3 0 0 0 0 0 0 17 10 0 0 0 E A 3 21UlBeGr_syms_l301
855.21225 0.0025 0 1 0 0 0 0 16 10 0 0 0 E A 3 0 0 0 0 0 0 17 13 0 0 0 E A 3 21UlBeGr_syms_l471
822.3103 0.0025 0 1 0 0 0 0 16 11 0 0 0 E A 3 0 0 0 0 0 0 17 11 0 0 0 E A 3 21UlBeGr_syms_l321
-861.71678 0.0025 0 1 0 0 0 0 16 11 0 0 0 E A 3 0 0 0 0 0 0 17 14 0 0 0 E A 3 21UlBeGr_syms_l507
825.64635 0.0025 0 1 0 0 0 0 16 12 0 0 0 A A 1 0 0 0 0 0 0 17 12 0 0 0 A A 2 21UlBeGr_syms_l337
825.64635 0.0025 0 1 0 0 0 0 16 12 0 0 0 A A 2 0 0 0 0 0 0 17 12 0 0 0 A A 1 21UlBeGr_syms_l338
868.76173 0.0025 0 1 0 0 0 0 16 12 0 0 0 A A 1 0 0 0 0 0 0 17 15 0 0 0 A A 2 21UlBeGr_syms_l548
868.76173 0.0025 0 1 0 0 0 0 16 12 0 0 0 A A 2 0 0 0 0 0 0 17 15 0 0 0 A A 1 21UlBeGr_syms_l549
829.46021 0.0025 0 1 0 0 0 0 16 13 0 0 0 E A 3 0 0 0 0 0 0 17 13 0 0 0 E A 3 21UlBeGr_syms_l352
876.41928 0.0025 0 1 0 0 0 0 16 13 0 0 0 E A 3 0 0 0 0 0 0 17 16 0 0 0 E A 3 21UlBeGr_syms_l590
833.84079 0.0025 0 1 0 0 0 0 16 14 0 0 0 E A 3 0 0 0 0 0 0 17 14 0 0 0 E A 3 21UlBeGr_syms_l381
884.79005 0.0025 0 1 0 0 0 0 16 14 0 0 0 E A 3 0 0 0 0 0 0 17 17 0 0 0 E A 3 21UlBeGr_syms_l642
838.91797 0.0025 0 1 0 0 0 0 16 15 0 0 0 A A 1 0 0 0 0 0 0 17 15 0 0 0 A A 2 21UlBeGr_syms_l402
838.91797 0.0025 0 1 0 0 0 0 16 15 0 0 0 A A 2 0 0 0 0 0 0 17 15 0 0 0 A A 1 21UlBeGr_syms_l403
844.74703 0.0025 0 1 0 0 0 0 16 16 0 0 0 E A 3 0 0 0 0 0 0 17 16 0 0 0 E A 3 21UlBeGr_syms_l428
821.02181 0.0025 0 1 0 0 0 0 16 3 0 0 0 A A 1 0 0 0 0 0 0 17 6 0 0 0 A A 2 21UlBeGr_syms_l311
821.2059 0.0025 0 1 0 0 0 0 16 3 0 0 0 A A 2 0 0 0 0 0 0 17 6 0 0 0 A A 1 21UlBeGr_syms_l314
-824.96879 0.0025 0 1 0 0 0 0 16 4 0 0 0 E A 3 0 0 0 0 0 0 17 7 0 0 0 E A 3 21UlBeGr_syms_l334
829.12622 0.0025 0 1 0 0 0 0 16 5 0 0 0 E A 3 0 0 0 0 0 0 17 8 0 0 0 E A 3 21UlBeGr_syms_l348
833.60209 0.0025 0 1 0 0 0 0 16 6 0 0 0 A A 1 0 0 0 0 0 0 17 9 0 0 0 A A 2 21UlBeGr_syms_l379
833.60209 0.0025 0 1 0 0 0 0 16 6 0 0 0 A A 2 0 0 0 0 0 0 17 9 0 0 0 A A 1 21UlBeGr_syms_l380
-843.6052 0.0025 0 1 0 0 0 0 16 8 0 0 0 E A 3 0 0 0 0 0 0 17 11 0 0 0 E A 3 21UlBeGr_syms_l420
849.19024 0.0025 0 1 0 0 0 0 16 9 0 0 0 A A 2 0 0 0 0 0 0 17 12 0 0 0 A A 1 21UlBeGr_syms_l447
849.19024 0.0025 0 1 0 0 0 0 16 9 0 0 0 A A 1 0 0 0 0 0 0 17 12 0 0 0 A A 2 21UlBeGr_syms_l448
842.19514 0.0025 0 1 0 0 0 0 17 10 0 0 0 E A 3 0 0 0 0 0 0 18 13 0 0 0 E A 3 21UlBeGr_syms_l411
-848.48616 0.0025 0 1 0 0 0 0 17 11 0 0 0 E A 3 0 0 0 0 0 0 18 14 0 0 0 E A 3 21UlBeGr_syms_l443
855.27481 0.0025 0 1 0 0 0 0 17 12 0 0 0 A A 1 0 0 0 0 0 0 18 15 0 0 0 A A 2 21UlBeGr_syms_l472
855.27481 0.0025 0 1 0 0 0 0 17 12 0 0 0 A A 2 0 0 0 0 0 0 18 15 0 0 0 A A 1 21UlBeGr_syms_l473
862.63299 0.0025 0 1 0 0 0 0 17 13 0 0 0 E A 3 0 0 0 0 0 0 18 16 0 0 0 E A 3 21UlBeGr_syms_l514
820.24849 0.0025 0 1 0 0 0 0 17 14 0 0 0 E A 3 0 0 0 0 0 0 18 14 0 0 0 E A 3 21UlBeGr_syms_l307
870.62871 0.0025 0 1 0 0 0 0 17 14 0 0 0 E A 3 0 0 0 0 0 0 18 17 0 0 0 E A 3 21UlBeGr_syms_l560
824.89839 0.0025 0 1 0 0 0 0 17 15 0 0 0 A A 2 0 0 0 0 0 0 18 15 0 0 0 A A 1 21UlBeGr_syms_l332
824.89839 0.0025 0 1 0 0 0 0 17 15 0 0 0 A A 1 0 0 0 0 0 0 18 15 0 0 0 A A 2 21UlBeGr_syms_l333
879.37967 0.0025 0 1 0 0 0 0 17 15 0 0 0 A A 2 0 0 0 0 0 0 18 18 0 0 0 A A 1 21UlBeGr_syms_l609
879.37967 0.0025 0 1 0 0 0 0 17 15 0 0 0 A A 1 0 0 0 0 0 0 18 18 0 0 0 A A 2 21UlBeGr_syms_l610
830.31157 0.0025 0 1 0 0 0 0 17 16 0 0 0 E A 3 0 0 0 0 0 0 18 16 0 0 0 E A 3 21UlBeGr_syms_l357
836.49994 0.0025 0 1 0 0 0 0 17 17 0 0 0 E A 3 0 0 0 0 0 0 18 17 0 0 0 E A 3 21UlBeGr_syms_l396
821.17502 0.0025 0 1 0 0 0 0 17 6 0 0 0 A A 2 0 0 0 0 0 0 18 9 0 0 0 A A 1 21UlBeGr_syms_l313
-825.87612 0.0025 0 1 0 0 0 0 17 7 0 0 0 E A 3 0 0 0 0 0 0 18 10 0 0 0 E A 3 21UlBeGr_syms_l339
-830.92602 0.0025 0 1 0 0 0 0 17 8 0 0 0 E A 3 0 0 0 0 0 0 18 11 0 0 0 E A 3 21UlBeGr_syms_l361
836.3554 0.0025 0 1 0 0 0 0 17 9 0 0 0 A A 2 0 0 0 0 0 0 18 12 0 0 0 A A 1 21UlBeGr_syms_l392
836.3554 0.0025 0 1 0 0 0 0 17 9 0 0 0 A A 1 0 0 0 0 0 0 18 12 0 0 0 A A 2 21UlBeGr_syms_l393
829.19765 0.0025 0 1 0 0 0 0 18 10 0 0 0 E A 3 0 0 0 0 0 0 19 13 0 0 0 E A 3 21UlBeGr_syms_l349
-835.28707 0.0025 0 1 0 0 0 0 18 11 0 0 0 E A 3 0 0 0 0 0 0 19 14 0 0 0 E A 3 21UlBeGr_syms_l389
848.93224 0.0025 0 1 0 0 0 0 18 13 0 0 0 E A 3 0 0 0 0 0 0 19 16 0 0 0 E A 3 21UlBeGr_syms_l445
856.58007 0.0025 0 1 0 0 0 0 18 14 0 0 0 E A 3 0 0 0 0 0 0 19 17 0 0 0 E A 3 21UlBeGr_syms_l482
881.28277 0.0025 0 1 0 0 0 0 18 15 0 0 0 A A 1 0 0 0 0 0 0 18 6 0 0 0 A A 2 21UlBeGr_syms_l619
881.28277 0.0025 0 1 0 0 0 0 18 15 0 0 0 A A 2 0 0 0 0 0 0 18 6 0 0 0 A A 1 21UlBeGr_syms_l620
864.90909 0.0025 0 1 0 0 0 0 18 15 0 0 0 A A 1 0 0 0 0 0 0 19 18 0 0 0 A A 2 21UlBeGr_syms_l519
864.90909 0.0025 0 1 0 0 0 0 18 15 0 0 0 A A 2 0 0 0 0 0 0 19 18 0 0 0 A A 1 21UlBeGr_syms_l520
821.74235 0.0025 0 1 0 0 0 0 18 17 0 0 0 E A 3 0 0 0 0 0 0 19 17 0 0 0 E A 3 21UlBeGr_syms_l316
828.28904 0.0025 0 1 0 0 0 0 18 18 0 0 0 A A 1 0 0 0 0 0 0 19 18 0 0 0 A A 2 21UlBeGr_syms_l343
828.28904 0.0025 0 1 0 0 0 0 18 18 0 0 0 A A 2 0 0 0 0 0 0 19 18 0 0 0 A A 1 21UlBeGr_syms_l344
823.53143 0.0025 0 1 0 0 0 0 18 9 0 0 0 A A 1 0 0 0 0 0 0 19 12 0 0 0 A A 2 21UlBeGr_syms_l328
823.53143 0.0025 0 1 0 0 0 0 18 9 0 0 0 A A 2 0 0 0 0 0 0 19 12 0 0 0 A A 1 21UlBeGr_syms_l329
-822.12726 0.0025 0 1 0 0 0 0 19 11 0 0 0 E A 3 0 0 0 0 0 0 20 14 0 0 0 E A 3 21UlBeGr_syms_l320
895.29722 0.0025 0 1 0 0 0 0 19 12 0 0 0 A A 1 0 0 0 0 0 0 19 3 0 0 0 A A 2 21UlBeGr_syms_l705
828.46066 0.0025 0 1 0 0 0 0 19 12 0 0 0 A A 2 0 0 0 0 0 0 20 15 0 0 0 A A 1 21UlBeGr_syms_l345
828.46066 0.0025 0 1 0 0 0 0 19 12 0 0 0 A A 1 0 0 0 0 0 0 20 15 0 0 0 A A 2 21UlBeGr_syms_l346
835.26215 0.0025 0 1 0 0 0 0 19 13 0 0 0 E A 3 0 0 0 0 0 0 20 16 0 0 0 E A 3 21UlBeGr_syms_l388
842.64474 0.0025 0 1 0 0 0 0 19 14 0 0 0 E A 3 0 0 0 0 0 0 20 17 0 0 0 E A 3 21UlBeGr_syms_l413
850.59647 0.0025 0 1 0 0 0 0 19 15 0 0 0 A A 2 0 0 0 0 0 0 20 18 0 0 0 A A 1 21UlBeGr_syms_l452
850.59647 0.0025 0 1 0 0 0 0 19 15 0 0 0 A A 1 0 0 0 0 0 0 20 18 0 0 0 A A 2 21UlBeGr_syms_l453
-894.64522 0.0025 0 1 0 0 0 0 19 17 0 0 0 E A 3 0 0 0 0 0 0 19 11 0 0 0 E A 3 21UlBeGr_syms_l698
-820.11085 0.0025 0 1 0 0 0 0 19 19 0 0 0 E A 3 0 0 0 0 0 0 20 19 0 0 0 E A 3 21UlBeGr_syms_l306
891.43518 0.0025 0 1 0 0 0 0 20 12 0 0 0 A A 1 0 0 0 0 0 0 20 3 0 0 0 A A 2 21UlBeGr_syms_l676
821.70626 0.0025 0 1 0 0 0 0 20 13 0 0 0 E A 3 0 0 0 0 0 0 21 16 0 0 0 E A 3 21UlBeGr_syms_l315
-897.95921 0.0025 0 1 0 0 0 0 20 14 0 0 0 E A 3 0 0 0 0 0 0 20 8 0 0 0 E A 3 21UlBeGr_syms_l725
828.93924 0.0025 0 1 0 0 0 0 20 14 0 0 0 E A 3 0 0 0 0 0 0 21 17 0 0 0 E A 3 21UlBeGr_syms_l347
873.1358 0.0025 0 1 0 0 0 0 20 15 0 0 0 A A 2 0 0 0 0 0 0 20 6 0 0 0 A A 1 21UlBeGr_syms_l572
836.43188 0.0025 0 1 0 0 0 0 20 15 0 0 0 A A 2 0 0 0 0 0 0 21 18 0 0 0 A A 1 21UlBeGr_syms_l394
836.43188 0.0025 0 1 0 0 0 0 20 15 0 0 0 A A 1 0 0 0 0 0 0 21 18 0 0 0 A A 2 21UlBeGr_syms_l395
887.75118 0.0025 0 1 0 0 0 0 21 12 0 0 0 A A 2 0 0 0 0 0 0 21 3 0 0 0 A A 1 21UlBeGr_syms_l656
822.42945 0.0025 0 1 0 0 0 0 21 15 0 0 0 A A 2 0 0 0 0 0 0 22 18 0 0 0 A A 1 21UlBeGr_syms_l322
822.42945 0.0025 0 1 0 0 0 0 21 15 0 0 0 A A 1 0 0 0 0 0 0 22 18 0 0 0 A A 2 21UlBeGr_syms_l323
-894.00526 0.0025 0 1 0 0 0 0 26 9 0 0 0 A A 2 0 0 0 0 0 0 26 3 0 0 0 A A 1 21UlBeGr_syms_l694
-895.21764 0.0025 0 1 0 0 0 0 27 16 0 0 0 E A 3 0 0 0 0 0 0 27 13 0 0 0 E A 3 21UlBeGr_syms_l704
899.8258 0.0025 0 1 0 0 0 0 8 2 0 0 0 E A 3 0 0 0 0 0 0 9 1 0 0 0 E A 3 21UlBeGr_syms_l732
-897.55185 0.0025 0 1 0 0 0 0 8 3 0 0 0 A A 2 0 0 0 0 0 0 9 0 0 0 0 A A 1 21UlBeGr_syms_l721
895.62525 0.0025 0 1 0 0 0 0 8 4 0 0 0 E A 3 0 0 0 0 0 0 9 1 0 0 0 E A 3 21UlBeGr_syms_l708
894.04681 0.0025 0 1 0 0 0 0 8 5 0 0 0 E A 3 0 0 0 0 0 0 9 2 0 0 0 E A 3 21UlBeGr_syms_l695
892.8359 0.0025 0 1 0 0 0 0 8 6 0 0 0 A A 2 0 0 0 0 0 0 9 3 0 0 0 A A 1 21UlBeGr_syms_l687
892.8359 0.0025 0 1 0 0 0 0 8 6 0 0 0 A A 1 0 0 0 0 0 0 9 3 0 0 0 A A 2 21UlBeGr_syms_l688
892.01853 0.0025 0 1 0 0 0 0 8 7 0 0 0 E A 3 0 0 0 0 0 0 9 4 0 0 0 E A 3 21UlBeGr_syms_l681
891.63299 0.0025 0 1 0 0 0 0 8 8 0 0 0 E A 3 0 0 0 0 0 0 9 5 0 0 0 E A 3 21UlBeGr_syms_l679
889.33597 0.0025 0 1 0 0 0 0 9 0 0 0 0 A A 2 0 0 0 0 0 0 10 0 0 0 0 A A 1 21UlBeGr_syms_l666
893.98358 0.0025 0 1 0 0 0 0 9 0 0 0 0 A A 2 0 0 0 0 0 0 10 3 0 0 0 A A 1 21UlBeGr_syms_l693
889.49637 0.0025 0 1 0 0 0 0 9 1 0 0 0 E A 3 0 0 0 0 0 0 10 1 0 0 0 E A 3 21UlBeGr_syms_l667
891.04306 0.0025 0 1 0 0 0 0 9 1 0 0 0 E A 3 0 0 0 0 0 0 10 2 0 0 0 E A 3 21UlBeGr_syms_l674
897.25562 0.0025 0 1 0 0 0 0 9 1 0 0 0 E A 3 0 0 0 0 0 0 10 4 0 0 0 E A 3 21UlBeGr_syms_l719
889.97969 0.0025 0 1 0 0 0 0 9 2 0 0 0 E A 3 0 0 0 0 0 0 10 2 0 0 0 E A 3 21UlBeGr_syms_l670
896.19194 0.0025 0 1 0 0 0 0 9 2 0 0 0 E A 3 0 0 0 0 0 0 10 4 0 0 0 E A 3 21UlBeGr_syms_l715
886.14123 0.0025 0 1 0 0 0 0 9 3 0 0 0 A A 2 0 0 0 0 0 0 10 0 0 0 0 A A 1 21UlBeGr_syms_l651
890.78889 0.0025 0 1 0 0 0 0 9 3 0 0 0 A A 2 0 0 0 0 0 0 10 3 0 0 0 A A 1 21UlBeGr_syms_l672
890.79594 0.0025 0 1 0 0 0 0 9 3 0 0 0 A A 1 0 0 0 0 0 0 10 3 0 0 0 A A 2 21UlBeGr_syms_l673
884.18677 0.0025 0 1 0 0 0 0 9 4 0 0 0 E A 3 0 0 0 0 0 0 10 1 0 0 0 E A 3 21UlBeGr_syms_l640
891.94607 0.0025 0 1 0 0 0 0 9 4 0 0 0 E A 3 0 0 0 0 0 0 10 4 0 0 0 E A 3 21UlBeGr_syms_l680
882.56042 0.0025 0 1 0 0 0 0 9 5 0 0 0 E A 3 0 0 0 0 0 0 10 2 0 0 0 E A 3 21UlBeGr_syms_l632
893.45758 0.0025 0 1 0 0 0 0 9 5 0 0 0 E A 3 0 0 0 0 0 0 10 5 0 0 0 E A 3 21UlBeGr_syms_l690
881.28015 0.0025 0 1 0 0 0 0 9 6 0 0 0 A A 2 0 0 0 0 0 0 10 3 0 0 0 A A 1 21UlBeGr_syms_l618
881.28277 0.0025 0 1 0 0 0 0 9 6 0 0 0 A A 1 0 0 0 0 0 0 10 3 0 0 0 A A 2 21UlBeGr_syms_l621
895.35092 0.0025 0 1 0 0 0 0 9 6 0 0 0 A A 2 0 0 0 0 0 0 10 6 0 0 0 A A 1 21UlBeGr_syms_l706
895.35092 0.0025 0 1 0 0 0 0 9 6 0 0 0 A A 1 0 0 0 0 0 0 10 6 0 0 0 A A 2 21UlBeGr_syms_l707
880.37256 0.0025 0 1 0 0 0 0 9 7 0 0 0 E A 3 0 0 0 0 0 0 10 4 0 0 0 E A 3 21UlBeGr_syms_l616
897.65837 0.0025 0 1 0 0 0 0 9 7 0 0 0 E A 3 0 0 0 0 0 0 10 7 0 0 0 E A 3 21UlBeGr_syms_l723
879.86708 0.0025 0 1 0 0 0 0 9 8 0 0 0 E A 3 0 0 0 0 0 0 10 5 0 0 0 E A 3 21UlBeGr_syms_l614
865.73805 0.0025 0 1 0 0 0 0 9 9 0 0 0 A A 2 0 0 0 0 0 0 10 3 0 0 0 A A 1 21UlBeGr_syms_l525
879.80849 0.0025 0 1 0 0 0 0 9 9 0 0 0 A A 2 0 0 0 0 0 0 10 6 0 0 0 A A 1 21UlBeGr_syms_l612
879.80849 0.0025 0 1 0 0 0 0 9 9 0 0 0 A A 1 0 0 0 0 0 0 10 6 0 0 0 A A 2 21UlBeGr_syms_l613
-972.87816 0.0025 0 0 0 1 0 1 10 9 0 1 1 A E 3 0 0 0 0 0 0 11 7 0 0 0 E A 3 21UlBeGr_syms_l1508
938.0621 0.0025 0 0 0 1 0 1 11 10 0 1 1 E E 3 0 0 0 0 0 0 12 5 0 0 0 E A 3 21UlBeGr_syms_l1003
958.32312 0.0025 0 0 0 1 0 1 11 10 0 1 1 E E 3 0 0 0 0 0 0 12 8 0 0 0 E A 3 21UlBeGr_syms_l1276
-983.54604 0.0025 0 0 0 1 0 1 11 11 0 1 1 E E 2 0 0 0 0 0 0 12 12 0 0 0 A A 1 21UlBeGr_syms_l1692
983.54604 0.0025 0 0 0 1 0 1 11 11 0 1 1 E E 1 0 0 0 0 0 0 12 12 0 0 0 A A 2 21UlBeGr_syms_l1693
-982.11393 0.0025 0 0 0 1 0 1 12 10 0 1 1 E E 3 0 0 0 0 0 0 13 11 0 0 0 E A 3 21UlBeGr_syms_l1667
-931.91105 0.0025 0 0 0 1 0 1 12 10 0 1 1 E E 3 0 0 0 0 0 0 13 5 0 0 0 E A 3 21UlBeGr_syms_l937
977.36877 0.0025 0 0 0 1 0 1 12 11 0 1 1 E E 2 0 0 0 0 0 0 13 12 0 0 0 A A 1 21UlBeGr_syms_l1579
977.36877 0.0025 0 0 0 1 0 1 12 11 0 1 1 E E 1 0 0 0 0 0 0 13 12 0 0 0 A A 2 21UlBeGr_syms_l1580
943.75208 0.0025 0 0 0 1 0 1 12 11 0 1 1 E E 2 0 0 0 0 0 0 13 9 0 0 0 A A 1 21UlBeGr_syms_l1073
943.75208 0.0025 0 0 0 1 0 1 12 11 0 1 1 E E 1 0 0 0 0 0 0 13 9 0 0 0 A A 2 21UlBeGr_syms_l1074
934.7407 0.0025 0 0 0 1 0 -1 12 12 0 1 1 A E 3 0 0 0 0 0 0 13 10 0 0 0 E A 3 21UlBeGr_syms_l966
971.97544 0.0025 0 0 0 1 0 -1 12 12 0 1 1 A E 3 0 0 0 0 0 0 13 13 0 0 0 E A 3 21UlBeGr_syms_l1491
-975.43224 0.0025 0 0 0 1 0 1 13 10 0 1 1 E E 3 0 0 0 0 0 0 14 11 0 0 0 E A 3 21UlBeGr_syms_l1552
-971.01394 0.0025 0 0 0 1 0 1 13 11 0 1 1 E E 2 0 0 0 0 0 0 14 12 0 0 0 A A 1 21UlBeGr_syms_l1476
971.01394 0.0025 0 0 0 1 0 1 13 11 0 1 1 E E 1 0 0 0 0 0 0 14 12 0 0 0 A A 2 21UlBeGr_syms_l1477
-937.69198 0.0025 0 0 0 1 0 1 13 11 0 1 1 E E 2 0 0 0 0 0 0 14 9 0 0 0 A A 1 21UlBeGr_syms_l997
937.69198 0.0025 0 0 0 1 0 1 13 11 0 1 1 E E 1 0 0 0 0 0 0 14 9 0 0 0 A A 2 21UlBeGr_syms_l998
-966.07174 0.0025 0 0 0 1 0 1 13 12 0 1 1 A E 3 0 0 0 0 0 0 14 13 0 0 0 E A 3 21UlBeGr_syms_l1397
967.89107 0.0025 0 0 0 1 0 1 13 13 0 1 1 E E 2 0 0 0 0 0 0 14 6 0 0 0 A A 1 21UlBeGr_syms_l1428
967.89107 0.0025 0 0 0 1 0 1 13 13 0 1 1 E E 1 0 0 0 0 0 0 14 6 0 0 0 A A 2 21UlBeGr_syms_l1429
-960.40883 0.0025 0 0 0 1 0 1 13 13 0 1 1 E E 3 0 0 0 0 0 0 14 14 0 0 0 E A 3 21UlBeGr_syms_l1310
-966.49284 0.0025 0 0 0 1 0 1 13 7 0 1 1 E E 3 0 0 0 0 0 0 14 5 0 0 0 E A 3 21UlBeGr_syms_l1405
-983.08659 0.0025 0 0 0 1 0 1 13 8 0 1 1 E E 2 0 0 0 0 0 0 14 9 0 0 0 A A 1 21UlBeGr_syms_l1682
983.08659 0.0025 0 0 0 1 0 1 13 8 0 1 1 E E 1 0 0 0 0 0 0 14 9 0 0 0 A A 2 21UlBeGr_syms_l1683
-979.43625 0.0025 0 0 0 1 0 1 13 9 0 1 1 A E 3 0 0 0 0 0 0 14 10 0 0 0 E A 3 21UlBeGr_syms_l1616
984.74778 0.0025 0 0 0 1 0 1 14 10 0 1 1 E E 2 0 0 0 0 0 0 15 3 0 0 0 A A 1 21UlBeGr_syms_l1720
984.7851 0.0025 0 0 0 1 0 1 14 10 0 1 1 E E 1 0 0 0 0 0 0 15 3 0 0 0 A A 2 21UlBeGr_syms_l1722
-968.6439 0.0025 0 0 0 1 0 1 14 10 0 1 1 E E 3 0 0 0 0 0 0 15 11 0 0 0 E A 3 21UlBeGr_syms_l1439
-964.50318 0.0025 0 0 0 1 0 1 14 11 0 1 1 E E 2 0 0 0 0 0 0 15 12 0 0 0 A A 1 21UlBeGr_syms_l1373
964.50318 0.0025 0 0 0 1 0 1 14 11 0 1 1 E E 1 0 0 0 0 0 0 15 12 0 0 0 A A 2 21UlBeGr_syms_l1374
-908.5515 0.0025 0 0 0 1 0 1 14 11 0 1 1 E E 2 0 0 0 0 0 0 15 6 0 0 0 A A 1 21UlBeGr_syms_l783
908.5515 0.0025 0 0 0 1 0 1 14 11 0 1 1 E E 1 0 0 0 0 0 0 15 6 0 0 0 A A 2 21UlBeGr_syms_l784
-959.9293 0.0025 0 0 0 1 0 1 14 12 0 1 1 A E 3 0 0 0 0 0 0 15 13 0 0 0 E A 3 21UlBeGr_syms_l1297
-954.79183 0.0025 0 0 0 1 0 1 14 13 0 1 1 E E 3 0 0 0 0 0 0 15 14 0 0 0 E A 3 21UlBeGr_syms_l1221
-948.85082 0.0025 0 0 0 1 0 1 14 14 0 1 1 E E 2 0 0 0 0 0 0 15 15 0 0 0 A A 1 21UlBeGr_syms_l1138
948.85082 0.0025 0 0 0 1 0 1 14 14 0 1 1 E E 1 0 0 0 0 0 0 15 15 0 0 0 A A 2 21UlBeGr_syms_l1139
981.11981 0.0025 0 0 0 1 0 -1 14 3 0 1 1 A E 3 0 0 0 0 0 0 15 1 0 0 0 E A 3 21UlBeGr_syms_l1645
982.6058 0.0025 0 0 0 1 0 -1 14 3 0 1 1 A E 3 0 0 0 0 0 0 15 2 0 0 0 E A 3 21UlBeGr_syms_l1675
-976.21804 0.0025 0 0 0 1 0 1 14 4 0 1 1 E E 3 0 0 0 0 0 0 15 2 0 0 0 E A 3 21UlBeGr_syms_l1564
-970.95907 0.0025 0 0 0 1 0 1 14 5 0 1 1 E E 2 0 0 0 0 0 0 15 3 0 0 0 A A 1 21UlBeGr_syms_l1473
984.45195 0.0025 0 0 0 1 0 -1 14 5 0 1 1 E E 2 0 0 0 0 0 0 15 6 0 0 0 A A 1 21UlBeGr_syms_l1711
984.45195 0.0025 0 0 0 1 0 -1 14 5 0 1 1 E E 1 0 0 0 0 0 0 15 6 0 0 0 A A 2 21UlBeGr_syms_l1712
981.89789 0.0025 0 0 0 1 0 -1 14 6 0 1 1 A E 3 0 0 0 0 0 0 15 7 0 0 0 E A 3 21UlBeGr_syms_l1662
-979.03914 0.0025 0 0 0 1 0 1 14 7 0 1 1 E E 3 0 0 0 0 0 0 15 8 0 0 0 E A 3 21UlBeGr_syms_l1607
-975.88251 0.0025 0 0 0 1 0 1 14 8 0 1 1 E E 2 0 0 0 0 0 0 15 9 0 0 0 A A 1 21UlBeGr_syms_l1558
975.88251 0.0025 0 0 0 1 0 1 14 8 0 1 1 E E 1 0 0 0 0 0 0 15 9 0 0 0 A A 2 21UlBeGr_syms_l1559
972.42377 0.0025 0 0 0 1 0 -1 14 9 0 1 1 A E 3 0 0 0 0 0 0 15 10 0 0 0 E A 3 21UlBeGr_syms_l1498
981.47382 0.0025 0 0 0 1 0 1 15 1 0 1 1 E E 3 0 0 0 0 0 0 16 1 0 0 0 E A 3 21UlBeGr_syms_l1654
982.94547 0.0025 0 0 0 1 0 1 15 1 0 1 1 E E 3 0 0 0 0 0 0 16 2 0 0 0 E A 3 21UlBeGr_syms_l1679
979.72701 0.0025 0 0 0 1 0 1 15 10 0 1 1 E E 2 0 0 0 0 0 0 16 3 0 0 0 A A 1 21UlBeGr_syms_l1619
-961.76211 0.0025 0 0 0 1 0 1 15 10 0 1 1 E E 3 0 0 0 0 0 0 16 11 0 0 0 E A 3 21UlBeGr_syms_l1326
957.8608 0.0025 0 0 0 1 0 1 15 11 0 1 1 E E 1 0 0 0 0 0 0 16 12 0 0 0 A A 2 21UlBeGr_syms_l1266
-957.8608 0.0025 0 0 0 1 0 1 15 11 0 1 1 E E 2 0 0 0 0 0 0 16 12 0 0 0 A A 1 21UlBeGr_syms_l1267
953.59027 0.0025 0 0 0 1 0 -1 15 12 0 1 1 A E 3 0 0 0 0 0 0 16 13 0 0 0 E A 3 21UlBeGr_syms_l1200
-985.27511 0.0025 0 0 0 1 0 1 15 12 0 1 1 A E 3 0 0 0 0 0 0 16 8 0 0 0 E A 3 21UlBeGr_syms_l1732
980.80552 0.0025 0 0 0 1 0 1 15 13 0 1 1 E E 1 0 0 0 0 0 0 16 9 0 0 0 A A 2 21UlBeGr_syms_l1638
980.80552 0.0025 0 0 0 1 0 1 15 13 0 1 1 E E 2 0 0 0 0 0 0 16 9 0 0 0 A A 1 21UlBeGr_syms_l1639
-909.04298 0.0025 0 0 0 1 0 1 15 13 0 1 1 E E 3 0 0 0 0 0 0 16 11 0 0 0 E A 3 21UlBeGr_syms_l788
948.86639 0.0025 0 0 0 1 0 -1 15 13 0 1 1 E E 3 0 0 0 0 0 0 16 14 0 0 0 E A 3 21UlBeGr_syms_l1140
943.53561 0.0025 0 0 0 1 0 1 15 14 0 1 1 E E 2 0 0 0 0 0 0 16 15 0 0 0 A A 1 21UlBeGr_syms_l1071
943.53561 0.0025 0 0 0 1 0 1 15 14 0 1 1 E E 1 0 0 0 0 0 0 16 15 0 0 0 A A 2 21UlBeGr_syms_l1072
975.91274 0.0025 0 0 0 1 0 1 15 14 0 1 1 E E 3 0 0 0 0 0 0 16 10 0 0 0 E A 3 21UlBeGr_syms_l1560
-970.54425 0.0025 0 0 0 1 0 1 15 15 0 1 1 A E 3 0 0 0 0 0 0 16 11 0 0 0 E A 3 21UlBeGr_syms_l1466
937.30631 0.0025 0 0 0 1 0 -1 15 15 0 1 1 A E 3 0 0 0 0 0 0 16 16 0 0 0 E A 3 21UlBeGr_syms_l989
-977.97847 0.0025 0 0 0 1 0 1 15 2 0 1 1 E E 2 0 0 0 0 0 0 16 0 0 0 0 A A 1 21UlBeGr_syms_l1593
-981.81722 0.0025 0 0 0 1 0 1 15 2 0 1 1 E E 1 0 0 0 0 0 0 16 3 0 0 0 A A 2 21UlBeGr_syms_l1661
-982.42566 0.0025 0 0 0 1 0 1 15 2 0 1 1 E E 2 0 0 0 0 0 0 16 3 0 0 0 A A 1 21UlBeGr_syms_l1670
-973.23922 0.0025 0 0 0 1 0 1 15 3 0 1 1 A E 3 0 0 0 0 0 0 16 1 0 0 0 E A 3 21UlBeGr_syms_l1513
-980.62084 0.0025 0 0 0 1 0 1 15 3 0 1 1 A E 3 0 0 0 0 0 0 16 4 0 0 0 E A 3 21UlBeGr_syms_l1633
-978.84774 0.0025 0 0 0 1 0 1 15 4 0 1 1 E E 3 0 0 0 0 0 0 16 5 0 0 0 E A 3 21UlBeGr_syms_l1605
-963.39197 0.0025 0 0 0 1 0 1 15 5 0 1 1 E E 2 0 0 0 0 0 0 16 3 0 0 0 A A 1 21UlBeGr_syms_l1356
-976.74573 0.0025 0 0 0 1 0 1 15 5 0 1 1 E E 2 0 0 0 0 0 0 16 6 0 0 0 A A 1 21UlBeGr_syms_l1572
976.74573 0.0025 0 0 0 1 0 1 15 5 0 1 1 E E 1 0 0 0 0 0 0 16 6 0 0 0 A A 2 21UlBeGr_syms_l1573
957.89367 0.0025 0 0 0 1 0 -1 15 6 0 1 1 A E 3 0 0 0 0 0 0 16 4 0 0 0 E A 3 21UlBeGr_syms_l1268
974.33238 0.0025 0 0 0 1 0 -1 15 6 0 1 1 A E 3 0 0 0 0 0 0 16 7 0 0 0 E A 3 21UlBeGr_syms_l1534
-971.62232 0.0025 0 0 0 1 0 1 15 7 0 1 1 E E 3 0 0 0 0 0 0 16 8 0 0 0 E A 3 21UlBeGr_syms_l1488
968.62527 0.0025 0 0 0 1 0 1 15 8 0 1 1 E E 1 0 0 0 0 0 0 16 9 0 0 0 A A 2 21UlBeGr_syms_l1437
-968.62527 0.0025 0 0 0 1 0 1 15 8 0 1 1 E E 2 0 0 0 0 0 0 16 9 0 0 0 A A 1 21UlBeGr_syms_l1438
965.34182 0.0025 0 0 0 1 0 -1 15 9 0 1 1 A E 3 0 0 0 0 0 0 16 10 0 0 0 E A 3 21UlBeGr_syms_l1389
975.43223 0.0025 0 0 0 1 0 1 16 0 0 1 1 A E 3 0 0 0 0 0 0 17 1 0 0 0 E A 3 21UlBeGr_syms_l1551
979.98746 0.0025 0 0 0 1 0 1 16 1 0 1 1 E E 2 0 0 0 0 0 0 17 3 0 0 0 A A 1 21UlBeGr_syms_l1623
-974.83853 0.0025 0 0 0 1 0 1 16 1 0 1 1 E E 3 0 0 0 0 0 0 17 2 0 0 0 E A 3 21UlBeGr_syms_l1542
975.22866 0.0025 0 0 0 1 0 1 16 10 0 1 1 E E 2 0 0 0 0 0 0 17 3 0 0 0 A A 1 21UlBeGr_syms_l1545
-954.80033 0.0025 0 0 0 1 0 1 16 10 0 1 1 E E 3 0 0 0 0 0 0 17 11 0 0 0 E A 3 21UlBeGr_syms_l1222
951.1083 0.0025 0 0 0 1 0 -1 16 11 0 1 1 E E 2 0 0 0 0 0 0 17 12 0 0 0 A A 1 21UlBeGr_syms_l1172
951.1083 0.0025 0 0 0 1 0 -1 16 11 0 1 1 E E 1 0 0 0 0 0 0 17 12 0 0 0 A A 2 21UlBeGr_syms_l1173
918.76317 0.0025 0 0 0 1 0 -1 16 11 0 1 1 E E 2 0 0 0 0 0 0 17 9 0 0 0 A A 1 21UlBeGr_syms_l835
918.76317 0.0025 0 0 0 1 0 -1 16 11 0 1 1 E E 1 0 0 0 0 0 0 17 9 0 0 0 A A 2 21UlBeGr_syms_l836
984.42511 0.0025 0 0 0 1 0 1 16 11 0 1 1 E E 3 0 0 0 0 0 0 17 7 0 0 0 E A 3 21UlBeGr_syms_l1710
947.09337 0.0025 0 0 0 1 0 -1 16 12 0 1 1 A E 3 0 0 0 0 0 0 17 13 0 0 0 E A 3 21UlBeGr_syms_l1119
-980.40944 0.0025 0 0 0 1 0 1 16 12 0 1 1 A E 3 0 0 0 0 0 0 17 8 0 0 0 E A 3 21UlBeGr_syms_l1628
-942.70038 0.0025 0 0 0 1 0 1 16 13 0 1 1 E E 3 0 0 0 0 0 0 17 14 0 0 0 E A 3 21UlBeGr_syms_l1062
937.83257 0.0025 0 0 0 1 0 1 16 14 0 1 1 E E 2 0 0 0 0 0 0 17 15 0 0 0 A A 1 21UlBeGr_syms_l1001
937.83257 0.0025 0 0 0 1 0 1 16 14 0 1 1 E E 1 0 0 0 0 0 0 17 15 0 0 0 A A 2 21UlBeGr_syms_l1002
-932.31059 0.0025 0 0 0 1 0 1 16 15 0 1 1 A E 3 0 0 0 0 0 0 17 16 0 0 0 E A 3 21UlBeGr_syms_l945
960.16257 0.0025 0 0 0 1 0 1 16 16 0 1 1 E E 2 0 0 0 0 0 0 17 12 0 0 0 A A 1 21UlBeGr_syms_l1302
960.16257 0.0025 0 0 0 1 0 1 16 16 0 1 1 E E 1 0 0 0 0 0 0 17 12 0 0 0 A A 2 21UlBeGr_syms_l1303
925.78152 0.0025 0 0 0 1 0 1 16 16 0 1 1 E E 3 0 0 0 0 0 0 17 17 0 0 0 E A 3 21UlBeGr_syms_l879
973.36178 0.0025 0 0 0 1 0 1 16 2 0 1 1 E E 1 0 0 0 0 0 0 17 3 0 0 0 A A 2 21UlBeGr_syms_l1514
973.89698 0.0025 0 0 0 1 0 1 16 2 0 1 1 E E 2 0 0 0 0 0 0 17 3 0 0 0 A A 1 21UlBeGr_syms_l1525
-972.71555 0.0025 0 0 0 1 0 1 16 3 0 1 1 A E 3 0 0 0 0 0 0 17 4 0 0 0 E A 3 21UlBeGr_syms_l1503
-960.75769 0.0025 0 0 0 1 0 1 16 4 0 1 1 E E 3 0 0 0 0 0 0 17 2 0 0 0 E A 3 21UlBeGr_syms_l1316
-955.74549 0.0025 0 0 0 1 0 1 16 5 0 1 1 E E 1 0 0 0 0 0 0 17 3 0 0 0 A A 2 21UlBeGr_syms_l1232
955.82472 0.0025 0 0 0 1 0 1 16 5 0 1 1 E E 2 0 0 0 0 0 0 17 3 0 0 0 A A 1 21UlBeGr_syms_l1234
969.03059 0.0025 0 0 0 1 0 -1 16 5 0 1 1 E E 1 0 0 0 0 0 0 17 6 0 0 0 A A 2 21UlBeGr_syms_l1444
-969.03059 0.0025 0 0 0 1 0 -1 16 5 0 1 1 E E 2 0 0 0 0 0 0 17 6 0 0 0 A A 1 21UlBeGr_syms_l1445
-966.74502 0.0025 0 0 0 1 0 1 16 6 0 1 1 A E 3 0 0 0 0 0 0 17 7 0 0 0 E A 3 21UlBeGr_syms_l1409
-964.17316 0.0025 0 0 0 1 0 1 16 7 0 1 1 E E 3 0 0 0 0 0 0 17 8 0 0 0 E A 3 21UlBeGr_syms_l1371
938.84095 0.0025 0 0 0 1 0 1 16 8 0 1 1 E E 2 0 0 0 0 0 0 17 6 0 0 0 A A 1 21UlBeGr_syms_l1013
938.84095 0.0025 0 0 0 1 0 1 16 8 0 1 1 E E 1 0 0 0 0 0 0 17 6 0 0 0 A A 2 21UlBeGr_syms_l1014
961.32316 0.0025 0 0 0 1 0 1 16 8 0 1 1 E E 2 0 0 0 0 0 0 17 9 0 0 0 A A 1 21UlBeGr_syms_l1320
961.32316 0.0025 0 0 0 1 0 1 16 8 0 1 1 E E 1 0 0 0 0 0 0 17 9 0 0 0 A A 2 21UlBeGr_syms_l1321
-958.20023 0.0025 0 0 0 1 0 1 16 9 0 1 1 A E 3 0 0 0 0 0 0 17 10 0 0 0 E A 3 21UlBeGr_syms_l1273
-981.6251 0.0025 0 0 0 1 0 1 16 9 0 1 1 A E 3 0 0 0 0 0 0 17 2 0 0 0 E A 3 21UlBeGr_syms_l1656
967.29693 0.0025 0 0 0 1 0 1 17 0 0 1 1 A E 3 0 0 0 0 0 0 18 1 0 0 0 E A 3 21UlBeGr_syms_l1418
970.42484 0.0025 0 0 0 1 0 1 17 10 0 1 1 E E 1 0 0 0 0 0 0 18 3 0 0 0 A A 2 21UlBeGr_syms_l1462
-970.67846 0.0025 0 0 0 1 0 1 17 10 0 1 1 E E 2 0 0 0 0 0 0 18 3 0 0 0 A A 1 21UlBeGr_syms_l1469
983.7292 0.0025 0 0 0 1 0 1 17 10 0 1 1 E E 2 0 0 0 0 0 0 18 6 0 0 0 A A 1 21UlBeGr_syms_l1695
947.77222 0.0025 0 0 0 1 0 -1 17 10 0 1 1 E E 3 0 0 0 0 0 0 18 11 0 0 0 E A 3 21UlBeGr_syms_l1127
-919.11593 0.0025 0 0 0 1 0 1 17 10 0 1 1 E E 3 0 0 0 0 0 0 18 8 0 0 0 E A 3 21UlBeGr_syms_l840
944.26506 0.0025 0 0 0 1 0 -1 17 11 0 1 1 E E 2 0 0 0 0 0 0 18 12 0 0 0 A A 1 21UlBeGr_syms_l1083
944.26506 0.0025 0 0 0 1 0 -1 17 11 0 1 1 E E 1 0 0 0 0 0 0 18 12 0 0 0 A A 2 21UlBeGr_syms_l1084
963.29005 0.0025 0 0 0 1 0 1 17 11 0 1 1 E E 3 0 0 0 0 0 0 18 4 0 0 0 E A 3 21UlBeGr_syms_l1355
979.38727 0.0025 0 0 0 1 0 1 17 11 0 1 1 E E 3 0 0 0 0 0 0 18 7 0 0 0 E A 3 21UlBeGr_syms_l1615
-940.469 0.0025 0 0 0 1 0 1 17 12 0 1 1 A E 3 0 0 0 0 0 0 18 13 0 0 0 E A 3 21UlBeGr_syms_l1036
-956.56812 0.0025 0 0 0 1 0 1 17 12 0 1 1 A E 3 0 0 0 0 0 0 18 5 0 0 0 E A 3 21UlBeGr_syms_l1248
936.34891 0.0025 0 0 0 1 0 1 17 13 0 1 1 E E 3 0 0 0 0 0 0 18 14 0 0 0 E A 3 21UlBeGr_syms_l983
931.84074 0.0025 0 0 0 1 0 1 17 14 0 1 1 E E 1 0 0 0 0 0 0 18 15 0 0 0 A A 2 21UlBeGr_syms_l932
931.84074 0.0025 0 0 0 1 0 1 17 14 0 1 1 E E 2 0 0 0 0 0 0 18 15 0 0 0 A A 1 21UlBeGr_syms_l933
941.27443 0.0025 0 0 0 1 0 1 17 14 0 1 1 E E 3 0 0 0 0 0 0 18 7 0 0 0 E A 3 21UlBeGr_syms_l1041
-961.53086 0.0025 0 0 0 1 0 1 17 15 0 1 1 A E 3 0 0 0 0 0 0 18 11 0 0 0 E A 3 21UlBeGr_syms_l1322
-926.83551 0.0025 0 0 0 1 0 1 17 15 0 1 1 A E 3 0 0 0 0 0 0 18 16 0 0 0 E A 3 21UlBeGr_syms_l889
955.88609 0.0025 0 0 0 1 0 1 17 16 0 1 1 E E 2 0 0 0 0 0 0 18 12 0 0 0 A A 1 21UlBeGr_syms_l1236
955.88609 0.0025 0 0 0 1 0 1 17 16 0 1 1 E E 1 0 0 0 0 0 0 18 12 0 0 0 A A 2 21UlBeGr_syms_l1237
921.12623 0.0025 0 0 0 1 0 -1 17 16 0 1 1 E E 3 0 0 0 0 0 0 18 17 0 0 0 E A 3 21UlBeGr_syms_l854
914.28737 0.0025 0 0 0 1 0 1 17 17 0 1 1 E E 1 0 0 0 0 0 0 18 18 0 0 0 A A 2 21UlBeGr_syms_l817
914.28737 0.0025 0 0 0 1 0 1 17 17 0 1 1 E E 2 0 0 0 0 0 0 18 18 0 0 0 A A 1 21UlBeGr_syms_l818
965.42164 0.0025 0 0 0 1 0 -1 17 2 0 1 1 E E 2 0 0 0 0 0 0 18 3 0 0 0 A A 1 21UlBeGr_syms_l1390
966.13882 0.0025 0 0 0 1 0 -1 17 2 0 1 1 E E 1 0 0 0 0 0 0 18 3 0 0 0 A A 2 21UlBeGr_syms_l1398
978.58026 0.0025 0 0 0 1 0 -1 17 2 0 1 1 E E 2 0 0 0 0 0 0 18 6 0 0 0 A A 1 21UlBeGr_syms_l1602
-965.10764 0.0025 0 0 0 1 0 1 17 3 0 1 1 A E 3 0 0 0 0 0 0 18 4 0 0 0 E A 3 21UlBeGr_syms_l1383
-981.20485 0.0025 0 0 0 1 0 1 17 3 0 1 1 A E 3 0 0 0 0 0 0 18 7 0 0 0 E A 3 21UlBeGr_syms_l1649
953.06913 0.0025 0 0 0 1 0 1 17 4 0 1 1 E E 3 0 0 0 0 0 0 18 2 0 0 0 E A 3 21UlBeGr_syms_l1193
963.21981 0.0025 0 0 0 1 0 1 17 4 0 1 1 E E 3 0 0 0 0 0 0 18 5 0 0 0 E A 3 21UlBeGr_syms_l1354
959.14621 0.0025 0 0 0 1 0 1 17 6 0 1 1 A E 3 0 0 0 0 0 0 18 7 0 0 0 E A 3 21UlBeGr_syms_l1287
985.35614 0.0025 0 0 0 1 0 1 17 7 0 1 1 E E 3 0 0 0 0 0 0 18 11 0 0 0 E A 3 21UlBeGr_syms_l1733
956.6996 0.0025 0 0 0 1 0 1 17 7 0 1 1 E E 3 0 0 0 0 0 0 18 8 0 0 0 E A 3 21UlBeGr_syms_l1249
931.74576 0.0025 0 0 0 1 0 1 17 8 0 1 1 E E 2 0 0 0 0 0 0 18 6 0 0 0 A A 1 21UlBeGr_syms_l930
931.74576 0.0025 0 0 0 1 0 1 17 8 0 1 1 E E 1 0 0 0 0 0 0 18 6 0 0 0 A A 2 21UlBeGr_syms_l931
953.9855 0.0025 0 0 0 1 0 1 17 8 0 1 1 E E 2 0 0 0 0 0 0 18 9 0 0 0 A A 1 21UlBeGr_syms_l1207
953.9855 0.0025 0 0 0 1 0 1 17 8 0 1 1 E E 1 0 0 0 0 0 0 18 9 0 0 0 A A 2 21UlBeGr_syms_l1208
951.00986 0.0025 0 0 0 1 0 -1 17 9 0 1 1 A E 3 0 0 0 0 0 0 18 10 0 0 0 E A 3 21UlBeGr_syms_l1169
909.50404 0.0025 0 0 0 1 0 -1 17 9 0 1 1 A E 3 0 0 0 0 0 0 18 4 0 0 0 E A 3 21UlBeGr_syms_l793
925.59984 0.0025 0 0 0 1 0 -1 17 9 0 1 1 A E 3 0 0 0 0 0 0 18 7 0 0 0 E A 3 21UlBeGr_syms_l876
959.20558 0.0025 0 0 0 1 0 1 18 0 0 1 1 A E 3 0 0 0 0 0 0 19 1 0 0 0 E A 3 21UlBeGr_syms_l1288
-970.66995 0.0025 0 0 0 1 0 -1 18 0 0 1 1 A E 3 0 0 0 0 0 0 19 5 0 0 0 E A 3 21UlBeGr_syms_l1467
-982.27232 0.0025 0 0 0 1 0 1 18 0 0 1 1 A E 3 0 0 0 0 0 0 19 7 0 0 0 E A 3 21UlBeGr_syms_l1669
958.69272 0.0025 0 0 0 1 0 1 18 1 0 1 1 E E 3 0 0 0 0 0 0 19 2 0 0 0 E A 3 21UlBeGr_syms_l1282
979.14618 0.0025 0 0 0 1 0 1 18 10 0 1 1 E E 1 0 0 0 0 0 0 19 6 0 0 0 A A 2 21UlBeGr_syms_l1609
979.19631 0.0025 0 0 0 1 0 1 18 10 0 1 1 E E 2 0 0 0 0 0 0 19 6 0 0 0 A A 1 21UlBeGr_syms_l1610
940.69116 0.0025 0 0 0 1 0 1 18 10 0 1 1 E E 3 0 0 0 0 0 0 19 11 0 0 0 E A 3 21UlBeGr_syms_l1038
937.34865 0.0025 0 0 0 1 0 1 18 11 0 1 1 E E 2 0 0 0 0 0 0 19 12 0 0 0 A A 1 21UlBeGr_syms_l990
937.34865 0.0025 0 0 0 1 0 1 18 11 0 1 1 E E 1 0 0 0 0 0 0 19 12 0 0 0 A A 2 21UlBeGr_syms_l991
959.65591 0.0025 0 0 0 1 0 1 18 11 0 1 1 E E 3 0 0 0 0 0 0 19 4 0 0 0 E A 3 21UlBeGr_syms_l1295
975.57267 0.0025 0 0 0 1 0 1 18 11 0 1 1 E E 3 0 0 0 0 0 0 19 7 0 0 0 E A 3 21UlBeGr_syms_l1553
933.74313 0.0025 0 0 0 1 0 -1 18 12 0 1 1 A E 3 0 0 0 0 0 0 19 13 0 0 0 E A 3 21UlBeGr_syms_l958
-952.12987 0.0025 0 0 0 1 0 1 18 12 0 1 1 A E 3 0 0 0 0 0 0 19 5 0 0 0 E A 3 21UlBeGr_syms_l1180
971.05447 0.0025 0 0 0 1 0 1 18 12 0 1 1 A E 3 0 0 0 0 0 0 19 8 0 0 0 E A 3 21UlBeGr_syms_l1479
931.91105 0.0025 0 0 0 1 0 1 18 13 0 1 1 E E 2 0 0 0 0 0 0 19 3 0 0 0 A A 1 21UlBeGr_syms_l936
929.85185 0.0025 0 0 0 1 0 1 18 13 0 1 1 E E 3 0 0 0 0 0 0 19 14 0 0 0 E A 3 21UlBeGr_syms_l909
925.63383 0.0025 0 0 0 1 0 1 18 14 0 1 1 E E 1 0 0 0 0 0 0 19 15 0 0 0 A A 2 21UlBeGr_syms_l877
925.63383 0.0025 0 0 0 1 0 1 18 14 0 1 1 E E 2 0 0 0 0 0 0 19 15 0 0 0 A A 1 21UlBeGr_syms_l878
937.20864 0.0025 0 0 0 1 0 1 18 14 0 1 1 E E 3 0 0 0 0 0 0 19 7 0 0 0 E A 3 21UlBeGr_syms_l988
-957.29409 0.0025 0 0 0 1 0 1 18 15 0 1 1 A E 3 0 0 0 0 0 0 19 11 0 0 0 E A 3 21UlBeGr_syms_l1256
921.01928 0.0025 0 0 0 1 0 -1 18 15 0 1 1 A E 3 0 0 0 0 0 0 19 16 0 0 0 E A 3 21UlBeGr_syms_l853
909.99274 0.0025 0 0 0 1 0 1 18 17 0 1 1 E E 2 0 0 0 0 0 0 19 18 0 0 0 A A 1 21UlBeGr_syms_l795
909.99274 0.0025 0 0 0 1 0 1 18 17 0 1 1 E E 1 0 0 0 0 0 0 19 18 0 0 0 A A 2 21UlBeGr_syms_l796
900.59672 0.0025 0 0 0 1 0 -1 18 18 0 1 1 A E 3 0 0 0 0 0 0 19 11 0 0 0 E A 3 21UlBeGr_syms_l736
-939.11897 0.0025 0 0 0 1 0 1 18 18 0 1 1 A E 3 0 0 0 0 0 0 19 14 0 0 0 E A 3 21UlBeGr_syms_l1020
-902.81268 0.0025 0 0 0 1 0 1 18 18 0 1 1 A E 3 0 0 0 0 0 0 19 19 0 0 0 E A 3 21UlBeGr_syms_l749
957.40408 0.0025 0 0 0 1 0 1 18 2 0 1 1 E E 1 0 0 0 0 0 0 19 3 0 0 0 A A 2 21UlBeGr_syms_l1261
958.20706 0.0025 0 0 0 1 0 1 18 2 0 1 1 E E 2 0 0 0 0 0 0 19 3 0 0 0 A A 1 21UlBeGr_syms_l1275
-949.30915 0.0025 0 0 0 1 0 1 18 3 0 1 1 A E 3 0 0 0 0 0 0 19 1 0 0 0 E A 3 21UlBeGr_syms_l1149
-956.45919 0.0025 0 0 0 1 0 1 18 3 0 1 1 A E 3 0 0 0 0 0 0 19 4 0 0 0 E A 3 21UlBeGr_syms_l1243
-955.55354 0.0025 0 0 0 1 0 1 18 4 0 1 1 E E 3 0 0 0 0 0 0 19 5 0 0 0 E A 3 21UlBeGr_syms_l1230
-974.47863 0.0025 0 0 0 1 0 1 18 4 0 1 1 E E 3 0 0 0 0 0 0 19 8 0 0 0 E A 3 21UlBeGr_syms_l1537
953.62887 0.0025 0 0 0 1 0 1 18 5 0 1 1 E E 1 0 0 0 0 0 0 19 6 0 0 0 A A 2 21UlBeGr_syms_l1201
953.63117 0.0025 0 0 0 1 0 1 18 5 0 1 1 E E 2 0 0 0 0 0 0 19 6 0 0 0 A A 1 21UlBeGr_syms_l1202
975.61898 0.0025 0 0 0 1 0 1 18 5 0 1 1 E E 2 0 0 0 0 0 0 19 9 0 0 0 A A 1 21UlBeGr_syms_l1554
951.54747 0.0025 0 0 0 1 0 1 18 6 0 1 1 A E 3 0 0 0 0 0 0 19 7 0 0 0 E A 3 21UlBeGr_syms_l1176
-930.28744 0.0025 0 0 0 1 0 1 18 7 0 1 1 E E 3 0 0 0 0 0 0 19 5 0 0 0 E A 3 21UlBeGr_syms_l915
-949.21275 0.0025 0 0 0 1 0 1 18 7 0 1 1 E E 3 0 0 0 0 0 0 19 8 0 0 0 E A 3 21UlBeGr_syms_l1147
978.25022 0.0025 0 0 0 1 0 1 18 8 0 1 1 E E 1 0 0 0 0 0 0 19 12 0 0 0 A A 2 21UlBeGr_syms_l1598
978.25026 0.0025 0 0 0 1 0 1 18 8 0 1 1 E E 2 0 0 0 0 0 0 19 12 0 0 0 A A 1 21UlBeGr_syms_l1599
946.62278 0.0025 0 0 0 1 0 1 18 8 0 1 1 E E 1 0 0 0 0 0 0 19 9 0 0 0 A A 2 21UlBeGr_syms_l1109
946.62278 0.0025 0 0 0 1 0 1 18 8 0 1 1 E E 2 0 0 0 0 0 0 19 9 0 0 0 A A 1 21UlBeGr_syms_l1110
943.78149 0.0025 0 0 0 1 0 1 18 9 0 1 1 A E 3 0 0 0 0 0 0 19 10 0 0 0 E A 3 21UlBeGr_syms_l1075
978.80339 0.0025 0 0 0 1 0 1 18 9 0 1 1 A E 3 0 0 0 0 0 0 19 13 0 0 0 E A 3 21UlBeGr_syms_l1604
-982.59712 0.0025 0 0 0 1 0 1 18 9 0 1 1 A E 3 0 0 0 0 0 0 19 5 0 0 0 E A 3 21UlBeGr_syms_l1674
949.64216 0.0025 0 0 0 1 0 1 19 1 0 1 1 E E 3 0 0 0 0 0 0 20 2 0 0 0 E A 3 21UlBeGr_syms_l1151
959.56835 0.0025 0 0 0 1 0 1 19 1 0 1 1 E E 3 0 0 0 0 0 0 20 5 0 0 0 E A 3 21UlBeGr_syms_l1294
978.27214 0.0025 0 0 0 1 0 1 19 1 0 1 1 E E 3 0 0 0 0 0 0 20 8 0 0 0 E A 3 21UlBeGr_syms_l1600
933.56975 0.0025 0 0 0 1 0 1 19 10 0 1 1 E E 3 0 0 0 0 0 0 20 11 0 0 0 E A 3 21UlBeGr_syms_l956
930.37525 0.0025 0 0 0 1 0 1 19 11 0 1 1 E E 1 0 0 0 0 0 0 20 12 0 0 0 A A 2 21UlBeGr_syms_l916
930.37525 0.0025 0 0 0 1 0 1 19 11 0 1 1 E E 2 0 0 0 0 0 0 20 12 0 0 0 A A 1 21UlBeGr_syms_l917
926.93722 0.0025 0 0 0 1 0 1 19 12 0 1 1 A E 3 0 0 0 0 0 0 20 13 0 0 0 E A 3 21UlBeGr_syms_l890
972.27668 0.0025 0 0 0 1 0 1 19 12 0 1 1 A E 3 0 0 0 0 0 0 20 16 0 0 0 E A 3 21UlBeGr_syms_l1494
962.54932 0.0025 0 0 0 1 0 1 19 13 0 1 1 E E 1 0 0 0 0 0 0 20 9 0 0 0 A A 2 21UlBeGr_syms_l1340
962.54932 0.0025 0 0 0 1 0 1 19 13 0 1 1 E E 2 0 0 0 0 0 0 20 9 0 0 0 A A 1 21UlBeGr_syms_l1341
-923.24198 0.0025 0 0 0 1 0 1 19 13 0 1 1 E E 3 0 0 0 0 0 0 20 14 0 0 0 E A 3 21UlBeGr_syms_l864
919.26381 0.0025 0 0 0 1 0 1 19 14 0 1 1 E E 2 0 0 0 0 0 0 20 15 0 0 0 A A 1 21UlBeGr_syms_l844
919.26381 0.0025 0 0 0 1 0 1 19 14 0 1 1 E E 1 0 0 0 0 0 0 20 15 0 0 0 A A 2 21UlBeGr_syms_l845
933.28383 0.0025 0 0 0 1 0 1 19 14 0 1 1 E E 3 0 0 0 0 0 0 20 7 0 0 0 E A 3 21UlBeGr_syms_l951
-953.20507 0.0025 0 0 0 1 0 1 19 15 0 1 1 A E 3 0 0 0 0 0 0 20 11 0 0 0 E A 3 21UlBeGr_syms_l1195
-914.95756 0.0025 0 0 0 1 0 1 19 15 0 1 1 A E 3 0 0 0 0 0 0 20 16 0 0 0 E A 3 21UlBeGr_syms_l820
910.24547 0.0025 0 0 0 1 0 1 19 16 0 1 1 E E 3 0 0 0 0 0 0 20 17 0 0 0 E A 3 21UlBeGr_syms_l797
904.98306 0.0025 0 0 0 1 0 1 19 17 0 1 1 E E 2 0 0 0 0 0 0 20 18 0 0 0 A A 1 21UlBeGr_syms_l761
904.98306 0.0025 0 0 0 1 0 1 19 17 0 1 1 E E 1 0 0 0 0 0 0 20 18 0 0 0 A A 2 21UlBeGr_syms_l762
941.9655 0.0025 0 0 0 1 0 1 19 17 0 1 1 E E 3 0 0 0 0 0 0 20 13 0 0 0 E A 3 21UlBeGr_syms_l1053
935.52754 0.0025 0 0 0 1 0 1 19 18 0 1 1 A E 3 0 0 0 0 0 0 20 14 0 0 0 E A 3 21UlBeGr_syms_l977
981.63304 0.0025 0 0 0 1 0 1 19 19 0 1 1 E E 2 0 0 0 0 0 0 20 18 0 0 0 A A 1 21UlBeGr_syms_l1657
981.63304 0.0025 0 0 0 1 0 1 19 19 0 1 1 E E 1 0 0 0 0 0 0 20 18 0 0 0 A A 2 21UlBeGr_syms_l1658
948.66472 0.0025 0 0 0 1 0 1 19 3 0 1 1 A E 3 0 0 0 0 0 0 20 4 0 0 0 E A 3 21UlBeGr_syms_l1136
946.74151 0.0025 0 0 0 1 0 1 19 4 0 1 1 E E 3 0 0 0 0 0 0 20 5 0 0 0 E A 3 21UlBeGr_syms_l1114
933.11263 0.0025 0 0 0 1 0 1 19 5 0 1 1 E E 1 0 0 0 0 0 0 20 3 0 0 0 A A 2 21UlBeGr_syms_l948
933.31727 0.0025 0 0 0 1 0 1 19 5 0 1 1 E E 2 0 0 0 0 0 0 20 3 0 0 0 A A 1 21UlBeGr_syms_l952
-946.0234 0.0025 0 0 0 1 0 -1 19 5 0 1 1 E E 1 0 0 0 0 0 0 20 6 0 0 0 A A 2 21UlBeGr_syms_l1101
967.75661 0.0025 0 0 0 1 0 1 19 5 0 1 1 E E 1 0 0 0 0 0 0 20 9 0 0 0 A A 2 21UlBeGr_syms_l1425
968.79422 0.0025 0 0 0 1 0 1 19 6 0 1 1 A E 3 0 0 0 0 0 0 20 10 0 0 0 E A 3 21UlBeGr_syms_l1441
943.96693 0.0025 0 0 0 1 0 1 19 6 0 1 1 A E 3 0 0 0 0 0 0 20 7 0 0 0 E A 3 21UlBeGr_syms_l1077
984.60465 0.0025 0 0 0 1 0 1 19 7 0 1 1 E E 2 0 0 0 0 0 0 20 3 0 0 0 A A 1 21UlBeGr_syms_l1716
941.72384 0.0025 0 0 0 1 0 1 19 7 0 1 1 E E 3 0 0 0 0 0 0 20 8 0 0 0 E A 3 21UlBeGr_syms_l1043
917.51212 0.0025 0 0 0 1 0 1 19 8 0 1 1 E E 2 0 0 0 0 0 0 20 6 0 0 0 A A 1 21UlBeGr_syms_l831
939.24463 0.0025 0 0 0 1 0 1 19 8 0 1 1 E E 2 0 0 0 0 0 0 20 9 0 0 0 A A 1 21UlBeGr_syms_l1023
939.24463 0.0025 0 0 0 1 0 1 19 8 0 1 1 E E 1 0 0 0 0 0 0 20 9 0 0 0 A A 2 21UlBeGr_syms_l1024
981.48793 0.0025 0 0 0 1 0 1 19 8 0 1 1 E E 3 0 0 0 0 0 0 20 4 0 0 0 E A 3 21UlBeGr_syms_l1655
936.52616 0.0025 0 0 0 1 0 1 19 9 0 1 1 A E 3 0 0 0 0 0 0 20 10 0 0 0 E A 3 21UlBeGr_syms_l985
971.12909 0.0025 0 0 0 1 0 1 19 9 0 1 1 A E 3 0 0 0 0 0 0 20 13 0 0 0 E A 3 21UlBeGr_syms_l1481
-978.192 0.0025 0 0 0 1 0 1 19 9 0 1 1 A E 3 0 0 0 0 0 0 20 5 0 0 0 E A 3 21UlBeGr_syms_l1597
942.90559 0.0025 0 0 0 1 0 1 20 0 0 1 1 A E 3 0 0 0 0 0 0 21 1 0 0 0 E A 3 21UlBeGr_syms_l1064
947.25187 0.0025 0 0 0 1 0 1 20 1 0 1 1 E E 2 0 0 0 0 0 0 21 3 0 0 0 A A 1 21UlBeGr_syms_l1122
960.04319 0.0025 0 0 0 1 0 1 20 1 0 1 1 E E 2 0 0 0 0 0 0 21 6 0 0 0 A A 1 21UlBeGr_syms_l1299
942.67323 0.0025 0 0 0 1 0 1 20 1 0 1 1 E E 3 0 0 0 0 0 0 21 2 0 0 0 E A 3 21UlBeGr_syms_l1061
970.50214 0.0025 0 0 0 1 0 1 20 10 0 1 1 E E 2 0 0 0 0 0 0 21 6 0 0 0 A A 1 21UlBeGr_syms_l1465
926.41985 0.0025 0 0 0 1 0 1 20 10 0 1 1 E E 3 0 0 0 0 0 0 21 11 0 0 0 E A 3 21UlBeGr_syms_l886
964.00444 0.0025 0 0 0 1 0 1 20 10 0 1 1 E E 3 0 0 0 0 0 0 21 14 0 0 0 E A 3 21UlBeGr_syms_l1368
923.35921 0.0025 0 0 0 1 0 1 20 11 0 1 1 E E 1 0 0 0 0 0 0 21 12 0 0 0 A A 2 21UlBeGr_syms_l865
923.35921 0.0025 0 0 0 1 0 1 20 11 0 1 1 E E 2 0 0 0 0 0 0 21 12 0 0 0 A A 1 21UlBeGr_syms_l866
967.05193 0.0025 0 0 0 1 0 1 20 11 0 1 1 E E 3 0 0 0 0 0 0 21 7 0 0 0 E A 3 21UlBeGr_syms_l1415
920.07023 0.0025 0 0 0 1 0 1 20 12 0 1 1 A E 3 0 0 0 0 0 0 21 13 0 0 0 E A 3 21UlBeGr_syms_l848
-963.50161 0.0025 0 0 0 1 0 1 20 12 0 1 1 A E 3 0 0 0 0 0 0 21 8 0 0 0 E A 3 21UlBeGr_syms_l1358
957.81181 0.0025 0 0 0 1 0 1 20 13 0 1 1 E E 2 0 0 0 0 0 0 21 9 0 0 0 A A 1 21UlBeGr_syms_l1263
957.81181 0.0025 0 0 0 1 0 1 20 13 0 1 1 E E 1 0 0 0 0 0 0 21 9 0 0 0 A A 2 21UlBeGr_syms_l1264
916.54557 0.0025 0 0 0 1 0 1 20 13 0 1 1 E E 3 0 0 0 0 0 0 21 14 0 0 0 E A 3 21UlBeGr_syms_l825
965.10461 0.0025 0 0 0 1 0 1 20 13 0 1 1 E E 3 0 0 0 0 0 0 21 17 0 0 0 E A 3 21UlBeGr_syms_l1382
912.76929 0.0025 0 0 0 1 0 1 20 14 0 1 1 E E 1 0 0 0 0 0 0 21 15 0 0 0 A A 2 21UlBeGr_syms_l807
912.76929 0.0025 0 0 0 1 0 1 20 14 0 1 1 E E 2 0 0 0 0 0 0 21 15 0 0 0 A A 1 21UlBeGr_syms_l808
965.27012 0.0025 0 0 0 1 0 1 20 14 0 1 1 E E 1 0 0 0 0 0 0 21 18 0 0 0 A A 2 21UlBeGr_syms_l1386
965.27012 0.0025 0 0 0 1 0 1 20 14 0 1 1 E E 2 0 0 0 0 0 0 21 18 0 0 0 A A 1 21UlBeGr_syms_l1387
908.71314 0.0025 0 0 0 1 0 1 20 15 0 1 1 A E 3 0 0 0 0 0 0 21 16 0 0 0 E A 3 21UlBeGr_syms_l786
985.13116 0.0025 0 0 0 1 0 1 20 16 0 1 1 E E 2 0 0 0 0 0 0 21 15 0 0 0 A A 1 21UlBeGr_syms_l1728
985.13116 0.0025 0 0 0 1 0 1 20 16 0 1 1 E E 1 0 0 0 0 0 0 21 15 0 0 0 A A 2 21UlBeGr_syms_l1729
-904.32842 0.0025 0 0 0 1 0 1 20 16 0 1 1 E E 3 0 0 0 0 0 0 21 17 0 0 0 E A 3 21UlBeGr_syms_l757
-965.21649 0.0025 0 0 0 1 0 1 20 16 0 1 1 E E 3 0 0 0 0 0 0 21 20 0 0 0 E A 3 21UlBeGr_syms_l1385
980.62699 0.0025 0 0 0 1 0 1 20 18 0 1 1 A E 3 0 0 0 0 0 0 21 17 0 0 0 E A 3 21UlBeGr_syms_l1634
941.41304 0.0025 0 0 0 1 0 1 20 2 0 1 1 E E 2 0 0 0 0 0 0 21 3 0 0 0 A A 1 21UlBeGr_syms_l1042
942.37779 0.0025 0 0 0 1 0 1 20 2 0 1 1 E E 1 0 0 0 0 0 0 21 3 0 0 0 A A 2 21UlBeGr_syms_l1056
954.20264 0.0025 0 0 0 1 0 1 20 2 0 1 1 E E 2 0 0 0 0 0 0 21 6 0 0 0 A A 1 21UlBeGr_syms_l1212
-974.29247 0.0025 0 0 0 1 0 1 20 20 0 1 1 E E 3 0 0 0 0 0 0 21 19 0 0 0 E A 3 21UlBeGr_syms_l1533
939.35892 0.0025 0 0 0 1 0 1 20 4 0 1 1 E E 3 0 0 0 0 0 0 21 5 0 0 0 E A 3 21UlBeGr_syms_l1026
957.83769 0.0025 0 0 0 1 0 1 20 4 0 1 1 E E 3 0 0 0 0 0 0 21 8 0 0 0 E A 3 21UlBeGr_syms_l1265
926.39574 0.0025 0 0 0 1 0 1 20 5 0 1 1 E E 1 0 0 0 0 0 0 21 3 0 0 0 A A 2 21UlBeGr_syms_l885
938.91543 0.0025 0 0 0 1 0 1 20 5 0 1 1 E E 2 0 0 0 0 0 0 21 6 0 0 0 A A 1 21UlBeGr_syms_l1016
938.92025 0.0025 0 0 0 1 0 1 20 5 0 1 1 E E 2 0 0 0 0 0 0 21 6 0 0 0 A A 1 21UlBeGr_syms_l1017_repeat_above
-983.4099 0.0025 0 0 0 1 0 1 20 6 0 1 1 A E 3 0 0 0 0 0 0 21 2 0 0 0 E A 3 21UlBeGr_syms_l1688
-936.44873 0.0025 0 0 0 1 0 1 20 6 0 1 1 A E 3 0 0 0 0 0 0 21 7 0 0 0 E A 3 21UlBeGr_syms_l984
980.30394 0.0025 0 0 0 1 0 1 20 7 0 1 1 E E 2 0 0 0 0 0 0 21 3 0 0 0 A A 1 21UlBeGr_syms_l1627
934.24964 0.0025 0 0 0 1 0 1 20 7 0 1 1 E E 3 0 0 0 0 0 0 21 8 0 0 0 E A 3 21UlBeGr_syms_l961
962.72833 0.0025 0 0 0 1 0 1 20 8 0 1 1 E E 1 0 0 0 0 0 0 21 12 0 0 0 A A 2 21UlBeGr_syms_l1345
962.72833 0.0025 0 0 0 1 0 1 20 8 0 1 1 E E 2 0 0 0 0 0 0 21 12 0 0 0 A A 1 21UlBeGr_syms_l1346
910.39171 0.0025 0 0 0 1 0 1 20 8 0 1 1 E E 2 0 0 0 0 0 0 21 6 0 0 0 A A 1 21UlBeGr_syms_l798
931.863 0.0025 0 0 0 1 0 1 20 8 0 1 1 E E 1 0 0 0 0 0 0 21 9 0 0 0 A A 2 21UlBeGr_syms_l934
931.863 0.0025 0 0 0 1 0 1 20 8 0 1 1 E E 2 0 0 0 0 0 0 21 9 0 0 0 A A 1 21UlBeGr_syms_l935
977.21209 0.0025 0 0 0 1 0 1 20 8 0 1 1 E E 3 0 0 0 0 0 0 21 4 0 0 0 E A 3 21UlBeGr_syms_l1578
929.25414 0.0025 0 0 0 1 0 1 20 9 0 1 1 A E 3 0 0 0 0 0 0 21 10 0 0 0 E A 3 21UlBeGr_syms_l905
963.42696 0.0025 0 0 0 1 0 1 20 9 0 1 1 A E 3 0 0 0 0 0 0 21 13 0 0 0 E A 3 21UlBeGr_syms_l1357
941.92854 0.0025 0 0 0 1 0 1 21 0 0 1 1 A E 3 0 0 0 0 0 0 22 4 0 0 0 E A 3 21UlBeGr_syms_l1051
946.08846 0.0025 0 0 0 1 0 1 21 0 0 1 1 A E 3 0 0 0 0 0 0 22 5 0 0 0 E A 3 21UlBeGr_syms_l1104
953.69987 0.0025 0 0 0 1 0 1 21 10 0 1 1 E E 2 0 0 0 0 0 0 22 3 0 0 0 A A 1 21UlBeGr_syms_l1203
966.37472 0.0025 0 0 0 1 0 1 21 10 0 1 1 E E 2 0 0 0 0 0 0 22 6 0 0 0 A A 1 21UlBeGr_syms_l1403
919.2527 0.0025 0 0 0 1 0 1 21 10 0 1 1 E E 3 0 0 0 0 0 0 22 11 0 0 0 E A 3 21UlBeGr_syms_l843
916.31343 0.0025 0 0 0 1 0 1 21 11 0 1 1 E E 2 0 0 0 0 0 0 22 12 0 0 0 A A 1 21UlBeGr_syms_l821
916.31343 0.0025 0 0 0 1 0 1 21 11 0 1 1 E E 1 0 0 0 0 0 0 22 12 0 0 0 A A 2 21UlBeGr_syms_l822
913.15856 0.0025 0 0 0 1 0 1 21 12 0 1 1 A E 3 0 0 0 0 0 0 22 13 0 0 0 E A 3 21UlBeGr_syms_l812
957.33984 0.0025 0 0 0 1 0 1 21 12 0 1 1 A E 3 0 0 0 0 0 0 22 16 0 0 0 E A 3 21UlBeGr_syms_l1260
929.8438 0.0025 0 0 0 1 0 1 21 13 0 1 1 E E 2 0 0 0 0 0 0 22 6 0 0 0 A A 1 21UlBeGr_syms_l908
951.04843 0.0025 0 0 0 1 0 1 21 13 0 1 1 E E 2 0 0 0 0 0 0 22 9 0 0 0 A A 1 21UlBeGr_syms_l1170
909.78427 0.0025 0 0 0 1 0 1 21 13 0 1 1 E E 3 0 0 0 0 0 0 22 14 0 0 0 E A 3 21UlBeGr_syms_l794
906.18161 0.0025 0 0 0 1 0 1 21 14 0 1 1 E E 1 0 0 0 0 0 0 22 15 0 0 0 A A 2 21UlBeGr_syms_l768
906.18161 0.0025 0 0 0 1 0 1 21 14 0 1 1 E E 2 0 0 0 0 0 0 22 15 0 0 0 A A 1 21UlBeGr_syms_l769
983.41579 0.0025 0 0 0 1 0 1 21 14 0 1 1 E E 3 0 0 0 0 0 0 22 13 0 0 0 E A 3 21UlBeGr_syms_l1689
902.33333 0.0025 0 0 0 1 0 1 21 15 0 1 1 A E 3 0 0 0 0 0 0 22 16 0 0 0 E A 3 21UlBeGr_syms_l746
980.87532 0.0025 0 0 0 1 0 1 21 16 0 1 1 E E 2 0 0 0 0 0 0 22 15 0 0 0 A A 1 21UlBeGr_syms_l1640
980.87532 0.0025 0 0 0 1 0 1 21 16 0 1 1 E E 1 0 0 0 0 0 0 22 15 0 0 0 A A 2 21UlBeGr_syms_l1641
976.63795 0.0025 0 0 0 1 0 1 21 18 0 1 1 A E 3 0 0 0 0 0 0 22 17 0 0 0 E A 3 21UlBeGr_syms_l1571
973.89698 0.0025 0 0 0 1 0 1 21 19 0 1 1 E E 1 0 0 0 0 0 0 22 18 0 0 0 A A 2 21UlBeGr_syms_l1526
973.89698 0.0025 0 0 0 1 0 1 21 19 0 1 1 E E 2 0 0 0 0 0 0 22 18 0 0 0 A A 1 21UlBeGr_syms_l1527
933.4535 0.0025 0 0 0 1 0 1 21 2 0 1 1 E E 2 0 0 0 0 0 0 22 3 0 0 0 A A 1 21UlBeGr_syms_l954
-968.03835 0.0025 0 0 0 1 0 1 21 2 0 1 1 E E 1 0 0 0 0 0 0 22 9 0 0 0 A A 2 21UlBeGr_syms_l1431
-970.67058 0.0025 0 0 0 1 0 1 21 20 0 1 1 E E 3 0 0 0 0 0 0 22 19 0 0 0 E A 3 21UlBeGr_syms_l1468
-966.88974 0.0025 0 0 0 1 0 1 21 21 0 1 1 A E 3 0 0 0 0 0 0 22 20 0 0 0 E A 3 21UlBeGr_syms_l1413
-972.52502 0.0025 0 0 0 1 0 1 21 3 0 1 1 A E 3 0 0 0 0 0 0 22 10 0 0 0 E A 3 21UlBeGr_syms_l1500
-948.3088 0.0025 0 0 0 1 0 1 21 3 0 1 1 A E 3 0 0 0 0 0 0 22 7 0 0 0 E A 3 21UlBeGr_syms_l1132
984.12177 0.0025 0 0 0 1 0 1 21 4 0 1 1 E E 2 0 0 0 0 0 0 22 0 0 0 0 A A 1 21UlBeGr_syms_l1702
977.20023 0.0025 0 0 0 1 0 1 21 4 0 1 1 E E 3 0 0 0 0 0 0 22 11 0 0 0 E A 3 21UlBeGr_syms_l1577
949.89682 0.0025 0 0 0 1 0 1 21 4 0 1 1 E E 3 0 0 0 0 0 0 22 8 0 0 0 E A 3 21UlBeGr_syms_l1153
-979.22344 0.0025 0 0 0 1 0 1 21 6 0 1 1 A E 3 0 0 0 0 0 0 22 2 0 0 0 E A 3 21UlBeGr_syms_l1611
929.20282 0.0025 0 0 0 1 0 1 21 6 0 1 1 A E 3 0 0 0 0 0 0 22 7 0 0 0 E A 3 21UlBeGr_syms_l904
926.8258 0.0025 0 0 0 1 0 1 21 7 0 1 1 E E 3 0 0 0 0 0 0 22 8 0 0 0 E A 3 21UlBeGr_syms_l888
921.978 0.0025 0 0 0 1 0 1 21 9 0 1 1 A E 3 0 0 0 0 0 0 22 10 0 0 0 E A 3 21UlBeGr_syms_l857
955.71211 0.0025 0 0 0 1 0 1 21 9 0 1 1 A E 3 0 0 0 0 0 0 22 13 0 0 0 E A 3 21UlBeGr_syms_l1231
931.70474 0.0025 0 0 0 1 0 1 22 1 0 1 1 E E 3 0 0 0 0 0 0 23 4 0 0 0 E A 3 21UlBeGr_syms_l929
909.24986 0.0025 0 0 0 1 0 1 22 11 0 1 1 E E 2 0 0 0 0 0 0 23 12 0 0 0 A A 1 21UlBeGr_syms_l790
909.24986 0.0025 0 0 0 1 0 1 22 11 0 1 1 E E 1 0 0 0 0 0 0 23 12 0 0 0 A A 2 21UlBeGr_syms_l791
982.73268 0.0025 0 0 0 1 0 1 22 11 0 1 1 E E 3 0 0 0 0 0 0 23 10 0 0 0 E A 3 21UlBeGr_syms_l1676
-906.21609 0.0025 0 0 0 1 0 1 22 12 0 1 1 A E 3 0 0 0 0 0 0 23 13 0 0 0 E A 3 21UlBeGr_syms_l770
937.42788 0.0025 0 0 0 1 0 1 22 12 0 1 1 A E 3 0 0 0 0 0 0 23 5 0 0 0 E A 3 21UlBeGr_syms_l995
955.44337 0.0025 0 0 0 1 0 1 22 12 0 1 1 A E 3 0 0 0 0 0 0 23 8 0 0 0 E A 3 21UlBeGr_syms_l1229
981.12365 0.0025 0 0 0 1 0 1 22 13 0 1 1 E E 1 0 0 0 0 0 0 23 12 0 0 0 A A 2 21UlBeGr_syms_l1646
981.12595 0.0025 0 0 0 1 0 1 22 13 0 1 1 E E 2 0 0 0 0 0 0 23 12 0 0 0 A A 1 21UlBeGr_syms_l1647
930.1195 0.0025 0 0 0 1 0 1 22 13 0 1 1 E E 2 0 0 0 0 0 0 23 6 0 0 0 A A 1 21UlBeGr_syms_l911
902.9766 0.0025 0 0 0 1 0 1 22 13 0 1 1 E E 3 0 0 0 0 0 0 23 14 0 0 0 E A 3 21UlBeGr_syms_l750
950.24342 0.0025 0 0 0 1 0 1 22 13 0 1 1 E E 3 0 0 0 0 0 0 23 17 0 0 0 E A 3 21UlBeGr_syms_l1156
-951.18291 0.0025 0 0 0 1 0 1 22 16 0 1 1 E E 3 0 0 0 0 0 0 23 20 0 0 0 E A 3 21UlBeGr_syms_l1174
972.72092 0.0025 0 0 0 1 0 1 22 18 0 1 1 A E 3 0 0 0 0 0 0 23 17 0 0 0 E A 3 21UlBeGr_syms_l1504
925.53204 0.0025 0 0 0 1 0 1 22 2 0 1 1 E E 2 0 0 0 0 0 0 23 3 0 0 0 A A 1 21UlBeGr_syms_l875
984.18083 0.0025 0 0 0 1 0 1 22 4 0 1 1 E E 2 0 0 0 0 0 0 23 3 0 0 0 A A 1 21UlBeGr_syms_l1705
923.90329 0.0025 0 0 0 1 0 1 22 4 0 1 1 E E 3 0 0 0 0 0 0 23 5 0 0 0 E A 3 21UlBeGr_syms_l870
977.97834 0.0025 0 0 0 1 0 1 22 5 0 1 1 E E 3 0 0 0 0 0 0 23 1 0 0 0 E A 3 21UlBeGr_syms_l1592
984.80428 0.0025 0 0 0 1 0 1 22 5 0 1 1 E E 3 0 0 0 0 0 0 23 4 0 0 0 E A 3 21UlBeGr_syms_l1723
-975.13375 0.0025 0 0 0 1 0 1 22 6 0 1 1 A E 3 0 0 0 0 0 0 23 2 0 0 0 E A 3 21UlBeGr_syms_l1544
972.24151 0.0025 0 0 0 1 0 1 22 7 0 1 1 E E 2 0 0 0 0 0 0 23 3 0 0 0 A A 1 21UlBeGr_syms_l1493
984.59391 0.0025 0 0 0 1 0 1 22 7 0 1 1 E E 2 0 0 0 0 0 0 23 6 0 0 0 A A 1 21UlBeGr_syms_l1715
946.53111 0.0025 0 0 0 1 0 1 22 7 0 1 1 E E 3 0 0 0 0 0 0 23 11 0 0 0 E A 3 21UlBeGr_syms_l1107
919.58331 0.0025 0 0 0 1 0 1 22 7 0 1 1 E E 3 0 0 0 0 0 0 23 8 0 0 0 E A 3 21UlBeGr_syms_l846
917.16631 0.0025 0 0 0 1 0 1 22 8 0 1 1 E E 1 0 0 0 0 0 0 23 9 0 0 0 A A 2 21UlBeGr_syms_l828
917.16631 0.0025 0 0 0 1 0 1 22 8 0 1 1 E E 2 0 0 0 0 0 0 23 9 0 0 0 A A 1 21UlBeGr_syms_l829
984.16317 0.0025 0 0 0 1 0 1 22 8 0 1 1 E E 3 0 0 0 0 0 0 23 7 0 0 0 E A 3 21UlBeGr_syms_l1704
-958.46015 0.0025 0 0 0 1 0 1 23 10 0 1 1 E E 2 0 0 0 0 0 0 24 6 0 0 0 A A 1 21UlBeGr_syms_l1278
-904.91734 0.0025 0 0 0 1 0 1 23 10 0 1 1 E E 3 0 0 0 0 0 0 24 11 0 0 0 E A 3 21UlBeGr_syms_l760
-942.23128 0.0025 0 0 0 1 0 1 23 12 0 1 1 A E 3 0 0 0 0 0 0 24 16 0 0 0 E A 3 21UlBeGr_syms_l1055
-944.47667 0.0025 0 0 0 1 0 1 23 12 0 1 1 A E 3 0 0 0 0 0 0 24 7 0 0 0 E A 3 21UlBeGr_syms_l1087
-906.42831 0.0025 0 0 0 1 0 1 23 15 0 1 1 A E 3 0 0 0 0 0 0 24 7 0 0 0 E A 3 21UlBeGr_syms_l771
-970.85763 0.0025 0 0 0 1 0 1 23 17 0 1 1 E E 3 0 0 0 0 0 0 24 16 0 0 0 E A 3 21UlBeGr_syms_l1472
-963.60455 0.0025 0 0 0 1 0 1 23 20 0 1 1 E E 3 0 0 0 0 0 0 24 19 0 0 0 E A 3 21UlBeGr_syms_l1359
-975.69111 0.0025 0 0 0 1 0 1 23 4 0 1 1 E E 2 0 0 0 0 0 0 24 0 0 0 0 A A 1 21UlBeGr_syms_l1556
-960.52896 0.0025 0 0 0 1 0 1 23 4 0 1 1 E E 3 0 0 0 0 0 0 24 11 0 0 0 E A 3 21UlBeGr_syms_l1313
-980.59417 0.0025 0 0 0 1 0 1 23 6 0 1 1 A E 3 0 0 0 0 0 0 24 5 0 0 0 E A 3 21UlBeGr_syms_l1632
-968.02661 0.0025 0 0 0 1 0 1 23 7 0 1 1 E E 2 0 0 0 0 0 0 24 3 0 0 0 A A 1 21UlBeGr_syms_l1430
-980.20492 0.0025 0 0 0 1 0 1 23 7 0 1 1 E E 2 0 0 0 0 0 0 24 6 0 0 0 A A 1 21UlBeGr_syms_l1626
-965.0692 0.0025 0 0 0 1 0 1 23 8 0 1 1 E E 3 0 0 0 0 0 0 24 4 0 0 0 E A 3 21UlBeGr_syms_l1381
-907.48341 0.0025 0 0 0 1 0 1 23 9 0 1 1 A E 3 0 0 0 0 0 0 24 10 0 0 0 E A 3 21UlBeGr_syms_l779
-961.83053 0.0025 0 0 0 1 0 1 23 9 0 1 1 A E 3 0 0 0 0 0 0 24 5 0 0 0 E A 3 21UlBeGr_syms_l1329
-975.02331 0.0025 0 0 0 1 0 1 24 10 0 1 1 E E 2 0 0 0 0 0 0 25 9 0 0 0 A A 1 21UlBeGr_syms_l1543
-935.72512 0.0025 0 0 0 1 0 1 24 14 0 1 1 E E 1 0 0 0 0 0 0 25 18 0 0 0 A A 2 21UlBeGr_syms_l978
-935.72512 0.0025 0 0 0 1 0 1 24 14 0 1 1 E E 2 0 0 0 0 0 0 25 18 0 0 0 A A 1 21UlBeGr_syms_l979
-936.65347 0.0025 0 0 0 1 0 1 24 16 0 1 1 E E 3 0 0 0 0 0 0 25 20 0 0 0 E A 3 21UlBeGr_syms_l986
-919.07356 0.0025 0 0 0 1 0 1 24 18 0 1 1 A E 3 0 0 0 0 0 0 25 14 0 0 0 E A 3 21UlBeGr_syms_l839
-962.77487 0.0025 0 0 0 1 0 1 24 19 0 1 1 E E 2 0 0 0 0 0 0 25 18 0 0 0 A A 1 21UlBeGr_syms_l1350
-962.77487 0.0025 0 0 0 1 0 1 24 19 0 1 1 E E 1 0 0 0 0 0 0 25 18 0 0 0 A A 2 21UlBeGr_syms_l1351
-911.34988 0.0025 0 0 0 1 0 1 24 2 0 1 1 E E 2 0 0 0 0 0 0 25 3 0 0 0 A A 1 21UlBeGr_syms_l800
-944.12064 0.0025 0 0 0 1 0 1 24 2 0 1 1 E E 2 0 0 0 0 0 0 25 9 0 0 0 A A 1 21UlBeGr_syms_l1080
967.78417 0.0025 0 0 0 1 0 1 24 20 0 1 1 E E 1 0 0 0 0 0 0 24 15 0 0 0 A A 2 21UlBeGr_syms_l1426
967.78417 0.0025 0 0 0 1 0 1 24 20 0 1 1 E E 2 0 0 0 0 0 0 24 15 0 0 0 A A 1 21UlBeGr_syms_l1427
-960.12449 0.0025 0 0 0 1 0 1 24 20 0 1 1 E E 3 0 0 0 0 0 0 25 19 0 0 0 E A 3 21UlBeGr_syms_l1301
953.3937 0.0025 0 0 0 1 0 1 24 22 0 1 1 E E 1 0 0 0 0 0 0 25 21 0 0 0 A A 2 21UlBeGr_syms_l1196
953.3937 0.0025 0 0 0 1 0 1 24 22 0 1 1 E E 2 0 0 0 0 0 0 25 21 0 0 0 A A 1 21UlBeGr_syms_l1197
-971.57466 0.0025 0 0 0 1 0 1 24 4 0 1 1 E E 2 0 0 0 0 0 0 25 0 0 0 0 A A 1 21UlBeGr_syms_l1487
-975.92763 0.0025 0 0 0 1 0 1 24 4 0 1 1 E E 2 0 0 0 0 0 0 25 3 0 0 0 A A 1 21UlBeGr_syms_l1561
-908.44491 0.0025 0 0 0 1 0 1 24 4 0 1 1 E E 3 0 0 0 0 0 0 25 5 0 0 0 E A 3 21UlBeGr_syms_l782
-925.98137 0.0025 0 0 0 1 0 1 24 4 0 1 1 E E 3 0 0 0 0 0 0 25 8 0 0 0 E A 3 21UlBeGr_syms_l882
-927.45826 0.0025 0 0 0 1 0 1 24 5 0 1 1 E E 2 0 0 0 0 0 0 25 9 0 0 0 A A 1 21UlBeGr_syms_l891
-964.10979 0.0025 0 0 0 1 0 1 24 7 0 1 1 E E 2 0 0 0 0 0 0 25 3 0 0 0 A A 1 21UlBeGr_syms_l1370
-950.94876 0.0025 0 0 0 1 0 1 25 10 0 1 1 E E 2 0 0 0 0 0 0 26 6 0 0 0 A A 1 21UlBeGr_syms_l1168
-971.05447 0.0025 0 0 0 1 0 1 25 10 0 1 1 E E 2 0 0 0 0 0 0 26 9 0 0 0 A A 1 21UlBeGr_syms_l1478
-931.67467 0.0025 0 0 0 1 0 1 25 15 0 1 1 A E 3 0 0 0 0 0 0 26 11 0 0 0 E A 3 21UlBeGr_syms_l927
-928.76445 0.0025 0 0 0 1 0 1 25 15 0 1 1 A E 3 0 0 0 0 0 0 26 19 0 0 0 E A 3 21UlBeGr_syms_l902
-927.64392 0.0025 0 0 0 1 0 1 25 16 0 1 1 E E 2 0 0 0 0 0 0 26 12 0 0 0 A A 1 21UlBeGr_syms_l893
-927.64392 0.0025 0 0 0 1 0 1 25 16 0 1 1 E E 1 0 0 0 0 0 0 26 12 0 0 0 A A 2 21UlBeGr_syms_l895
-941.91471 0.0025 0 0 0 1 0 1 25 24 0 1 1 A E 3 0 0 0 0 0 0 26 23 0 0 0 E A 3 21UlBeGr_syms_l1049
-960.86906 0.0025 0 0 0 1 0 1 25 8 0 1 1 E E 1 0 0 0 0 0 0 26 15 0 0 0 A A 2 21UlBeGr_syms_l1317
-960.86906 0.0025 0 0 0 1 0 1 25 8 0 1 1 E E 2 0 0 0 0 0 0 26 15 0 0 0 A A 1 21UlBeGr_syms_l1318
-920.48313 0.0025 0 0 0 1 0 1 27 16 0 1 1 E E 1 0 0 0 0 0 0 28 12 0 0 0 A A 2 21UlBeGr_syms_l849
-920.48313 0.0025 0 0 0 1 0 1 27 16 0 1 1 E E 2 0 0 0 0 0 0 28 12 0 0 0 A A 1 21UlBeGr_syms_l850
-983.23056 0.0025 0 1 0 0 0 0 0 0 0 0 0 A A 2 0 0 0 0 0 0 1 0 0 0 0 A A 1 21UlBeGr_syms_l1685
973.97346 0.0025 0 1 0 0 0 0 1 0 0 0 0 A A 2 0 0 0 0 0 0 2 0 0 0 0 A A 1 21UlBeGr_syms_l1529
974.17568 0.0025 0 1 0 0 0 0 1 1 0 0 0 E A 3 0 0 0 0 0 0 2 1 0 0 0 E A 3 21UlBeGr_syms_l1532
979.72316 0.0025 0 1 0 0 0 0 10 0 0 0 0 A A 1 0 0 0 0 0 0 10 3 0 0 0 A A 2 21UlBeGr_syms_l1618
975.23697 0.0025 0 1 0 0 0 0 10 1 0 0 0 E A 3 0 0 0 0 0 0 10 1 0 0 0 E A 3 21UlBeGr_syms_l1546
975.71088 0.0025 0 1 0 0 0 0 10 2 0 0 0 E A 3 0 0 0 0 0 0 10 2 0 0 0 E A 3 21UlBeGr_syms_l1557
976.49616 0.0025 0 1 0 0 0 0 10 3 0 0 0 A A 1 0 0 0 0 0 0 10 3 0 0 0 A A 2 21UlBeGr_syms_l1569
976.51778 0.0025 0 1 0 0 0 0 10 3 0 0 0 A A 2 0 0 0 0 0 0 10 3 0 0 0 A A 1 21UlBeGr_syms_l1570
916.91571 0.0025 0 1 0 0 0 0 10 3 0 0 0 A A 2 0 0 0 0 0 0 11 9 0 0 0 A A 1 21UlBeGr_syms_l827
969.8761 0.0025 0 1 0 0 0 0 10 4 0 0 0 E A 3 0 0 0 0 0 0 10 1 0 0 0 E A 3 21UlBeGr_syms_l1455
977.63551 0.0025 0 1 0 0 0 0 10 4 0 0 0 E A 3 0 0 0 0 0 0 10 4 0 0 0 E A 3 21UlBeGr_syms_l1586
968.21441 0.0025 0 1 0 0 0 0 10 5 0 0 0 E A 3 0 0 0 0 0 0 10 2 0 0 0 E A 3 21UlBeGr_syms_l1433
979.11205 0.0025 0 1 0 0 0 0 10 5 0 0 0 E A 3 0 0 0 0 0 0 10 5 0 0 0 E A 3 21UlBeGr_syms_l1608
902.16972 0.0025 0 1 0 0 0 0 10 5 0 0 0 E A 3 0 0 0 0 0 0 11 8 0 0 0 E A 3 21UlBeGr_syms_l743
966.88536 0.0025 0 1 0 0 0 0 10 6 0 0 0 A A 1 0 0 0 0 0 0 10 3 0 0 0 A A 2 21UlBeGr_syms_l1412
966.88985 0.0025 0 1 0 0 0 0 10 6 0 0 0 A A 2 0 0 0 0 0 0 10 3 0 0 0 A A 1 21UlBeGr_syms_l1414
980.95763 0.0025 0 1 0 0 0 0 10 6 0 0 0 A A 2 0 0 0 0 0 0 10 6 0 0 0 A A 1 21UlBeGr_syms_l1642
980.95763 0.0025 0 1 0 0 0 0 10 6 0 0 0 A A 1 0 0 0 0 0 0 10 6 0 0 0 A A 2 21UlBeGr_syms_l1643
907.2878 0.0025 0 1 0 0 0 0 10 6 0 0 0 A A 2 0 0 0 0 0 0 11 9 0 0 0 A A 1 21UlBeGr_syms_l777
907.2878 0.0025 0 1 0 0 0 0 10 6 0 0 0 A A 1 0 0 0 0 0 0 11 9 0 0 0 A A 2 21UlBeGr_syms_l778
965.91534 0.0025 0 1 0 0 0 0 10 7 0 0 0 E A 3 0 0 0 0 0 0 10 4 0 0 0 E A 3 21UlBeGr_syms_l1394
983.20122 0.0025 0 1 0 0 0 0 10 7 0 0 0 E A 3 0 0 0 0 0 0 10 7 0 0 0 E A 3 21UlBeGr_syms_l1684
-912.8708 0.0025 0 1 0 0 0 0 10 7 0 0 0 E A 3 0 0 0 0 0 0 11 10 0 0 0 E A 3 21UlBeGr_syms_l809
965.32463 0.0025 0 1 0 0 0 0 10 8 0 0 0 E A 3 0 0 0 0 0 0 10 5 0 0 0 E A 3 21UlBeGr_syms_l1388
-918.96827 0.0025 0 1 0 0 0 0 10 8 0 0 0 E A 3 0 0 0 0 0 0 11 11 0 0 0 E A 3 21UlBeGr_syms_l837
951.08436 0.0025 0 1 0 0 0 0 10 9 0 0 0 A A 1 0 0 0 0 0 0 10 3 0 0 0 A A 2 21UlBeGr_syms_l1171
972.28837 0.0025 0 1 0 0 0 0 11 1 0 0 0 E A 3 0 0 0 0 0 0 11 1 0 0 0 E A 3 21UlBeGr_syms_l1495
973.82402 0.0025 0 1 0 0 0 0 11 1 0 0 0 E A 3 0 0 0 0 0 0 11 2 0 0 0 E A 3 21UlBeGr_syms_l1524
979.99432 0.0025 0 1 0 0 0 0 11 1 0 0 0 E A 3 0 0 0 0 0 0 11 4 0 0 0 E A 3 21UlBeGr_syms_l1624
-961.85455 0.0025 0 1 0 0 0 0 11 10 0 0 0 E A 3 0 0 0 0 0 0 11 7 0 0 0 E A 3 21UlBeGr_syms_l1330
-962.48426 0.0025 0 1 0 0 0 0 11 11 0 0 0 E A 3 0 0 0 0 0 0 11 8 0 0 0 E A 3 21UlBeGr_syms_l1339
971.2074 0.0025 0 1 0 0 0 0 11 2 0 0 0 E A 3 0 0 0 0 0 0 11 1 0 0 0 E A 3 21UlBeGr_syms_l1482
972.7429 0.0025 0 1 0 0 0 0 11 2 0 0 0 E A 3 0 0 0 0 0 0 11 2 0 0 0 E A 3 21UlBeGr_syms_l1506
973.48832 0.0025 0 1 0 0 0 0 11 3 0 0 0 A A 2 0 0 0 0 0 0 11 3 0 0 0 A A 1 21UlBeGr_syms_l1517
973.52395 0.0025 0 1 0 0 0 0 11 3 0 0 0 A A 1 0 0 0 0 0 0 11 3 0 0 0 A A 2 21UlBeGr_syms_l1518
904.90108 0.0025 0 1 0 0 0 0 11 3 0 0 0 A A 2 0 0 0 0 0 0 12 9 0 0 0 A A 1 21UlBeGr_syms_l759
974.5873 0.0025 0 1 0 0 0 0 11 4 0 0 0 E A 3 0 0 0 0 0 0 11 4 0 0 0 E A 3 21UlBeGr_syms_l1540
976.00013 0.0025 0 1 0 0 0 0 11 5 0 0 0 E A 3 0 0 0 0 0 0 11 5 0 0 0 E A 3 21UlBeGr_syms_l1562
963.78797 0.0025 0 1 0 0 0 0 11 6 0 0 0 A A 2 0 0 0 0 0 0 11 3 0 0 0 A A 1 21UlBeGr_syms_l1362
963.79429 0.0025 0 1 0 0 0 0 11 6 0 0 0 A A 1 0 0 0 0 0 0 11 3 0 0 0 A A 2 21UlBeGr_syms_l1363
977.7632 0.0025 0 1 0 0 0 0 11 6 0 0 0 A A 1 0 0 0 0 0 0 11 6 0 0 0 A A 2 21UlBeGr_syms_l1587
977.7632 0.0025 0 1 0 0 0 0 11 6 0 0 0 A A 2 0 0 0 0 0 0 11 6 0 0 0 A A 1 21UlBeGr_syms_l1588
962.7351 0.0025 0 1 0 0 0 0 11 7 0 0 0 E A 3 0 0 0 0 0 0 11 4 0 0 0 E A 3 21UlBeGr_syms_l1348
979.90191 0.0025 0 1 0 0 0 0 11 7 0 0 0 E A 3 0 0 0 0 0 0 11 7 0 0 0 E A 3 21UlBeGr_syms_l1622
-900.6497 0.0025 0 1 0 0 0 0 11 7 0 0 0 E A 3 0 0 0 0 0 0 12 10 0 0 0 E A 3 21UlBeGr_syms_l737
962.03575 0.0025 0 1 0 0 0 0 11 8 0 0 0 E A 3 0 0 0 0 0 0 11 5 0 0 0 E A 3 21UlBeGr_syms_l1333
982.45004 0.0025 0 1 0 0 0 0 11 8 0 0 0 E A 3 0 0 0 0 0 0 11 8 0 0 0 E A 3 21UlBeGr_syms_l1671
-906.58374 0.0025 0 1 0 0 0 0 11 8 0 0 0 E A 3 0 0 0 0 0 0 12 11 0 0 0 E A 3 21UlBeGr_syms_l772
961.72607 0.0025 0 1 0 0 0 0 11 9 0 0 0 A A 2 0 0 0 0 0 0 11 6 0 0 0 A A 1 21UlBeGr_syms_l1324
961.72607 0.0025 0 1 0 0 0 0 11 9 0 0 0 A A 1 0 0 0 0 0 0 11 6 0 0 0 A A 2 21UlBeGr_syms_l1325
913.05907 0.0025 0 1 0 0 0 0 11 9 0 0 0 A A 2 0 0 0 0 0 0 12 12 0 0 0 A A 1 21UlBeGr_syms_l810
913.05907 0.0025 0 1 0 0 0 0 11 9 0 0 0 A A 1 0 0 0 0 0 0 12 12 0 0 0 A A 2 21UlBeGr_syms_l811
973.63363 0.0025 0 1 0 0 0 0 12 0 0 0 0 A A 1 0 0 0 0 0 0 12 3 0 0 0 A A 2 21UlBeGr_syms_l1520
969.20387 0.0025 0 1 0 0 0 0 12 1 0 0 0 E A 3 0 0 0 0 0 0 12 1 0 0 0 E A 3 21UlBeGr_syms_l1447
976.85301 0.0025 0 1 0 0 0 0 12 1 0 0 0 E A 3 0 0 0 0 0 0 12 4 0 0 0 E A 3 21UlBeGr_syms_l1574
981.46963 0.0025 0 1 0 0 0 0 12 1 0 0 0 E A 3 0 0 0 0 0 0 12 5 0 0 0 E A 3 21UlBeGr_syms_l1652
985.06246 0.0025 0 1 0 0 0 0 12 10 0 0 0 E A 3 0 0 0 0 0 0 12 10 0 0 0 E A 3 21UlBeGr_syms_l1727
-958.15343 0.0025 0 1 0 0 0 0 12 10 0 0 0 E A 3 0 0 0 0 0 0 12 7 0 0 0 E A 3 21UlBeGr_syms_l1272
907.23567 0.0025 0 1 0 0 0 0 12 10 0 0 0 E A 3 0 0 0 0 0 0 13 13 0 0 0 E A 3 21UlBeGr_syms_l776
959.51259 0.0025 0 1 0 0 0 0 12 12 0 0 0 A A 1 0 0 0 0 0 0 12 9 0 0 0 A A 2 21UlBeGr_syms_l1292
959.51259 0.0025 0 1 0 0 0 0 12 12 0 0 0 A A 2 0 0 0 0 0 0 12 9 0 0 0 A A 1 21UlBeGr_syms_l1293
969.63994 0.0025 0 1 0 0 0 0 12 2 0 0 0 E A 3 0 0 0 0 0 0 12 2 0 0 0 E A 3 21UlBeGr_syms_l1451
965.81418 0.0025 0 1 0 0 0 0 12 3 0 0 0 A A 2 0 0 0 0 0 0 12 0 0 0 0 A A 1 21UlBeGr_syms_l1393
970.34332 0.0025 0 1 0 0 0 0 12 3 0 0 0 A A 1 0 0 0 0 0 0 12 3 0 0 0 A A 2 21UlBeGr_syms_l1459
970.3987 0.0025 0 1 0 0 0 0 12 3 0 0 0 A A 2 0 0 0 0 0 0 12 3 0 0 0 A A 1 21UlBeGr_syms_l1460
984.21585 0.0025 0 1 0 0 0 0 12 3 0 0 0 A A 1 0 0 0 0 0 0 12 6 0 0 0 A A 2 21UlBeGr_syms_l1706
984.26037 0.0025 0 1 0 0 0 0 12 3 0 0 0 A A 2 0 0 0 0 0 0 12 6 0 0 0 A A 1 21UlBeGr_syms_l1707
963.75776 0.0025 0 1 0 0 0 0 12 4 0 0 0 E A 3 0 0 0 0 0 0 12 1 0 0 0 E A 3 21UlBeGr_syms_l1361
971.40592 0.0025 0 1 0 0 0 0 12 4 0 0 0 E A 3 0 0 0 0 0 0 12 4 0 0 0 E A 3 21UlBeGr_syms_l1484
962.01633 0.0025 0 1 0 0 0 0 12 5 0 0 0 E A 3 0 0 0 0 0 0 12 2 0 0 0 E A 3 21UlBeGr_syms_l1332
972.75685 0.0025 0 1 0 0 0 0 12 5 0 0 0 E A 3 0 0 0 0 0 0 12 5 0 0 0 E A 3 21UlBeGr_syms_l1507
960.56745 0.0025 0 1 0 0 0 0 12 6 0 0 0 A A 1 0 0 0 0 0 0 12 3 0 0 0 A A 2 21UlBeGr_syms_l1314
960.57772 0.0025 0 1 0 0 0 0 12 6 0 0 0 A A 2 0 0 0 0 0 0 12 3 0 0 0 A A 1 21UlBeGr_syms_l1315
974.44002 0.0025 0 1 0 0 0 0 12 6 0 0 0 A A 2 0 0 0 0 0 0 12 6 0 0 0 A A 1 21UlBeGr_syms_l1535
974.44002 0.0025 0 1 0 0 0 0 12 6 0 0 0 A A 1 0 0 0 0 0 0 12 6 0 0 0 A A 2 21UlBeGr_syms_l1536
959.4404 0.0025 0 1 0 0 0 0 12 7 0 0 0 E A 3 0 0 0 0 0 0 12 4 0 0 0 E A 3 21UlBeGr_syms_l1291
976.47769 0.0025 0 1 0 0 0 0 12 7 0 0 0 E A 3 0 0 0 0 0 0 12 7 0 0 0 E A 3 21UlBeGr_syms_l1568
958.63868 0.0025 0 1 0 0 0 0 12 8 0 0 0 E A 3 0 0 0 0 0 0 12 5 0 0 0 E A 3 21UlBeGr_syms_l1281
978.89916 0.0025 0 1 0 0 0 0 12 8 0 0 0 E A 3 0 0 0 0 0 0 12 8 0 0 0 E A 3 21UlBeGr_syms_l1606
981.74347 0.0025 0 1 0 0 0 0 12 9 0 0 0 A A 2 0 0 0 0 0 0 12 9 0 0 0 A A 1 21UlBeGr_syms_l1659
981.74347 0.0025 0 1 0 0 0 0 12 9 0 0 0 A A 1 0 0 0 0 0 0 12 9 0 0 0 A A 2 21UlBeGr_syms_l1660
900.38223 0.0025 0 1 0 0 0 0 12 9 0 0 0 A A 2 0 0 0 0 0 0 13 12 0 0 0 A A 1 21UlBeGr_syms_l734
970.3987 0.0025 0 1 0 0 0 0 13 0 0 0 0 A A 2 0 0 0 0 0 0 13 3 0 0 0 A A 1 21UlBeGr_syms_l1461
984.16304 0.0025 0 1 0 0 0 0 13 0 0 0 0 A A 2 0 0 0 0 0 0 13 6 0 0 0 A A 1 21UlBeGr_syms_l1703
966.00266 0.0025 0 1 0 0 0 0 13 1 0 0 0 E A 3 0 0 0 0 0 0 13 1 0 0 0 E A 3 21UlBeGr_syms_l1396
973.58902 0.0025 0 1 0 0 0 0 13 1 0 0 0 E A 3 0 0 0 0 0 0 13 4 0 0 0 E A 3 21UlBeGr_syms_l1519
981.07699 0.0025 0 1 0 0 0 0 13 10 0 0 0 E A 3 0 0 0 0 0 0 13 10 0 0 0 E A 3 21UlBeGr_syms_l1644
-954.3878 0.0025 0 1 0 0 0 0 13 10 0 0 0 E A 3 0 0 0 0 0 0 13 7 0 0 0 E A 3 21UlBeGr_syms_l1215
984.70699 0.0025 0 1 0 0 0 0 13 11 0 0 0 E A 3 0 0 0 0 0 0 13 11 0 0 0 E A 3 21UlBeGr_syms_l1717
901.49764 0.0025 0 1 0 0 0 0 13 11 0 0 0 E A 3 0 0 0 0 0 0 14 14 0 0 0 E A 3 21UlBeGr_syms_l741
931.93941 0.0025 0 1 0 0 0 0 13 12 0 0 0 A A 1 0 0 0 0 0 0 13 6 0 0 0 A A 2 21UlBeGr_syms_l938
931.93941 0.0025 0 1 0 0 0 0 13 12 0 0 0 A A 2 0 0 0 0 0 0 13 6 0 0 0 A A 1 21UlBeGr_syms_l939
955.29594 0.0025 0 1 0 0 0 0 13 12 0 0 0 A A 1 0 0 0 0 0 0 13 9 0 0 0 A A 2 21UlBeGr_syms_l1227
955.29594 0.0025 0 1 0 0 0 0 13 12 0 0 0 A A 2 0 0 0 0 0 0 13 9 0 0 0 A A 1 21UlBeGr_syms_l1228
956.54396 0.0025 0 1 0 0 0 0 13 13 0 0 0 E A 3 0 0 0 0 0 0 13 10 0 0 0 E A 3 21UlBeGr_syms_l1246
966.4201 0.0025 0 1 0 0 0 0 13 2 0 0 0 E A 3 0 0 0 0 0 0 13 2 0 0 0 E A 3 21UlBeGr_syms_l1404
972.49388 0.0025 0 1 0 0 0 0 13 2 0 0 0 E A 3 0 0 0 0 0 0 13 4 0 0 0 E A 3 21UlBeGr_syms_l1499
962.6101 0.0025 0 1 0 0 0 0 13 3 0 0 0 A A 1 0 0 0 0 0 0 13 0 0 0 0 A A 2 21UlBeGr_syms_l1343
967.0782 0.0025 0 1 0 0 0 0 13 3 0 0 0 A A 2 0 0 0 0 0 0 13 3 0 0 0 A A 1 21UlBeGr_syms_l1416
967.16174 0.0025 0 1 0 0 0 0 13 3 0 0 0 A A 1 0 0 0 0 0 0 13 3 0 0 0 A A 2 21UlBeGr_syms_l1417
962.03575 0.0025 0 1 0 0 0 0 13 4 0 0 0 E A 3 0 0 0 0 0 0 13 2 0 0 0 E A 3 21UlBeGr_syms_l1334
968.11014 0.0025 0 1 0 0 0 0 13 4 0 0 0 E A 3 0 0 0 0 0 0 13 4 0 0 0 E A 3 21UlBeGr_syms_l1432
985.00942 0.0025 0 1 0 0 0 0 13 4 0 0 0 E A 3 0 0 0 0 0 0 13 7 0 0 0 E A 3 21UlBeGr_syms_l1726
958.74641 0.0025 0 1 0 0 0 0 13 5 0 0 0 E A 3 0 0 0 0 0 0 13 2 0 0 0 E A 3 21UlBeGr_syms_l1283
969.40121 0.0025 0 1 0 0 0 0 13 5 0 0 0 E A 3 0 0 0 0 0 0 13 5 0 0 0 E A 3 21UlBeGr_syms_l1449
957.24333 0.0025 0 1 0 0 0 0 13 6 0 0 0 A A 2 0 0 0 0 0 0 13 3 0 0 0 A A 1 21UlBeGr_syms_l1255
971.00761 0.0025 0 1 0 0 0 0 13 6 0 0 0 A A 1 0 0 0 0 0 0 13 6 0 0 0 A A 2 21UlBeGr_syms_l1474
971.00761 0.0025 0 1 0 0 0 0 13 6 0 0 0 A A 2 0 0 0 0 0 0 13 6 0 0 0 A A 1 21UlBeGr_syms_l1475
972.94859 0.0025 0 1 0 0 0 0 13 7 0 0 0 E A 3 0 0 0 0 0 0 13 7 0 0 0 E A 3 21UlBeGr_syms_l1512
955.15319 0.0025 0 1 0 0 0 0 13 8 0 0 0 E A 3 0 0 0 0 0 0 13 5 0 0 0 E A 3 21UlBeGr_syms_l1223
975.24971 0.0025 0 1 0 0 0 0 13 8 0 0 0 E A 3 0 0 0 0 0 0 13 8 0 0 0 E A 3 21UlBeGr_syms_l1547
954.58831 0.0025 0 1 0 0 0 0 13 9 0 0 0 A A 1 0 0 0 0 0 0 13 6 0 0 0 A A 2 21UlBeGr_syms_l1217
954.58831 0.0025 0 1 0 0 0 0 13 9 0 0 0 A A 2 0 0 0 0 0 0 13 6 0 0 0 A A 1 21UlBeGr_syms_l1219
977.94444 0.0025 0 1 0 0 0 0 13 9 0 0 0 A A 1 0 0 0 0 0 0 13 9 0 0 0 A A 2 21UlBeGr_syms_l1590
977.94444 0.0025 0 1 0 0 0 0 13 9 0 0 0 A A 2 0 0 0 0 0 0 13 9 0 0 0 A A 1 21UlBeGr_syms_l1591
980.70755 0.0025 0 1 0 0 0 0 14 0 0 0 0 A A 1 0 0 0 0 0 0 14 6 0 0 0 A A 2 21UlBeGr_syms_l1636
-962.70005 0.0025 0 1 0 0 0 0 14 1 0 0 0 E A 3 0 0 0 0 0 0 14 1 0 0 0 E A 3 21UlBeGr_syms_l1344
970.22218 0.0025 0 1 0 0 0 0 14 1 0 0 0 E A 3 0 0 0 0 0 0 14 4 0 0 0 E A 3 21UlBeGr_syms_l1458
977.03249 0.0025 0 1 0 0 0 0 14 10 0 0 0 E A 3 0 0 0 0 0 0 14 10 0 0 0 E A 3 21UlBeGr_syms_l1576
-950.57602 0.0025 0 1 0 0 0 0 14 10 0 0 0 E A 3 0 0 0 0 0 0 14 7 0 0 0 E A 3 21UlBeGr_syms_l1161
980.44586 0.0025 0 1 0 0 0 0 14 11 0 0 0 E A 3 0 0 0 0 0 0 14 11 0 0 0 E A 3 21UlBeGr_syms_l1629
-950.60339 0.0025 0 1 0 0 0 0 14 11 0 0 0 E A 3 0 0 0 0 0 0 14 8 0 0 0 E A 3 21UlBeGr_syms_l1164
984.38186 0.0025 0 1 0 0 0 0 14 12 0 0 0 A A 2 0 0 0 0 0 0 14 12 0 0 0 A A 1 21UlBeGr_syms_l1708
984.38186 0.0025 0 1 0 0 0 0 14 12 0 0 0 A A 1 0 0 0 0 0 0 14 12 0 0 0 A A 2 21UlBeGr_syms_l1709
952.02517 0.0025 0 1 0 0 0 0 14 13 0 0 0 E A 3 0 0 0 0 0 0 14 10 0 0 0 E A 3 21UlBeGr_syms_l1178
-953.57274 0.0025 0 1 0 0 0 0 14 14 0 0 0 E A 3 0 0 0 0 0 0 14 11 0 0 0 E A 3 21UlBeGr_syms_l1199
961.60042 0.0025 0 1 0 0 0 0 14 2 0 0 0 E A 3 0 0 0 0 0 0 14 1 0 0 0 E A 3 21UlBeGr_syms_l1323
963.10057 0.0025 0 1 0 0 0 0 14 2 0 0 0 E A 3 0 0 0 0 0 0 14 2 0 0 0 E A 3 21UlBeGr_syms_l1352
973.66297 0.0025 0 1 0 0 0 0 14 2 0 0 0 E A 3 0 0 0 0 0 0 14 5 0 0 0 E A 3 21UlBeGr_syms_l1521
963.70884 0.0025 0 1 0 0 0 0 14 3 0 0 0 A A 1 0 0 0 0 0 0 14 3 0 0 0 A A 2 21UlBeGr_syms_l1360
963.83034 0.0025 0 1 0 0 0 0 14 3 0 0 0 A A 2 0 0 0 0 0 0 14 3 0 0 0 A A 1 21UlBeGr_syms_l1364
977.45482 0.0025 0 1 0 0 0 0 14 3 0 0 0 A A 2 0 0 0 0 0 0 14 6 0 0 0 A A 1 21UlBeGr_syms_l1581
957.19463 0.0025 0 1 0 0 0 0 14 4 0 0 0 E A 3 0 0 0 0 0 0 14 1 0 0 0 E A 3 21UlBeGr_syms_l1254
964.71616 0.0025 0 1 0 0 0 0 14 4 0 0 0 E A 3 0 0 0 0 0 0 14 4 0 0 0 E A 3 21UlBeGr_syms_l1379
981.46963 0.0025 0 1 0 0 0 0 14 4 0 0 0 E A 3 0 0 0 0 0 0 14 7 0 0 0 E A 3 21UlBeGr_syms_l1653
965.95003 0.0025 0 1 0 0 0 0 14 5 0 0 0 E A 3 0 0 0 0 0 0 14 5 0 0 0 E A 3 21UlBeGr_syms_l1395
953.83311 0.0025 0 1 0 0 0 0 14 6 0 0 0 A A 1 0 0 0 0 0 0 14 3 0 0 0 A A 2 21UlBeGr_syms_l1205
953.85795 0.0025 0 1 0 0 0 0 14 6 0 0 0 A A 2 0 0 0 0 0 0 14 3 0 0 0 A A 1 21UlBeGr_syms_l1206
967.48301 0.0025 0 1 0 0 0 0 14 6 0 0 0 A A 2 0 0 0 0 0 0 14 6 0 0 0 A A 1 21UlBeGr_syms_l1419
967.48301 0.0025 0 1 0 0 0 0 14 6 0 0 0 A A 1 0 0 0 0 0 0 14 6 0 0 0 A A 2 21UlBeGr_syms_l1420
952.57827 0.0025 0 1 0 0 0 0 14 7 0 0 0 E A 3 0 0 0 0 0 0 14 4 0 0 0 E A 3 21UlBeGr_syms_l1184
969.332 0.0025 0 1 0 0 0 0 14 7 0 0 0 E A 3 0 0 0 0 0 0 14 7 0 0 0 E A 3 21UlBeGr_syms_l1448
951.59788 0.0025 0 1 0 0 0 0 14 8 0 0 0 E A 3 0 0 0 0 0 0 14 5 0 0 0 E A 3 21UlBeGr_syms_l1177
971.51936 0.0025 0 1 0 0 0 0 14 8 0 0 0 E A 3 0 0 0 0 0 0 14 8 0 0 0 E A 3 21UlBeGr_syms_l1486
950.92016 0.0025 0 1 0 0 0 0 14 9 0 0 0 A A 2 0 0 0 0 0 0 14 6 0 0 0 A A 1 21UlBeGr_syms_l1166
950.92016 0.0025 0 1 0 0 0 0 14 9 0 0 0 A A 1 0 0 0 0 0 0 14 6 0 0 0 A A 2 21UlBeGr_syms_l1167
974.07364 0.0025 0 1 0 0 0 0 14 9 0 0 0 A A 2 0 0 0 0 0 0 14 9 0 0 0 A A 1 21UlBeGr_syms_l1530
974.07364 0.0025 0 1 0 0 0 0 14 9 0 0 0 A A 1 0 0 0 0 0 0 14 9 0 0 0 A A 2 21UlBeGr_syms_l1531
959.31061 0.0025 0 1 0 0 0 0 15 1 0 0 0 E A 3 0 0 0 0 0 0 15 1 0 0 0 E A 3 21UlBeGr_syms_l1290
972.94341 0.0025 0 1 0 0 0 0 15 10 0 0 0 E A 3 0 0 0 0 0 0 15 10 0 0 0 E A 3 21UlBeGr_syms_l1511
-946.73165 0.0025 0 1 0 0 0 0 15 10 0 0 0 E A 3 0 0 0 0 0 0 15 7 0 0 0 E A 3 21UlBeGr_syms_l1113
976.15786 0.0025 0 1 0 0 0 0 15 11 0 0 0 E A 3 0 0 0 0 0 0 15 11 0 0 0 E A 3 21UlBeGr_syms_l1563
-946.59231 0.0025 0 1 0 0 0 0 15 11 0 0 0 E A 3 0 0 0 0 0 0 15 8 0 0 0 E A 3 21UlBeGr_syms_l1108
979.8448 0.0025 0 1 0 0 0 0 15 12 0 0 0 A A 1 0 0 0 0 0 0 15 12 0 0 0 A A 2 21UlBeGr_syms_l1620
979.8448 0.0025 0 1 0 0 0 0 15 12 0 0 0 A A 2 0 0 0 0 0 0 15 12 0 0 0 A A 1 21UlBeGr_syms_l1621
946.83326 0.0025 0 1 0 0 0 0 15 12 0 0 0 A A 1 0 0 0 0 0 0 15 9 0 0 0 A A 2 21UlBeGr_syms_l1116
946.83326 0.0025 0 1 0 0 0 0 15 12 0 0 0 A A 2 0 0 0 0 0 0 15 9 0 0 0 A A 1 21UlBeGr_syms_l1117
947.52101 0.0025 0 1 0 0 0 0 15 13 0 0 0 E A 3 0 0 0 0 0 0 15 10 0 0 0 E A 3 21UlBeGr_syms_l1124
984.08198 0.0025 0 1 0 0 0 0 15 13 0 0 0 E A 3 0 0 0 0 0 0 15 13 0 0 0 E A 3 21UlBeGr_syms_l1701
950.59138 0.0025 0 1 0 0 0 0 15 15 0 0 0 A A 2 0 0 0 0 0 0 15 12 0 0 0 A A 1 21UlBeGr_syms_l1162
950.59138 0.0025 0 1 0 0 0 0 15 15 0 0 0 A A 1 0 0 0 0 0 0 15 12 0 0 0 A A 2 21UlBeGr_syms_l1163
958.20706 0.0025 0 1 0 0 0 0 15 2 0 0 0 E A 3 0 0 0 0 0 0 15 1 0 0 0 E A 3 21UlBeGr_syms_l1274
959.69391 0.0025 0 1 0 0 0 0 15 2 0 0 0 E A 3 0 0 0 0 0 0 15 2 0 0 0 E A 3 21UlBeGr_syms_l1296
955.93896 0.0025 0 1 0 0 0 0 15 3 0 0 0 A A 1 0 0 0 0 0 0 15 0 0 0 0 A A 2 21UlBeGr_syms_l1238
960.24768 0.0025 0 1 0 0 0 0 15 3 0 0 0 A A 2 0 0 0 0 0 0 15 3 0 0 0 A A 1 21UlBeGr_syms_l1306
960.42036 0.0025 0 1 0 0 0 0 15 3 0 0 0 A A 1 0 0 0 0 0 0 15 3 0 0 0 A A 2 21UlBeGr_syms_l1311
973.91325 0.0025 0 1 0 0 0 0 15 3 0 0 0 A A 1 0 0 0 0 0 0 15 6 0 0 0 A A 2 21UlBeGr_syms_l1528
953.78617 0.0025 0 1 0 0 0 0 15 4 0 0 0 E A 3 0 0 0 0 0 0 15 1 0 0 0 E A 3 21UlBeGr_syms_l1204
961.23899 0.0025 0 1 0 0 0 0 15 4 0 0 0 E A 3 0 0 0 0 0 0 15 4 0 0 0 E A 3 21UlBeGr_syms_l1319
962.41819 0.0025 0 1 0 0 0 0 15 5 0 0 0 E A 3 0 0 0 0 0 0 15 5 0 0 0 E A 3 21UlBeGr_syms_l1338
982.15726 0.0025 0 1 0 0 0 0 15 5 0 0 0 E A 3 0 0 0 0 0 0 15 8 0 0 0 E A 3 21UlBeGr_syms_l1668
950.3877 0.0025 0 1 0 0 0 0 15 6 0 0 0 A A 1 0 0 0 0 0 0 15 3 0 0 0 A A 2 21UlBeGr_syms_l1158
963.88102 0.0025 0 1 0 0 0 0 15 6 0 0 0 A A 2 0 0 0 0 0 0 15 6 0 0 0 A A 1 21UlBeGr_syms_l1366
963.88102 0.0025 0 1 0 0 0 0 15 6 0 0 0 A A 1 0 0 0 0 0 0 15 6 0 0 0 A A 2 21UlBeGr_syms_l1367
949.04281 0.0025 0 1 0 0 0 0 15 7 0 0 0 E A 3 0 0 0 0 0 0 15 4 0 0 0 E A 3 21UlBeGr_syms_l1145
965.64285 0.0025 0 1 0 0 0 0 15 7 0 0 0 E A 3 0 0 0 0 0 0 15 7 0 0 0 E A 3 21UlBeGr_syms_l1391
947.98309 0.0025 0 1 0 0 0 0 15 8 0 0 0 E A 3 0 0 0 0 0 0 15 5 0 0 0 E A 3 21UlBeGr_syms_l1130
967.72289 0.0025 0 1 0 0 0 0 15 8 0 0 0 E A 3 0 0 0 0 0 0 15 8 0 0 0 E A 3 21UlBeGr_syms_l1422
947.20533 0.0025 0 1 0 0 0 0 15 9 0 0 0 A A 1 0 0 0 0 0 0 15 6 0 0 0 A A 2 21UlBeGr_syms_l1120
947.20533 0.0025 0 1 0 0 0 0 15 9 0 0 0 A A 2 0 0 0 0 0 0 15 6 0 0 0 A A 1 21UlBeGr_syms_l1121
970.14578 0.0025 0 1 0 0 0 0 15 9 0 0 0 A A 1 0 0 0 0 0 0 15 9 0 0 0 A A 2 21UlBeGr_syms_l1456
970.14578 0.0025 0 1 0 0 0 0 15 9 0 0 0 A A 2 0 0 0 0 0 0 15 9 0 0 0 A A 1 21UlBeGr_syms_l1457
960.11768 0.0025 0 1 0 0 0 0 16 0 0 0 0 A A 1 0 0 0 0 0 0 16 3 0 0 0 A A 2 21UlBeGr_syms_l1300
955.84792 0.0025 0 1 0 0 0 0 16 1 0 0 0 E A 3 0 0 0 0 0 0 16 1 0 0 0 E A 3 21UlBeGr_syms_l1235
957.31908 0.0025 0 1 0 0 0 0 16 1 0 0 0 E A 3 0 0 0 0 0 0 16 2 0 0 0 E A 3 21UlBeGr_syms_l1257
968.8209 0.0025 0 1 0 0 0 0 16 10 0 0 0 E A 3 0 0 0 0 0 0 16 10 0 0 0 E A 3 21UlBeGr_syms_l1442
-942.86615 0.0025 0 1 0 0 0 0 16 10 0 0 0 E A 3 0 0 0 0 0 0 16 7 0 0 0 E A 3 21UlBeGr_syms_l1063
-971.85255 0.0025 0 1 0 0 0 0 16 11 0 0 0 E A 3 0 0 0 0 0 0 16 11 0 0 0 E A 3 21UlBeGr_syms_l1490
975.3145 0.0025 0 1 0 0 0 0 16 12 0 0 0 A A 2 0 0 0 0 0 0 16 12 0 0 0 A A 1 21UlBeGr_syms_l1548
975.3145 0.0025 0 1 0 0 0 0 16 12 0 0 0 A A 1 0 0 0 0 0 0 16 12 0 0 0 A A 2 21UlBeGr_syms_l1549
942.62894 0.0025 0 1 0 0 0 0 16 12 0 0 0 A A 2 0 0 0 0 0 0 16 9 0 0 0 A A 1 21UlBeGr_syms_l1058
942.62894 0.0025 0 1 0 0 0 0 16 12 0 0 0 A A 1 0 0 0 0 0 0 16 9 0 0 0 A A 2 21UlBeGr_syms_l1059
943.06913 0.0025 0 1 0 0 0 0 16 13 0 0 0 E A 3 0 0 0 0 0 0 16 10 0 0 0 E A 3 21UlBeGr_syms_l1066
979.26752 0.0025 0 1 0 0 0 0 16 13 0 0 0 E A 3 0 0 0 0 0 0 16 13 0 0 0 E A 3 21UlBeGr_syms_l1612
983.80099 0.0025 0 1 0 0 0 0 16 14 0 0 0 E A 3 0 0 0 0 0 0 16 14 0 0 0 E A 3 21UlBeGr_syms_l1696
945.47077 0.0025 0 1 0 0 0 0 16 15 0 0 0 A A 2 0 0 0 0 0 0 16 12 0 0 0 A A 1 21UlBeGr_syms_l1092
945.47077 0.0025 0 1 0 0 0 0 16 15 0 0 0 A A 1 0 0 0 0 0 0 16 12 0 0 0 A A 2 21UlBeGr_syms_l1093
966.58085 0.0025 0 1 0 0 0 0 16 2 0 0 0 E A 3 0 0 0 0 0 0 16 5 0 0 0 E A 3 21UlBeGr_syms_l1406
956.70799 0.0025 0 1 0 0 0 0 16 3 0 0 0 A A 1 0 0 0 0 0 0 16 3 0 0 0 A A 2 21UlBeGr_syms_l1250
956.94631 0.0025 0 1 0 0 0 0 16 3 0 0 0 A A 2 0 0 0 0 0 0 16 3 0 0 0 A A 1 21UlBeGr_syms_l1251
957.69111 0.0025 0 1 0 0 0 0 16 4 0 0 0 E A 3 0 0 0 0 0 0 16 4 0 0 0 E A 3 21UlBeGr_syms_l1262
958.81805 0.0025 0 1 0 0 0 0 16 5 0 0 0 E A 3 0 0 0 0 0 0 16 5 0 0 0 E A 3 21UlBeGr_syms_l1284
946.80525 0.0025 0 1 0 0 0 0 16 6 0 0 0 A A 1 0 0 0 0 0 0 16 3 0 0 0 A A 2 21UlBeGr_syms_l1115
946.86109 0.0025 0 1 0 0 0 0 16 6 0 0 0 A A 2 0 0 0 0 0 0 16 3 0 0 0 A A 1 21UlBeGr_syms_l1118
960.21424 0.0025 0 1 0 0 0 0 16 6 0 0 0 A A 2 0 0 0 0 0 0 16 6 0 0 0 A A 1 21UlBeGr_syms_l1304
960.21424 0.0025 0 1 0 0 0 0 16 6 0 0 0 A A 1 0 0 0 0 0 0 16 6 0 0 0 A A 2 21UlBeGr_syms_l1305
982.93043 0.0025 0 1 0 0 0 0 16 6 0 0 0 A A 2 0 0 0 0 0 0 16 9 0 0 0 A A 1 21UlBeGr_syms_l1677
982.93043 0.0025 0 1 0 0 0 0 16 6 0 0 0 A A 1 0 0 0 0 0 0 16 9 0 0 0 A A 2 21UlBeGr_syms_l1678
961.89352 0.0025 0 1 0 0 0 0 16 7 0 0 0 E A 3 0 0 0 0 0 0 16 7 0 0 0 E A 3 21UlBeGr_syms_l1331
944.32603 0.0025 0 1 0 0 0 0 16 8 0 0 0 E A 3 0 0 0 0 0 0 16 5 0 0 0 E A 3 21UlBeGr_syms_l1085
963.87267 0.0025 0 1 0 0 0 0 16 8 0 0 0 E A 3 0 0 0 0 0 0 16 8 0 0 0 E A 3 21UlBeGr_syms_l1365
943.45709 0.0025 0 1 0 0 0 0 16 9 0 0 0 A A 2 0 0 0 0 0 0 16 6 0 0 0 A A 1 21UlBeGr_syms_l1069
943.45709 0.0025 0 1 0 0 0 0 16 9 0 0 0 A A 1 0 0 0 0 0 0 16 6 0 0 0 A A 2 21UlBeGr_syms_l1070
966.17276 0.0025 0 1 0 0 0 0 16 9 0 0 0 A A 2 0 0 0 0 0 0 16 9 0 0 0 A A 1 21UlBeGr_syms_l1399
966.17276 0.0025 0 1 0 0 0 0 16 9 0 0 0 A A 1 0 0 0 0 0 0 16 9 0 0 0 A A 2 21UlBeGr_syms_l1400
952.32328 0.0025 0 1 0 0 0 0 17 1 0 0 0 E A 3 0 0 0 0 0 0 17 1 0 0 0 E A 3 21UlBeGr_syms_l1183
964.67456 0.0025 0 1 0 0 0 0 17 10 0 0 0 E A 3 0 0 0 0 0 0 17 10 0 0 0 E A 3 21UlBeGr_syms_l1376
938.98749 0.0025 0 1 0 0 0 0 17 10 0 0 0 E A 3 0 0 0 0 0 0 17 7 0 0 0 E A 3 21UlBeGr_syms_l1018
967.53783 0.0025 0 1 0 0 0 0 17 11 0 0 0 E A 3 0 0 0 0 0 0 17 11 0 0 0 E A 3 21UlBeGr_syms_l1421
970.79142 0.0025 0 1 0 0 0 0 17 12 0 0 0 A A 2 0 0 0 0 0 0 17 12 0 0 0 A A 1 21UlBeGr_syms_l1470
970.79142 0.0025 0 1 0 0 0 0 17 12 0 0 0 A A 1 0 0 0 0 0 0 17 12 0 0 0 A A 2 21UlBeGr_syms_l1471
902.67851 0.0025 0 1 0 0 0 0 17 12 0 0 0 A A 2 0 0 0 0 0 0 17 3 0 0 0 A A 1 21UlBeGr_syms_l748
938.44614 0.0025 0 1 0 0 0 0 17 12 0 0 0 A A 2 0 0 0 0 0 0 17 9 0 0 0 A A 1 21UlBeGr_syms_l1009
938.44614 0.0025 0 1 0 0 0 0 17 12 0 0 0 A A 1 0 0 0 0 0 0 17 9 0 0 0 A A 2 21UlBeGr_syms_l1010
974.49557 0.0025 0 1 0 0 0 0 17 13 0 0 0 E A 3 0 0 0 0 0 0 17 13 0 0 0 E A 3 21UlBeGr_syms_l1538
-939.3002 0.0025 0 1 0 0 0 0 17 14 0 0 0 E A 3 0 0 0 0 0 0 17 11 0 0 0 E A 3 21UlBeGr_syms_l1025
978.7068 0.0025 0 1 0 0 0 0 17 14 0 0 0 E A 3 0 0 0 0 0 0 17 14 0 0 0 E A 3 21UlBeGr_syms_l1603
940.41536 0.0025 0 1 0 0 0 0 17 15 0 0 0 A A 2 0 0 0 0 0 0 17 12 0 0 0 A A 1 21UlBeGr_syms_l1034
940.41536 0.0025 0 1 0 0 0 0 17 15 0 0 0 A A 1 0 0 0 0 0 0 17 12 0 0 0 A A 2 21UlBeGr_syms_l1035
983.53051 0.0025 0 1 0 0 0 0 17 15 0 0 0 A A 2 0 0 0 0 0 0 17 15 0 0 0 A A 1 21UlBeGr_syms_l1690
983.53051 0.0025 0 1 0 0 0 0 17 15 0 0 0 A A 1 0 0 0 0 0 0 17 15 0 0 0 A A 2 21UlBeGr_syms_l1691
-905.17158 0.0025 0 1 0 0 0 0 17 17 0 0 0 E A 3 0 0 0 0 0 0 17 11 0 0 0 E A 3 21UlBeGr_syms_l764
952.67502 0.0025 0 1 0 0 0 0 17 2 0 0 0 E A 3 0 0 0 0 0 0 17 2 0 0 0 E A 3 21UlBeGr_syms_l1187
949.00621 0.0025 0 1 0 0 0 0 17 3 0 0 0 A A 1 0 0 0 0 0 0 17 0 0 0 0 A A 2 21UlBeGr_syms_l1144
953.09646 0.0025 0 1 0 0 0 0 17 3 0 0 0 A A 2 0 0 0 0 0 0 17 3 0 0 0 A A 1 21UlBeGr_syms_l1194
953.42109 0.0025 0 1 0 0 0 0 17 3 0 0 0 A A 1 0 0 0 0 0 0 17 3 0 0 0 A A 2 21UlBeGr_syms_l1198
954.08339 0.0025 0 1 0 0 0 0 17 4 0 0 0 E A 3 0 0 0 0 0 0 17 4 0 0 0 E A 3 21UlBeGr_syms_l1210
955.16115 0.0025 0 1 0 0 0 0 17 5 0 0 0 E A 3 0 0 0 0 0 0 17 5 0 0 0 E A 3 21UlBeGr_syms_l1224
943.20896 0.0025 0 1 0 0 0 0 17 6 0 0 0 A A 2 0 0 0 0 0 0 17 3 0 0 0 A A 1 21UlBeGr_syms_l1067
956.4943 0.0025 0 1 0 0 0 0 17 6 0 0 0 A A 1 0 0 0 0 0 0 17 6 0 0 0 A A 2 21UlBeGr_syms_l1244
956.4943 0.0025 0 1 0 0 0 0 17 6 0 0 0 A A 2 0 0 0 0 0 0 17 6 0 0 0 A A 1 21UlBeGr_syms_l1245
941.82399 0.0025 0 1 0 0 0 0 17 7 0 0 0 E A 3 0 0 0 0 0 0 17 4 0 0 0 E A 3 21UlBeGr_syms_l1046
-958.09549 0.0025 0 1 0 0 0 0 17 7 0 0 0 E A 3 0 0 0 0 0 0 17 7 0 0 0 E A 3 21UlBeGr_syms_l1269
940.63262 0.0025 0 1 0 0 0 0 17 8 0 0 0 E A 3 0 0 0 0 0 0 17 5 0 0 0 E A 3 21UlBeGr_syms_l1037
959.97876 0.0025 0 1 0 0 0 0 17 8 0 0 0 E A 3 0 0 0 0 0 0 17 8 0 0 0 E A 3 21UlBeGr_syms_l1298
939.68236 0.0025 0 1 0 0 0 0 17 9 0 0 0 A A 1 0 0 0 0 0 0 17 6 0 0 0 A A 2 21UlBeGr_syms_l1029
939.68236 0.0025 0 1 0 0 0 0 17 9 0 0 0 A A 2 0 0 0 0 0 0 17 6 0 0 0 A A 1 21UlBeGr_syms_l1030
962.1646 0.0025 0 1 0 0 0 0 17 9 0 0 0 A A 1 0 0 0 0 0 0 17 9 0 0 0 A A 2 21UlBeGr_syms_l1335
962.1646 0.0025 0 1 0 0 0 0 17 9 0 0 0 A A 2 0 0 0 0 0 0 17 9 0 0 0 A A 1 21UlBeGr_syms_l1336
948.7471 0.0025 0 1 0 0 0 0 18 1 0 0 0 E A 3 0 0 0 0 0 0 18 1 0 0 0 E A 3 21UlBeGr_syms_l1137
-960.33933 0.0025 0 1 0 0 0 0 18 1 0 0 0 E A 3 0 0 0 0 0 0 18 5 0 0 0 E A 3 21UlBeGr_syms_l1307
960.51058 0.0025 0 1 0 0 0 0 18 10 0 0 0 E A 3 0 0 0 0 0 0 18 10 0 0 0 E A 3 21UlBeGr_syms_l1312
935.10095 0.0025 0 1 0 0 0 0 18 10 0 0 0 E A 3 0 0 0 0 0 0 18 7 0 0 0 E A 3 21UlBeGr_syms_l968
963.21981 0.0025 0 1 0 0 0 0 18 11 0 0 0 E A 3 0 0 0 0 0 0 18 11 0 0 0 E A 3 21UlBeGr_syms_l1353
966.2879 0.0025 0 1 0 0 0 0 18 12 0 0 0 A A 2 0 0 0 0 0 0 18 12 0 0 0 A A 1 21UlBeGr_syms_l1401
966.2879 0.0025 0 1 0 0 0 0 18 12 0 0 0 A A 1 0 0 0 0 0 0 18 12 0 0 0 A A 2 21UlBeGr_syms_l1402
934.34897 0.0025 0 1 0 0 0 0 18 13 0 0 0 E A 3 0 0 0 0 0 0 18 10 0 0 0 E A 3 21UlBeGr_syms_l962
969.77607 0.0025 0 1 0 0 0 0 18 13 0 0 0 E A 3 0 0 0 0 0 0 18 13 0 0 0 E A 3 21UlBeGr_syms_l1452
973.69365 0.0025 0 1 0 0 0 0 18 14 0 0 0 E A 3 0 0 0 0 0 0 18 14 0 0 0 E A 3 21UlBeGr_syms_l1522
935.51586 0.0025 0 1 0 0 0 0 18 15 0 0 0 A A 2 0 0 0 0 0 0 18 12 0 0 0 A A 1 21UlBeGr_syms_l975
935.51586 0.0025 0 1 0 0 0 0 18 15 0 0 0 A A 1 0 0 0 0 0 0 18 12 0 0 0 A A 2 21UlBeGr_syms_l976
978.15333 0.0025 0 1 0 0 0 0 18 15 0 0 0 A A 2 0 0 0 0 0 0 18 15 0 0 0 A A 1 21UlBeGr_syms_l1595
978.15333 0.0025 0 1 0 0 0 0 18 15 0 0 0 A A 1 0 0 0 0 0 0 18 15 0 0 0 A A 2 21UlBeGr_syms_l1596
983.25761 0.0025 0 1 0 0 0 0 18 16 0 0 0 E A 3 0 0 0 0 0 0 18 16 0 0 0 E A 3 21UlBeGr_syms_l1687
938.85628 0.0025 0 1 0 0 0 0 18 17 0 0 0 E A 3 0 0 0 0 0 0 18 14 0 0 0 E A 3 21UlBeGr_syms_l1015
-949.08412 0.0025 0 1 0 0 0 0 18 2 0 0 0 E A 3 0 0 0 0 0 0 18 2 0 0 0 E A 3 21UlBeGr_syms_l1146
-949.42335 0.0025 0 1 0 0 0 0 18 3 0 0 0 A A 1 0 0 0 0 0 0 18 3 0 0 0 A A 2 21UlBeGr_syms_l1150
-949.85697 0.0025 0 1 0 0 0 0 18 3 0 0 0 A A 2 0 0 0 0 0 0 18 3 0 0 0 A A 1 21UlBeGr_syms_l1152
962.58119 0.0025 0 1 0 0 0 0 18 3 0 0 0 A A 1 0 0 0 0 0 0 18 6 0 0 0 A A 2 21UlBeGr_syms_l1342
-950.42652 0.0025 0 1 0 0 0 0 18 4 0 0 0 E A 3 0 0 0 0 0 0 18 4 0 0 0 E A 3 21UlBeGr_syms_l1160
939.68236 0.0025 0 1 0 0 0 0 18 6 0 0 0 A A 1 0 0 0 0 0 0 18 3 0 0 0 A A 2 21UlBeGr_syms_l1028
952.72864 0.0025 0 1 0 0 0 0 18 6 0 0 0 A A 2 0 0 0 0 0 0 18 6 0 0 0 A A 1 21UlBeGr_syms_l1188
952.73205 0.0025 0 1 0 0 0 0 18 6 0 0 0 A A 1 0 0 0 0 0 0 18 6 0 0 0 A A 2 21UlBeGr_syms_l1189
979.66654 0.0025 0 1 0 0 0 0 18 7 0 0 0 E A 3 0 0 0 0 0 0 18 10 0 0 0 E A 3 21UlBeGr_syms_l1617
954.2575 0.0025 0 1 0 0 0 0 18 7 0 0 0 E A 3 0 0 0 0 0 0 18 7 0 0 0 E A 3 21UlBeGr_syms_l1214
-956.05179 0.0025 0 1 0 0 0 0 18 8 0 0 0 E A 3 0 0 0 0 0 0 18 8 0 0 0 E A 3 21UlBeGr_syms_l1239
935.88969 0.0025 0 1 0 0 0 0 18 9 0 0 0 A A 2 0 0 0 0 0 0 18 6 0 0 0 A A 1 21UlBeGr_syms_l980
935.88969 0.0025 0 1 0 0 0 0 18 9 0 0 0 A A 1 0 0 0 0 0 0 18 6 0 0 0 A A 2 21UlBeGr_syms_l981
958.1298 0.0025 0 1 0 0 0 0 18 9 0 0 0 A A 2 0 0 0 0 0 0 18 9 0 0 0 A A 1 21UlBeGr_syms_l1270
958.1298 0.0025 0 1 0 0 0 0 18 9 0 0 0 A A 1 0 0 0 0 0 0 18 9 0 0 0 A A 2 21UlBeGr_syms_l1271
949.2274 0.0025 0 1 0 0 0 0 19 0 0 0 0 A A 2 0 0 0 0 0 0 19 3 0 0 0 A A 1 21UlBeGr_syms_l1148
962.25901 0.0025 0 1 0 0 0 0 19 0 0 0 0 A A 2 0 0 0 0 0 0 19 6 0 0 0 A A 1 21UlBeGr_syms_l1337
-945.12719 0.0025 0 1 0 0 0 0 19 1 0 0 0 E A 3 0 0 0 0 0 0 19 1 0 0 0 E A 3 21UlBeGr_syms_l1091
952.27735 0.0025 0 1 0 0 0 0 19 1 0 0 0 E A 3 0 0 0 0 0 0 19 4 0 0 0 E A 3 21UlBeGr_syms_l1182
956.33569 0.0025 0 1 0 0 0 0 19 10 0 0 0 E A 3 0 0 0 0 0 0 19 10 0 0 0 E A 3 21UlBeGr_syms_l1242
-958.90188 0.0025 0 1 0 0 0 0 19 11 0 0 0 E A 3 0 0 0 0 0 0 19 11 0 0 0 E A 3 21UlBeGr_syms_l1285
961.79967 0.0025 0 1 0 0 0 0 19 12 0 0 0 A A 2 0 0 0 0 0 0 19 12 0 0 0 A A 1 21UlBeGr_syms_l1327
961.79967 0.0025 0 1 0 0 0 0 19 12 0 0 0 A A 1 0 0 0 0 0 0 19 12 0 0 0 A A 2 21UlBeGr_syms_l1328
908.18111 0.0025 0 1 0 0 0 0 19 12 0 0 0 A A 2 0 0 0 0 0 0 19 6 0 0 0 A A 1 21UlBeGr_syms_l781
930.17232 0.0025 0 1 0 0 0 0 19 12 0 0 0 A A 1 0 0 0 0 0 0 19 9 0 0 0 A A 2 21UlBeGr_syms_l912
930.17232 0.0025 0 1 0 0 0 0 19 12 0 0 0 A A 2 0 0 0 0 0 0 19 9 0 0 0 A A 1 21UlBeGr_syms_l913
930.02989 0.0025 0 1 0 0 0 0 19 13 0 0 0 E A 3 0 0 0 0 0 0 19 10 0 0 0 E A 3 21UlBeGr_syms_l910
965.05138 0.0025 0 1 0 0 0 0 19 13 0 0 0 E A 3 0 0 0 0 0 0 19 13 0 0 0 E A 3 21UlBeGr_syms_l1380
-930.23635 0.0025 0 1 0 0 0 0 19 14 0 0 0 E A 3 0 0 0 0 0 0 19 11 0 0 0 E A 3 21UlBeGr_syms_l914
968.75939 0.0025 0 1 0 0 0 0 19 14 0 0 0 E A 3 0 0 0 0 0 0 19 14 0 0 0 E A 3 21UlBeGr_syms_l1440
930.75513 0.0025 0 1 0 0 0 0 19 15 0 0 0 A A 1 0 0 0 0 0 0 19 12 0 0 0 A A 2 21UlBeGr_syms_l919
930.75513 0.0025 0 1 0 0 0 0 19 15 0 0 0 A A 2 0 0 0 0 0 0 19 12 0 0 0 A A 1 21UlBeGr_syms_l920
972.89953 0.0025 0 1 0 0 0 0 19 15 0 0 0 A A 1 0 0 0 0 0 0 19 15 0 0 0 A A 2 21UlBeGr_syms_l1509
972.89953 0.0025 0 1 0 0 0 0 19 15 0 0 0 A A 2 0 0 0 0 0 0 19 15 0 0 0 A A 1 21UlBeGr_syms_l1510
931.6983 0.0025 0 1 0 0 0 0 19 16 0 0 0 E A 3 0 0 0 0 0 0 19 13 0 0 0 E A 3 21UlBeGr_syms_l928
977.5947 0.0025 0 1 0 0 0 0 19 16 0 0 0 E A 3 0 0 0 0 0 0 19 16 0 0 0 E A 3 21UlBeGr_syms_l1585
933.16798 0.0025 0 1 0 0 0 0 19 17 0 0 0 E A 3 0 0 0 0 0 0 19 14 0 0 0 E A 3 21UlBeGr_syms_l949
982.95908 0.0025 0 1 0 0 0 0 19 17 0 0 0 E A 3 0 0 0 0 0 0 19 17 0 0 0 E A 3 21UlBeGr_syms_l1680
935.51065 0.0025 0 1 0 0 0 0 19 18 0 0 0 A A 1 0 0 0 0 0 0 19 15 0 0 0 A A 2 21UlBeGr_syms_l973
935.51065 0.0025 0 1 0 0 0 0 19 18 0 0 0 A A 2 0 0 0 0 0 0 19 15 0 0 0 A A 1 21UlBeGr_syms_l974
945.69432 0.0025 0 1 0 0 0 0 19 3 0 0 0 A A 2 0 0 0 0 0 0 19 3 0 0 0 A A 1 21UlBeGr_syms_l1095
946.26492 0.0025 0 1 0 0 0 0 19 3 0 0 0 A A 1 0 0 0 0 0 0 19 3 0 0 0 A A 2 21UlBeGr_syms_l1105
980.71736 0.0025 0 1 0 0 0 0 19 3 0 0 0 A A 2 0 0 0 0 0 0 19 9 0 0 0 A A 1 21UlBeGr_syms_l1637
946.72716 0.0025 0 1 0 0 0 0 19 4 0 0 0 E A 3 0 0 0 0 0 0 19 4 0 0 0 E A 3 21UlBeGr_syms_l1112
-947.71428 0.0025 0 1 0 0 0 0 19 5 0 0 0 E A 3 0 0 0 0 0 0 19 5 0 0 0 E A 3 21UlBeGr_syms_l1125
966.63867 0.0025 0 1 0 0 0 0 19 5 0 0 0 E A 3 0 0 0 0 0 0 19 8 0 0 0 E A 3 21UlBeGr_syms_l1408
948.92755 0.0025 0 1 0 0 0 0 19 6 0 0 0 A A 1 0 0 0 0 0 0 19 6 0 0 0 A A 2 21UlBeGr_syms_l1141
948.93367 0.0025 0 1 0 0 0 0 19 6 0 0 0 A A 2 0 0 0 0 0 0 19 6 0 0 0 A A 1 21UlBeGr_syms_l1142
950.3877 0.0025 0 1 0 0 0 0 19 7 0 0 0 E A 3 0 0 0 0 0 0 19 7 0 0 0 E A 3 21UlBeGr_syms_l1159
-933.17254 0.0025 0 1 0 0 0 0 19 8 0 0 0 E A 3 0 0 0 0 0 0 19 5 0 0 0 E A 3 21UlBeGr_syms_l950
952.09751 0.0025 0 1 0 0 0 0 19 8 0 0 0 E A 3 0 0 0 0 0 0 19 8 0 0 0 E A 3 21UlBeGr_syms_l1179
919.05967 0.0025 0 1 0 0 0 0 19 9 0 0 0 A A 2 0 0 0 0 0 0 19 3 0 0 0 A A 1 21UlBeGr_syms_l838
932.09322 0.0025 0 1 0 0 0 0 19 9 0 0 0 A A 1 0 0 0 0 0 0 19 6 0 0 0 A A 2 21UlBeGr_syms_l940
932.09322 0.0025 0 1 0 0 0 0 19 9 0 0 0 A A 2 0 0 0 0 0 0 19 6 0 0 0 A A 1 21UlBeGr_syms_l941
954.08339 0.0025 0 1 0 0 0 0 19 9 0 0 0 A A 1 0 0 0 0 0 0 19 9 0 0 0 A A 2 21UlBeGr_syms_l1209
954.08339 0.0025 0 1 0 0 0 0 19 9 0 0 0 A A 2 0 0 0 0 0 0 19 9 0 0 0 A A 1 21UlBeGr_syms_l1211
-964.37317 0.0025 0 1 0 0 0 0 2 0 0 0 0 A A 2 0 0 0 0 0 0 3 0 0 0 0 A A 1 21UlBeGr_syms_l1372
-969.16572 0.0025 0 1 0 0 0 0 2 0 0 0 0 A A 2 0 0 0 0 0 0 3 3 0 0 0 A A 1 21UlBeGr_syms_l1446
964.57269 0.0025 0 1 0 0 0 0 2 1 0 0 0 E A 3 0 0 0 0 0 0 3 1 0 0 0 E A 3 21UlBeGr_syms_l1375
965.17497 0.0025 0 1 0 0 0 0 2 2 0 0 0 E A 3 0 0 0 0 0 0 3 2 0 0 0 E A 3 21UlBeGr_syms_l1384
958.41148 0.0025 0 1 0 0 0 0 20 0 0 0 0 A A 1 0 0 0 0 0 0 20 6 0 0 0 A A 2 21UlBeGr_syms_l1277
952.15506 0.0025 0 1 0 0 0 0 20 10 0 0 0 E A 3 0 0 0 0 0 0 20 10 0 0 0 E A 3 21UlBeGr_syms_l1181
-954.58831 0.0025 0 1 0 0 0 0 20 11 0 0 0 E A 3 0 0 0 0 0 0 20 11 0 0 0 E A 3 21UlBeGr_syms_l1218
-926.59151 0.0025 0 1 0 0 0 0 20 11 0 0 0 E A 3 0 0 0 0 0 0 20 8 0 0 0 E A 3 21UlBeGr_syms_l887
957.32929 0.0025 0 1 0 0 0 0 20 12 0 0 0 A A 1 0 0 0 0 0 0 20 12 0 0 0 A A 2 21UlBeGr_syms_l1258
957.32929 0.0025 0 1 0 0 0 0 20 12 0 0 0 A A 2 0 0 0 0 0 0 20 12 0 0 0 A A 1 21UlBeGr_syms_l1259
925.79895 0.0025 0 1 0 0 0 0 20 13 0 0 0 E A 3 0 0 0 0 0 0 20 10 0 0 0 E A 3 21UlBeGr_syms_l880
960.40155 0.0025 0 1 0 0 0 0 20 13 0 0 0 E A 3 0 0 0 0 0 0 20 13 0 0 0 E A 3 21UlBeGr_syms_l1309
-964.0159 0.0025 0 1 0 0 0 0 20 14 0 0 0 E A 3 0 0 0 0 0 0 20 14 0 0 0 E A 3 21UlBeGr_syms_l1369
926.1214 0.0025 0 1 0 0 0 0 20 15 0 0 0 A A 1 0 0 0 0 0 0 20 12 0 0 0 A A 2 21UlBeGr_syms_l883
926.1214 0.0025 0 1 0 0 0 0 20 15 0 0 0 A A 2 0 0 0 0 0 0 20 12 0 0 0 A A 1 21UlBeGr_syms_l884
967.75661 0.0025 0 1 0 0 0 0 20 15 0 0 0 A A 1 0 0 0 0 0 0 20 15 0 0 0 A A 2 21UlBeGr_syms_l1423
967.75661 0.0025 0 1 0 0 0 0 20 15 0 0 0 A A 2 0 0 0 0 0 0 20 15 0 0 0 A A 1 21UlBeGr_syms_l1424
972.10202 0.0025 0 1 0 0 0 0 20 16 0 0 0 E A 3 0 0 0 0 0 0 20 16 0 0 0 E A 3 21UlBeGr_syms_l1492
-977.01329 0.0025 0 1 0 0 0 0 20 17 0 0 0 E A 3 0 0 0 0 0 0 20 17 0 0 0 E A 3 21UlBeGr_syms_l1575
982.58399 0.0025 0 1 0 0 0 0 20 18 0 0 0 A A 2 0 0 0 0 0 0 20 18 0 0 0 A A 1 21UlBeGr_syms_l1672
982.58399 0.0025 0 1 0 0 0 0 20 18 0 0 0 A A 1 0 0 0 0 0 0 20 18 0 0 0 A A 2 21UlBeGr_syms_l1673
-932.1309 0.0025 0 1 0 0 0 0 20 19 0 0 0 E A 3 0 0 0 0 0 0 20 16 0 0 0 E A 3 21UlBeGr_syms_l942
941.78712 0.0025 0 1 0 0 0 0 20 2 0 0 0 E A 3 0 0 0 0 0 0 20 2 0 0 0 E A 3 21UlBeGr_syms_l1044
941.91471 0.0025 0 1 0 0 0 0 20 3 0 0 0 A A 1 0 0 0 0 0 0 20 3 0 0 0 A A 2 21UlBeGr_syms_l1050
942.65584 0.0025 0 1 0 0 0 0 20 3 0 0 0 A A 2 0 0 0 0 0 0 20 3 0 0 0 A A 1 21UlBeGr_syms_l1060
942.99394 0.0025 0 1 0 0 0 0 20 4 0 0 0 E A 3 0 0 0 0 0 0 20 4 0 0 0 E A 3 21UlBeGr_syms_l1065
-943.9397 0.0025 0 1 0 0 0 0 20 5 0 0 0 E A 3 0 0 0 0 0 0 20 5 0 0 0 E A 3 21UlBeGr_syms_l1076
932.39752 0.0025 0 1 0 0 0 0 20 6 0 0 0 A A 2 0 0 0 0 0 0 20 3 0 0 0 A A 1 21UlBeGr_syms_l946
945.097 0.0025 0 1 0 0 0 0 20 6 0 0 0 A A 1 0 0 0 0 0 0 20 6 0 0 0 A A 2 21UlBeGr_syms_l1089
945.10753 0.0025 0 1 0 0 0 0 20 6 0 0 0 A A 2 0 0 0 0 0 0 20 6 0 0 0 A A 1 21UlBeGr_syms_l1090
966.83024 0.0025 0 1 0 0 0 0 20 6 0 0 0 A A 1 0 0 0 0 0 0 20 9 0 0 0 A A 2 21UlBeGr_syms_l1411
946.49337 0.0025 0 1 0 0 0 0 20 7 0 0 0 E A 3 0 0 0 0 0 0 20 7 0 0 0 E A 3 21UlBeGr_syms_l1106
-948.12292 0.0025 0 1 0 0 0 0 20 8 0 0 0 E A 3 0 0 0 0 0 0 20 8 0 0 0 E A 3 21UlBeGr_syms_l1131
981.25582 0.0025 0 1 0 0 0 0 20 9 0 0 0 A A 2 0 0 0 0 0 0 20 12 0 0 0 A A 1 21UlBeGr_syms_l1650
981.25582 0.0025 0 1 0 0 0 0 20 9 0 0 0 A A 1 0 0 0 0 0 0 20 12 0 0 0 A A 2 21UlBeGr_syms_l1651
928.27071 0.0025 0 1 0 0 0 0 20 9 0 0 0 A A 2 0 0 0 0 0 0 20 6 0 0 0 A A 1 21UlBeGr_syms_l898
928.27071 0.0025 0 1 0 0 0 0 20 9 0 0 0 A A 1 0 0 0 0 0 0 20 6 0 0 0 A A 2 21UlBeGr_syms_l899
950.00378 0.0025 0 1 0 0 0 0 20 9 0 0 0 A A 2 0 0 0 0 0 0 20 9 0 0 0 A A 1 21UlBeGr_syms_l1154
950.00378 0.0025 0 1 0 0 0 0 20 9 0 0 0 A A 1 0 0 0 0 0 0 20 9 0 0 0 A A 2 21UlBeGr_syms_l1155
939.18509 0.0025 0 1 0 0 0 0 21 1 0 0 0 E A 3 0 0 0 0 0 0 21 2 0 0 0 E A 3 21UlBeGr_syms_l1021
940.00334 0.0025 0 1 0 0 0 0 21 11 0 0 0 E A 3 0 0 0 0 0 0 21 10 0 0 0 E A 3 21UlBeGr_syms_l1031
-950.28183 0.0025 0 1 0 0 0 0 21 11 0 0 0 E A 3 0 0 0 0 0 0 21 11 0 0 0 E A 3 21UlBeGr_syms_l1157
-922.62867 0.0025 0 1 0 0 0 0 21 11 0 0 0 E A 3 0 0 0 0 0 0 21 8 0 0 0 E A 3 21UlBeGr_syms_l861
952.8778 0.0025 0 1 0 0 0 0 21 12 0 0 0 A A 2 0 0 0 0 0 0 21 12 0 0 0 A A 1 21UlBeGr_syms_l1191
952.8778 0.0025 0 1 0 0 0 0 21 12 0 0 0 A A 1 0 0 0 0 0 0 21 12 0 0 0 A A 2 21UlBeGr_syms_l1192
921.60723 0.0025 0 1 0 0 0 0 21 13 0 0 0 E A 3 0 0 0 0 0 0 21 10 0 0 0 E A 3 21UlBeGr_syms_l856
955.78054 0.0025 0 1 0 0 0 0 21 13 0 0 0 E A 3 0 0 0 0 0 0 21 13 0 0 0 E A 3 21UlBeGr_syms_l1233
-958.99069 0.0025 0 1 0 0 0 0 21 14 0 0 0 E A 3 0 0 0 0 0 0 21 14 0 0 0 E A 3 21UlBeGr_syms_l1286
962.7351 0.0025 0 1 0 0 0 0 21 15 0 0 0 A A 1 0 0 0 0 0 0 21 15 0 0 0 A A 2 21UlBeGr_syms_l1347
962.7351 0.0025 0 1 0 0 0 0 21 15 0 0 0 A A 2 0 0 0 0 0 0 21 15 0 0 0 A A 1 21UlBeGr_syms_l1349
966.75388 0.0025 0 1 0 0 0 0 21 16 0 0 0 E A 3 0 0 0 0 0 0 21 16 0 0 0 E A 3 21UlBeGr_syms_l1410
-971.28656 0.0025 0 1 0 0 0 0 21 17 0 0 0 E A 3 0 0 0 0 0 0 21 17 0 0 0 E A 3 21UlBeGr_syms_l1483
923.87884 0.0025 0 1 0 0 0 0 21 18 0 0 0 A A 2 0 0 0 0 0 0 21 15 0 0 0 A A 1 21UlBeGr_syms_l868
923.87884 0.0025 0 1 0 0 0 0 21 18 0 0 0 A A 1 0 0 0 0 0 0 21 15 0 0 0 A A 2 21UlBeGr_syms_l869
976.38069 0.0025 0 1 0 0 0 0 21 18 0 0 0 A A 2 0 0 0 0 0 0 21 18 0 0 0 A A 1 21UlBeGr_syms_l1566
976.38069 0.0025 0 1 0 0 0 0 21 18 0 0 0 A A 1 0 0 0 0 0 0 21 18 0 0 0 A A 2 21UlBeGr_syms_l1567
-925.37004 0.0025 0 1 0 0 0 0 21 19 0 0 0 E A 3 0 0 0 0 0 0 21 16 0 0 0 E A 3 21UlBeGr_syms_l874
-981.97724 0.0025 0 1 0 0 0 0 21 19 0 0 0 E A 3 0 0 0 0 0 0 21 19 0 0 0 E A 3 21UlBeGr_syms_l1663
-938.09679 0.0025 0 1 0 0 0 0 21 2 0 0 0 E A 3 0 0 0 0 0 0 21 2 0 0 0 E A 3 21UlBeGr_syms_l1005
-938.08888 0.0025 0 1 0 0 0 0 21 3 0 0 0 A A 2 0 0 0 0 0 0 21 3 0 0 0 A A 1 21UlBeGr_syms_l1004
939.03843 0.0025 0 1 0 0 0 0 21 3 0 0 0 A A 1 0 0 0 0 0 0 21 3 0 0 0 A A 2 21UlBeGr_syms_l1019
932.24309 0.0025 0 1 0 0 0 0 21 4 0 0 0 E A 3 0 0 0 0 0 0 21 1 0 0 0 E A 3 21UlBeGr_syms_l943
-939.23208 0.0025 0 1 0 0 0 0 21 4 0 0 0 E A 3 0 0 0 0 0 0 21 4 0 0 0 E A 3 21UlBeGr_syms_l1022
940.14 0.0025 0 1 0 0 0 0 21 5 0 0 0 E A 3 0 0 0 0 0 0 21 5 0 0 0 E A 3 21UlBeGr_syms_l1033
928.45401 0.0025 0 1 0 0 0 0 21 6 0 0 0 A A 2 0 0 0 0 0 0 21 3 0 0 0 A A 1 21UlBeGr_syms_l900
928.73626 0.0025 0 1 0 0 0 0 21 6 0 0 0 A A 1 0 0 0 0 0 0 21 3 0 0 0 A A 2 21UlBeGr_syms_l901
941.24386 0.0025 0 1 0 0 0 0 21 6 0 0 0 A A 2 0 0 0 0 0 0 21 6 0 0 0 A A 1 21UlBeGr_syms_l1039
941.26116 0.0025 0 1 0 0 0 0 21 6 0 0 0 A A 1 0 0 0 0 0 0 21 6 0 0 0 A A 2 21UlBeGr_syms_l1040
942.57921 0.0025 0 1 0 0 0 0 21 7 0 0 0 E A 3 0 0 0 0 0 0 21 7 0 0 0 E A 3 21UlBeGr_syms_l1057
-944.13347 0.0025 0 1 0 0 0 0 21 8 0 0 0 E A 3 0 0 0 0 0 0 21 8 0 0 0 E A 3 21UlBeGr_syms_l1081
924.45584 0.0025 0 1 0 0 0 0 21 9 0 0 0 A A 2 0 0 0 0 0 0 21 6 0 0 0 A A 1 21UlBeGr_syms_l871
945.92556 0.0025 0 1 0 0 0 0 21 9 0 0 0 A A 2 0 0 0 0 0 0 21 9 0 0 0 A A 1 21UlBeGr_syms_l1096
945.92556 0.0025 0 1 0 0 0 0 21 9 0 0 0 A A 1 0 0 0 0 0 0 21 9 0 0 0 A A 2 21UlBeGr_syms_l1097
934.0942 0.0025 0 1 0 0 0 0 22 1 0 0 0 E A 3 0 0 0 0 0 0 22 1 0 0 0 E A 3 21UlBeGr_syms_l960
-935.46575 0.0025 0 1 0 0 0 0 22 1 0 0 0 E A 3 0 0 0 0 0 0 22 2 0 0 0 E A 3 21UlBeGr_syms_l972
977.51514 0.0025 0 1 0 0 0 0 22 10 0 0 0 E A 3 0 0 0 0 0 0 22 13 0 0 0 E A 3 21UlBeGr_syms_l1582
945.9865 0.0025 0 1 0 0 0 0 22 11 0 0 0 E A 3 0 0 0 0 0 0 22 11 0 0 0 E A 3 21UlBeGr_syms_l1100
948.44661 0.0025 0 1 0 0 0 0 22 12 0 0 0 A A 1 0 0 0 0 0 0 22 12 0 0 0 A A 2 21UlBeGr_syms_l1134
948.44661 0.0025 0 1 0 0 0 0 22 12 0 0 0 A A 2 0 0 0 0 0 0 22 12 0 0 0 A A 1 21UlBeGr_syms_l1135
-917.45674 0.0025 0 1 0 0 0 0 22 13 0 0 0 E A 3 0 0 0 0 0 0 22 10 0 0 0 E A 3 21UlBeGr_syms_l830
-951.19227 0.0025 0 1 0 0 0 0 22 13 0 0 0 E A 3 0 0 0 0 0 0 22 13 0 0 0 E A 3 21UlBeGr_syms_l1175
954.23562 0.0025 0 1 0 0 0 0 22 14 0 0 0 E A 3 0 0 0 0 0 0 22 14 0 0 0 E A 3 21UlBeGr_syms_l1213
957.04197 0.0025 0 1 0 0 0 0 22 15 0 0 0 A A 1 0 0 0 0 0 0 22 15 0 0 0 A A 2 21UlBeGr_syms_l1252
957.04197 0.0025 0 1 0 0 0 0 22 15 0 0 0 A A 2 0 0 0 0 0 0 22 15 0 0 0 A A 1 21UlBeGr_syms_l1253
965.73856 0.0025 0 1 0 0 0 0 22 17 0 0 0 E A 3 0 0 0 0 0 0 22 17 0 0 0 E A 3 21UlBeGr_syms_l1392
970.43367 0.0025 0 1 0 0 0 0 22 18 0 0 0 A A 1 0 0 0 0 0 0 22 18 0 0 0 A A 2 21UlBeGr_syms_l1463
970.43367 0.0025 0 1 0 0 0 0 22 18 0 0 0 A A 2 0 0 0 0 0 0 22 18 0 0 0 A A 1 21UlBeGr_syms_l1464
-975.64771 0.0025 0 1 0 0 0 0 22 19 0 0 0 E A 3 0 0 0 0 0 0 22 19 0 0 0 E A 3 21UlBeGr_syms_l1555
-980.51753 0.0025 0 1 0 0 0 0 22 20 0 0 0 E A 3 0 0 0 0 0 0 22 20 0 0 0 E A 3 21UlBeGr_syms_l1630
947.75456 0.0025 0 1 0 0 0 0 22 3 0 0 0 A A 1 0 0 0 0 0 0 22 6 0 0 0 A A 2 21UlBeGr_syms_l1126
-936.32 0.0025 0 1 0 0 0 0 22 5 0 0 0 E A 3 0 0 0 0 0 0 22 5 0 0 0 E A 3 21UlBeGr_syms_l982
937.36932 0.0025 0 1 0 0 0 0 22 6 0 0 0 A A 1 0 0 0 0 0 0 22 6 0 0 0 A A 2 21UlBeGr_syms_l992
937.3961 0.0025 0 1 0 0 0 0 22 6 0 0 0 A A 2 0 0 0 0 0 0 22 6 0 0 0 A A 1 21UlBeGr_syms_l993
958.57172 0.0025 0 1 0 0 0 0 22 6 0 0 0 A A 1 0 0 0 0 0 0 22 9 0 0 0 A A 2 21UlBeGr_syms_l1279
938.65151 0.0025 0 1 0 0 0 0 22 7 0 0 0 E A 3 0 0 0 0 0 0 22 7 0 0 0 E A 3 21UlBeGr_syms_l1012
940.1337 0.0025 0 1 0 0 0 0 22 8 0 0 0 E A 3 0 0 0 0 0 0 22 8 0 0 0 E A 3 21UlBeGr_syms_l1032
972.3134 0.0025 0 1 0 0 0 0 22 9 0 0 0 A A 2 0 0 0 0 0 0 22 12 0 0 0 A A 1 21UlBeGr_syms_l1496
972.3134 0.0025 0 1 0 0 0 0 22 9 0 0 0 A A 1 0 0 0 0 0 0 22 12 0 0 0 A A 2 21UlBeGr_syms_l1497
941.84089 0.0025 0 1 0 0 0 0 22 9 0 0 0 A A 2 0 0 0 0 0 0 22 9 0 0 0 A A 1 21UlBeGr_syms_l1047
941.84089 0.0025 0 1 0 0 0 0 22 9 0 0 0 A A 1 0 0 0 0 0 0 22 9 0 0 0 A A 2 21UlBeGr_syms_l1048
939.60285 0.0025 0 1 0 0 0 0 23 10 0 0 0 E A 3 0 0 0 0 0 0 23 10 0 0 0 E A 3 21UlBeGr_syms_l1027
944.03642 0.0025 0 1 0 0 0 0 23 12 0 0 0 A A 2 0 0 0 0 0 0 23 12 0 0 0 A A 1 21UlBeGr_syms_l1078
944.03642 0.0025 0 1 0 0 0 0 23 12 0 0 0 A A 1 0 0 0 0 0 0 23 12 0 0 0 A A 2 21UlBeGr_syms_l1079
984.06958 0.0025 0 1 0 0 0 0 23 12 0 0 0 A A 2 0 0 0 0 0 0 23 15 0 0 0 A A 1 21UlBeGr_syms_l1699
984.06958 0.0025 0 1 0 0 0 0 23 12 0 0 0 A A 1 0 0 0 0 0 0 23 15 0 0 0 A A 2 21UlBeGr_syms_l1700
-946.63625 0.0025 0 1 0 0 0 0 23 13 0 0 0 E A 3 0 0 0 0 0 0 23 13 0 0 0 E A 3 21UlBeGr_syms_l1111
952.64559 0.0025 0 1 0 0 0 0 23 15 0 0 0 A A 2 0 0 0 0 0 0 23 15 0 0 0 A A 1 21UlBeGr_syms_l1185
952.64559 0.0025 0 1 0 0 0 0 23 15 0 0 0 A A 1 0 0 0 0 0 0 23 15 0 0 0 A A 2 21UlBeGr_syms_l1186
-956.56812 0.0025 0 1 0 0 0 0 23 16 0 0 0 E A 3 0 0 0 0 0 0 23 16 0 0 0 E A 3 21UlBeGr_syms_l1247
960.35314 0.0025 0 1 0 0 0 0 23 17 0 0 0 E A 3 0 0 0 0 0 0 23 17 0 0 0 E A 3 21UlBeGr_syms_l1308
964.69532 0.0025 0 1 0 0 0 0 23 18 0 0 0 A A 1 0 0 0 0 0 0 23 18 0 0 0 A A 2 21UlBeGr_syms_l1377
964.69532 0.0025 0 1 0 0 0 0 23 18 0 0 0 A A 2 0 0 0 0 0 0 23 18 0 0 0 A A 1 21UlBeGr_syms_l1378
-969.51554 0.0025 0 1 0 0 0 0 23 19 0 0 0 E A 3 0 0 0 0 0 0 23 19 0 0 0 E A 3 21UlBeGr_syms_l1450
-984.73729 0.0025 0 1 0 0 0 0 23 21 0 0 0 A A 1 0 0 0 0 0 0 23 21 0 0 0 A A 2 21UlBeGr_syms_l1718
-984.73729 0.0025 0 1 0 0 0 0 23 21 0 0 0 A A 2 0 0 0 0 0 0 23 21 0 0 0 A A 1 21UlBeGr_syms_l1719
933.48043 0.0025 0 1 0 0 0 0 23 6 0 0 0 A A 2 0 0 0 0 0 0 23 6 0 0 0 A A 1 21UlBeGr_syms_l955
958.61594 0.0025 0 1 0 0 0 0 23 7 0 0 0 E A 3 0 0 0 0 0 0 23 10 0 0 0 E A 3 21UlBeGr_syms_l1280
934.71409 0.0025 0 1 0 0 0 0 23 7 0 0 0 E A 3 0 0 0 0 0 0 23 7 0 0 0 E A 3 21UlBeGr_syms_l964
937.75445 0.0025 0 1 0 0 0 0 23 9 0 0 0 A A 2 0 0 0 0 0 0 23 9 0 0 0 A A 1 21UlBeGr_syms_l999
937.75445 0.0025 0 1 0 0 0 0 23 9 0 0 0 A A 1 0 0 0 0 0 0 23 9 0 0 0 A A 2 21UlBeGr_syms_l1000
-933.40881 0.0025 0 1 0 0 0 0 24 1 0 0 0 E A 3 0 0 0 0 0 0 24 4 0 0 0 E A 3 21UlBeGr_syms_l953
-948.35918 0.0025 0 1 0 0 0 0 24 1 0 0 0 E A 3 0 0 0 0 0 0 24 7 0 0 0 E A 3 21UlBeGr_syms_l1133
-937.3961 0.0025 0 1 0 0 0 0 24 11 0 0 0 E A 3 0 0 0 0 0 0 24 11 0 0 0 E A 3 21UlBeGr_syms_l994
-942.1116 0.0025 0 1 0 0 0 0 24 13 0 0 0 E A 3 0 0 0 0 0 0 24 13 0 0 0 E A 3 21UlBeGr_syms_l1054
947.82077 0.0025 0 1 0 0 0 0 24 15 0 0 0 A A 1 0 0 0 0 0 0 24 15 0 0 0 A A 2 21UlBeGr_syms_l1128
947.82077 0.0025 0 1 0 0 0 0 24 15 0 0 0 A A 2 0 0 0 0 0 0 24 15 0 0 0 A A 1 21UlBeGr_syms_l1129
-950.68723 0.0025 0 1 0 0 0 0 24 16 0 0 0 E A 3 0 0 0 0 0 0 24 16 0 0 0 E A 3 21UlBeGr_syms_l1165
-955.16115 0.0025 0 1 0 0 0 0 24 17 0 0 0 E A 3 0 0 0 0 0 0 24 17 0 0 0 E A 3 21UlBeGr_syms_l1225
-973.39753 0.0025 0 1 0 0 0 0 24 21 0 0 0 A A 1 0 0 0 0 0 0 24 21 0 0 0 A A 2 21UlBeGr_syms_l1515
-973.39753 0.0025 0 1 0 0 0 0 24 21 0 0 0 A A 2 0 0 0 0 0 0 24 21 0 0 0 A A 1 21UlBeGr_syms_l1516
-922.40194 0.0025 0 1 0 0 0 0 24 4 0 0 0 E A 3 0 0 0 0 0 0 24 2 0 0 0 E A 3 21UlBeGr_syms_l860
-907.99919 0.0025 0 1 0 0 0 0 25 10 0 0 0 E A 3 0 0 0 0 0 0 25 7 0 0 0 E A 3 21UlBeGr_syms_l780
-937.62171 0.0025 0 1 0 0 0 0 25 13 0 0 0 E A 3 0 0 0 0 0 0 25 13 0 0 0 E A 3 21UlBeGr_syms_l996
-946.04156 0.0025 0 1 0 0 0 0 25 16 0 0 0 E A 3 0 0 0 0 0 0 25 16 0 0 0 E A 3 21UlBeGr_syms_l1103
-922.35633 0.0025 0 1 0 0 0 0 25 3 0 0 0 A A 2 0 0 0 0 0 0 25 3 0 0 0 A A 1 21UlBeGr_syms_l859
-934.74616 0.0025 0 1 0 0 0 0 25 3 0 0 0 A A 2 0 0 0 0 0 0 25 6 0 0 0 A A 1 21UlBeGr_syms_l967
-946.04156 0.0025 0 1 0 0 0 0 25 6 0 0 0 A A 2 0 0 0 0 0 0 25 9 0 0 0 A A 1 21UlBeGr_syms_l1102
-930.85026 0.0025 0 1 0 0 0 0 26 12 0 0 0 A A 2 0 0 0 0 0 0 26 12 0 0 0 A A 1 21UlBeGr_syms_l921
-930.85026 0.0025 0 1 0 0 0 0 26 12 0 0 0 A A 1 0 0 0 0 0 0 26 12 0 0 0 A A 2 21UlBeGr_syms_l922
-938.28077 0.0025 0 1 0 0 0 0 26 15 0 0 0 A A 2 0 0 0 0 0 0 26 15 0 0 0 A A 1 21UlBeGr_syms_l1006
-938.28077 0.0025 0 1 0 0 0 0 26 15 0 0 0 A A 1 0 0 0 0 0 0 26 15 0 0 0 A A 2 21UlBeGr_syms_l1007
-905.40649 0.0025 0 1 0 0 0 0 26 9 0 0 0 A A 2 0 0 0 0 0 0 26 6 0 0 0 A A 1 21UlBeGr_syms_l767
954.44516 0.0025 0 1 0 0 0 0 3 0 0 0 0 A A 2 0 0 0 0 0 0 4 0 0 0 0 A A 1 21UlBeGr_syms_l1216
959.22585 0.0025 0 1 0 0 0 0 3 0 0 0 0 A A 2 0 0 0 0 0 0 4 3 0 0 0 A A 1 21UlBeGr_syms_l1289
954.641 0.0025 0 1 0 0 0 0 3 1 0 0 0 E A 3 0 0 0 0 0 0 4 1 0 0 0 E A 3 21UlBeGr_syms_l1220
955.23197 0.0025 0 1 0 0 0 0 3 2 0 0 0 E A 3 0 0 0 0 0 0 4 2 0 0 0 E A 3 21UlBeGr_syms_l1226
956.22892 0.0025 0 1 0 0 0 0 3 3 0 0 0 A A 1 0 0 0 0 0 0 4 3 0 0 0 A A 2 21UlBeGr_syms_l1240
956.22892 0.0025 0 1 0 0 0 0 3 3 0 0 0 A A 2 0 0 0 0 0 0 4 3 0 0 0 A A 1 21UlBeGr_syms_l1241
-944.21001 0.0025 0 1 0 0 0 0 4 0 0 0 0 A A 2 0 0 0 0 0 0 5 0 0 0 0 A A 1 21UlBeGr_syms_l1082
-948.97562 0.0025 0 1 0 0 0 0 4 0 0 0 0 A A 2 0 0 0 0 0 0 5 3 0 0 0 A A 1 21UlBeGr_syms_l1143
944.40121 0.0025 0 1 0 0 0 0 4 1 0 0 0 E A 3 0 0 0 0 0 0 5 1 0 0 0 E A 3 21UlBeGr_syms_l1086
943.39134 0.0025 0 1 0 0 0 0 4 2 0 0 0 E A 3 0 0 0 0 0 0 5 1 0 0 0 E A 3 21UlBeGr_syms_l1068
944.97813 0.0025 0 1 0 0 0 0 4 2 0 0 0 E A 3 0 0 0 0 0 0 5 2 0 0 0 E A 3 21UlBeGr_syms_l1088
945.95106 0.0025 0 1 0 0 0 0 4 3 0 0 0 A A 2 0 0 0 0 0 0 5 3 0 0 0 A A 1 21UlBeGr_syms_l1098
945.95106 0.0025 0 1 0 0 0 0 4 3 0 0 0 A A 1 0 0 0 0 0 0 5 3 0 0 0 A A 1 21UlBeGr_syms_l1099
947.33778 0.0025 0 1 0 0 0 0 4 4 0 0 0 E A 3 0 0 0 0 0 0 5 4 0 0 0 E A 3 21UlBeGr_syms_l1123
933.69193 0.0025 0 1 0 0 0 0 5 0 0 0 0 A A 2 0 0 0 0 0 0 6 0 0 0 0 A A 1 21UlBeGr_syms_l957
938.43937 0.0025 0 1 0 0 0 0 5 0 0 0 0 A A 2 0 0 0 0 0 0 6 3 0 0 0 A A 1 21UlBeGr_syms_l1008
952.81742 0.0025 0 1 0 0 0 0 5 0 0 0 0 A A 2 0 0 0 0 0 0 6 6 0 0 0 A A 1 21UlBeGr_syms_l1190
933.87777 0.0025 0 1 0 0 0 0 5 1 0 0 0 E A 3 0 0 0 0 0 0 6 1 0 0 0 E A 3 21UlBeGr_syms_l959
935.45849 0.0025 0 1 0 0 0 0 5 1 0 0 0 E A 3 0 0 0 0 0 0 6 2 0 0 0 E A 3 21UlBeGr_syms_l971
941.8072 0.0025 0 1 0 0 0 0 5 1 0 0 0 E A 3 0 0 0 0 0 0 6 4 0 0 0 E A 3 21UlBeGr_syms_l1045
932.85762 0.0025 0 1 0 0 0 0 5 2 0 0 0 E A 3 0 0 0 0 0 0 6 1 0 0 0 E A 3 21UlBeGr_syms_l947
934.43844 0.0025 0 1 0 0 0 0 5 2 0 0 0 E A 3 0 0 0 0 0 0 6 2 0 0 0 E A 3 21UlBeGr_syms_l963
945.57424 0.0025 0 1 0 0 0 0 5 2 0 0 0 E A 3 0 0 0 0 0 0 6 5 0 0 0 E A 3 21UlBeGr_syms_l1094
930.63597 0.0025 0 1 0 0 0 0 5 3 0 0 0 A A 2 0 0 0 0 0 0 6 0 0 0 0 A A 1 21UlBeGr_syms_l918
935.38346 0.0025 0 1 0 0 0 0 5 3 0 0 0 A A 1 0 0 0 0 0 0 6 3 0 0 0 A A 2 21UlBeGr_syms_l969
935.38346 0.0025 0 1 0 0 0 0 5 3 0 0 0 A A 2 0 0 0 0 0 0 6 3 0 0 0 A A 1 21UlBeGr_syms_l970
928.80068 0.0025 0 1 0 0 0 0 5 4 0 0 0 E A 3 0 0 0 0 0 0 6 1 0 0 0 E A 3 21UlBeGr_syms_l903
936.72956 0.0025 0 1 0 0 0 0 5 4 0 0 0 E A 3 0 0 0 0 0 0 6 4 0 0 0 E A 3 21UlBeGr_syms_l987
938.50163 0.0025 0 1 0 0 0 0 5 5 0 0 0 E A 3 0 0 0 0 0 0 6 5 0 0 0 E A 3 21UlBeGr_syms_l1011
-922.91762 0.0025 0 1 0 0 0 0 6 0 0 0 0 A A 2 0 0 0 0 0 0 7 0 0 0 0 A A 1 21UlBeGr_syms_l862
927.64392 0.0025 0 1 0 0 0 0 6 0 0 0 0 A A 1 0 0 0 0 0 0 7 3 0 0 0 A A 2 21UlBeGr_syms_l894
941.95635 0.0025 0 1 0 0 0 0 6 0 0 0 0 A A 1 0 0 0 0 0 0 7 6 0 0 0 A A 2 21UlBeGr_syms_l1052
985.25496 0.0025 0 1 0 0 0 0 6 1 0 0 0 E A 3 0 0 0 0 0 0 6 1 0 0 0 E A 3 21UlBeGr_syms_l1731
923.09756 0.0025 0 1 0 0 0 0 6 1 0 0 0 E A 3 0 0 0 0 0 0 7 1 0 0 0 E A 3 21UlBeGr_syms_l863
924.67124 0.0025 0 1 0 0 0 0 6 1 0 0 0 E A 3 0 0 0 0 0 0 7 2 0 0 0 E A 3 21UlBeGr_syms_l872
930.9912 0.0025 0 1 0 0 0 0 6 1 0 0 0 E A 3 0 0 0 0 0 0 7 4 0 0 0 E A 3 21UlBeGr_syms_l924
922.06652 0.0025 0 1 0 0 0 0 6 2 0 0 0 E A 3 0 0 0 0 0 0 7 1 0 0 0 E A 3 21UlBeGr_syms_l858
923.64022 0.0025 0 1 0 0 0 0 6 2 0 0 0 E A 3 0 0 0 0 0 0 7 2 0 0 0 E A 3 21UlBeGr_syms_l867
934.72603 0.0025 0 1 0 0 0 0 6 2 0 0 0 E A 3 0 0 0 0 0 0 7 5 0 0 0 E A 3 21UlBeGr_syms_l965
980.1197 0.0025 0 1 0 0 0 0 6 4 0 0 0 E A 3 0 0 0 0 0 0 6 1 0 0 0 E A 3 21UlBeGr_syms_l1625
917.96213 0.0025 0 1 0 0 0 0 6 4 0 0 0 E A 3 0 0 0 0 0 0 7 1 0 0 0 E A 3 21UlBeGr_syms_l832
925.85564 0.0025 0 1 0 0 0 0 6 4 0 0 0 E A 3 0 0 0 0 0 0 7 4 0 0 0 E A 3 21UlBeGr_syms_l881
984.99378 0.0025 0 1 0 0 0 0 6 5 0 0 0 E A 3 0 0 0 0 0 0 6 4 0 0 0 E A 3 21UlBeGr_syms_l1725
916.48106 0.0025 0 1 0 0 0 0 6 5 0 0 0 E A 3 0 0 0 0 0 0 7 2 0 0 0 E A 3 21UlBeGr_syms_l824
927.56686 0.0025 0 1 0 0 0 0 6 5 0 0 0 E A 3 0 0 0 0 0 0 7 5 0 0 0 E A 3 21UlBeGr_syms_l892
977.58362 0.0025 0 1 0 0 0 0 6 6 0 0 0 A A 2 0 0 0 0 0 0 6 3 0 0 0 A A 1 21UlBeGr_syms_l1583
977.58362 0.0025 0 1 0 0 0 0 6 6 0 0 0 A A 1 0 0 0 0 0 0 6 3 0 0 0 A A 2 21UlBeGr_syms_l1584
929.72035 0.0025 0 1 0 0 0 0 6 6 0 0 0 A A 2 0 0 0 0 0 0 7 6 0 0 0 A A 1 21UlBeGr_syms_l906
929.72035 0.0025 0 1 0 0 0 0 6 6 0 0 0 A A 1 0 0 0 0 0 0 7 6 0 0 0 A A 2 21UlBeGr_syms_l907
911.91497 0.0025 0 1 0 0 0 0 7 0 0 0 0 A A 2 0 0 0 0 0 0 8 0 0 0 0 A A 1 21UlBeGr_syms_l802
916.61752 0.0025 0 1 0 0 0 0 7 0 0 0 0 A A 2 0 0 0 0 0 0 8 3 0 0 0 A A 1 21UlBeGr_syms_l826
930.85697 0.0025 0 1 0 0 0 0 7 0 0 0 0 A A 2 0 0 0 0 0 0 8 6 0 0 0 A A 1 21UlBeGr_syms_l923
983.06366 0.0025 0 1 0 0 0 0 7 1 0 0 0 E A 3 0 0 0 0 0 0 7 1 0 0 0 E A 3 21UlBeGr_syms_l1681
912.08859 0.0025 0 1 0 0 0 0 7 1 0 0 0 E A 3 0 0 0 0 0 0 8 1 0 0 0 E A 3 21UlBeGr_syms_l803
913.65431 0.0025 0 1 0 0 0 0 7 1 0 0 0 E A 3 0 0 0 0 0 0 8 2 0 0 0 E A 3 21UlBeGr_syms_l815
919.94181 0.0025 0 1 0 0 0 0 7 1 0 0 0 E A 3 0 0 0 0 0 0 8 4 0 0 0 E A 3 21UlBeGr_syms_l847
983.59514 0.0025 0 1 0 0 0 0 7 2 0 0 0 E A 3 0 0 0 0 0 0 7 2 0 0 0 E A 3 21UlBeGr_syms_l1694
911.04635 0.0025 0 1 0 0 0 0 7 2 0 0 0 E A 3 0 0 0 0 0 0 8 1 0 0 0 E A 3 21UlBeGr_syms_l799
912.61207 0.0025 0 1 0 0 0 0 7 2 0 0 0 E A 3 0 0 0 0 0 0 8 2 0 0 0 E A 3 21UlBeGr_syms_l806
984.48836 0.0025 0 1 0 0 0 0 7 3 0 0 0 A A 1 0 0 0 0 0 0 7 3 0 0 0 A A 2 21UlBeGr_syms_l1713
984.49151 0.0025 0 1 0 0 0 0 7 3 0 0 0 A A 2 0 0 0 0 0 0 7 3 0 0 0 A A 1 21UlBeGr_syms_l1714
908.79 0.0025 0 1 0 0 0 0 7 3 0 0 0 A A 2 0 0 0 0 0 0 8 0 0 0 0 A A 1 21UlBeGr_syms_l787
913.49342 0.0025 0 1 0 0 0 0 7 3 0 0 0 A A 1 0 0 0 0 0 0 8 3 0 0 0 A A 2 21UlBeGr_syms_l813
913.49342 0.0025 0 1 0 0 0 0 7 3 0 0 0 A A 2 0 0 0 0 0 0 8 3 0 0 0 A A 1 21UlBeGr_syms_l814
927.73275 0.0025 0 1 0 0 0 0 7 3 0 0 0 A A 2 0 0 0 0 0 0 8 6 0 0 0 A A 1 21UlBeGr_syms_l896
927.73443 0.0025 0 1 0 0 0 0 7 3 0 0 0 A A 1 0 0 0 0 0 0 8 6 0 0 0 A A 2 21UlBeGr_syms_l897
977.86788 0.0025 0 1 0 0 0 0 7 4 0 0 0 E A 3 0 0 0 0 0 0 7 1 0 0 0 E A 3 21UlBeGr_syms_l1589
906.89357 0.0025 0 1 0 0 0 0 7 4 0 0 0 E A 3 0 0 0 0 0 0 8 1 0 0 0 E A 3 21UlBeGr_syms_l773
914.74685 0.0025 0 1 0 0 0 0 7 4 0 0 0 E A 3 0 0 0 0 0 0 8 4 0 0 0 E A 3 21UlBeGr_syms_l819
932.24309 0.0025 0 1 0 0 0 0 7 4 0 0 0 E A 3 0 0 0 0 0 0 8 7 0 0 0 E A 3 21UlBeGr_syms_l944
976.34716 0.0025 0 1 0 0 0 0 7 5 0 0 0 E A 3 0 0 0 0 0 0 7 2 0 0 0 E A 3 21UlBeGr_syms_l1565
905.36401 0.0025 0 1 0 0 0 0 7 5 0 0 0 E A 3 0 0 0 0 0 0 8 2 0 0 0 E A 3 21UlBeGr_syms_l765
911.65062 0.0025 0 1 0 0 0 0 7 5 0 0 0 E A 3 0 0 0 0 0 0 8 4 0 0 0 E A 3 21UlBeGr_syms_l801
916.39328 0.0025 0 1 0 0 0 0 7 5 0 0 0 E A 3 0 0 0 0 0 0 8 5 0 0 0 E A 3 21UlBeGr_syms_l823
904.22206 0.0025 0 1 0 0 0 0 7 6 0 0 0 A A 1 0 0 0 0 0 0 8 3 0 0 0 A A 2 21UlBeGr_syms_l755
904.22206 0.0025 0 1 0 0 0 0 7 6 0 0 0 A A 2 0 0 0 0 0 0 8 3 0 0 0 A A 1 21UlBeGr_syms_l756
918.46228 0.0025 0 1 0 0 0 0 7 6 0 0 0 A A 1 0 0 0 0 0 0 8 6 0 0 0 A A 2 21UlBeGr_syms_l833
918.46228 0.0025 0 1 0 0 0 0 7 6 0 0 0 A A 2 0 0 0 0 0 0 8 6 0 0 0 A A 1 21UlBeGr_syms_l834
966.62005 0.0025 0 1 0 0 0 0 7 7 0 0 0 E A 3 0 0 0 0 0 0 7 1 0 0 0 E A 3 21UlBeGr_syms_l1407
974.5123 0.0025 0 1 0 0 0 0 7 7 0 0 0 E A 3 0 0 0 0 0 0 7 4 0 0 0 E A 3 21UlBeGr_syms_l1539
903.49721 0.0025 0 1 0 0 0 0 7 7 0 0 0 E A 3 0 0 0 0 0 0 8 4 0 0 0 E A 3 21UlBeGr_syms_l752
920.99363 0.0025 0 1 0 0 0 0 7 7 0 0 0 E A 3 0 0 0 0 0 0 8 7 0 0 0 E A 3 21UlBeGr_syms_l852
985.1787 0.0025 0 1 0 0 0 0 8 0 0 0 0 A A 1 0 0 0 0 0 0 8 3 0 0 0 A A 2 21UlBeGr_syms_l1730
900.712 0.0025 0 1 0 0 0 0 8 0 0 0 0 A A 1 0 0 0 0 0 0 9 0 0 0 0 A A 2 21UlBeGr_syms_l738
905.3882 0.0025 0 1 0 0 0 0 8 0 0 0 0 A A 1 0 0 0 0 0 0 9 3 0 0 0 A A 2 21UlBeGr_syms_l766
980.64725 0.0025 0 1 0 0 0 0 8 1 0 0 0 E A 3 0 0 0 0 0 0 8 1 0 0 0 E A 3 21UlBeGr_syms_l1635
900.87904 0.0025 0 1 0 0 0 0 8 1 0 0 0 E A 3 0 0 0 0 0 0 9 1 0 0 0 E A 3 21UlBeGr_syms_l739
902.43576 0.0025 0 1 0 0 0 0 8 1 0 0 0 E A 3 0 0 0 0 0 0 9 2 0 0 0 E A 3 21UlBeGr_syms_l747
908.6876 0.0025 0 1 0 0 0 0 8 1 0 0 0 E A 3 0 0 0 0 0 0 9 4 0 0 0 E A 3 21UlBeGr_syms_l785
981.15988 0.0025 0 1 0 0 0 0 8 2 0 0 0 E A 3 0 0 0 0 0 0 8 2 0 0 0 E A 3 21UlBeGr_syms_l1648
901.38261 0.0025 0 1 0 0 0 0 8 2 0 0 0 E A 3 0 0 0 0 0 0 9 2 0 0 0 E A 3 21UlBeGr_syms_l740
912.34829 0.0025 0 1 0 0 0 0 8 2 0 0 0 E A 3 0 0 0 0 0 0 9 5 0 0 0 E A 3 21UlBeGr_syms_l805
982.01881 0.0025 0 1 0 0 0 0 8 3 0 0 0 A A 1 0 0 0 0 0 0 8 3 0 0 0 A A 2 21UlBeGr_syms_l1664
982.0255 0.0025 0 1 0 0 0 0 8 3 0 0 0 A A 2 0 0 0 0 0 0 8 3 0 0 0 A A 1 21UlBeGr_syms_l1665
902.22807 0.0025 0 1 0 0 0 0 8 3 0 0 0 A A 1 0 0 0 0 0 0 9 3 0 0 0 A A 2 21UlBeGr_syms_l744
902.23189 0.0025 0 1 0 0 0 0 8 3 0 0 0 A A 2 0 0 0 0 0 0 9 3 0 0 0 A A 1 21UlBeGr_syms_l745
975.3937 0.0025 0 1 0 0 0 0 8 4 0 0 0 E A 3 0 0 0 0 0 0 8 1 0 0 0 E A 3 21UlBeGr_syms_l1550
983.24698 0.0025 0 1 0 0 0 0 8 4 0 0 0 E A 3 0 0 0 0 0 0 8 4 0 0 0 E A 3 21UlBeGr_syms_l1686
903.43381 0.0025 0 1 0 0 0 0 8 4 0 0 0 E A 3 0 0 0 0 0 0 9 4 0 0 0 E A 3 21UlBeGr_syms_l751
920.83075 0.0025 0 1 0 0 0 0 8 4 0 0 0 E A 3 0 0 0 0 0 0 9 7 0 0 0 E A 3 21UlBeGr_syms_l851
973.82402 0.0025 0 1 0 0 0 0 8 5 0 0 0 E A 3 0 0 0 0 0 0 8 2 0 0 0 E A 3 21UlBeGr_syms_l1523
984.85344 0.0025 0 1 0 0 0 0 8 5 0 0 0 E A 3 0 0 0 0 0 0 8 5 0 0 0 E A 3 21UlBeGr_syms_l1724
905.01317 0.0025 0 1 0 0 0 0 8 5 0 0 0 E A 3 0 0 0 0 0 0 9 5 0 0 0 E A 3 21UlBeGr_syms_l763
972.62826 0.0025 0 1 0 0 0 0 8 6 0 0 0 A A 2 0 0 0 0 0 0 8 3 0 0 0 A A 1 21UlBeGr_syms_l1501
972.62826 0.0025 0 1 0 0 0 0 8 6 0 0 0 A A 1 0 0 0 0 0 0 8 3 0 0 0 A A 2 21UlBeGr_syms_l1502
906.99479 0.0025 0 1 0 0 0 0 8 6 0 0 0 A A 2 0 0 0 0 0 0 9 6 0 0 0 A A 1 21UlBeGr_syms_l774
906.99479 0.0025 0 1 0 0 0 0 8 6 0 0 0 A A 1 0 0 0 0 0 0 9 6 0 0 0 A A 2 21UlBeGr_syms_l775
931.04042 0.0025 0 1 0 0 0 0 8 6 0 0 0 A A 2 0 0 0 0 0 0 9 9 0 0 0 A A 1 21UlBeGr_syms_l925
931.04042 0.0025 0 1 0 0 0 0 8 6 0 0 0 A A 1 0 0 0 0 0 0 9 9 0 0 0 A A 2 21UlBeGr_syms_l926
971.83262 0.0025 0 1 0 0 0 0 8 7 0 0 0 E A 3 0 0 0 0 0 0 8 4 0 0 0 E A 3 21UlBeGr_syms_l1489
909.41483 0.0025 0 1 0 0 0 0 8 7 0 0 0 E A 3 0 0 0 0 0 0 9 7 0 0 0 E A 3 21UlBeGr_syms_l792
971.47323 0.0025 0 1 0 0 0 0 8 8 0 0 0 E A 3 0 0 0 0 0 0 8 5 0 0 0 E A 3 21UlBeGr_syms_l1485
912.3208 0.0025 0 1 0 0 0 0 8 8 0 0 0 E A 3 0 0 0 0 0 0 9 8 0 0 0 E A 3 21UlBeGr_syms_l804
901.94098 0.0025 0 1 0 0 0 0 9 1 0 0 0 E A 3 0 0 0 0 0 0 10 5 0 0 0 E A 3 21UlBeGr_syms_l742
978.03094 0.0025 0 1 0 0 0 0 9 1 0 0 0 E A 3 0 0 0 0 0 0 9 1 0 0 0 E A 3 21UlBeGr_syms_l1594
921.43388 0.0025 0 1 0 0 0 0 9 2 0 0 0 E A 3 0 0 0 0 0 0 10 8 0 0 0 E A 3 21UlBeGr_syms_l855
978.5239 0.0025 0 1 0 0 0 0 9 2 0 0 0 E A 3 0 0 0 0 0 0 9 2 0 0 0 E A 3 21UlBeGr_syms_l1601
984.77521 0.0025 0 1 0 0 0 0 9 2 0 0 0 E A 3 0 0 0 0 0 0 9 4 0 0 0 E A 3 21UlBeGr_syms_l1721
904.867 0.0025 0 1 0 0 0 0 9 3 0 0 0 A A 1 0 0 0 0 0 0 10 6 0 0 0 A A 2 21UlBeGr_syms_l758
974.68303 0.0025 0 1 0 0 0 0 9 3 0 0 0 A A 1 0 0 0 0 0 0 9 0 0 0 0 A A 2 21UlBeGr_syms_l1541
979.34686 0.0025 0 1 0 0 0 0 9 3 0 0 0 A A 2 0 0 0 0 0 0 9 3 0 0 0 A A 1 21UlBeGr_syms_l1613
979.35932 0.0025 0 1 0 0 0 0 9 3 0 0 0 A A 1 0 0 0 0 0 0 9 3 0 0 0 A A 2 21UlBeGr_syms_l1614
909.23204 0.0025 0 1 0 0 0 0 9 4 0 0 0 E A 3 0 0 0 0 0 0 10 7 0 0 0 E A 3 21UlBeGr_syms_l789
972.72092 0.0025 0 1 0 0 0 0 9 4 0 0 0 E A 3 0 0 0 0 0 0 9 1 0 0 0 E A 3 21UlBeGr_syms_l1505
980.52977 0.0025 0 1 0 0 0 0 9 4 0 0 0 E A 3 0 0 0 0 0 0 9 4 0 0 0 E A 3 21UlBeGr_syms_l1631
914.01462 0.0025 0 1 0 0 0 0 9 5 0 0 0 E A 3 0 0 0 0 0 0 10 8 0 0 0 E A 3 21UlBeGr_syms_l816
971.1047 0.0025 0 1 0 0 0 0 9 5 0 0 0 E A 3 0 0 0 0 0 0 9 2 0 0 0 E A 3 21UlBeGr_syms_l1480
982.07107 0.0025 0 1 0 0 0 0 9 5 0 0 0 E A 3 0 0 0 0 0 0 9 5 0 0 0 E A 3 21UlBeGr_syms_l1666
919.2437 0.0025 0 1 0 0 0 0 9 6 0 0 0 A A 2 0 0 0 0 0 0 10 9 0 0 0 A A 1 21UlBeGr_syms_l841
919.2437 0.0025 0 1 0 0 0 0 9 6 0 0 0 A A 1 0 0 0 0 0 0 10 9 0 0 0 A A 2 21UlBeGr_syms_l842
969.84215 0.0025 0 1 0 0 0 0 9 6 0 0 0 A A 2 0 0 0 0 0 0 9 3 0 0 0 A A 1 21UlBeGr_syms_l1453
969.84215 0.0025 0 1 0 0 0 0 9 6 0 0 0 A A 1 0 0 0 0 0 0 9 3 0 0 0 A A 2 21UlBeGr_syms_l1454
984.00104 0.0025 0 1 0 0 0 0 9 6 0 0 0 A A 2 0 0 0 0 0 0 9 6 0 0 0 A A 1 21UlBeGr_syms_l1697
984.00104 0.0025 0 1 0 0 0 0 9 6 0 0 0 A A 1 0 0 0 0 0 0 9 6 0 0 0 A A 2 21UlBeGr_syms_l1698
-924.9624 0.0025 0 1 0 0 0 0 9 7 0 0 0 E A 3 0 0 0 0 0 0 10 10 0 0 0 E A 3 21UlBeGr_syms_l873
968.95613 0.0025 0 1 0 0 0 0 9 7 0 0 0 E A 3 0 0 0 0 0 0 9 4 0 0 0 E A 3 21UlBeGr_syms_l1443
900.42337 0.0025 0 1 0 0 0 0 9 8 0 0 0 E A 3 0 0 0 0 0 0 10 8 0 0 0 E A 3 21UlBeGr_syms_l735
968.4801 0.0025 0 1 0 0 0 0 9 8 0 0 0 E A 3 0 0 0 0 0 0 9 5 0 0 0 E A 3 21UlBeGr_syms_l1436
903.70131 0.0025 0 1 0 0 0 0 9 9 0 0 0 A A 1 0 0 0 0 0 0 10 9 0 0 0 A A 2 21UlBeGr_syms_l753
903.70131 0.0025 0 1 0 0 0 0 9 9 0 0 0 A A 2 0 0 0 0 0 0 10 9 0 0 0 A A 1 21UlBeGr_syms_l754
968.45873 0.0025 0 1 0 0 0 0 9 9 0 0 0 A A 1 0 0 0 0 0 0 9 6 0 0 0 A A 2 21UlBeGr_syms_l1434
968.45873 0.0025 0 1 0 0 0 0 9 9 0 0 0 A A 2 0 0 0 0 0 0 9 6 0 0 0 A A 1 21UlBeGr_syms_l1435
