0 0 0 0 0 0 17 12 0 0 0 A A 2 1278.07429 0.02114 11 2847431 1278.04897 280 17 11.846 2 12 2 0 0 0 0 0 0 0 1 1 0 0 0 0 0 0.0
0 0 0 1 0 -1 16 11 0 1 1 E E 1 2229.1826 0.02364 3 2448402 2229.25295 264 16 0.89909 1 11 3 1 0 0 0 1 0 1 3 0.94 0 0 0 0 0 1.0
0 0 0 0 0 0 16 12 0 0 0 A A 1 1128.40669 0.023 15 2448390 1128.37697 264 16 16.143 1 12 1 0 0 0 0 0 0 0 1 1 0 0 0 0 0 0.0
0 0 0 1 0 -1 15 11 0 1 1 E E 2 2086.26747 0.015 4 2225787 2086.32494 248 15 0.94147 2 11 3 1 0 0 0 1 0 1 3 0.95 0 0 0 0 0 1.0
0 0 0 0 0 0 16 9 0 0 0 A A 1 1161.09221 0.023 17 2448391 1161.09392 264 16 10.446 1 9 1 0 0 0 0 0 0 0 1 1 0 0 0 0 0 0.0
0 0 0 1 0 -1 15 8 0 1 1 E E 2 2129.71727 0.068 3 2225788 2129.79857 248 15 0.76397 2 8 3 1 0 0 0 1 0 1 3 0.92 0 0 0 0 0 1.0
0 0 0 0 0 0 14 12 0 0 0 A A 1 854.722744 0.013 23 1874549 854.689522 232 14 39.102 1 12 1 0 0 0 0 0 0 0 1 1 0 0 0 0 0 0.0
0 0 0 1 0 -1 13 11 0 1 1 E E 2 1825.73658 0.062 4 1680636 1825.77398 216 13 1.0126 2 11 3 1 0 0 0 1 0 1 3 0.97 0 0 0 0 0 1.0
0 0 0 0 0 0 16 6 0 0 0 A A 1 1183.80813 0.023 12 2448392 1183.83236 264 16 8.3742 1 6 1 0 0 0 0 0 0 0 1 0.99 0 0 0 0 0 0.0
0 0 0 1 0 -1 15 5 0 1 1 E E 2 2160.55372 0.015 4 2225790 2160.69542 248 15 0.63819 2 5 3 1 0 0 0 1 0 1 3 0.88 0 0 0 0 0 1.0
0 0 0 0 0 0 14 9 0 0 0 A A 1 888.045334 0.013 23 1874550 888.037709 232 14 17.881 1 9 1 0 0 0 0 0 0 0 1 1 0 0 0 0 0 0.0
0 0 0 1 0 -1 13 8 0 1 1 E E 2 1871.13188 0.057 6 1680637 1871.17886 216 13 0.82138 2 8 3 1 0 0 0 1 0 1 3 0.95 0 0 0 0 0 1.0
0 0 0 0 0 0 12 12 0 0 0 A A 1 615.541962 0.011 18 1377217 615.508768 200 12 14782000 1 12 1 0 0 0 0 0 0 0 1 1 0 0 0 0 0 0.0
0 0 0 1 0 -1 11 11 0 1 1 E E 2 1599.08791 0.061 2 1211994 1599.10008 184 11 1.0395 2 11 3 1 0 0 0 1 0 1 3 1 0 0 0 0 0 1.0
0 0 0 0 0 0 15 6 0 0 0 A A 2 1043.22529 0.01863 15 2225777 1043.24246 248 15 10.312 2 6 2 0 0 0 0 0 0 0 1 1 0 0 0 0 0 0.0
0 0 0 1 0 -1 14 5 0 1 1 E E 1 2027.67725 0.02113 2 1874563 2027.78838 232 14 0.65707 1 5 3 1 0 0 0 1 0 1 3 0.9 0 0 0 0 0 1.0
0 0 0 0 0 0 14 6 0 0 0 A A 1 911.198907 0.013 23 1874551 911.210456 232 14 12.954 1 6 1 0 0 0 0 0 0 0 1 1 0 0 0 0 0 0.0
0 0 0 1 0 -1 13 5 0 1 1 E E 2 1903.33806 0.06046 4 1680639 1903.42336 216 13 0.67646 2 5 3 1 0 0 0 1 0 1 3 0.91 0 0 0 0 0 1.0
0 0 0 0 0 0 12 9 0 0 0 A A 1 649.437203 0.007 34 1377218 649.424323 200 12 37.627 1 9 1 0 0 0 0 0 0 0 1 1 0 0 0 0 0 0.0
0 0 0 1 0 -1 11 8 0 1 1 E E 2 1646.75129 0.056 6 1211995 1646.77636 184 11 0.86639 2 8 3 1 0 0 0 1 0 1 3 0.97 0 0 0 0 0 1.0
0 0 0 0 0 0 14 3 0 0 0 A A 2 924.848897 0.01513 21 1944139 924.871858 232 14 11.136 2 3 2 0 0 0 0 0 0 0 1 1 0 0 0 0 0 0.0
0 0 0 1 0 -1 13 2 0 1 1 E E 1 1922.79445 0.06513 3 1616334 1922.93805 216 13 0.57887 1 2 3 1 0 0 0 1 0 1 3 0.83 0 0 0 0 0 1.0
0 0 0 0 0 0 14 3 0 0 0 A A 1 924.823572 0.01323 22 1874552 924.846515 232 14 11.137 1 3 1 0 0 0 0 0 0 0 1 0.99 0 0 0 0 0 0.0
0 0 0 1 0 -1 13 2 0 1 1 E E 2 1923.24745 0.06323 3 1680641 1923.39212 216 13 0.57451 2 2 3 1 0 0 0 1 0 1 3 0.83 0 0 0 0 0 1.0
0 0 0 0 0 0 13 6 0 0 0 A A 2 787.771892 0.01214 18 1680628 787.778852 216 13 16.675 2 6 2 0 0 0 0 0 0 0 1 1 0 0 0 0 0 0.0
0 0 0 1 0 -1 12 5 0 1 1 E E 1 1787.57109 0.01224 3 1377229 1787.63435 200 12 0.6958 1 5 3 1 0 0 0 1 0 1 3 0.93 0 0 0 0 0 1.0
0 0 0 0 0 0 11 9 0 0 0 A A 2 543.148752 0.01273 24 1211986 543.134416 184 11 64.374 2 9 2 0 0 0 0 0 0 0 1 1 0 0 0 0 0 0.0
0 0 0 1 0 -1 10 8 0 1 1 E E 1 1547.48465 0.01273 4 956413 1547.5019 168 10 0.88015 1 8 3 1 0 0 0 1 0 1 3 0.98 0 0 0 0 0 1.0
0 0 0 0 0 0 13 3 0 0 0 A A 1 801.53598 0.01046 29 1616324 801.553431 216 13 13.926 1 3 1 0 0 0 0 0 0 0 1 1 0 0 0 0 0 0.0
0 0 0 1 0 -1 12 2 0 1 1 E E 2 1807.61624 0.056 3 1437260 1807.73156 200 12 0.58823 2 2 3 1 0 0 0 1 0 1 3 0.85 0 0 0 0 0 1.0
0 0 0 0 0 0 13 3 0 0 0 A A 2 801.519487 0.01214 22 1680629 801.536984 216 13 13.928 2 3 2 0 0 0 0 0 0 0 1 1 0 0 0 0 0 0.0
0 0 0 1 0 -1 12 2 0 1 1 E E 1 1808.00764 0.06044 5 1377231 1808.12389 200 12 0.5848 1 2 3 1 0 0 0 1 0 1 3 0.85 0 0 0 0 0 1.0
0 0 0 0 0 0 12 6 0 0 0 A A 1 672.985156 0.006 26 1377219 672.987908 200 12 22.126 1 6 1 0 0 0 0 0 0 0 1 1 0 0 0 0 0 0.0
0 0 0 1 0 -1 11 5 0 1 1 E E 2 1680.40976 0.055 6 1211996 1680.45524 184 11 0.71423 2 5 3 1 0 0 0 1 0 1 3 0.94 0 0 0 0 0 1.0
0 0 0 0 0 0 10 9 0 0 0 A A 1 445.586051 0.006 31 956405 445.571198 168 10 148.65 1 9 1 0 0 0 0 0 0 0 1 1 0 0 0 0 0 0.0
0 0 0 1 0 -1 9 8 0 1 1 E E 2 1456.89125 0.055 4 819874 1456.90192 152 9 0.88576 2 8 3 1 0 0 0 1 0 1 3 0.99 0 0 0 0 0 1.0
0 0 0 0 0 0 17 0 0 0 0 A A 2 1350.41403 0.03363 4 2847435 1350.57522 280 17 6.0931 2 0 2 0 0 0 0 0 0 0 1 0.99 0 0 0 0 0 0.0
0 0 0 1 0 1 16 1 0 1 1 E E 1 2361.95609 0.08363 2 2448411 2361.8272 264 16 0.64707 1 1 3 1 0 0 0 1 0 1 3 0.84 0 0 0 0 0 1.0
0 0 0 0 0 0 12 3 0 0 0 A A 2 686.85725 0.01144 34 1437251 686.870361 200 12 17.786 2 3 2 0 0 0 0 0 0 0 1 1 0 0 0 0 0 0.0
0 0 0 1 0 -1 11 2 0 1 1 E E 1 1701.07987 0.06044 4 1157259 1701.17043 184 11 0.59798 1 2 3 1 0 0 0 1 0 1 3 0.87 0 0 0 0 0 1.0
0 0 0 0 0 0 12 3 0 0 0 A A 1 686.847158 0.006 34 1377220 686.860054 200 12 17.787 1 3 1 0 0 0 0 0 0 0 1 1 0 0 0 0 0 0.0
0 0 0 1 0 -1 11 2 0 1 1 E E 2 1701.40923 0.056 4 1211998 1701.4996 184 11 0.5955 2 2 3 1 0 0 0 1 0 1 3 0.87 0 0 0 0 0 1.0
0 0 0 0 0 0 11 6 0 0 0 A A 2 566.875105 0.00963 24 1211987 566.875518 184 11 30.541 2 6 2 0 0 0 0 0 0 0 1 1 0 0 0 0 0 0.0
0 0 0 1 0 -1 10 5 0 1 1 E E 1 1581.88972 0.01063 3 956414 1581.92129 168 10 0.73063 1 5 3 1 0 0 0 1 0 1 3 0.96 0 0 0 0 0 1.0
0 0 0 0 0 0 16 3 0 0 0 A A 1 1197.16235 0.023 11 2448393 1197.19984 264 16 7.4946 1 3 1 0 0 0 0 0 0 0 1 0.99 0 0 0 0 0 0.0
0 0 0 1 0 1 15 4 0 1 1 E E 2 2213.19241 0.06323 3 2225794 2213.01879 248 15 0.60769 2 4 3 1 0 0 0 1 0 1 3 0.72 0 0 0 0 0 1.0
0 0 0 0 0 0 16 3 0 0 0 A A 2 1197.21651 0.01913 9 2527548 1197.25504 264 16 7.4931 2 3 2 0 0 0 0 0 0 0 1 0.99 0 0 0 0 0 0.0
0 0 0 1 0 1 15 4 0 1 1 E E 1 2214.02221 0.06513 4 2151920 2213.85974 248 15 0.59814 1 4 3 1 0 0 0 1 0 1 3 0.77 0 0 0 0 0 1.0
0 0 0 0 0 0 9 9 0 0 0 A A 2 356.783164 0.01073 15 819866 356.768055 152 9 60990000 2 9 2 0 0 0 0 0 0 0 1 1 0 0 0 0 0 0.0
0 0 0 1 0 -1 8 8 0 1 1 E E 1 1375.02428 0.01273 1 612107 1375.02833 136 8 0.88242 1 8 3 1 0 0 0 1 0 1 3 1 0 0 0 0 0 1.0
0 0 0 0 0 0 15 3 0 0 0 A A 2 1056.71865 0.01664 14 2225778 1056.74834 248 15 9.0663 2 3 2 0 0 0 0 0 0 0 1 0.99 0 0 0 0 0 0.0
0 0 0 1 0 1 14 4 0 1 1 E E 1 2077.79375 0.06214 4 1874567 2077.65452 232 14 0.5986 1 4 3 1 0 0 0 1 0 1 3 0.75 0 0 0 0 0 1.0
0 0 0 0 0 0 15 0 0 0 0 A A 2 1061.19999 0.02013 7 2225779 1061.23407 248 15 8.7159 2 0 2 0 0 0 0 0 0 0 1 0.99 0 0 0 0 0 0.0
0 0 0 1 0 1 14 1 0 1 1 E E 1 2082.34339 0.0649 3 1874568 2082.17588 232 14 0.64111 1 1 3 1 0 0 0 1 0 1 3 0.87 0 0 0 0 0 1.0
0 0 0 0 0 0 15 9 0 0 0 A A 2 1020.28519 0.01614 13 2225776 1020.28177 248 15 13.428 2 9 2 0 0 0 0 0 0 0 1 1 0 0 0 0 0 0.0
0 0 0 1 0 1 14 10 0 1 1 E E 1 2041.50324 0.01414 3 1874564 2041.48485 232 14 0.40961 1 10 3 1 0 0 0 1 0 1 3 0.93 0 0 0 0 0 1.0
0 0 0 0 0 0 15 3 0 0 0 A A 1 1056.75661 0.018 13 2151905 1056.78624 248 15 9.0642 1 3 1 0 0 0 0 0 0 0 1 1 0 0 0 0 0 0.0
0 0 0 1 0 1 14 4 0 1 1 E E 2 2078.48074 0.06046 5 1944153 2078.34906 232 14 0.59082 2 4 3 1 0 0 0 1 0 1 3 0.79 0 0 0 0 0 1.0
0 0 0 0 0 0 15 6 0 0 0 A A 1 1043.2254 0.018 19 2151904 1043.24249 248 15 10.312 1 6 1 0 0 0 0 0 0 0 1 1 0 0 0 0 0 0.0
0 0 0 1 0 1 14 7 0 1 1 E E 2 2065.00417 0.06046 5 1944152 2064.93619 232 14 0.49988 2 7 3 1 0 0 0 1 0 1 3 0.87 0 0 0 0 0 1.0
0 0 0 0 0 0 11 3 0 0 0 A A 1 580.850381 0.006 39 1157251 580.859804 184 11 23.29 1 3 1 0 0 0 0 0 0 0 1 1 0 0 0 0 0 0.0
0 0 0 1 0 -1 10 2 0 1 1 E E 2 1603.21087 0.055 4 1006877 1603.27937 168 10 0.60814 2 2 3 1 0 0 0 1 0 1 3 0.89 0 0 0 0 0 1.0
0 0 0 0 0 0 10 6 0 0 0 A A 1 469.478967 0.005 45 956406 469.477104 168 10 44.493 1 6 1 0 0 0 0 0 0 0 1 1 0 0 0 0 0 0.0
0 0 0 1 0 -1 9 5 0 1 1 E E 2 1492.05024 0.054 6 819875 1492.07096 152 9 0.74385 2 5 3 1 0 0 0 1 0 1 3 0.97 0 0 0 0 0 1.0
0 0 0 0 0 0 11 3 0 0 0 A A 2 580.844007 0.01044 41 1211988 580.853604 184 11 23.291 2 3 2 0 0 0 0 0 0 0 1 1 0 0 0 0 0 0.0
0 0 0 1 0 -1 10 2 0 1 1 E E 1 1603.47708 0.05944 5 956416 1603.54555 168 10 0.60654 1 2 3 1 0 0 0 1 0 1 3 0.89 0 0 0 0 0 1.0
0 0 0 0 0 0 14 0 0 0 0 A A 1 929.340249 0.01046 14 1874553 929.366702 232 14 10.642 1 0 1 0 0 0 0 0 0 0 1 1 0 0 0 0 0 0.0
0 0 0 1 0 1 13 1 0 1 1 E E 2 1955.49844 0.056 5 1680644 1955.36005 216 13 0.63621 2 1 3 1 0 0 0 1 0 1 3 0.89 0 0 0 0 0 1.0
0 0 0 1 0 1 13 4 0 1 1 E E 2 1951.10939 0.056 5 1680643 1951.00023 216 13 0.588 2 4 3 1 0 0 0 1 0 1 3 0.77 0 0 0 0 0 1.0
0 0 0 1 0 1 13 10 0 1 1 E E 2 1914.83716 0.057 6 1680640 1914.82641 216 13 0.39888 2 10 3 1 0 0 0 1 0 1 3 0.95 0 0 0 0 0 1.0
0 0 0 1 0 1 13 4 0 1 1 E E 1 1951.66966 0.06144 5 1616337 1951.56616 216 13 0.58184 1 4 3 1 0 0 0 1 0 1 3 0.8 0 0 0 0 0 1.0
0 0 0 1 0 1 13 7 0 1 1 E E 2 1938.34975 0.056 5 1680642 1938.30311 216 13 0.48731 2 7 3 1 0 0 0 1 0 1 3 0.89 0 0 0 0 0 1.0
0 0 0 0 0 0 14 6 0 0 0 A A 2 911.198898 0.01463 14 1944138 911.210469 232 14 12.954 2 6 2 0 0 0 0 0 0 0 1 1 0 0 0 0 0 0.0
0 0 0 1 0 1 13 7 0 1 1 E E 1 1938.37509 0.01263 3 1616336 1938.32968 216 13 0.48733 1 7 3 1 0 0 0 1 0 1 3 0.89 0 0 0 0 0 1.0
0 0 0 0 0 0 9 6 0 0 0 A A 2 380.829042 0.00863 36 819867 380.825522 152 9 70.224 2 6 2 0 0 0 0 0 0 0 1 1 0 0 0 0 0 0.0
0 0 0 1 0 -1 8 5 0 1 1 E E 1 1410.93518 0.00953 3 612108 1410.94764 136 8 0.75292 1 5 3 1 0 0 0 1 0 1 3 0.98 0 0 0 0 0 1.0
0 0 0 0 0 0 10 3 0 0 0 A A 2 483.549904 0.01044 49 1006870 483.556549 168 10 31.443 2 3 2 0 0 0 0 0 0 0 1 1 0 0 0 0 0 0.0
0 0 0 1 0 -1 9 2 0 1 1 E E 1 1514.03122 0.05944 4 774693 1514.08128 152 9 0.61845 1 2 3 1 0 0 0 1 0 1 3 0.91 0 0 0 0 0 1.0
0 0 0 0 0 0 10 3 0 0 0 A A 1 483.547119 0.005 49 956407 483.552998 168 10 31.445 1 3 1 0 0 0 0 0 0 0 1 1 0 0 0 0 0 0.0
0 0 0 1 0 -1 9 2 0 1 1 E E 2 1514.23794 0.055 4 819876 1514.28665 152 9 0.61766 2 2 3 1 0 0 0 1 0 1 3 0.91 0 0 0 0 0 1.0
0 0 0 0 0 0 13 0 0 0 0 A A 2 806.07027 0.0149 17 1680630 806.091407 216 13 13.206 2 0 2 0 0 0 0 0 0 0 1 1 0 0 0 0 0 0.0
0 0 0 1 0 1 12 1 0 1 1 E E 1 1837.40231 0.06044 4 1377234 1837.29019 200 12 0.63021 1 1 3 1 0 0 0 1 0 1 3 0.9 0 0 0 0 0 1.0
0 0 0 1 0 1 12 4 0 1 1 E E 2 1833.65078 0.056 5 1437263 1833.57224 200 12 0.5714 2 4 3 1 0 0 0 1 0 1 3 0.83 0 0 0 0 0 1.0
0 0 0 0 0 0 13 9 0 0 0 A A 2 764.415315 0.01214 16 1680627 764.404923 216 13 25 2 9 2 0 0 0 0 0 0 0 1 1 0 0 0 0 0 0.0
0 0 0 1 0 1 12 10 0 1 1 E E 1 1797.0015 0.01414 3 1377230 1796.99419 200 12 0.38905 1 10 3 1 0 0 0 1 0 1 3 0.97 0 0 0 0 0 1.0
0 0 0 1 0 1 12 7 0 1 1 E E 1 1820.55218 0.01163 2 1377232 1820.52345 200 12 0.47442 1 7 3 1 0 0 0 1 0 1 3 0.91 0 0 0 0 0 1.0
0 0 0 0 0 0 13 6 0 0 0 A A 1 787.772025 0.01046 26 1616323 787.778857 216 13 16.675 1 6 1 0 0 0 0 0 0 0 1 1 0 0 0 0 0 0.0
0 0 0 1 0 1 12 7 0 1 1 E E 2 1820.574 0.056 6 1437262 1820.54585 200 12 0.47466 2 7 3 1 0 0 0 1 0 1 3 0.91 0 0 0 0 0 1.0
0 0 0 0 0 0 12 0 0 0 0 A A 1 691.431627 0.006 24 1377221 691.447904 200 12 16.701 1 0 1 0 0 0 0 0 0 0 1 1 0 0 0 0 0 0.0
0 0 0 1 0 1 11 1 0 1 1 E E 2 1728.10991 0.055 5 1212001 1728.02027 184 11 0.62334 2 1 3 1 0 0 0 1 0 1 3 0.91 0 0 0 0 0 1.0
0 0 0 1 0 1 11 4 0 1 1 E E 2 1724.13617 0.055 5 1212000 1724.07591 184 11 0.56315 2 4 3 1 0 0 0 1 0 1 3 0.83 0 0 0 0 0 1.0
0 0 0 1 0 1 11 4 0 1 1 E E 1 1724.48727 0.06044 7 1157262 1724.42983 184 11 0.55971 1 4 3 1 0 0 0 1 0 1 3 0.85 0 0 0 0 0 1.0
0 0 0 0 0 0 8 6 0 0 0 A A 1 300.955022 0.004 53 612101 300.950963 136 8 127.06 1 6 1 0 0 0 0 0 0 0 1 1 0 0 0 0 0 0.0
0 0 0 1 0 -1 7 5 0 1 1 E E 2 1338.59387 0.054 4 504260 1338.60097 120 7 0.75732 2 5 3 1 0 0 0 1 0 1 3 0.99 0 0 0 0 0 1.0
0 0 0 1 0 1 11 10 0 1 1 E E 2 1688.06098 0.056 6 1211997 1688.05373 184 11 0.38024 2 10 3 1 0 0 0 1 0 1 3 0.98 0 0 0 0 0 1.0
0 0 0 1 0 1 11 7 0 1 1 E E 2 1711.64237 0.055 6 1211999 1711.62657 184 11 0.46187 2 7 3 1 0 0 0 1 0 1 3 0.93 0 0 0 0 0 1.0
0 0 0 0 0 0 12 6 0 0 0 A A 2 672.984708 0.01063 15 1437250 672.98791 200 12 22.126 2 6 2 0 0 0 0 0 0 0 1 1 0 0 0 0 0 0.0
0 0 0 1 0 1 11 7 0 1 1 E E 1 1711.66269 0.01163 3 1157261 1711.64812 184 11 0.46253 1 7 3 1 0 0 0 1 0 1 3 0.93 0 0 0 0 0 1.0
0 0 0 0 0 0 9 3 0 0 0 A A 2 394.986611 0.00944 59 819868 394.990992 152 9 44.104 2 3 2 0 0 0 0 0 0 0 1 1 0 0 0 0 0 0.0
0 0 0 1 0 -1 8 2 0 1 1 E E 1 1433.71349 0.05944 3 612109 1433.74757 136 8 0.62824 1 2 3 1 0 0 0 1 0 1 3 0.94 0 0 0 0 0 1.0
0 0 0 0 0 0 11 0 0 0 0 A A 2 585.46135 0.01044 27 1211989 585.473586 184 11 21.593 2 0 2 0 0 0 0 0 0 0 1 1 0 0 0 0 0 0.0
0 0 0 1 0 1 10 1 0 1 1 E E 1 1627.67413 0.05944 5 956419 1627.6038 168 10 0.61579 1 1 3 1 0 0 0 1 0 1 3 0.93 0 0 0 0 0 1.0
0 0 0 1 0 1 10 4 0 1 1 E E 1 1623.9769 0.05944 7 956418 1623.93513 168 10 0.5495 1 4 3 1 0 0 0 1 0 1 3 0.86 0 0 0 0 0 1.0
0 0 0 1 0 1 10 4 0 1 1 E E 2 1624.24259 0.055 7 1006880 1624.20263 168 10 0.5471 2 4 3 1 0 0 0 1 0 1 3 0.87 0 0 0 0 0 1.0
0 0 0 0 0 0 10 0 0 0 0 A A 1 488.194376 0.005 38 956408 488.20341 168 10 28.66 1 0 1 0 0 0 0 0 0 0 1 1 0 0 0 0 0 0.0
0 0 0 1 0 1 9 4 0 1 1 E E 2 1532.7883 0.054 9 819878 1532.76154 152 9 0.53562 2 4 3 1 0 0 0 1 0 1 3 0.89 0 0 0 0 0 1.0
0 0 0 1 0 1 10 7 0 1 1 E E 1 1611.67729 0.01063 3 956417 1611.67059 168 10 0.45017 1 7 3 1 0 0 0 1 0 1 3 0.95 0 0 0 0 0 1.0
0 0 0 0 0 0 11 6 0 0 0 A A 1 566.875352 0.006 31 1157250 566.875518 184 11 30.541 1 6 1 0 0 0 0 0 0 0 1 1 0 0 0 0 0 0.0
0 0 0 1 0 1 10 7 0 1 1 E E 2 1611.71681 0.055 7 1006879 1611.71607 168 10 0.4562 2 7 3 1 0 0 0 1 0 1 3 0.92 0 0 0 0 0 1.0
0 0 0 1 0 1 10 10 0 1 1 E E 1 1588.07004 0.01273 3 956415 1588.0596 168 10 0.37263 1 10 3 1 0 0 0 1 0 1 3 0.99 0 0 0 0 0 1.0
0 0 0 0 0 0 7 6 0 0 0 A A 2 229.885831 0.00753 28 504254 229.880869 120 7 313.76 2 6 2 0 0 0 0 0 0 0 1 1 0 0 0 0 0 0.0
0 0 0 1 0 -1 6 5 0 1 1 E E 1 1275.08524 0.00953 1 344311 1275.08777 104 6 0.75695 1 5 3 1 0 0 0 1 0 1 3 0.99 0 0 0 0 0 1.0
0 0 0 0 0 0 8 3 0 0 0 A A 2 315.195761 0.00944 62 652997 315.19861 136 8 65.003 2 3 2 0 0 0 0 0 0 0 1 1 0 0 0 0 0 0.0
0 0 0 1 0 -1 7 2 0 1 1 E E 1 1361.8337 0.05844 4 468646 1361.85588 120 7 0.63732 1 2 3 1 0 0 0 1 0 1 3 0.95 0 0 0 0 0 1.0
0 0 0 0 0 0 8 3 0 0 0 A A 1 315.195233 0.004 64 612102 315.19765 136 8 65.002 1 3 1 0 0 0 0 0 0 0 1 1 0 0 0 0 0 0.0
0 0 0 1 0 -1 7 2 0 1 1 E E 2 1361.93445 0.054 4 504261 1361.95611 120 7 0.63743 2 2 3 1 0 0 0 1 0 1 3 0.96 0 0 0 0 0 1.0
0 0 0 1 0 1 9 4 0 1 1 E E 1 1532.97991 0.05944 6 774696 1532.95462 152 9 0.53403 1 4 3 1 0 0 0 1 0 1 3 0.9 0 0 0 0 0 1.0
0 0 0 0 0 0 10 6 0 0 0 A A 2 469.478721 0.00963 26 1006869 469.477104 168 10 44.493 2 6 2 0 0 0 0 0 0 0 1 1 0 0 0 0 0 0.0
0 0 0 1 0 1 9 7 0 1 1 E E 1 1520.70166 0.00873 4 774694 1520.70017 152 9 0.43994 1 7 3 1 0 0 0 1 0 1 3 0.97 0 0 0 0 0 1.0
0 0 0 1 0 1 9 7 0 1 1 E E 2 1520.70888 0.054 7 819877 1520.70724 152 9 0.43973 2 7 3 1 0 0 0 1 0 1 3 0.97 0 0 0 0 0 1.0
0 0 0 0 0 0 6 6 0 0 0 A A 1 167.644934 0.0032 34 344305 167.639844 104 6 491690000 1 6 1 0 0 0 0 0 0 0 1 1 0 0 0 0 0 0.0
0 0 0 1 0 -1 5 5 0 1 1 E E 2 1220.47242 0.0532 2 265154 1220.47207 88 5 0.7525 2 5 3 1 0 0 0 1 0 1 3 1 0 0 0 0 0 1.0
0 0 0 0 0 0 9 0 0 0 0 A A 2 399.662776 0.00944 44 819869 399.669805 152 9 39.268 2 0 2 0 0 0 0 0 0 0 1 1 0 0 0 0 0 0.0
0 0 0 1 0 1 8 1 0 1 1 E E 1 1453.58246 0.05933 5 612112 1453.54213 136 8 0.59966 1 1 3 1 0 0 0 1 0 1 3 0.95 0 0 0 0 0 1.0
0 0 0 0 0 0 7 3 0 0 0 A A 1 244.199445 0.004 55 468642 244.200706 120 7 102.48 1 3 1 0 0 0 0 0 0 0 1 1 0 0 0 0 0 0.0
0 0 0 1 0 -1 6 2 0 1 1 E E 2 1298.8743 0.053 4 375649 1298.88659 104 6 0.64404 2 2 3 1 0 0 0 1 0 1 3 0.97 0 0 0 0 0 1.0
0 0 0 0 0 0 7 3 0 0 0 A A 2 244.198835 0.00844 66 504255 244.200269 120 7 102.48 2 3 2 0 0 0 0 0 0 0 1 1 0 0 0 0 0 0.0
0 0 0 1 0 -1 6 2 0 1 1 E E 1 1298.93498 0.05844 4 344312 1298.94754 104 6 0.64424 1 2 3 1 0 0 0 1 0 1 3 0.97 0 0 0 0 0 1.0
0 0 0 1 0 1 8 4 0 1 1 E E 1 1450.63166 0.05844 8 612111 1450.61704 136 8 0.52214 1 4 3 1 0 0 0 1 0 1 3 0.92 0 0 0 0 0 1.0
0 0 0 0 0 0 9 3 0 0 0 A A 1 394.988742 0.005 56 774687 394.992908 152 9 44.105 1 3 1 0 0 0 0 0 0 0 1 1 0 0 0 0 0 0.0
0 0 0 1 0 1 8 4 0 1 1 E E 2 1450.76179 0.054 7 653005 1450.74768 136 8 0.5211 2 4 3 1 0 0 0 1 0 1 3 0.92 0 0 0 0 0 1.0
0 0 0 1 0 1 8 7 0 1 1 E E 1 1438.77907 0.00953 3 612110 1438.77949 136 8 0.43089 1 7 3 1 0 0 0 1 0 1 3 0.98 0 0 0 0 0 1.0
0 0 0 0 0 0 8 0 0 0 0 A A 1 319.897931 0.004 42 612103 319.902567 136 8 55.953 1 0 1 0 0 0 0 0 0 0 1 1 0 0 0 0 0 0.0
0 0 0 1 0 1 7 1 0 1 1 E E 2 1380.03011 0.053 5 504264 1380.00023 120 7 0.59153 2 1 3 1 0 0 0 1 0 1 3 0.96 0 0 0 0 0 1.0
0 0 0 1 0 1 7 4 0 1 1 E E 2 1377.62443 0.063 8 504263 1377.55663 120 7 0.50978 2 4 3 1 0 0 0 1 0 1 3 0.94 0 0 0 0 0 1.0
0 0 0 1 0 1 7 4 0 1 1 E E 1 1377.66819 0.05844 7 468649 1377.63731 120 7 0.50906 1 4 3 1 0 0 0 1 0 1 3 0.95 0 0 0 0 0 1.0
0 0 0 0 0 0 6 3 0 0 0 A A 2 182.022789 0.00853 53 375645 182.023476 104 6 178.29 2 3 2 0 0 0 0 0 0 0 1 1 0 0 0 0 0 0.0
0 0 0 1 0 -1 5 2 0 1 1 E E 1 1244.72941 0.00843 3 239108 1244.73558 88 5 0.6479 1 2 3 1 0 0 0 1 0 1 3 0.98 0 0 0 0 0 1.0
0 0 0 0 0 0 6 3 0 0 0 A A 1 182.022836 0.003 67 344306 182.023301 104 6 178.29 1 3 1 0 0 0 0 0 0 0 1 1 0 0 0 0 0 0.0
0 0 0 1 0 -1 5 2 0 1 1 E E 2 1244.76203 0.0522 6 265155 1244.76814 88 5 0.64807 2 2 3 1 0 0 0 1 0 1 3 0.98 0 0 0 0 0 1.0
0 0 0 0 0 0 7 0 0 0 0 A A 2 248.925031 0.00933 47 504256 248.928781 120 7 83.794 2 0 2 0 0 0 0 0 0 0 1 1 0 0 0 0 0 0.0
0 0 0 1 0 1 6 4 0 1 1 E E 1 1313.62439 0.00863 9 344313 1313.62295 104 6 0.49921 1 4 3 1 0 0 0 1 0 1 3 0.96 0 0 0 0 0 1.0
0 0 0 1 0 1 7 7 0 1 1 E E 2 1365.92058 0.0532 6 504262 1365.92022 120 7 0.4238 2 7 3 1 0 0 0 1 0 1 3 0.99 0 0 0 0 0 1.0
0 0 0 1 0 1 6 1 0 1 1 E E 1 1315.53862 0.05833 6 344314 1315.51762 104 6 0.5837 1 1 3 1 0 0 0 1 0 1 3 0.97 0 0 0 0 0 1.0
0 0 0 1 0 1 6 4 0 1 1 E E 2 1313.66823 0.053 8 375651 1313.66666 104 6 0.49866 2 4 3 1 0 0 0 1 0 1 3 0.97 0 0 0 0 0 1.0
0 0 0 0 0 0 5 3 0 0 0 A A 1 128.688327 0.003 63 239105 128.688351 88 5 365.22 1 3 1 0 0 0 0 0 0 0 1 1 0 0 0 0 0 0.0
0 0 0 1 0 -1 4 2 0 1 1 E E 2 1199.45885 0.0522 4 174802 1199.46102 72 4 0.6488 2 2 3 1 0 0 0 1 0 1 3 0.99 0 0 0 0 0 1.0
0 0 0 0 0 0 5 3 0 0 0 A A 2 128.688212 0.00833 53 265150 128.688293 88 5 365.22 2 3 2 0 0 0 0 0 0 0 1 1 0 0 0 0 0 0.0
0 0 0 1 0 -1 4 2 0 1 1 E E 1 1199.47347 0.01033 2 153033 1199.47559 72 4 0.64889 1 2 3 1 0 0 0 1 0 1 3 0.99 0 0 0 0 0 1.0
0 0 0 0 0 0 6 0 0 0 0 A A 1 186.770248 0.003 45 344307 186.772734 104 6 133.94 1 0 1 0 0 0 0 0 0 0 1 1 0 0 0 0 0 0.0
0 0 0 1 0 1 5 1 0 1 1 E E 2 1260.1558 0.052 4 265157 1260.14174 88 5 0.57637 2 1 3 1 0 0 0 1 0 1 3 0.98 0 0 0 0 0 1.0
0 0 0 1 0 1 5 4 0 1 1 E E 2 1258.8406 0.052 9 265156 1258.84152 88 5 0.49087 2 4 3 1 0 0 0 1 0 1 3 0.98 0 0 0 0 0 1.0
0 0 0 1 0 1 5 4 0 1 1 E E 1 1258.85978 0.00843 4 239110 1258.86094 88 5 0.49041 1 4 3 1 0 0 0 1 0 1 3 0.98 0 0 0 0 0 1.0
0 0 0 0 0 0 4 3 0 0 0 A A 2 84.214146 0.00833 38 174800 84.213838 72 4 1063.9 2 3 2 0 0 0 0 0 0 0 1 1 0 0 0 0 0 0.0
0 0 0 1 0 -1 3 2 0 1 1 E E 1 1163.13048 0.00843 3 86079 1163.13015 56 3 0.64738 1 2 3 1 0 0 0 1 0 1 3 1 0 0 0 0 0 1.0
0 0 0 0 0 0 4 3 0 0 0 A A 1 84.214295 0.0022 53 153029 84.213824 72 4 1063.9 1 3 1 0 0 0 0 0 0 0 1 1 0 0 0 0 0 0.0
0 0 0 1 0 -1 3 2 0 1 1 E E 2 1163.13548 0.0522 4 102570 1163.13513 56 3 0.6474 2 2 3 1 0 0 0 1 0 1 3 1 0 0 0 0 0 1.0
0 0 0 0 0 0 5 0 0 0 0 A A 2 133.453827 0.00833 42 265151 133.455844 88 5 234.13 2 0 2 0 0 0 0 0 0 0 1 1 0 0 0 0 0 0.0
0 0 0 1 0 1 4 1 0 1 1 E E 1 1213.92558 0.05733 5 153035 1213.91691 72 4 0.5698 1 1 3 1 0 0 0 1 0 1 3 0.98 0 0 0 0 0 1.0
0 0 0 1 0 1 4 4 0 1 1 E E 1 1213.21884 0.00843 4 153034 1213.21959 72 4 0.48485 1 4 3 1 0 0 0 1 0 1 3 0.99 0 0 0 0 0 1.0
0 0 0 1 0 1 4 4 0 1 1 E E 2 1213.2243 0.0522 6 174804 1213.22565 72 4 0.48446 2 4 3 1 0 0 0 1 0 1 3 0.99 0 0 0 0 0 1.0
0 0 0 0 0 0 4 0 0 0 0 A A 1 88.995174 0.002 45 153030 88.996593 72 4 466.22 1 0 1 0 0 0 0 0 0 0 1 1 0 0 0 0 0 0.0
0 0 0 1 0 1 3 1 0 1 1 E E 2 1176.8879 0.051 4 102571 1176.88268 56 3 0.56457 2 1 3 1 0 0 0 1 0 1 3 0.99 0 0 0 0 0 1.0
0 0 0 0 0 0 3 0 0 0 0 A A 2 53.409432 0.00773 39 102567 53.410475 56 3 1143.3 2 0 2 0 0 0 0 0 0 0 1 1 0 0 0 0 0 0.0
0 0 0 1 0 1 2 1 0 1 1 E E 1 1149.07839 0.05773 4 38264 1149.07592 40 2 0.55997 1 1 3 1 0 0 0 1 0 1 3 1 0 0 0 0 0 1.0
0 0 0 0 0 0 9 9 0 0 0 A A 1 356.783144 0.005 23 774685 356.768055 152 9 60990000 1 9 1 0 0 0 0 0 0 0 1 1 0 0 0 0 0 0.0
0 0 0 0 0 0 10 9 0 0 0 A A 2 445.586389 0.01273 14 1006868 445.571198 168 10 148.65 2 9 2 0 0 0 0 0 0 0 1 1 0 0 0 0 0 0.0
0 0 0 0 0 0 11 9 0 0 0 A A 1 543.14892 0.006 32 1157249 543.134416 184 11 64.374 1 9 1 0 0 0 0 0 0 0 1 1 0 0 0 0 0 0.0
0 0 0 0 0 0 2 0 0 0 0 A A 1 26.709335 0.001 40 38261 26.709939 40 2 4127.1 1 0 1 0 0 0 0 0 0 0 1 1 0 0 0 0 0 0.0
0 0 0 1 0 1 1 1 0 1 1 E E 2 1130.52271 0.05 4 16492 1130.52109 24 1 0.55676 2 1 3 1 0 0 0 1 0 1 3 1 0 0 0 0 0 1.0
0 0 0 0 0 0 12 9 0 0 0 A A 2 649.437262 0.01214 16 1437249 649.424323 200 12 37.627 2 9 2 0 0 0 0 0 0 0 1 1 0 0 0 0 0 0.0
0 0 0 1 0 -1 12 8 0 1 1 E E 1 1754.64726 0.01414 2 1377228 1754.68185 200 12 0.84627 1 8 3 1 0 0 0 1 0 1 3 0.96 0 0 0 0 0 1.0
0 0 0 0 0 0 13 9 0 0 0 A A 1 764.415326 0.008 24 1616322 764.404923 216 13 25 1 9 1 0 0 0 0 0 0 0 1 1 0 0 0 0 0 0.0
0 0 0 0 0 0 7 6 0 0 0 A A 1 229.885525 0.004 35 468641 229.880869 120 7 313.76 1 6 1 0 0 0 0 0 0 0 1 1 0 0 0 0 0 0.0
0 0 0 0 0 0 8 6 0 0 0 A A 2 300.95539 0.00863 29 652996 300.950963 136 8 127.06 2 6 2 0 0 0 0 0 0 0 1 1 0 0 0 0 0 0.0
0 0 0 0 0 0 9 6 0 0 0 A A 1 380.82883 0.005 40 774686 380.825522 152 9 70.224 1 6 1 0 0 0 0 0 0 0 1 1 0 0 0 0 0 0.0
0 0 0 0 0 0 3 3 0 0 0 A A 2 48.615841 0.00733 26 102566 48.615457 56 3 12129000000 2 3 2 0 0 0 0 0 0 0 1 1 0 0 0 0 0 0.0
0 0 0 1 0 -1 8 2 0 1 1 E E 2 1433.56417 0.054 3 653002 1433.59841 136 8 0.62848 2 2 3 1 0 0 0 1 0 1 3 0.93 0 0 0 0 0 1.0
0 0 0 0 0 0 17 6 0 0 0 A A 2 1332.90191 0.02363 10 2847433 1332.9355 280 17 6.9169 2 6 2 0 0 0 0 0 0 0 1 0.99 0 0 0 0 0 0.0
0 0 0 1 0 -1 17 5 0 1 1 E E 1 2451.77982 0.026671 1 2764017 2451.99513 280 17 0.60282 1 5 3 1 0 0 0 1 0 1 3 0.85 0 0 0 0 0 1.0
0 0 0 1 0 1 3 1 0 1 1 E E 1 1174.82391 0.05773 2 86080 1174.83314 56 3 0.55553 1 1 3 1 0 0 0 1 0 1 3 1 0 0 0 0 0 1.0
0 0 0 1 0 1 4 1 0 1 1 E E 2 1210.52707 0.052 2 174803 1210.5429 72 4 0.55555 2 1 3 1 0 0 0 1 0 1 3 1 0 0 0 0 0 1.0
0 0 0 1 0 1 5 1 0 1 1 E E 1 1255.13131 0.05833 2 239109 1255.15569 88 5 0.55531 1 1 3 1 0 0 0 1 0 1 3 1 0 0 0 0 0 1.0
0 0 0 1 0 -1 14 2 0 1 1 E E 1 2047.10322 0.192716 2 1874565 2047.27975 232 14 0.56431 1 2 3 1 0 0 0 1 0 1 3 0.82 0 0 0 0 0 1.0
0 0 0 1 0 1 9 1 0 1 1 E E 1 1522.18245 0.05944 4 774695 1522.26136 152 9 0.55035 1 1 3 1 0 0 0 1 0 1 3 0.98 0 0 0 0 0 1.0
0 0 0 1 0 -1 15 2 0 1 1 E E 2 2179.58837 0.239021 2 2225792 2179.79333 248 15 0.55122 2 2 3 1 0 0 0 1 0 1 3 0.79 0 0 0 0 0 1.0
0 0 0 1 0 1 11 1 0 1 1 E E 1 1708.49372 0.06044 3 1157260 1708.615 184 11 0.54462 1 1 3 1 0 0 0 1 0 1 3 0.97 0 0 0 0 0 1.0
0 0 0 1 0 1 12 1 0 1 1 E E 2 1814.75597 0.056 3 1437261 1814.90378 200 12 0.54181 2 1 3 1 0 0 0 1 0 1 3 0.97 0 0 0 0 0 1.0
0 0 0 0 0 0 0 0 0 0 0 A A 1 0 0 15 1 0 8 0 inf 1 0 1 0 0 0 0 0 0 0 1 1 0 0 0 0 0 0.0
0 1 0 0 0 0 5 0 0 0 0 A A 2 1120.46195 0.0055 10 265153 1120.4136 88 5 0.45256 2 0 2 0 0 1 0 0 0 0 1 0.98 0 0 0 0 0 1.0
0 2 0 0 0 0 4 0 0 0 0 A A 1 2055.43219 0.0065 2 153037 2055.42603 72 4 0.25005 1 0 1 0 0 2 0 0 0 0 1 0.98 0 0 0 0 1 1.0
0 1 0 0 0 0 10 9 0 0 0 A A 2 1434.63522 0.0085 8 1006871 1434.87626 168 10 0.45284 2 9 2 0 0 1 0 0 0 0 1 0.98 0 0 0 0 0 1.0
0 2 0 0 0 0 11 9 0 0 0 A A 1 2504.08178 0.0105 3 1157263 2504.11198 184 11 0.23977 1 9 1 0 0 2 0 0 0 0 1 0.94 0 0 0 0 1 1.0
0 1 0 0 0 0 9 0 0 0 0 A A 2 1377.53027 0.0075 7 819873 1377.38515 152 9 0.42096 2 0 2 0 0 1 0 0 0 0 1 0.95 0 0 0 0 0 1.0
0 2 0 0 0 0 10 0 0 0 0 A A 1 2429.78201 0.0095 2 956423 2429.6524 168 10 0.22359 1 0 1 0 0 2 0 0 0 0 1 0.89 0 0 0 0 1 1.0
0 1 0 0 0 0 8 6 0 0 0 A A 2 1287.82378 0.0065 8 652998 1287.88835 136 8 0.44859 2 6 2 0 0 1 0 0 0 0 1 0.98 0 0 0 0 0 1.0
0 2 0 0 0 0 9 6 0 0 0 A A 1 2338.97583 0.0085 3 774698 2338.95389 152 9 0.23866 1 6 1 0 0 2 0 0 0 0 1 0.94 0 0 0 0 1 1.0
0 1 0 0 0 0 8 3 0 0 0 A A 2 1297.22051 0.0065 10 652999 1297.14836 136 8 0.43394 2 3 2 0 0 1 0 0 0 0 1 0.96 0 0 0 0 0 1.0
0 2 0 0 0 0 9 3 0 0 0 A A 1 2344.54122 0.0085 1 774699 2344.46592 152 9 0.23087 1 3 1 0 0 2 0 0 0 0 1 0.92 0 0 0 0 1 1.0
0 1 0 0 0 0 7 3 0 0 0 A A 2 1228.6888 0.0065 10 504258 1228.64134 120 7 0.44255 2 3 2 0 0 1 0 0 0 0 1 0.97 0 0 0 0 0 1.0
0 2 0 0 0 0 6 3 0 0 0 A A 1 2145.02239 0.0085 2 344316 2145.00459 104 6 0.24545 1 3 1 0 0 2 0 0 0 0 1 0.96 0 0 0 0 1 1.0
0 1 0 0 0 0 8 0 0 0 0 A A 1 1300.37466 0.00823 9 612106 1300.25876 136 8 0.42958 1 0 1 0 0 1 0 0 0 0 1 0.96 0 0 0 0 0 1.0
0 2 0 0 0 0 9 0 0 0 0 A A 2 2346.42984 0.00623 2 819883 2346.33516 152 9 0.22852 2 0 2 0 0 2 0 0 0 0 1 0.91 0 0 0 0 1 1.0
0 1 0 0 0 0 7 0 0 0 0 A A 2 1231.81253 0.0065 11 504259 1231.722 120 7 0.43781 2 0 2 0 0 1 0 0 0 0 1 0.97 0 0 0 0 0 1.0
0 2 0 0 0 0 8 0 0 0 0 A A 1 2271.48138 0.0085 2 612115 2271.41475 136 8 0.23336 1 0 1 0 0 2 0 0 0 0 1 0.93 0 0 0 0 1 1.0
0 1 0 0 0 0 6 6 0 0 0 A A 2 1159.60524 0.0055 7 375646 1159.72383 104 6 0.46826 2 6 2 0 0 1 0 0 0 0 1 1 0 0 0 0 0 1.0
0 2 0 0 0 0 7 6 0 0 0 A A 1 2198.01541 0.0075 3 468650 2198.02113 120 7 0.25025 1 6 1 0 0 2 0 0 0 0 1 0.98 0 0 0 0 1 1.0
0 1 0 0 0 0 6 0 0 0 0 A A 1 1171.84253 0.00723 10 344310 1171.77482 104 6 0.44552 1 0 1 0 0 1 0 0 0 0 1 0.97 0 0 0 0 0 1.0
0 2 0 0 0 0 7 0 0 0 0 A A 2 2204.92375 0.00523 2 504267 2204.8793 120 7 0.23802 2 0 2 0 0 2 0 0 0 0 1 0.94 0 0 0 0 1 1.0
0 1 0 0 0 0 4 3 0 0 0 A A 2 1074.63926 0.0055 8 174801 1074.65303 72 4 0.46466 2 3 2 0 0 1 0 0 0 0 1 0.99 0 0 0 0 0 1.0
0 2 0 0 0 0 5 3 0 0 0 A A 1 2095.25189 0.0075 3 239111 2095.24672 88 5 0.24972 1 3 1 0 0 2 0 0 0 0 1 0.98 0 0 0 0 1 1.0
0 1 0 0 0 0 3 3 0 0 0 A A 1 1040.44125 0.00723 3 86078 1040.47039 56 3 0.47017 1 3 1 0 0 1 0 0 0 0 1 1 0 0 0 0 0 1.0
0 2 0 0 0 0 4 3 0 0 0 A A 2 2053.81351 0.00523 3 174805 2053.81514 72 4 0.25351 2 3 2 0 0 2 0 0 0 0 1 0.99 0 0 0 0 1 1.0
0 1 0 0 0 0 3 0 0 0 0 A A 2 1043.44008 0.0045 11 102569 1043.42157 56 3 0.464 2 0 2 0 0 1 0 0 0 0 1 0.99 0 0 0 0 0 1.0
0 1 0 0 0 0 2 0 0 0 0 A A 1 1017.78243 0.00523 7 38262 1017.77379 40 2 0.46805 1 0 1 0 0 1 0 0 0 0 1 1 0 0 0 0 0 1.0
0 2 0 0 0 0 3 0 0 0 0 A A 2 2022.26953 0.00323 3 102573 2022.26905 56 3 0.25307 2 0 2 0 0 2 0 0 0 0 1 0.99 0 0 0 0 1 1.0
0 2 0 0 0 0 6 0 0 0 0 A A 1 2146.74151 0.0085 2 344317 2146.71398 104 6 0.24242 1 0 1 0 0 2 0 0 0 0 1 0.96 0 0 0 0 1 1.0
0 1 0 0 0 0 1 0 0 0 0 A A 2 1000.68271 0.0035 7 16491 1000.6805 24 1 0.47083 2 0 2 0 0 1 0 0 0 0 1 1 0 0 0 0 0 1.0
0 2 0 0 0 0 2 0 0 0 0 A A 1 1997.41276 0.0055 3 38265 1997.41598 40 2 0.25542 1 0 1 0 0 2 0 0 0 0 1 0.99 0 0 0 0 1 1.0
0 2 0 0 0 0 6 6 0 0 0 A A 1 2140.08396 0.0075 2 344315 2140.09506 104 6 0.25574 1 6 1 0 0 2 0 0 0 0 1 0.99 0 0 0 0 1 1.0
0 1 0 0 0 0 3 3 0 0 0 A A 2 1040.44304 0.0047 6 102568 1040.47037 56 3 0.47017 2 3 2 0 0 1 0 0 0 0 1 1 0 0 0 0 0 1.0
0 2 0 0 0 0 3 3 0 0 0 A A 1 2020.69052 0.0067 2 86081 2020.69521 56 3 0.25671 1 3 1 0 0 2 0 0 0 0 1 1 0 0 0 0 1 1.0
0 1 0 0 0 0 4 3 0 0 0 A A 1 1074.63883 0.0055 5 153031 1074.65291 72 4 0.46466 1 3 1 0 0 1 0 0 0 0 1 0.99 0 0 0 0 0 1.0
0 1 0 0 0 0 7 6 0 0 0 A A 1 1219.41744 0.00743 5 468643 1219.51019 120 7 0.45865 1 6 1 0 0 1 0 0 0 0 1 0.99 0 0 0 0 0 1.0
0 2 0 0 0 0 7 6 0 0 0 A A 2 2198.01561 0.00543 3 504265 2198.02113 120 7 0.25025 2 6 2 0 0 2 0 0 0 0 1 0.98 0 0 0 0 1 1.0
0 1 0 0 0 0 8 6 0 0 0 A A 1 1287.82374 0.00823 11 612104 1287.88835 136 8 0.44859 1 6 1 0 0 1 0 0 0 0 1 0.98 0 0 0 0 0 1.0
0 2 0 0 0 0 8 6 0 0 0 A A 2 2264.30501 0.00623 2 653006 2264.29983 136 8 0.24452 2 6 2 0 0 2 0 0 0 0 1 0.96 0 0 0 0 1 1.0
0 1 0 0 0 0 11 9 0 0 0 A A 1 1528.60128 0.01023 5 1157252 1528.80133 184 11 0.43958 1 9 1 0 0 1 0 0 0 0 1 0.97 0 0 0 0 0 1.0
0 2 0 0 0 0 11 9 0 0 0 A A 2 2504.08169 0.00823 3 1212002 2504.11198 184 11 0.23977 2 9 2 0 0 2 0 0 0 0 1 0.94 0 0 0 0 1 1.0
0 1 0 0 0 0 9 6 0 0 0 A A 2 1364.82963 0.0075 13 819871 1364.86391 152 9 0.43829 2 6 2 0 0 1 0 0 0 0 1 0.97 0 0 0 0 0 1.0
0 1 0 0 0 0 4 0 0 0 0 A A 1 1077.66381 0.00523 6 153032 1077.63191 72 4 0.45878 1 0 1 0 0 1 0 0 0 0 1 0.99 0 0 0 0 0 1.0
0 1 0 0 0 0 5 3 0 0 0 A A 2 1117.40603 0.0055 10 265152 1117.40279 88 5 0.45808 2 3 2 0 0 1 0 0 0 0 1 0.99 0 0 0 0 0 1.0
0 2 0 0 0 0 4 3 0 0 0 A A 1 2053.81412 0.0075 2 153036 2053.81477 72 4 0.25352 1 3 1 0 0 2 0 0 0 0 1 0.99 0 0 0 0 1 1.0
0 1 0 0 0 0 6 6 0 0 0 A A 1 1159.60573 0.00944 6 344308 1159.72383 104 6 0.46826 1 6 1 0 0 1 0 0 0 0 1 1 0 0 0 0 0 1.0
0 0 0 1 0 1 10 1 0 1 1 E E 2 1610.92885 0.055 6 1006878 1611.02216 168 10 0.53967 2 1 3 1 0 0 0 1 0 1 3 0.95 0 0 0 0 0 1.0
0 1 0 0 0 0 7 6 0 0 0 A A 2 1219.41733 0.0065 11 504257 1219.51019 120 7 0.45865 2 6 2 0 0 1 0 0 0 0 1 0.99 0 0 0 0 0 1.0
0 0 0 1 0 1 12 4 0 1 1 E E 1 1833.20183 0.06044 5 1377233 1833.11927 200 12 0.5761 1 4 3 1 0 0 0 1 0 1 3 0.8 0 0 0 0 0 1.0
0 0 0 0 0 0 14 12 0 0 0 A A 2 854.722687 0.01714 6 1944136 854.689522 232 14 39.102 2 12 2 0 0 0 0 0 0 0 1 1 0 0 0 0 0 0.0
0 0 0 1 0 1 14 13 0 1 1 E E 1 2006.09509 0.01914 2 1874562 2006.06976 232 14 0.33721 1 13 3 1 0 0 0 1 0 1 3 0.97 0 0 0 0 0 1.0
0 0 0 1 0 1 14 7 0 1 1 E E 1 2064.97247 0.01414 2 1874566 2064.90325 232 14 0.50007 1 7 3 1 0 0 0 1 0 1 3 0.87 0 0 0 0 0 1.0
0 1 0 0 0 0 9 9 0 0 0 A A 2 1349.28704 0.0075 9 819870 1349.56735 152 9 0.46655 2 9 2 0 0 1 0 0 0 0 1 0.99 0 0 0 0 0 1.0
0 0 0 0 0 0 15 12 0 0 0 A A 1 987.273765 0.018 14 2151902 987.241697 248 15 23.608 1 12 1 0 0 0 0 0 0 0 1 1 0 0 0 0 0 0.0
0 0 0 1 0 1 15 13 0 1 1 E E 2 2141.89748 0.0255 5 2225789 2141.8757 248 15 0.34579 2 13 3 1 0 0 0 1 0 1 3 0.96 0 0 0 0 0 1.0
0 0 0 0 0 0 18 18 0 0 0 A A 1 1339.11077 0.033 6 3098737 1338.99858 296 18 2274800 1 18 1 0 0 0 0 0 0 0 1 1 0 0 0 0 0 0.0
0 1 0 0 0 0 19 18 0 0 0 A A 2 2496.18623 0.035 5 3545613 2497.3642 312 19 0.439 2 18 2 0 0 1 0 0 0 0 1 0.94 0 0 0 0 0 1.0
0 0 0 1 0 1 15 10 0 1 1 E E 1 2176.87388 0.01713 2 2151916 2176.85283 248 15 0.42371 1 10 3 1 0 0 0 1 0 1 3 0.9 0 0 0 0 0 1.0
0 0 0 0 0 0 15 9 0 0 0 A A 1 1020.28541 0.018 18 2151903 1020.28177 248 15 13.428 1 9 1 0 0 0 0 0 0 0 1 1 0 0 0 0 0 0.0
0 0 0 1 0 1 15 10 0 1 1 E E 2 2176.88927 0.0255 6 2225791 2176.86489 248 15 0.42264 2 10 3 1 0 0 0 1 0 1 3 0.9 0 0 0 0 0 1.0
0 1 0 0 0 0 14 6 0 0 0 A A 2 1878.68196 0.0155 10 1944142 1878.51799 232 14 0.38615 2 6 2 0 0 1 0 0 0 0 1 0.91 0 0 0 0 0 1.0
0 0 0 1 0 1 15 7 0 1 1 E E 2 2200.356 0.063 5 2225793 2200.25934 248 15 0.51227 2 7 3 1 0 0 0 1 0 1 3 0.84 0 0 0 0 0 1.0
0 0 0 1 0 1 15 7 0 1 1 E E 1 2200.396 0.01663 2 2151919 2200.30092 248 15 0.51185 1 7 3 1 0 0 0 1 0 1 3 0.84 0 0 0 0 0 1.0
0 1 0 0 0 0 8 3 0 0 0 A A 1 1297.21456 0.00854 6 612105 1297.14249 136 8 0.43394 1 3 1 0 0 1 0 0 0 0 1 0.96 0 0 0 0 0 1.0
0 0 0 0 0 0 17 12 0 0 0 A A 1 1278.07475 0.028 14 2764002 1278.04897 280 17 11.846 1 12 1 0 0 0 0 0 0 0 1 1 0 0 0 0 0 0.0
0 0 0 1 0 1 17 13 0 1 1 E E 2 2439.61977 0.03 3 2847447 2439.59029 280 17 0.36439 2 13 3 1 0 0 0 1 0 1 3 0.93 0 0 0 0 0 1.0
0 0 0 0 0 0 3 3 0 0 0 A A 1 48.616039 0.003 30 86077 48.615459 56 3 6.7736e+23 1 3 1 0 0 0 0 0 0 0 1 1 0 0 0 0 0 0.0
0 0 0 0 0 0 18 15 0 0 0 A A 1 1393.59138 0.033 8 3098738 1393.52531 296 18 16.322 1 15 1 0 0 0 0 0 0 0 1 1 0 0 0 0 0 0.0
0 1 0 0 0 0 19 15 0 0 0 A A 2 2533.5756 0.03814 8 3545614 2534.12457 312 19 0.391 2 15 2 0 0 1 0 0 0 0 1 0.9 0 0 0 0 0 1.0
0 0 0 0 0 0 17 15 0 0 0 A A 2 1234.95896 0.02114 6 2847430 1234.89247 280 17 26.46 2 15 2 0 0 0 0 0 0 0 1 1 0 0 0 0 0 0.0
0 1 0 0 0 0 18 15 0 0 0 A A 1 2371.74417 0.02314 7 3098745 2372.36678 296 18 0.40701 1 15 1 0 0 1 0 0 0 0 1 0.92 0 0 0 0 0 1.0
0 0 0 0 0 0 16 15 0 0 0 A A 1 1084.83191 0.023 9 2448389 1084.76578 264 16 57.492 1 15 1 0 0 0 0 0 0 0 1 1 0 0 0 0 0 0.0
0 1 0 0 0 0 17 15 0 0 0 A A 2 2218.48992 0.0305 9 2847436 2219.18697 280 17 0.42419 2 15 2 0 0 1 0 0 0 0 1 0.94 0 0 0 0 0 1.0
0 0 0 0 0 0 15 15 0 0 0 A A 2 943.259022 0.02114 5 2225774 943.195078 248 15 5158100 2 15 2 0 0 0 0 0 0 0 1 1 0 0 0 0 0 0.0
0 1 0 0 0 0 16 15 0 0 0 A A 1 2073.87695 0.02314 4 2448395 2074.65545 264 16 0.44262 1 15 1 0 0 1 0 0 0 0 1 0.96 0 0 0 0 0 1.0
0 0 0 0 0 0 18 12 0 0 0 A A 1 1436.22953 0.033 10 3098739 1436.2092 296 18 9.1047 1 12 1 0 0 0 0 0 0 0 1 0.99 0 0 0 0 0 0.0
0 1 0 0 0 0 19 12 0 0 0 A A 2 2564.61997 0.03314 9 3545615 2564.72426 312 19 0.36342 2 12 2 0 0 1 0 0 0 0 1 0.88 0 0 0 0 0 1.0
0 1 0 0 0 0 18 12 0 0 0 A A 1 2402.51691 0.02314 5 3098746 2402.6876 296 18 0.37565 1 12 1 0 0 1 0 0 0 0 1 0.89 0 0 0 0 0 1.0
0 1 0 0 0 0 10 9 0 0 0 A A 1 1434.63524 0.01074 6 956409 1434.87626 168 10 0.45284 1 9 1 0 0 1 0 0 0 0 1 0.98 0 0 0 0 0 1.0
0 1 0 0 0 0 17 12 0 0 0 A A 2 2248.86609 0.0305 10 2847437 2249.09896 280 17 0.38873 2 12 2 0 0 1 0 0 0 0 1 0.91 0 0 0 0 0 1.0
0 1 0 0 0 0 9 3 0 0 0 A A 1 1374.34564 0.00954 8 774690 1374.24486 152 9 0.42494 1 3 1 0 0 1 0 0 0 0 1 0.96 0 0 0 0 0 1.0
0 1 0 0 0 0 9 3 0 0 0 A A 2 1374.33565 0.0075 11 819872 1374.23402 152 9 0.42497 2 3 2 0 0 1 0 0 0 0 1 0.95 0 0 0 0 0 1.0
0 0 0 0 0 0 15 12 0 0 0 A A 2 987.273477 0.01664 10 2225775 987.241697 248 15 23.608 2 12 2 0 0 0 0 0 0 0 1 1 0 0 0 0 0 0.0
0 1 0 0 0 0 16 12 0 0 0 A A 1 2103.72068 0.01864 6 2448396 2104.01462 264 16 0.40178 1 12 1 0 0 1 0 0 0 0 1 0.92 0 0 0 0 0 1.0
0 0 0 0 0 0 17 9 0 0 0 A A 2 1310.41971 0.02114 9 2847432 1310.42878 280 17 8.349 2 9 2 0 0 0 0 0 0 0 1 0.99 0 0 0 0 0 0.0
0 1 0 0 0 0 18 9 0 0 0 A A 1 2426.35126 0.02314 6 3098748 2426.19171 296 18 0.35735 1 9 1 0 0 1 0 0 0 0 1 0.88 0 0 0 0 0 1.0
0 1 0 0 0 0 15 12 0 0 0 A A 2 1967.11857 0.0205 10 2225781 1967.47059 248 15 0.41603 2 12 2 0 0 1 0 0 0 0 1 0.94 0 0 0 0 0 1.0
0 0 0 0 0 0 16 9 0 0 0 A A 2 1161.09171 0.01913 9 2527546 1161.09392 264 16 10.446 2 9 2 0 0 0 0 0 0 0 1 1 0 0 0 0 0 0.0
0 1 0 0 0 0 17 9 0 0 0 A A 1 2272.58432 0.02113 7 2764009 2272.4867 280 17 0.36804 1 9 1 0 0 1 0 0 0 0 1 0.89 0 0 0 0 0 1.0
0 0 0 1 0 1 9 1 0 1 1 E E 2 1536.14814 0.054 4 819879 1536.0937 152 9 0.60782 2 1 3 1 0 0 0 1 0 1 3 0.94 0 0 0 0 0 1.0
0 0 0 0 0 0 13 12 0 0 0 A A 2 730.798277 0.01714 10 1680626 730.764607 216 13 87.015 2 12 2 0 0 0 0 0 0 0 1 1 0 0 0 0 0 0.0
0 1 0 0 0 0 14 12 0 0 0 A A 1 1839.10452 0.01864 6 1874554 1839.51434 232 14 0.43118 1 12 1 0 0 1 0 0 0 0 1 0.95 0 0 0 0 0 1.0
0 1 0 0 0 0 16 9 0 0 0 A A 2 2127.265 0.0255 7 2527551 2127.22446 264 16 0.37907 2 9 2 0 0 1 0 0 0 0 1 0.9 0 0 0 0 0 1.0
0 1 0 0 0 0 10 6 0 0 0 A A 1 1450.43627 0.01063 7 956410 1450.4371 168 10 0.42784 1 6 1 0 0 1 0 0 0 0 1 0.96 0 0 0 0 0 1.0
0 1 0 0 0 0 13 12 0 0 0 A A 2 1719.71153 0.0105 10 1680631 1720.17868 216 13 0.44741 2 12 2 0 0 1 0 0 0 0 1 0.97 0 0 0 0 0 1.0
0 1 0 0 0 0 15 9 0 0 0 A A 2 1990.43112 0.0205 11 2225782 1990.44466 248 15 0.39043 2 9 2 0 0 1 0 0 0 0 1 0.92 0 0 0 0 0 1.0
0 1 0 0 0 0 17 3 0 0 0 A A 2 2299.28354 0.0305 5 2847441 2298.81927 280 17 0.35021 2 3 2 0 0 1 0 0 0 0 1 0.85 0 0 0 0 0 1.0
0 0 0 0 0 0 16 0 0 0 0 A A 1 1201.60965 0.028 5 2448394 1201.65159 264 16 7.2417 1 0 1 0 0 0 0 0 0 0 1 0.99 0 0 0 0 0 0.0
0 1 0 0 0 0 17 0 0 0 0 A A 2 2302.72984 0.0355 3 2847442 2302.22427 280 17 0.34797 2 0 2 0 0 1 0 0 0 0 1 0.86 0 0 0 0 0 1.0
0 1 0 0 0 0 16 6 0 0 0 A A 2 2144.0227 0.0255 9 2527552 2143.75481 264 16 0.36602 2 6 2 0 0 1 0 0 0 0 1 0.89 0 0 0 0 0 1.0
0 1 0 0 0 0 14 9 0 0 0 A A 1 1862.11866 0.01414 7 1874555 1862.18329 232 14 0.40216 1 9 1 0 0 1 0 0 0 0 1 0.93 0 0 0 0 0 1.0
0 1 0 0 0 0 16 3 0 0 0 A A 2 2154.10865 0.0255 5 2527553 2153.70922 264 16 0.35895 2 3 2 0 0 1 0 0 0 0 1 0.89 0 0 0 0 0 1.0
0 1 0 0 0 0 16 3 0 0 0 A A 1 2153.92405 0.02163 4 2448399 2153.52041 264 16 0.35937 1 3 1 0 0 1 0 0 0 0 1 0.87 0 0 0 0 0 1.0
0 1 0 0 0 0 15 6 0 0 0 A A 1 2007.10613 0.01663 7 2151909 2006.89236 248 15 0.37601 1 6 1 0 0 1 0 0 0 0 1 0.9 0 0 0 0 0 1.0
0 1 0 0 0 0 13 9 0 0 0 A A 2 1742.35964 0.0105 13 1680632 1742.47209 216 13 0.41424 2 9 2 0 0 1 0 0 0 0 1 0.94 0 0 0 0 0 1.0
0 1 0 0 0 0 10 3 0 0 0 A A 2 1460.06432 0.0075 11 1006873 1459.93101 168 10 0.41571 2 3 2 0 0 1 0 0 0 0 1 0.95 0 0 0 0 0 1.0
0 1 0 0 0 0 15 3 0 0 0 A A 1 2017.13892 0.01914 9 2151910 2016.7939 248 15 0.36833 1 3 1 0 0 1 0 0 0 0 1 0.9 0 0 0 0 0 1.0
0 1 0 0 0 0 15 0 0 0 0 A A 2 2020.38411 0.0255 5 2225785 2019.99332 248 15 0.36614 2 0 2 0 0 1 0 0 0 0 1 0.89 0 0 0 0 0 1.0
0 1 0 0 0 0 10 3 0 0 0 A A 1 1460.04587 0.00954 7 956411 1459.91242 168 10 0.41575 1 3 1 0 0 1 0 0 0 0 1 0.94 0 0 0 0 0 1.0
0 1 0 0 0 0 12 9 0 0 0 A A 1 1631.18037 0.01464 7 1377223 1631.33781 200 12 0.42672 1 9 1 0 0 1 0 0 0 0 1 0.95 0 0 0 0 0 1.0
0 1 0 0 0 0 14 3 0 0 0 A A 2 1888.65385 0.0155 9 1944143 1888.35858 232 14 0.37777 2 3 2 0 0 1 0 0 0 0 1 0.91 0 0 0 0 0 1.0
0 1 0 0 0 0 14 3 0 0 0 A A 1 1888.55733 0.01763 9 1874557 1888.25987 232 14 0.37802 1 3 1 0 0 1 0 0 0 0 1 0.9 0 0 0 0 0 1.0
0 1 0 0 0 0 11 9 0 0 0 A A 2 1528.60125 0.0085 9 1211990 1528.80133 184 11 0.43958 2 9 2 0 0 1 0 0 0 0 1 0.97 0 0 0 0 0 1.0
0 1 0 0 0 0 14 0 0 0 0 A A 1 1891.90661 0.01713 5 1874558 1891.5671 232 14 0.37534 1 0 1 0 0 1 0 0 0 0 1 0.9 0 0 0 0 0 1.0
0 1 0 0 0 0 13 6 0 0 0 A A 1 1758.77944 0.01263 8 1616327 1758.66178 216 13 0.39644 1 6 1 0 0 1 0 0 0 0 1 0.93 0 0 0 0 0 1.0
0 1 0 0 0 0 13 3 0 0 0 A A 1 1768.68121 0.01464 9 1616328 1768.43189 216 13 0.38729 1 3 1 0 0 1 0 0 0 0 1 0.92 0 0 0 0 0 1.0
0 1 0 0 0 0 13 3 0 0 0 A A 2 1768.61418 0.01296 10 1680634 1768.36319 216 13 0.38747 2 3 2 0 0 1 0 0 0 0 1 0.91 0 0 0 0 0 1.0
0 1 0 0 0 0 12 6 0 0 0 A A 2 1647.42495 0.0085 12 1437254 1647.34959 200 12 0.40684 2 6 2 0 0 1 0 0 0 0 1 0.94 0 0 0 0 0 1.0
0 1 0 0 0 0 12 12 0 0 0 A A 1 1608.9496 0.01464 4 1377222 1609.47432 200 12 0.46525 1 12 1 0 0 1 0 0 0 0 1 0.99 0 0 0 0 0 1.0
0 1 0 0 0 0 13 0 0 0 0 A A 2 1771.93454 0.01296 8 1680635 1771.6408 216 13 0.38458 2 0 2 0 0 1 0 0 0 0 1 0.91 0 0 0 0 0 1.0
0 1 0 0 0 0 12 3 0 0 0 A A 2 1657.24575 0.0085 11 1437255 1657.03864 200 12 0.39682 2 3 2 0 0 1 0 0 0 0 1 0.93 0 0 0 0 0 1.0
0 1 0 0 0 0 12 3 0 0 0 A A 1 1657.20038 0.01244 7 1377225 1656.99233 200 12 0.39694 1 3 1 0 0 1 0 0 0 0 1 0.92 0 0 0 0 0 1.0
0 1 0 0 0 0 11 6 0 0 0 A A 1 1544.63823 0.00964 10 1157253 1544.60263 184 11 0.41731 1 6 1 0 0 1 0 0 0 0 1 0.95 0 0 0 0 0 1.0
0 1 0 0 0 0 10 0 0 0 0 A A 1 1463.27377 0.01294 5 956412 1463.09717 168 10 0.41208 1 0 1 0 0 1 0 0 0 0 1 0.94 0 0 0 0 0 1.0
0 1 0 0 0 0 12 0 0 0 0 A A 1 1660.49101 0.01394 6 1377226 1660.24006 200 12 0.39381 1 0 1 0 0 1 0 0 0 0 1 0.92 0 0 0 0 0 1.0
0 1 0 0 0 0 11 3 0 0 0 A A 1 1554.36791 0.01244 5 1157254 1554.19955 184 11 0.4063 1 3 1 0 0 1 0 0 0 0 1 0.94 0 0 0 0 0 1.0
0 1 0 0 0 0 11 3 0 0 0 A A 2 1554.33893 0.0085 11 1211992 1554.16952 184 11 0.40639 2 3 2 0 0 1 0 0 0 0 1 0.93 0 0 0 0 0 1.0
0 1 0 0 0 0 11 0 0 0 0 A A 2 1557.59869 0.0085 7 1211993 1557.38642 184 11 0.403 2 0 2 0 0 1 0 0 0 0 1 0.93 0 0 0 0 0 1.0
0 0 0 1 0 1 13 13 0 1 1 E E 2 1879.09032 0.0155 4 1680638 1879.05771 216 13 0.32938 2 13 3 1 0 0 0 1 0 1 3 0.99 0 0 0 0 0 1.0
0 1 0 0 0 0 5 3 0 0 0 A A 1 1117.40625 0.01033 5 239106 1117.40324 88 5 0.45807 1 3 1 0 0 1 0 0 0 0 1 0.99 0 0 0 0 0 1.0
0 0 0 0 0 0 14 9 0 0 0 A A 2 888.045138 0.01513 9 1944137 888.037709 232 14 17.881 2 9 2 0 0 0 0 0 0 0 1 1 0 0 0 0 0 0.0
0 0 0 0 0 0 1 0 0 0 0 A A 2 8.903387 0.00773 29 16490 8.904359 24 1 39579 2 0 2 0 0 0 0 0 0 0 1 1 0 0 0 0 0 0.0
0 0 0 1 0 1 16 10 0 1 1 E E 2 2321.41554 0.0305 3 2527561 2321.40996 264 16 0.45315 2 10 3 1 0 0 0 1 0 1 3 0.81 0 0 0 0 0 1.0
0 0 0 1 0 1 16 7 0 1 1 E E 1 2344.43496 0.02063 3 2448409 2344.30584 264 16 0.52356 1 7 3 1 0 0 0 1 0 1 3 0.82 0 0 0 0 0 1.0
0 0 0 1 0 1 16 7 0 1 1 E E 2 2344.48602 0.02 1 2527563 2344.35885 264 16 0.52285 2 7 3 1 0 0 0 1 0 1 3 0.82 0 0 0 0 0 1.0
0 0 0 1 0 1 16 10 0 1 1 E E 1 2321.58578 0.01814 1 2448408 2321.62436 264 16 0.46952 1 10 3 1 0 0 0 1 0 1 3 0.72 0 0 0 0 0 1.0
0 0 0 0 0 0 18 18 0 0 0 A A 2 1339.10991 0.02614 3 3187460 1338.99858 296 18 2274800 2 18 2 0 0 0 0 0 0 0 1 1 0 0 0 0 0 0.0
0 1 0 0 0 0 18 18 0 0 0 A A 1 2335.12372 0.02814 2 3098744 2336.42386 296 18 0.46557 1 18 1 0 0 1 0 0 0 0 1 0.96 0 0 0 0 0 1.0
0 0 0 0 0 0 15 15 0 0 0 A A 1 943.259385 0.018 7 2151901 943.195078 248 15 5158100 1 15 1 0 0 0 0 0 0 0 1 1 0 0 0 0 0 0.0
0 1 0 0 0 0 15 15 0 0 0 A A 2 1937.86509 0.0205 4 2225780 1938.72693 248 15 0.4647 2 15 2 0 0 1 0 0 0 0 1 0.98 0 0 0 0 0 1.0
0 0 0 0 0 0 12 12 0 0 0 A A 2 615.542412 0.01273 7 1437248 615.508768 200 12 14782000 2 12 2 0 0 0 0 0 0 0 1 1 0 0 0 0 0 0.0
0 0 0 0 0 0 6 6 0 0 0 A A 2 167.645043 0.00744 16 375644 167.639844 104 6 491690000 2 6 2 0 0 0 0 0 0 0 1 1 0 0 0 0 0 0.0
0 0 0 0 0 0 19 18 0 0 0 A A 1 1506.83566 0.038 6 3452609 1506.71856 312 19 41.117 1 18 1 0 0 0 0 0 0 0 1 1 0 0 0 0 0 0.0
0 0 0 0 0 0 13 12 0 0 0 A A 1 730.798323 0.012 19 1616321 730.764607 216 13 87.015 1 12 1 0 0 0 0 0 0 0 1 1 0 0 0 0 0 0.0
0 0 0 1 0 1 17 10 0 1 1 E E 2 2474.19104 0.0355 4 2847450 2474.12865 280 17 0.4481 2 10 3 1 0 0 0 1 0 1 3 0.85 0 0 0 0 0 1.0
0 0 0 0 0 0 17 15 0 0 0 A A 1 1234.95945 0.028 9 2764001 1234.89247 280 17 26.46 1 15 1 0 0 0 0 0 0 0 1 1 0 0 0 0 0 0.0
0 1 0 0 0 0 0 0 0 0 0 A A 1 992.133801 0.05773 3 2 992.135529 8 0 0.47223 1 0 1 0 0 1 0 0 0 0 1 1 0 0 0 0 0 1.0
0 1 0 0 0 0 10 6 0 0 0 A A 2 1450.43663 0.0075 9 1006872 1450.43711 168 10 0.42784 2 6 2 0 0 1 0 0 0 0 1 0.96 0 0 0 0 0 1.0
0 0 0 0 0 0 18 15 0 0 0 A A 2 1393.59108 0.02564 5 3187461 1393.52531 296 18 16.322 2 15 2 0 0 0 0 0 0 0 1 1 0 0 0 0 0 0.0
0 0 0 0 0 0 19 15 0 0 0 A A 1 1560.67589 0.0375 7 3452610 1560.61244 312 19 11.382 1 15 1 0 0 0 0 0 0 0 1 1 0 0 0 0 0 0.0
0 0 0 1 0 1 18 13 0 1 1 E E 1 2601.38298 0.02314 1 3098756 2601.34307 296 18 0.37413 1 13 3 1 0 0 0 1 0 1 3 0.91 0 0 0 0 0 1.0
0 0 0 0 0 0 18 12 0 0 0 A A 2 1436.22904 0.02363 8 3187462 1436.2092 296 18 9.1047 2 12 2 0 0 0 0 0 0 0 1 0.99 0 0 0 0 0 0.0
0 0 0 0 0 0 19 12 0 0 0 A A 1 1602.82029 0.03564 8 3452611 1602.8072 312 19 7.2332 1 12 1 0 0 0 0 0 0 0 1 0.99 0 0 0 0 0 0.0
0 0 0 1 0 1 19 13 0 1 1 E E 2 2771.59602 0.03314 2 3545626 2771.54703 312 19 0.38516 2 13 3 1 0 0 0 1 0 1 3 0.88 0 0 0 0 0 1.0
0 1 0 0 0 0 13 6 0 0 0 A A 2 1758.77948 0.01296 9 1680633 1758.66165 216 13 0.39644 2 6 2 0 0 1 0 0 0 0 1 0.93 0 0 0 0 0 1.0
0 1 0 0 0 0 12 6 0 0 0 A A 1 1647.42465 0.00964 6 1377224 1647.34953 200 12 0.40684 1 6 1 0 0 1 0 0 0 0 1 0.94 0 0 0 0 0 1.0
0 1 0 0 0 0 11 6 0 0 0 A A 2 1544.63845 0.0085 10 1211991 1544.60261 184 11 0.41733 2 6 2 0 0 1 0 0 0 0 1 0.95 0 0 0 0 0 1.0
0 1 0 0 0 0 13 9 0 0 0 A A 1 1742.35963 0.01464 6 1616326 1742.47209 216 13 0.41424 1 9 1 0 0 1 0 0 0 0 1 0.94 0 0 0 0 0 1.0
0 1 0 0 0 0 14 9 0 0 0 A A 2 1862.11886 0.0155 8 1944141 1862.18329 232 14 0.40216 2 9 2 0 0 1 0 0 0 0 1 0.93 0 0 0 0 0 1.0
0 1 0 0 0 0 6 3 0 0 0 A A 1 1168.75276 0.00845 4 344309 1168.72969 104 6 0.45064 1 3 1 0 0 1 0 0 0 0 1 0.98 0 0 0 0 0 1.0
0 3 0 0 0 0 9 0 0 0 0 A A 2 3305.36621 0.009 5 819913 3305.26139 152 9 0.16389 2 0 2 0 0 3 0 0 0 0 1 0.85 0 0 0 1 1 1.0
0 3 0 0 0 0 9 3 0 0 0 A A 2 3304.49168 0.039 5 819912 3304.34465 152 9 0.16553 2 3 2 0 0 3 0 0 0 0 1 0.84 0 0 0 1 1 1.0
0 3 0 0 0 0 10 6 0 0 0 A A 1 3383.28164 0.01444 6 956454 3382.97926 168 10 0.167 1 6 1 0 0 3 0 0 0 0 1 0.87 0 0 0 1 1 1.0
0 3 0 0 0 0 10 9 0 0 0 A A 1 3379.91279 0.01773 4 956453 3379.39529 168 10 0.1776 1 9 1 0 0 3 0 0 0 0 1 0.94 0 0 0 1 1 1.0
0 3 0 0 0 0 10 9 0 0 0 A A 2 3379.9125 0.01 2 1006911 3379.39529 168 10 0.1776 2 9 2 0 0 3 0 0 0 0 1 0.94 0 0 0 1 1 1.0
0 3 0 0 0 0 5 3 0 0 0 A A 2 3061.46115 0.0372 7 265176 3061.40714 88 5 0.17904 2 3 2 0 0 3 0 0 0 0 1 0.97 0 0 0 1 1 1.0
0 3 0 0 0 0 5 3 0 0 0 A A 1 3061.46095 0.01333 3 239126 3061.41226 88 5 0.17905 1 3 1 0 0 3 0 0 0 0 1 0.97 0 0 0 1 1 1.0
0 3 0 0 0 0 6 3 0 0 0 A A 1 3109.97458 0.04333 5 344337 3109.90523 104 6 0.176 1 3 1 0 0 3 0 0 0 0 1 0.94 0 0 0 1 1 1.0
0 0 1 0 -1 0 9 8 1 0 1 E E 2 2692.42671 0.00823 2 819901 2692.38043 152 9 0.029782 2 8 3 1 0 0 1 0 1 0 3 0.97 0 0 1 0 0 0.0
1 0 0 0 0 0 2 0 0 0 0 A A 1 2347.55665 0.00996 5 38271 2347.56428 40 2 0.04975 1 0 1 0 1 0 0 0 0 0 1 1 1 0 0 0 0 0.0
0 0 1 0 1 0 2 1 1 0 1 E E 1 2352.65768 0.00996 5 38273 2352.64985 40 2 0.026716 1 1 3 1 0 0 1 0 1 0 3 1 0 0 1 0 0 0.0
0 0 1 0 1 0 3 1 1 0 1 E E 2 2379.08706 0.00323 5 102583 2379.06898 56 3 0.026729 2 1 3 1 0 0 1 0 1 0 3 1 0 0 1 0 0 0.0
1 0 0 0 0 0 4 3 0 0 0 A A 2 2404.49528 0.00443 4 174813 2404.48304 72 4 0.049012 2 3 2 0 1 0 0 0 0 0 1 0.99 1 0 0 0 0 0.0
0 0 1 0 1 0 4 1 1 0 1 E E 1 2414.31356 0.00996 4 153050 2414.28316 72 4 0.026756 1 1 3 1 0 0 1 0 1 0 3 0.99 0 0 1 0 0 0.0
1 0 0 0 0 0 5 3 0 0 0 A A 2 2448.49551 0.00443 2 265171 2448.47984 88 5 0.047612 2 3 2 0 1 0 0 0 0 0 1 0.98 1 0 0 0 0 0.0
0 0 1 0 1 0 5 4 1 0 1 E E 2 2450.51357 0.00443 4 265172 2450.50164 88 5 0.026736 2 4 3 1 0 0 1 0 1 0 3 0.98 0 0 1 0 0 0.0
1 0 0 0 0 0 10 6 0 0 0 A A 2 2786.95397 0.011 1 1006905 2786.93983 168 10 0.038039 2 6 2 0 1 0 0 0 0 0 1 0.75 1 0 0 0 0 0.0
0 0 1 0 1 0 5 1 1 0 1 E E 2 2458.32833 0.00423 4 265175 2458.28332 88 5 0.026805 2 1 3 1 0 0 1 0 1 0 3 0.98 0 0 1 0 0 0.0
1 0 0 0 0 0 6 3 0 0 0 A A 2 2501.28059 0.00523 3 375666 2501.26312 104 6 0.045361 2 3 2 0 1 0 0 0 0 0 1 0.95 1 0 0 0 0 0.0
0 0 1 0 1 0 6 4 1 0 1 E E 2 2503.40712 0.00523 3 375667 2503.39512 104 6 0.027075 2 4 3 1 0 0 1 0 1 0 3 0.97 0 0 1 0 0 0.0
0 0 1 0 1 0 6 1 1 0 1 E E 1 2511.11909 0.01056 5 344335 2511.05924 104 6 0.026896 1 1 3 1 0 0 1 0 1 0 3 0.97 0 0 1 0 0 0.0
1 0 0 0 0 0 7 0 0 0 0 A A 2 2567.29909 0.00623 4 504286 2567.31848 120 7 0.047895 2 0 2 0 1 0 0 0 0 0 1 0.97 1 0 0 0 0 0.0
1 0 0 0 0 0 7 3 0 0 0 A A 2 2562.84147 0.00523 3 504284 2562.82434 120 7 0.042316 2 3 2 0 1 0 0 0 0 0 1 0.9 1 0 0 0 0 0.0
1 0 0 0 0 0 9 6 0 0 0 A A 2 2698.91018 0.00623 4 819903 2698.90986 152 9 0.039278 2 6 2 0 1 0 0 0 0 0 1 0.79 1 0 0 0 0 0.0
1 0 0 0 0 0 8 6 0 0 0 A A 2 2619.59486 0.00623 3 653024 2619.59248 136 8 0.041091 2 6 2 0 1 0 0 0 0 0 1 0.84 1 0 0 0 0 0.0
0 0 1 0 1 0 8 4 1 0 1 E E 1 2635.51456 0.01167 2 612136 2635.49054 136 8 0.027888 1 4 3 1 0 0 1 0 1 0 3 0.93 0 0 1 0 0 0.0
0 0 1 0 1 0 8 4 1 0 1 E E 2 2635.51637 0.00723 2 653027 2635.4938 136 8 0.027889 2 4 3 1 0 0 1 0 1 0 3 0.93 0 0 1 0 0 0.0
0 0 1 0 -1 0 2 2 1 0 1 E E 1 2351.59184 0.01333 1 38272 2351.5935 40 2 0.027307 1 2 3 1 0 0 1 0 1 0 3 1 0 0 1 0 0 0.0
0 0 1 0 1 0 11 1 1 0 1 E E 1 2906.8181 0.01267 3 1157295 2906.96304 184 11 0.026921 1 1 3 1 0 0 1 0 1 0 3 0.94 0 0 1 0 0 0.0
0 0 1 0 1 0 10 1 1 0 1 E E 2 2810.30521 0.00723 3 1006910 2810.43419 168 10 0.02683 2 1 3 1 0 0 1 0 1 0 3 0.95 0 0 1 0 0 0.0
0 0 1 0 1 0 4 4 1 0 1 E E 2 2406.41385 0.00523 3 174814 2406.40019 72 4 0.02645 2 4 3 1 0 0 1 0 1 0 3 0.99 0 0 1 0 0 0.0
0 0 1 0 -1 0 2 2 1 0 1 E E 2 2351.59204 0.009 1 50470 2351.59152 40 2 0.027301 2 2 3 1 0 0 1 0 1 0 3 1 0 0 1 0 0 0.0
0 0 1 0 1 0 8 1 1 0 1 E E 2 2643.3654 0.00623 3 653029 2643.45932 136 8 0.02673 2 1 3 1 0 0 1 0 1 0 3 0.97 0 0 1 0 0 0.0
1 0 0 0 0 0 1 0 0 0 0 A A 2 2329.93453 0.00223 5 16497 2329.94046 24 1 0.049765 2 0 2 0 1 0 0 0 0 0 1 1 1 0 0 0 0 0.0
0 0 1 0 1 0 6 1 1 0 1 E E 2 2511.35573 0.00523 3 375669 2511.4157 104 6 0.026694 2 1 3 1 0 0 1 0 1 0 3 0.98 0 0 1 0 0 0.0
0 0 1 0 1 0 5 1 1 0 1 E E 1 2458.49779 0.01056 3 239125 2458.54311 88 5 0.02669 1 1 3 1 0 0 1 0 1 0 3 0.99 0 0 1 0 0 0.0
0 0 1 0 1 0 4 1 1 0 1 E E 2 2414.42637 0.00423 3 174816 2414.45847 72 4 0.026691 2 1 3 1 0 0 1 0 1 0 3 0.99 0 0 1 0 0 0.0
0 0 1 0 1 0 3 1 1 0 1 E E 1 2379.15423 0.00996 3 86089 2379.17495 56 3 0.026696 1 1 3 1 0 0 1 0 1 0 3 1 0 0 1 0 0 0.0
0 0 1 0 1 0 2 1 1 0 1 E E 2 2352.69172 0.00323 3 50471 2352.70308 40 2 0.0267 2 1 3 1 0 0 1 0 1 0 3 1 0 0 1 0 0 0.0
0 0 1 0 -1 0 9 2 1 0 1 E E 2 2721.41721 0.00623 7 819908 2721.40624 152 9 0.027584 2 2 3 1 0 0 1 0 1 0 3 0.72 0 0 1 0 0 0.0
0 0 1 0 -1 0 8 2 1 0 1 E E 2 2641.94062 0.00623 7 653028 2641.97797 136 8 0.027262 2 2 3 1 0 0 1 0 1 0 3 0.97 0 0 1 0 0 0.0
0 0 1 0 -1 0 8 2 1 0 1 E E 1 2642.28843 0.01067 6 612138 2642.2935 136 8 0.027717 1 2 3 1 0 0 1 0 1 0 3 0.85 0 0 1 0 0 0.0
0 0 1 0 1 0 1 1 1 0 1 E E 2 2335.03441 0.00223 6 16498 2335.03298 24 1 0.026709 2 1 3 1 0 0 1 0 1 0 3 1 0 0 1 0 0 0.0
0 0 1 0 -1 0 7 2 1 0 1 E E 1 2571.65698 0.01067 7 468669 2571.68178 120 7 0.027266 1 2 3 1 0 0 1 0 1 0 3 0.98 0 0 1 0 0 0.0
0 0 1 0 -1 0 7 2 1 0 1 E E 2 2571.88431 0.00523 7 504287 2571.89213 120 7 0.027673 2 2 3 1 0 0 1 0 1 0 3 0.92 0 0 1 0 0 0.0
0 0 1 0 -1 0 6 2 1 0 1 E E 2 2510.10548 0.00523 7 375668 2510.12042 104 6 0.027273 2 2 3 1 0 0 1 0 1 0 3 0.98 0 0 1 0 0 0.0
0 0 1 0 -1 0 6 2 1 0 1 E E 1 2510.23868 0.01056 7 344334 2510.24548 104 6 0.027553 1 2 3 1 0 0 1 0 1 0 3 0.95 0 0 1 0 0 0.0
0 0 1 0 -1 0 5 2 1 0 1 E E 1 2457.30548 0.01056 7 239124 2457.31425 88 5 0.027282 1 2 3 1 0 0 1 0 1 0 3 0.99 0 0 1 0 0 0.0
0 0 1 0 -1 0 4 2 1 0 1 E E 2 2413.27714 0.00443 7 174815 2413.28111 72 4 0.027289 2 2 3 1 0 0 1 0 1 0 3 0.99 0 0 1 0 0 0.0
0 0 1 0 -1 0 4 2 1 0 1 E E 1 2413.30661 0.00956 7 153049 2413.30998 72 4 0.027363 1 2 3 1 0 0 1 0 1 0 3 0.99 0 0 1 0 0 0.0
0 0 1 0 -1 0 3 2 1 0 1 E E 1 2378.03381 0.00956 3 86088 2378.03612 56 3 0.027296 1 2 3 1 0 0 1 0 1 0 3 1 0 0 1 0 0 0.0
0 0 1 0 -1 0 3 2 1 0 1 E E 2 2378.04433 0.00443 2 102582 2378.04593 56 3 0.027322 2 2 3 1 0 0 1 0 1 0 3 0.99 0 0 1 0 0 0.0
0 0 1 0 -1 0 9 5 1 0 1 E E 2 2710.65883 0.011 1 819904 2710.66389 152 9 0.032657 2 5 3 1 0 0 1 0 1 0 3 0.82 0 0 1 0 0 0.0
0 0 1 0 -1 0 7 5 1 0 1 E E 2 2561.56968 0.00543 4 504283 2561.56101 120 7 0.0297 2 5 3 1 0 0 1 0 1 0 3 0.93 0 0 1 0 0 0.0
0 0 1 0 -1 0 6 5 1 0 1 E E 2 2500.04468 0.00543 3 375665 2500.0274 104 6 0.028758 2 5 3 1 0 0 1 0 1 0 3 0.97 0 0 1 0 0 0.0
0 3 0 0 0 0 1 0 0 0 0 A A 2 2948.84262 0.035 2 16499 2948.87841 24 1 0.18412 2 0 2 0 0 3 0 0 0 0 1 1 0 0 0 1 1 1.0
0 3 0 0 0 0 10 0 0 0 0 A A 1 3386.72776 0.04444 4 956456 3386.57567 168 10 0.16033 1 0 1 0 0 3 0 0 0 0 1 0.81 0 0 0 1 1 1.0
0 3 0 0 0 0 7 3 0 0 0 A A 1 3166.65526 0.04344 3 468672 3166.57451 120 7 0.17276 1 3 1 0 0 3 0 0 0 0 1 0.93 0 0 0 1 1 1.0
0 3 0 0 0 0 8 3 0 0 0 A A 2 3231.52361 0.039 3 653031 3231.40625 136 8 0.16928 2 3 2 0 0 3 0 0 0 0 1 0.91 0 0 0 1 1 1.0
0 3 0 0 0 0 9 3 0 0 0 A A 1 3304.58869 0.04444 3 774726 3304.43995 152 9 0.16566 1 3 1 0 0 3 0 0 0 0 1 0.89 0 0 0 1 1 1.0
0 3 0 0 0 0 11 3 0 0 0 A A 1 3475.43935 0.04544 3 1157298 3475.20842 184 11 0.15824 1 3 1 0 0 3 0 0 0 0 1 0.83 0 0 0 1 1 1.0
0 3 0 0 0 0 12 3 0 0 0 A A 2 3573.27087 0.041 2 1437303 3572.98326 200 12 0.15451 2 3 2 0 0 3 0 0 0 0 1 0.79 0 0 0 1 1 1.0
0 3 0 0 0 0 3 3 0 0 0 A A 2 2988.78767 0.0372 2 102584 2988.74966 56 3 0.18395 2 3 2 0 0 3 0 0 0 0 1 1 0 0 0 1 1 1.0
0 3 0 0 0 0 4 3 0 0 0 A A 1 3021.07443 0.04233 3 153051 3021.02865 72 4 0.18171 1 3 1 0 0 3 0 0 0 0 1 0.98 0 0 0 1 1 1.0
0 3 0 0 0 0 11 0 0 0 0 A A 2 3476.33059 0.04 4 1212041 3476.12978 184 11 0.15672 2 0 2 0 0 3 0 0 0 0 1 0.76 0 0 0 1 1 1.0
0 3 0 0 0 0 8 3 0 0 0 A A 1 3231.47002 0.04344 4 612141 3231.35101 136 8 0.16917 1 3 1 0 0 3 0 0 0 0 1 0.88 0 0 0 1 1 1.0
0 3 0 0 0 0 11 3 0 0 0 A A 2 3475.21304 0.04 4 1212040 3474.97685 184 11 0.15804 2 3 2 0 0 3 0 0 0 0 1 0.73 0 0 0 1 1 1.0
0 3 0 0 0 0 12 0 0 0 0 A A 1 3574.1994 0.04544 4 1377278 3573.93952 200 12 0.15312 1 0 1 0 0 3 0 0 0 0 1 0.72 0 0 0 1 1 1.0
0 3 0 0 0 0 6 6 0 0 0 A A 2 3108.46933 0.0382 1 375670 3108.23542 104 6 0.18344 2 6 2 0 0 3 0 0 0 0 1 0.99 0 0 0 1 1 1.0
0 3 0 0 0 0 13 0 0 0 0 A A 2 3680.3324 0.041 2 1680691 3680.01691 216 13 0.14954 2 0 2 0 0 3 0 0 0 0 1 0.67 0 0 0 1 1 1.0
0 3 0 0 0 0 8 6 0 0 0 A A 2 3229.51592 0.039 1 653030 3229.26182 136 8 0.17545 2 6 2 0 0 3 0 0 0 0 1 0.94 0 0 0 1 1 1.0
0 3 0 0 0 0 9 6 0 0 0 A A 1 3302.29344 0.04363 1 774725 3302.01786 152 9 0.17124 1 6 1 0 0 3 0 0 0 0 1 0.91 0 0 0 1 1 1.0
0 3 0 0 0 0 10 6 0 0 0 A A 2 3383.28567 0.04 1 1006912 3382.98156 168 10 0.16701 2 6 2 0 0 3 0 0 0 0 1 0.87 0 0 0 1 1 1.0
0 3 0 0 0 0 11 6 0 0 0 A A 1 3472.51951 0.04463 1 1157297 3472.1796 184 11 0.16279 1 6 1 0 0 3 0 0 0 0 1 0.83 0 0 0 1 1 1.0
0 3 0 0 0 0 9 9 0 0 0 A A 1 3299.42826 0.04573 1 774724 3298.90373 152 9 0.18314 1 9 1 0 0 3 0 0 0 0 1 0.98 0 0 0 1 1 1.0
0 3 0 0 0 0 11 9 0 0 0 A A 1 3468.59555 0.04773 1 1157296 3468.06059 184 11 0.17211 1 9 1 0 0 3 0 0 0 0 1 0.91 0 0 0 1 1 1.0
0 3 0 0 0 0 12 9 0 0 0 A A 2 3565.5248 0.042 1 1437301 3564.97324 200 12 0.1669 2 9 2 0 0 3 0 0 0 0 1 0.86 0 0 0 1 1 1.0
0 3 0 0 0 0 13 9 0 0 0 A A 1 3670.75232 0.04714 1 1616378 3670.17161 216 13 0.16194 1 9 1 0 0 3 0 0 0 0 1 0.81 0 0 0 1 1 1.0
0 3 0 0 0 0 12 12 0 0 0 A A 2 3561.01486 0.046 1 1437300 3560.17222 200 12 0.18306 2 12 2 0 0 3 0 0 0 0 1 0.96 0 0 0 1 1 1.0
0 3 0 0 0 0 13 12 0 0 0 A A 1 3665.33408 0.05214 1 1616377 3664.51536 216 13 0.17581 1 12 1 0 0 3 0 0 0 0 1 0.91 0 0 0 1 1 1.0
0 3 0 0 0 0 14 12 0 0 0 A A 2 3777.88063 0.047 2 1944196 3777.0684 232 14 0.16902 2 12 2 0 0 3 0 0 0 0 1 0.87 0 0 0 1 1 1.0
0 3 0 0 0 0 15 12 0 0 0 A A 1 3898.81368 0.05164 1 2151967 3897.98488 248 15 0.16302 1 12 1 0 0 3 0 0 0 0 1 0.81 0 0 0 1 1 1.0
0 3 0 0 0 0 15 15 0 0 0 A A 1 3892.36312 0.05614 1 2151966 3891.23928 248 15 0.18322 1 15 1 0 0 3 0 0 0 0 1 0.94 0 0 0 1 1 1.0
0 3 0 0 0 0 16 15 0 0 0 A A 2 4020.22671 0.058 1 2527613 4019.15969 264 16 0.17421 2 15 2 0 0 3 0 0 0 0 1 0.88 0 0 0 1 1 1.0
0 3 0 0 0 0 17 15 0 0 0 A A 1 4156.35256 0.05614 1 2764074 4155.32345 280 17 0.16626 1 15 1 0 0 3 0 0 0 0 1 0.82 0 0 0 1 1 1.0
0 3 0 0 0 0 18 18 0 0 0 A A 2 4292.36817 0.068 1 3187538 4291.07771 296 18 0.18369 2 18 2 0 0 3 0 0 0 0 1 0.9 0 0 0 1 1 1.0
0 3 0 0 0 0 0 0 0 0 0 A A 1 2940.77079 0.04273 1 6 2940.80959 8 0 0.18469 1 0 1 0 0 3 0 0 0 0 1 1 0 0 0 1 1 1.0
0 3 0 0 0 0 2 0 0 0 0 A A 1 2964.98931 0.04273 2 38274 2965.02042 40 2 0.18299 1 0 1 0 0 3 0 0 0 0 1 0.99 0 0 0 1 1 1.0
0 3 0 0 0 0 3 0 0 0 0 A A 2 2989.22215 0.036 2 102585 2989.24439 56 3 0.18135 2 0 2 0 0 3 0 0 0 0 1 0.98 0 0 0 1 1 1.0
0 3 0 0 0 0 4 0 0 0 0 A A 1 3021.55223 0.04273 2 153052 3021.5634 72 4 0.17923 1 0 1 0 0 3 0 0 0 0 1 0.97 0 0 0 1 1 1.0
0 3 0 0 0 0 5 0 0 0 0 A A 2 3061.99582 0.037 3 265177 3061.99435 88 5 0.1767 2 0 2 0 0 3 0 0 0 0 1 0.96 0 0 0 1 1 1.0
0 3 0 0 0 0 6 0 0 0 0 A A 1 3110.57753 0.04333 3 344338 3110.55726 104 6 0.17384 1 0 1 0 0 3 0 0 0 0 1 0.93 0 0 0 1 1 1.0
0 3 0 0 0 0 7 0 0 0 0 A A 2 3167.32084 0.038 3 504291 3167.27416 120 7 0.1707 2 0 2 0 0 3 0 0 0 0 1 0.91 0 0 0 1 1 1.0
0 3 0 0 0 0 8 0 0 0 0 A A 1 3232.24169 0.04344 4 612142 3232.16798 136 8 0.16736 1 0 1 0 0 3 0 0 0 0 1 0.88 0 0 0 1 1 1.0
0 3 0 0 0 0 7 3 0 0 0 A A 2 3166.63593 0.038 3 504290 3166.54542 120 7 0.17269 2 3 2 0 0 3 0 0 0 0 1 0.92 0 0 0 1 1 1.0
0 3 0 0 0 0 10 3 0 0 0 A A 1 3385.73639 0.04444 4 956455 3385.54723 168 10 0.1618 1 3 1 0 0 3 0 0 0 0 1 0.79 0 0 0 1 1 1.0
0 3 0 0 0 0 12 3 0 0 0 A A 1 3572.94018 0.04714 2 1377277 3572.64789 200 12 0.15429 1 3 1 0 0 3 0 0 0 0 1 0.67 0 0 0 1 1 1.0
0 3 0 0 0 0 13 3 0 0 0 A A 2 3678.93181 0.04546 2 1680690 3678.57037 216 13 0.15058 2 3 2 0 0 3 0 0 0 0 1 0.61 0 0 0 1 1 1.0
0 3 0 0 0 0 10 3 0 0 0 A A 2 3385.88836 0.04 2 1006913 3385.70006 168 10 0.16197 2 3 2 0 0 3 0 0 0 0 1 0.86 0 0 0 1 1 1.0
0 3 0 0 0 0 6 6 0 0 0 A A 1 3108.47143 0.04253 1 344336 3108.23542 104 6 0.18344 1 6 1 0 0 3 0 0 0 0 1 0.99 0 0 0 1 1 1.0
0 3 0 0 0 0 7 6 0 0 0 A A 2 3164.92278 0.0382 2 504289 3164.68024 120 7 0.17957 2 6 2 0 0 3 0 0 0 0 1 0.97 0 0 0 1 1 1.0
0 3 0 0 0 0 8 6 0 0 0 A A 1 3229.51904 0.04253 2 612140 3229.26155 136 8 0.17545 1 6 1 0 0 3 0 0 0 0 1 0.94 0 0 0 1 1 1.0
0 3 0 0 0 0 9 6 0 0 0 A A 2 3302.29339 0.039 2 819911 3302.01697 152 9 0.17123 2 6 2 0 0 3 0 0 0 0 1 0.91 0 0 0 1 1 1.0
0 3 0 0 0 0 11 6 0 0 0 A A 2 3472.51426 0.04 2 1212039 3472.17444 184 11 0.16277 2 6 2 0 0 3 0 0 0 0 1 0.83 0 0 0 1 1 1.0
0 3 0 0 0 0 12 6 0 0 0 A A 1 3570.0097 0.04463 2 1377276 3569.62261 200 12 0.15859 1 6 1 0 0 3 0 0 0 0 1 0.78 0 0 0 1 1 1.0
0 3 0 0 0 0 13 6 0 0 0 A A 2 3675.78408 0.041 2 1680689 3675.33808 216 13 0.15449 2 6 2 0 0 3 0 0 0 0 1 0.72 0 0 0 1 1 1.0
0 3 0 0 0 0 14 6 0 0 0 A A 1 3789.83659 0.05363 1 1874616 3789.32888 232 14 0.15047 1 6 1 0 0 3 0 0 0 0 1 0.67 0 0 0 1 1 1.0
0 3 0 0 0 0 11 9 0 0 0 A A 2 3468.58968 0.041 2 1212038 3468.06057 184 11 0.17211 2 9 2 0 0 3 0 0 0 0 1 0.91 0 0 0 1 1 1.0
0 3 0 0 0 0 12 9 0 0 0 A A 1 3565.52163 0.04714 2 1377275 3564.97318 200 12 0.1669 1 9 1 0 0 3 0 0 0 0 1 0.86 0 0 0 1 1 1.0
0 3 0 0 0 0 13 9 0 0 0 A A 2 3670.74722 0.042 2 1680688 3670.17145 216 13 0.16194 2 9 2 0 0 3 0 0 0 0 1 0.81 0 0 0 1 1 1.0
0 3 0 0 0 0 14 9 0 0 0 A A 1 3784.28555 0.04714 2 1874615 3783.67083 232 14 0.15719 1 9 1 0 0 3 0 0 0 0 1 0.75 0 0 0 1 1 1.0
0 3 0 0 0 0 15 9 0 0 0 A A 2 3906.14192 0.048 2 2225846 3905.4783 248 15 0.15263 2 9 2 0 0 3 0 0 0 0 1 0.7 0 0 0 1 1 1.0
0 3 0 0 0 0 12 12 0 0 0 A A 1 3561.01328 0.05214 1 1377274 3560.17222 200 12 0.18306 1 12 1 0 0 3 0 0 0 0 1 0.96 0 0 0 1 1 1.0
0 3 0 0 0 0 13 12 0 0 0 A A 2 3665.33495 0.046 2 1680687 3664.51536 216 13 0.17581 2 12 2 0 0 3 0 0 0 0 1 0.91 0 0 0 1 1 1.0
0 3 0 0 0 0 14 12 0 0 0 A A 1 3777.87458 0.05164 1 1874614 3777.06839 232 14 0.16902 1 12 1 0 0 3 0 0 0 0 1 0.87 0 0 0 1 1 1.0
0 3 0 0 0 0 14 3 0 0 0 A A 2 3793.80978 0.04546 1 1944199 3793.3837 232 14 0.14716 2 3 2 0 0 3 0 0 0 0 1 0.72 0 0 0 1 1 1.0
0 3 0 0 0 0 16 9 0 0 0 A A 1 4036.33059 0.05114 1 2448465 4035.59355 264 16 0.14827 1 9 1 0 0 3 0 0 0 0 1 0.63 0 0 0 1 1 1.0
0 3 0 0 0 0 15 12 0 0 0 A A 2 3898.80244 0.048 1 2225845 3897.98488 248 15 0.16302 2 12 2 0 0 3 0 0 0 0 1 0.81 0 0 0 1 1 1.0
0 3 0 0 0 0 17 12 0 0 0 A A 2 4165.85119 0.058 1 2847509 4164.96268 280 17 0.15235 2 12 2 0 0 3 0 0 0 0 1 0.68 0 0 0 1 1 1.0
0 4 0 0 0 0 1 0 0 0 0 A A 2 3903.9342 0.09273 1 16510 3903.58439 24 1 0.14419 2 0 2 0 0 4 0 0 0 0 1 1 0 0 0 2 1 1.0
0 4 0 0 0 0 4 3 0 0 0 A A 1 3975.62503 0.0397 2 153082 3975.08553 72 4 0.14259 1 3 1 0 0 4 0 0 0 0 1 0.98 0 0 0 2 1 1.0
0 4 0 0 0 0 5 3 0 0 0 A A 2 4015.20149 0.0405 2 265213 4014.62201 88 5 0.14069 2 3 2 0 0 4 0 0 0 0 1 0.95 0 0 0 2 1 1.0
0 4 0 0 0 0 2 0 0 0 0 A A 1 3919.75064 0.0385 2 38291 3919.38662 40 2 0.14342 1 0 1 0 0 4 0 0 0 0 1 0.99 0 0 0 2 1 1.0
0 4 0 0 0 0 7 3 0 0 0 A A 2 4118.20536 0.04345 1 504339 4117.57915 120 7 0.13601 2 3 2 0 0 4 0 0 0 0 1 0.78 0 0 0 2 1 1.0
0 4 0 0 0 0 4 3 0 0 0 A A 2 3975.62063 0.0405 1 174844 3975.08308 72 4 0.1426 2 3 2 0 0 4 0 0 0 0 1 0.98 0 0 0 2 1 1.0
0 4 0 0 0 0 3 0 0 0 0 A A 2 3943.49723 0.04023 1 102608 3943.09934 56 3 0.14228 2 0 2 0 0 4 0 0 0 0 1 0.98 0 0 0 2 1 1.0
0 4 0 0 0 0 5 3 0 0 0 A A 1 4015.20093 0.0405 1 239159 4014.61143 88 5 0.14075 1 3 1 0 0 4 0 0 0 0 1 0.97 0 0 0 2 1 1.0
0 4 0 0 0 0 6 3 0 0 0 A A 2 4062.72986 0.04345 1 375710 4062.08019 104 6 0.13865 2 3 2 0 0 4 0 0 0 0 1 0.95 0 0 0 2 1 1.0
0 4 0 0 0 0 7 3 0 0 0 A A 1 4118.2372 0.0415 1 468717 4117.49065 120 7 0.13647 1 3 1 0 0 4 0 0 0 0 1 0.91 0 0 0 2 1 1.0
0 4 0 0 0 0 4 0 0 0 0 A A 1 3975.16876 0.0395 2 153081 3974.73232 72 4 0.14082 1 0 1 0 0 4 0 0 0 0 1 0.96 0 0 0 2 1 1.0
0 4 0 0 0 0 6 6 0 0 0 A A 2 4064.00923 0.04444 1 375711 4063.05888 104 6 0.14396 2 6 2 0 0 4 0 0 0 0 1 0.98 0 0 0 2 1 1.0
0 4 0 0 0 0 8 6 0 0 0 A A 2 4182.70544 0.04323 1 653083 4181.67633 136 8 0.13765 2 6 2 0 0 4 0 0 0 0 1 0.87 0 0 0 2 1 1.0
0 4 0 0 0 0 9 6 0 0 0 A A 1 4254.12293 0.0425 1 774784 4253.05171 152 9 0.1342 1 6 1 0 0 4 0 0 0 0 1 0.73 0 0 0 2 1 1.0
0 4 0 0 0 0 9 9 0 0 0 A A 1 4255.69364 0.0425 1 774785 4254.0845 152 9 0.14365 1 9 1 0 0 4 0 0 0 0 1 0.96 0 0 0 2 1 1.0
0 4 0 0 0 0 5 0 0 0 0 A A 2 4014.78192 0.04023 2 265212 4014.29568 88 5 0.13908 2 0 2 0 0 4 0 0 0 0 1 0.94 0 0 0 2 1 1.0
0 4 0 0 0 0 6 0 0 0 0 A A 1 4062.34443 0.0415 1 344379 4061.79698 104 6 0.13715 1 0 1 0 0 4 0 0 0 0 1 0.88 0 0 0 2 1 1.0
0 4 0 0 0 0 7 0 0 0 0 A A 2 4117.86585 0.04223 2 504338 4117.23846 120 7 0.13514 2 0 2 0 0 4 0 0 0 0 1 0.79 0 0 0 2 1 1.0
0 4 0 0 0 0 3 3 0 0 0 A A 2 3943.98273 0.0405 1 102609 3943.48401 56 3 0.14414 2 3 2 0 0 4 0 0 0 0 1 0.99 0 0 0 2 1 1.0
0 4 0 0 0 0 6 3 0 0 0 A A 1 4062.735 0.0415 1 344380 4062.11423 104 6 0.13845 1 3 1 0 0 4 0 0 0 0 1 0.89 0 0 0 2 1 1.0
0 4 0 0 0 0 6 6 0 0 0 A A 1 4064.00563 0.0415 1 344381 4063.05893 104 6 0.14396 1 6 1 0 0 4 0 0 0 0 1 0.98 0 0 0 2 1 1.0
0 4 0 0 0 0 7 6 0 0 0 A A 2 4119.34844 0.04323 1 504340 4118.35098 120 7 0.14106 2 6 2 0 0 4 0 0 0 0 1 0.94 0 0 0 2 1 1.0
0 1 0 0 0 0 9 9 0 0 0 A A 1 1349.28747 0.01083 4 774688 1349.56735 152 9 0.46655 1 9 1 0 0 1 0 0 0 0 1 0.99 0 0 0 0 0 1.0
0 0 0 1 0 1 8 7 0 1 1 E E 2 1438.77892 0.054 4 653003 1438.77865 136 8 0.43087 2 7 3 1 0 0 0 1 0 1 3 0.98 0 0 0 0 0 1.0
0 1 0 0 0 0 6 3 0 0 0 A A 2 1168.75154 0.053 3 375647 1168.73094 104 6 0.45064 2 3 2 0 0 1 0 0 0 0 1 0.98 0 0 0 0 0 1.0
0 0 0 1 0 -1 14 14 0 1 1 E E 2 1892.11339 0.068 1 1944144 1892.1317 232 14 1.2289 2 14 3 1 0 0 0 1 0 1 3 0.99 0 0 0 0 0 1.0
0 0 0 1 0 -1 16 11 0 1 1 E E 2 2229.18325 0.0305 3 2527555 2229.25295 264 16 0.89909 2 11 3 1 0 0 0 1 0 1 3 0.94 0 0 0 0 0 1.0
0 1 0 0 0 0 15 3 0 0 0 A A 2 2017.00435 0.0205 6 2225784 2016.65582 248 15 0.36863 2 3 2 0 0 1 0 0 0 0 1 0.88 0 0 0 0 0 1.0
0 0 0 0 0 0 17 9 0 0 0 A A 1 1310.42028 0.028 10 2764003 1310.42878 280 17 8.349 1 9 1 0 0 0 0 0 0 0 1 0.99 0 0 0 0 0 0.0
0 1 0 0 0 0 17 9 0 0 0 A A 2 2272.58498 0.0305 7 2847439 2272.48669 280 17 0.36804 2 9 2 0 0 1 0 0 0 0 1 0.89 0 0 0 0 0 1.0
0 1 0 0 0 0 15 6 0 0 0 A A 2 2007.10629 0.0205 7 2225783 2006.89179 248 15 0.37601 2 6 2 0 0 1 0 0 0 0 1 0.9 0 0 0 0 0 1.0
0 0 0 1 0 -1 14 11 0 1 1 E E 2 1951.79549 0.062 3 1944145 1951.824 232 14 0.98022 2 11 3 1 0 0 0 1 0 1 3 0.96 0 0 0 0 0 1.0
0 1 0 0 0 0 16 12 0 0 0 A A 2 2103.72115 0.0255 7 2527550 2104.01462 264 16 0.40178 2 12 2 0 0 1 0 0 0 0 1 0.92 0 0 0 0 0 1.0
0 0 0 1 0 -1 14 8 0 1 1 E E 2 1996.16702 0.058 3 1944146 1996.22995 232 14 0.7934 2 8 3 1 0 0 0 1 0 1 3 0.94 0 0 0 0 0 1.0
0 1 0 0 0 0 14 12 0 0 0 A A 2 1839.1047 0.0155 7 1944140 1839.51434 232 14 0.43118 2 12 2 0 0 1 0 0 0 0 1 0.95 0 0 0 0 0 1.0
0 1 0 0 0 0 12 9 0 0 0 A A 2 1631.18051 0.0095 7 1437253 1631.33781 200 12 0.42672 2 9 2 0 0 1 0 0 0 0 1 0.95 0 0 0 0 0 1.0
0 1 0 0 0 0 12 12 0 0 0 A A 2 1608.94978 0.0095 4 1437252 1609.47432 200 12 0.46525 2 12 2 0 0 1 0 0 0 0 1 0.99 0 0 0 0 0 1.0
0 1 0 0 0 0 18 15 0 0 0 A A 2 2371.74487 0.0355 7 3187467 2372.36678 296 18 0.40701 2 15 2 0 0 1 0 0 0 0 1 0.92 0 0 0 0 0 1.0
0 0 0 1 0 -1 14 5 0 1 1 E E 2 2027.67739 0.0205 3 1944148 2027.7877 232 14 0.65708 2 5 3 1 0 0 0 1 0 1 3 0.9 0 0 0 0 0 1.0
0 1 0 0 0 0 16 15 0 0 0 A A 2 2073.87736 0.0255 5 2527549 2074.65545 264 16 0.44262 2 15 2 0 0 1 0 0 0 0 1 0.96 0 0 0 0 0 1.0
0 0 0 1 0 -1 12 8 0 1 1 E E 2 1754.64748 0.056 3 1437257 1754.68185 200 12 0.84627 2 8 3 1 0 0 0 1 0 1 3 0.96 0 0 0 0 0 1.0
0 1 0 0 0 0 18 18 0 0 0 A A 2 2335.12469 0.0405 2 3187466 2336.42386 296 18 0.46557 2 18 2 0 0 1 0 0 0 0 1 0.96 0 0 0 0 0 1.0
0 0 0 1 0 -1 12 5 0 1 1 E E 2 1787.57084 0.056 3 1437258 1787.63409 200 12 0.6958 2 5 3 1 0 0 0 1 0 1 3 0.93 0 0 0 0 0 1.0
0 0 0 1 0 -1 10 8 0 1 1 E E 2 1547.49049 0.056 2 1006874 1547.5019 168 10 0.88015 2 8 3 1 0 0 0 1 0 1 3 0.98 0 0 0 0 0 1.0
0 0 0 0 0 0 18 0 0 0 0 A A 1 1507.89558 0.033 4 3098743 1507.95897 296 18 5.1841 1 0 1 0 0 0 0 0 0 0 1 0.98 0 0 0 0 0 0.0
0 0 0 1 0 1 17 1 0 1 1 E E 2 2514.84058 0.083 1 2847453 2514.55251 280 17 0.6478 2 1 3 1 0 0 0 1 0 1 3 0.82 0 0 0 0 0 1.0
0 0 0 0 0 0 17 3 0 0 0 A A 2 1345.99917 0.03363 4 2847434 1346.15615 280 17 6.2799 2 3 2 0 0 0 0 0 0 0 1 0.99 0 0 0 0 0 0.0
0 0 0 1 0 1 16 4 0 1 1 E E 1 2357.14317 0.08363 1 2448410 2357.03048 264 16 0.61515 1 4 3 1 0 0 0 1 0 1 3 0.69 0 0 0 0 0 1.0
0 0 0 0 0 0 17 3 0 0 0 A A 1 1346.18724 0.028 11 2764005 1346.23473 280 17 6.2786 1 3 1 0 0 0 0 0 0 0 1 0.99 0 0 0 0 0 0.0
0 0 0 1 0 1 16 4 0 1 1 E E 2 2358.18024 0.078 1 2527564 2358.03814 264 16 0.60372 2 4 3 1 0 0 0 1 0 1 3 0.75 0 0 0 0 0 1.0
0 0 0 1 0 -1 10 5 0 1 1 E E 2 1581.88872 0.055 3 1006875 1581.92122 168 10 0.73063 2 5 3 1 0 0 0 1 0 1 3 0.96 0 0 0 0 0 1.0
0 0 0 1 0 1 15 1 0 1 1 E E 2 2217.89065 0.078 1 2225795 2217.68322 248 15 0.6448 2 1 3 1 0 0 0 1 0 1 3 0.86 0 0 0 0 0 1.0
0 0 0 1 0 -1 8 8 0 1 1 E E 2 1375.02314 0.055 1 653000 1375.02833 136 8 0.88242 2 8 3 1 0 0 0 1 0 1 3 1 0 0 0 0 0 1.0
0 0 0 1 0 1 14 10 0 1 1 E E 2 2041.50426 0.0205 4 1944149 2041.48412 232 14 0.40965 2 10 3 1 0 0 0 1 0 1 3 0.93 0 0 0 0 0 1.0
0 0 0 1 0 -1 8 5 0 1 1 E E 2 1410.92779 0.054 3 653001 1410.94763 136 8 0.75292 2 5 3 1 0 0 0 1 0 1 3 0.98 0 0 0 0 0 1.0
0 0 0 1 0 1 12 10 0 1 1 E E 2 1796.99582 0.056 3 1437259 1796.99418 200 12 0.38905 2 10 3 1 0 0 0 1 0 1 3 0.97 0 0 0 0 0 1.0
0 0 0 1 0 1 10 10 0 1 1 E E 2 1588.0687 0.055 3 1006876 1588.0596 168 10 0.37263 2 10 3 1 0 0 0 1 0 1 3 0.99 0 0 0 0 0 1.0
0 0 0 1 0 -1 6 5 0 1 1 E E 2 1275.07873 0.0532 2 375648 1275.08777 104 6 0.75695 2 5 3 1 0 0 0 1 0 1 3 0.99 0 0 0 0 0 1.0
0 0 0 1 0 -1 2 2 0 1 1 E E 2 1135.82104 0.053 1 50464 1135.81096 40 2 0.64471 2 2 3 1 0 0 0 1 0 1 3 1 0 0 0 0 0 1.0
0 1 0 0 0 0 16 0 0 0 0 A A 1 2157.3342 0.02163 2 2448400 2156.89003 264 16 0.35701 1 0 1 0 0 1 0 0 0 0 1 0.88 0 0 0 0 0 1.0
0 1 0 0 0 0 17 3 0 0 0 A A 1 2299.42024 0.03113 4 2764011 2299.07239 280 17 0.3497 1 3 1 0 0 1 0 0 0 0 1 0.88 0 0 0 0 0 1.0
0 1 0 0 0 0 17 6 0 0 0 A A 2 2289.3969 0.0305 6 2847440 2289.06932 280 17 0.35623 2 6 2 0 0 1 0 0 0 0 1 0.87 0 0 0 0 0 1.0
0 1 0 0 0 0 18 3 0 0 0 A A 1 2453.04317 0.02613 4 3098750 2452.51447 296 18 0.34121 1 3 1 0 0 1 0 0 0 0 1 0.83 0 0 0 0 0 1.0
0 1 0 0 0 0 18 3 0 0 0 A A 2 2453.36869 0.03814 3 3187472 2452.84809 296 18 0.34057 2 3 2 0 0 1 0 0 0 0 1 0.87 0 0 0 0 0 1.0
0 0 0 0 0 0 17 6 0 0 0 A A 1 1332.90269 0.028 6 2764004 1332.93564 280 17 6.9169 1 6 1 0 0 0 0 0 0 0 1 0.99 0 0 0 0 0 0.0
0 1 0 0 0 0 18 6 0 0 0 A A 2 2443.1928 0.0355 5 3187471 2442.80449 296 18 0.34662 2 6 2 0 0 1 0 0 0 0 1 0.86 0 0 0 0 0 1.0
0 1 0 0 0 0 19 0 0 0 0 A A 2 2618.69747 0.03814 5 3545620 2618.05763 312 19 0.3303 2 0 2 0 0 1 0 0 0 0 1 0.83 0 0 0 0 0 1.0
0 0 0 0 0 0 18 6 0 0 0 A A 1 1490.46226 0.033 10 3098741 1490.50518 296 18 5.7966 1 6 1 0 0 0 0 0 0 0 1 0.99 0 0 0 0 0 0.0
0 1 0 0 0 0 19 6 0 0 0 A A 2 2605.36879 0.03814 3 3545618 2604.90742 312 19 0.33724 2 6 2 0 0 1 0 0 0 0 1 0.84 0 0 0 0 0 1.0
0 1 0 0 0 0 18 9 0 0 0 A A 2 2426.35175 0.0355 6 3187470 2426.19172 296 18 0.35735 2 9 2 0 0 1 0 0 0 0 1 0.88 0 0 0 0 0 1.0
0 0 0 0 0 0 19 3 0 0 0 A A 2 1669.32151 0.02863 6 3545611 1669.39332 312 19 4.5632 2 3 2 0 0 0 0 0 0 0 1 0.97 0 0 0 0 0 0.0
0 1 0 0 0 0 20 3 0 0 0 A A 1 2785.60203 0.03613 4 3825619 2784.92641 328 20 0.32369 1 3 1 0 0 1 0 0 0 0 1 0.77 0 0 0 0 0 1.0
0 0 0 0 0 0 19 3 0 0 0 A A 1 1669.47068 0.03564 8 3452614 1669.54344 312 19 4.5617 1 3 1 0 0 0 0 0 0 0 1 0.99 0 0 0 0 0 0.0
0 1 0 0 0 0 20 3 0 0 0 A A 2 2786.14487 0.04314 3 3923897 2785.48153 328 20 0.32276 2 3 2 0 0 1 0 0 0 0 1 0.84 0 0 0 0 0 1.0
0 0 0 0 0 0 19 6 0 0 0 A A 1 1656.43737 0.03564 10 3452613 1656.49337 312 19 4.919 1 6 1 0 0 0 0 0 0 0 1 0.98 0 0 0 0 0 0.0
0 1 0 0 0 0 20 6 0 0 0 A A 2 2775.88643 0.03814 5 3923896 2775.35505 328 20 0.32805 2 6 2 0 0 1 0 0 0 0 1 0.82 0 0 0 0 0 1.0
0 0 0 0 0 0 18 9 0 0 0 A A 1 1468.22199 0.033 6 3098740 1468.23891 296 18 6.8174 1 9 1 0 0 0 0 0 0 0 1 0.99 0 0 0 0 0 0.0
0 1 0 0 0 0 19 9 0 0 0 A A 2 2588.53102 0.03314 7 3545617 2588.31848 312 19 0.37116 2 9 2 0 0 1 0 0 0 0 1 0.82 0 0 0 0 0 1.0
0 0 0 1 0 1 1 1 0 1 1 E E 1 1130.17739 0.05773 1 9569 1130.1732 24 1 0.55525 1 1 3 1 0 0 0 1 0 1 3 1 0 0 0 0 0 1.0
0 0 0 1 0 1 2 1 0 1 1 E E 2 1148.04733 0.051 1 50465 1148.03994 40 2 0.55538 2 1 3 1 0 0 0 1 0 1 3 1 0 0 0 0 0 1.0
0 0 0 1 0 1 6 1 0 1 1 E E 2 1308.5988 0.053 3 375650 1308.65474 104 6 0.55474 2 1 3 1 0 0 0 1 0 1 3 1 0 0 0 0 0 1.0
0 0 0 1 0 -1 14 2 0 1 1 E E 2 2046.66657 0.06323 1 1944150 2046.76681 232 14 0.56952 2 2 3 1 0 0 0 1 0 1 3 0.82 0 0 0 0 0 1.0
0 0 0 1 0 1 7 1 0 1 1 E E 1 1370.98522 0.05844 3 468648 1371.02019 120 7 0.55384 1 1 3 1 0 0 0 1 0 1 3 0.99 0 0 0 0 0 1.0
0 0 0 1 0 1 8 1 0 1 1 E E 2 1442.16154 0.054 3 653004 1442.22955 136 8 0.55253 2 1 3 1 0 0 0 1 0 1 3 0.99 0 0 0 0 0 1.0
0 1 0 0 0 0 20 15 0 0 0 A A 2 2703.91591 0.03814 6 3923892 2704.3914 328 20 0.37611 2 15 2 0 0 1 0 0 0 0 1 0.89 0 0 0 0 0 1.0
0 0 0 1 0 1 14 13 0 1 1 E E 2 2006.09553 0.062 2 1944147 2006.06976 232 14 0.33721 2 13 3 1 0 0 0 1 0 1 3 0.97 0 0 0 0 0 1.0
0 0 0 1 0 1 16 16 0 1 1 E E 2 2238.23726 0.0305 3 2527556 2238.16333 264 16 0.29276 2 16 3 1 0 0 0 1 0 1 3 0.98 0 0 0 0 0 1.0
0 0 0 1 0 1 17 16 0 1 1 E E 2 2392.1156 0.0355 3 2847445 2392.05622 280 17 0.30065 2 16 3 1 0 0 0 1 0 1 3 0.97 0 0 0 0 0 1.0
0 0 0 1 0 1 16 13 0 1 1 E E 2 2286.42973 0.068 2 2527558 2286.40696 264 16 0.35491 2 13 3 1 0 0 0 1 0 1 3 0.95 0 0 0 0 0 1.0
0 0 0 0 0 0 16 6 0 0 0 A A 2 1183.80769 0.01913 7 2527547 1183.83243 264 16 8.3742 2 6 2 0 0 0 0 0 0 0 1 0.99 0 0 0 0 0 0.0
0 0 0 1 0 -1 15 2 0 1 1 E E 1 2179.13465 0.06664 1 2151917 2179.23448 248 15 0.5554 1 2 3 1 0 0 0 1 0 1 3 0.79 0 0 0 0 0 1.0
0 0 0 1 0 1 13 1 0 1 1 E E 1 1929.76826 0.06144 2 1616335 1929.87247 216 13 0.53815 1 1 3 1 0 0 0 1 0 1 3 0.97 0 0 0 0 0 1.0
0 0 0 1 0 1 14 1 0 1 1 E E 2 2053.37425 0.06046 1 1944151 2053.48251 232 14 0.5339 2 1 3 1 0 0 0 1 0 1 3 0.96 0 0 0 0 0 1.0
0 0 0 1 0 1 15 1 0 1 1 E E 1 2185.64399 0.07013 1 2151918 2185.69251 248 15 0.52905 1 1 3 1 0 0 0 1 0 1 3 0.96 0 0 0 0 0 1.0
0 1 0 0 0 0 18 12 0 0 0 A A 2 2402.51744 0.0355 4 3187468 2402.6876 296 18 0.37565 2 12 2 0 0 1 0 0 0 0 1 0.89 0 0 0 0 0 1.0
0 0 0 0 0 0 19 9 0 0 0 A A 1 1634.44773 0.03564 9 3452612 1634.47495 312 19 5.6661 1 9 1 0 0 0 0 0 0 0 1 0.99 0 0 0 0 0 0.0
0 1 0 0 0 0 20 9 0 0 0 A A 2 2759.05049 0.03314 6 3923894 2758.75259 328 20 0.33701 2 9 2 0 0 1 0 0 0 0 1 0.84 0 0 0 0 0 1.0
0 0 0 1 0 1 17 1 0 1 1 E E 1 2475.62203 0.08363 1 2764020 2475.79033 280 17 0.51426 1 1 3 1 0 0 0 1 0 1 3 0.92 0 0 0 0 0 1.0
0 1 0 0 0 0 20 12 0 0 0 A A 2 2735.12412 0.03814 4 3923893 2735.15833 328 20 0.35176 2 12 2 0 0 1 0 0 0 0 1 0.86 0 0 0 0 0 1.0
0 0 0 1 0 1 17 7 0 1 1 E E 2 2497.15013 0.073 1 2847451 2496.97695 280 17 0.53364 2 7 3 1 0 0 0 1 0 1 3 0.8 0 0 0 0 0 1.0
0 0 0 1 0 1 18 16 0 1 1 E E 2 2554.60545 0.078 1 3187475 2554.55717 296 18 0.30893 2 16 3 1 0 0 0 1 0 1 3 0.95 0 0 0 0 0 1.0
0 0 0 1 0 1 18 13 0 1 1 E E 2 2601.38173 0.03814 2 3187477 2601.34307 296 18 0.37413 2 13 3 1 0 0 0 1 0 1 3 0.91 0 0 0 0 0 1.0
0 0 0 1 0 1 19 19 0 1 1 E E 2 2664.61209 0.04 2 3545622 2664.47433 312 19 0.26171 2 19 3 1 0 0 0 1 0 1 3 0.98 0 0 0 0 0 1.0
0 0 0 1 0 1 19 16 0 1 1 E E 2 2725.63038 0.083 1 3545624 2725.58792 312 19 0.31738 2 16 3 1 0 0 0 1 0 1 3 0.94 0 0 0 0 0 1.0
0 0 0 1 0 1 20 19 0 1 1 E E 2 2845.20166 0.088 1 3923899 2845.09121 328 20 0.26963 2 19 3 1 0 0 0 1 0 1 3 0.96 0 0 0 0 0 1.0
0 0 1 0 1 0 13 13 1 0 1 E E 2 3038.80124 0.018 1 1680665 3038.57478 216 13 0.025633 2 13 3 1 0 0 1 0 1 0 3 0.97 0 0 1 0 0 0.0
0 0 1 0 1 0 13 10 1 0 1 E E 2 3074.18503 0.018 1 1680673 3073.80614 216 13 0.028199 2 10 3 1 0 0 1 0 1 0 3 0.84 0 0 1 0 0 0.0
1 0 0 0 0 0 13 0 0 0 0 A A 2 3117.28922 0.011 3 1680683 3117.20987 216 13 0.03873 2 0 2 0 1 0 0 0 0 0 1 0.79 1 0 0 0 0 0.0
0 0 1 0 1 0 13 4 1 0 1 E E 2 3118.54445 0.011 4 1680684 3118.4035 216 13 0.032515 2 4 3 1 0 0 1 0 1 0 3 0.67 0 0 1 0 0 0.0
1 0 0 0 0 0 13 12 0 0 0 A A 2 3045.36334 0.018 1 1680667 3045.19919 216 13 0.048434 2 12 2 0 1 0 0 0 0 0 1 0.96 1 0 0 0 0 0.0
1 0 0 0 0 0 13 9 0 0 0 A A 2 3079.18893 0.018 1 1680674 3079.06441 216 13 0.042923 2 9 2 0 1 0 0 0 0 0 1 0.84 1 0 0 0 0 0.0
0 0 1 0 1 0 13 7 1 0 1 E E 2 3103.33551 0.018 1 1680678 3099.45018 216 13 0.038801 2 7 3 1 0 0 1 0 1 0 3 0.68 0 0 1 0 0 0.0
0 0 1 0 1 0 13 4 1 0 1 E E 1 3118.42595 0.01437 5 1616374 3118.19488 216 13 0.030428 1 4 3 1 0 0 1 0 1 0 3 0.73 0 0 1 0 0 0.0
0 0 1 0 1 0 12 10 1 0 1 E E 2 2960.38043 0.015615 1 1437287 2960.11286 200 12 0.027383 2 10 3 1 0 0 1 0 1 0 3 0.88 0 0 1 0 0 0.0
0 0 1 0 -1 0 13 2 1 0 1 E E 2 3125.82819 0.011 3 1680686 3125.84745 216 13 0.031267 2 2 3 1 0 0 1 0 1 0 3 0.84 0 0 1 0 0 0.0
1 0 0 0 0 0 12 3 0 0 0 A A 2 2999.04138 0.018075 1 1437295 2999.05675 200 12 0.037101 2 3 2 0 1 0 0 0 0 0 1 0.73 1 0 0 0 0 0.0
1 0 0 0 0 0 12 6 0 0 0 A A 2 2985.52583 0.01546 1 1437294 2989.03967 200 12 0.036571 2 6 2 0 1 0 0 0 0 0 1 0.68 1 0 0 0 0 0.0
1 0 0 0 0 0 12 0 0 0 0 A A 1 3004.0776 0.017472 2 1377270 3003.95637 200 12 0.034977 1 0 1 0 1 0 0 0 0 0 1 0.65 1 0 0 0 0 0.0
0 0 1 0 -1 0 13 2 1 0 1 E E 1 3123.43545 0.01644 3 1616375 3123.6451 216 13 0.027518 1 2 3 1 0 0 1 0 1 0 3 0.91 0 0 1 0 0 0.0
0 0 1 0 1 0 13 1 1 0 1 E E 2 3124.3422 0.00823 3 1680685 3124.33542 216 13 0.028126 2 1 3 1 0 0 1 0 1 0 3 0.93 0 0 1 0 0 0.0
1 0 0 0 0 0 12 12 0 0 0 A A 2 2931.09312 0.017 1 1437283 2930.8664 200 12 0.050018 2 12 2 0 1 0 0 0 0 0 1 1 1 0 0 0 0 0.0
1 0 0 0 0 0 12 9 0 0 0 A A 2 2964.96643 0.013 1 1437289 2964.91153 200 12 0.045718 2 9 2 0 1 0 0 0 0 0 1 0.86 1 0 0 0 0 0.0
0 0 1 0 1 0 13 1 1 0 1 E E 1 3125.81108 0.01713 3 1616376 3125.98084 216 13 0.027271 1 1 3 1 0 0 1 0 1 0 3 0.9 0 0 1 0 0 0.0
0 0 1 0 1 0 12 4 1 0 1 E E 2 3004.47575 0.00823 5 1437297 3004.33405 200 12 0.029812 2 4 3 1 0 0 1 0 1 0 3 0.79 0 0 1 0 0 0.0
0 0 1 0 1 0 12 1 1 0 1 E E 1 3010.69086 0.01267 5 1377272 3010.63636 200 12 0.027597 1 1 3 1 0 0 1 0 1 0 3 0.91 0 0 1 0 0 0.0
1 0 0 0 0 0 11 0 0 0 0 A A 2 2899.7001 0.01 2 1212035 2899.77319 184 11 0.041967 2 0 2 0 1 0 0 0 0 0 1 0.86 1 0 0 0 0 0.0
0 0 1 0 -1 0 12 2 1 0 1 E E 2 3009.88581 0.00823 6 1437298 3010.03417 200 12 0.027369 2 2 3 1 0 0 1 0 1 0 3 0.93 0 0 1 0 0 0.0
0 0 1 0 -1 0 12 2 1 0 1 E E 1 3011.78156 0.01267 4 1377273 3011.79234 200 12 0.030367 1 2 3 1 0 0 1 0 1 0 3 0.83 0 0 1 0 0 0.0
0 0 1 0 1 0 11 4 1 0 1 E E 2 2899.12981 0.01 3 1212034 2899.00844 184 11 0.030263 2 4 3 1 0 0 1 0 1 0 3 0.77 0 0 1 0 0 0.0
0 0 1 0 1 0 11 4 1 0 1 E E 1 2899.198 0.01267 5 1157293 2899.10787 184 11 0.029311 1 4 3 1 0 0 1 0 1 0 3 0.83 0 0 1 0 0 0.0
0 0 1 0 -1 0 11 1 1 0 1 E E 2 2906.46002 0.011 2 1212036 2905.58843 184 11 0.027366 2 1 3 1 0 0 1 0 1 0 3 0.88 0 0 1 0 0 0.0
0 0 1 0 -1 0 11 2 1 0 1 E E 1 2904.93139 0.01267 6 1157294 2905.03995 184 11 0.027304 1 2 3 1 0 0 1 0 1 0 3 0.94 0 0 1 0 0 0.0
0 0 1 0 1 0 11 2 1 0 1 E E 2 2905.64758 0.011 3 1212037 2906.44873 184 11 0.02963 2 2 3 1 0 0 1 0 1 0 3 0.81 0 0 1 0 0 0.0
0 0 1 0 -1 0 10 2 1 0 1 E E 2 2808.60421 0.00723 5 1006909 2808.68224 168 10 0.027274 2 2 3 1 0 0 1 0 1 0 3 0.95 0 0 1 0 0 0.0
1 0 0 0 0 0 9 0 0 0 0 A A 2 2716.21417 0.00623 4 819907 2716.23757 152 9 0.045951 2 0 2 0 1 0 0 0 0 0 1 0.94 1 0 0 0 0 0.0
0 0 1 0 1 0 10 2 1 0 1 E E 1 2809.21783 0.01444 3 956452 2809.83225 168 10 0.02885 1 2 3 1 0 0 1 0 1 0 3 0.74 0 0 1 0 0 0.0
0 0 1 0 1 0 9 1 1 0 1 E E 2 2722.05037 0.00623 4 819909 2721.97877 152 9 0.028028 2 1 3 1 0 0 1 0 1 0 3 0.76 0 0 1 0 0 0.0
0 0 1 0 -1 0 9 2 1 0 1 E E 1 2720.93096 0.01167 5 774722 2720.98632 152 9 0.027263 1 2 3 1 0 0 1 0 1 0 3 0.96 0 0 1 0 0 0.0
1 0 0 0 0 0 8 0 0 0 0 A A 1 2637.42303 0.01156 4 612137 2637.44452 136 8 0.046992 1 0 1 0 1 0 0 0 0 0 1 0.96 1 0 0 0 0 0.0
0 0 1 0 1 0 8 1 1 0 1 E E 1 2642.98529 0.01156 4 612139 2642.90551 136 8 0.027408 1 1 3 1 0 0 1 0 1 0 3 0.88 0 0 1 0 0 0.0
0 0 1 0 1 0 7 1 1 0 1 E E 2 2572.67544 0.00523 3 504288 2572.60144 120 7 0.027069 2 1 3 1 0 0 1 0 1 0 3 0.94 0 0 1 0 0 0.0
1 0 0 0 0 0 6 0 0 0 0 A A 1 2505.86725 0.01067 4 344333 2505.88447 104 6 0.04863 1 0 1 0 1 0 0 0 0 0 1 0.98 1 0 0 0 0 0.0
1 0 0 0 0 0 5 0 0 0 0 A A 2 2453.15337 0.00443 3 265173 2453.16839 88 5 0.049165 2 0 2 0 1 0 0 0 0 0 1 0.99 1 0 0 0 0 0.0
0 0 1 0 -1 0 5 2 1 0 1 E E 2 2457.37523 0.00443 6 265174 2457.37965 88 5 0.02744 2 2 3 1 0 0 1 0 1 0 3 0.98 0 0 1 0 0 0.0
1 0 0 0 0 0 4 0 0 0 0 A A 1 2409.18442 0.01073 3 153048 2409.19519 72 4 0.049503 1 0 1 0 1 0 0 0 0 0 1 1 1 0 0 0 0 0.0
1 0 0 0 0 0 3 0 0 0 0 A A 2 2373.97799 0.00323 4 102581 2373.98746 56 3 0.049682 2 0 2 0 1 0 0 0 0 0 1 1 1 0 0 0 0 0.0
1 0 0 0 0 0 0 0 0 0 0 A A 1 2321.11839 0.01273 1 5 2321.12602 8 0 0.049762 1 0 1 0 1 0 0 0 0 0 1 1 1 0 0 0 0 0.0
1 0 0 0 0 0 7 3 0 0 0 A A 1 2562.84199 0.01076 3 468667 2562.82592 120 7 0.042327 1 3 1 0 1 0 0 0 0 0 1 0.9 1 0 0 0 0 0.0
1 0 0 0 0 0 11 9 0 0 0 A A 2 2859.51866 0.00823 3 1212026 2859.43398 184 11 0.046034 2 9 2 0 1 0 0 0 0 0 1 0.92 1 0 0 0 0 0.0
0 0 1 0 1 0 12 4 1 0 1 E E 1 3004.72265 0.01644 1 1377269 3001.76382 200 12 0.031445 1 4 3 1 0 0 1 0 1 0 3 0.59 0 0 1 0 0 0.0
0 0 1 0 1 0 12 1 1 0 1 E E 2 3011.99683 0.011 1 1437299 3012.15288 200 12 0.027056 2 1 3 1 0 0 1 0 1 0 3 0.92 0 0 1 0 0 0.0
0 0 1 0 1 0 9 1 1 0 1 E E 1 2722.47488 0.020342 1 774723 2722.59147 152 9 0.026769 1 1 3 1 0 0 1 0 1 0 3 0.96 0 0 1 0 0 0.0
0 0 1 0 1 0 7 1 1 0 1 E E 1 2572.98383 0.01156 2 468670 2573.06052 120 7 0.026706 1 1 3 1 0 0 1 0 1 0 3 0.98 0 0 1 0 0 0.0
0 0 1 0 1 0 1 1 1 0 1 E E 1 2335.04431 0.00996 2 9572 2335.05077 24 1 0.026704 1 1 3 1 0 0 1 0 1 0 3 1 0 0 1 0 0 0.0
0 0 1 0 -1 0 11 8 1 0 1 E E 2 2877.15742 0.00823 3 1212029 2877.21783 184 11 0.031441 2 8 3 1 0 0 1 0 1 0 3 0.93 0 0 1 0 0 0.0
0 0 1 0 -1 0 12 11 1 0 1 E E 2 2956.03506 0.016 1 1437286 2956.0452 200 12 0.037917 2 11 3 1 0 0 1 0 1 0 3 0.87 0 0 1 0 0 0.0
1 0 0 0 0 0 10 0 0 0 0 A A 1 2803.64723 0.01267 2 956450 2803.67794 168 10 0.044652 1 0 1 0 1 0 0 0 0 0 1 0.92 1 0 0 0 0 0.0
1 0 0 0 0 0 13 3 0 0 0 A A 2 3112.35656 0.011 1 1680681 3112.34633 216 13 0.038786 2 3 2 0 1 0 0 0 0 0 1 0.77 1 0 0 0 0 0.0
0 0 1 0 -1 0 11 8 1 0 1 E E 1 2877.15767 0.01437 3 1157288 2877.21773 184 11 0.03144 1 8 3 1 0 0 1 0 1 0 3 0.93 0 0 1 0 0 0.0
0 1 0 1 0 -1 14 14 0 1 1 E E 2 2881.28575 0.02023 1 1944158 2881.50444 232 14 0.33497 2 14 3 1 0 1 0 1 0 1 3 0.97 0 0 0 0 0 2.0
0 2 0 0 0 0 12 12 0 0 0 A A 1 2591.00398 0.01496 1 1377235 2591.14653 200 12 0.25448 1 12 1 0 0 2 0 0 0 0 1 0.98 0 0 0 0 1 1.0
0 0 0 2 0 0 10 9 0 0 0 A A 2 2677.23095 0.00823 2 1006893 2677.42065 168 10 0.24222 2 9 2 0 0 0 0 2 0 0 1 0.93 0 0 0 0 0 2.0
0 0 0 2 0 0 10 9 0 0 0 A A 1 2677.23103 0.01496 2 956433 2677.42065 168 10 0.24222 1 9 1 0 0 0 0 2 0 0 1 0.93 0 0 0 0 0 2.0
0 0 0 2 0 -2 4 1 0 2 2 E E 2 2320.64907 0.00423 1 174811 2320.63048 72 4 0.28636 2 1 3 2 0 0 0 2 0 2 3 0.95 0 0 0 0 1 1.0
0 0 0 2 0 0 7 6 0 0 0 A A 2 2461.81325 0.00543 3 504275 2461.89226 120 7 0.25675 2 6 2 0 0 0 0 2 0 0 1 0.87 0 0 0 0 0 2.0
0 0 0 2 0 0 7 6 0 0 0 A A 1 2461.81351 0.00967 3 468659 2461.89246 120 7 0.25675 1 6 1 0 0 0 0 2 0 0 1 0.87 0 0 0 0 0 2.0
0 0 0 2 0 0 7 3 0 0 0 A A 2 2476.39332 0.00523 3 504276 2476.40177 120 7 0.25059 2 3 2 0 0 0 0 2 0 0 1 0.81 0 0 0 0 0 2.0
0 0 0 2 0 0 7 3 0 0 0 A A 1 2476.61836 0.01067 2 468660 2476.59493 120 7 0.25088 1 3 1 0 0 0 0 2 0 0 1 0.82 0 0 0 0 0 2.0
0 0 0 2 0 0 8 3 0 0 0 A A 1 2548.43586 0.01156 3 612125 2548.44166 136 8 0.25079 1 3 1 0 0 0 0 2 0 0 1 0.77 0 0 0 0 0 2.0
1 0 0 0 0 0 8 3 0 0 0 A A 1 2633.1624 0.01156 2 612135 2633.15414 136 8 0.039043 1 3 1 0 1 0 0 0 0 0 1 0.84 1 0 0 0 0 0.0
0 0 1 0 -1 0 11 11 1 0 1 E E 1 2849.7706 0.01496 1 1157282 2849.64147 184 11 0.034088 1 11 3 1 0 0 1 0 1 0 3 0.93 0 0 1 0 0 0.0
0 0 1 0 -1 0 11 11 1 0 1 E E 2 2849.77015 0.01323 1 1212023 2849.6417 184 11 0.034085 2 11 3 1 0 0 1 0 1 0 3 0.93 0 0 1 0 0 0.0
0 0 0 2 0 -2 5 1 0 2 2 E E 1 2367.82733 0.01056 1 239118 2367.80609 88 5 0.2844 1 1 3 2 0 0 0 2 0 2 3 0.9 0 0 0 0 1 1.0
0 0 0 2 0 0 9 3 0 0 0 A A 1 2629.74634 0.01167 2 774710 2629.68151 152 9 0.25128 1 3 1 0 0 0 0 2 0 0 1 0.76 0 0 0 0 0 2.0
0 0 0 2 0 0 10 3 0 0 0 A A 2 2719.63285 0.00723 2 1006896 2719.54517 168 10 0.25458 2 3 2 0 0 0 0 2 0 0 1 0.71 0 0 0 0 0 2.0
0 0 0 2 0 0 1 0 0 0 0 A A 2 2236.14598 0.00223 1 16495 2236.13663 24 1 0.2509 2 0 2 0 0 0 0 2 0 0 1 0.87 0 0 0 0 0 2.0
0 0 1 0 -1 0 10 8 1 0 1 E E 2 2780.41577 0.00823 2 1006903 2780.41288 168 10 0.03032 2 8 3 1 0 0 1 0 1 0 3 0.96 0 0 1 0 0 0.0
0 0 1 0 -1 0 10 8 1 0 1 E E 1 2780.41585 0.01496 2 956444 2780.41288 168 10 0.03032 1 8 3 1 0 0 1 0 1 0 3 0.96 0 0 1 0 0 0.0
0 0 0 2 0 0 11 9 0 0 0 A A 1 2780.6735 0.01437 3 1157276 2780.86872 184 11 0.24708 1 9 1 0 0 0 0 2 0 0 1 0.88 0 0 0 0 0 2.0
0 0 0 2 0 0 11 9 0 0 0 A A 2 2780.67342 0.00823 3 1212016 2780.86872 184 11 0.24708 2 9 2 0 0 0 0 2 0 0 1 0.88 0 0 0 0 0 2.0
0 0 0 2 0 -2 6 1 0 2 2 E E 2 2424.4824 0.00523 1 375661 2424.45845 104 6 0.28245 2 1 3 2 0 0 0 2 0 2 3 0.85 0 0 0 0 1 1.0
0 1 0 1 0 -1 11 5 0 1 1 E E 2 2652.22611 0.00823 1 1212008 2652.29257 184 11 0.26721 2 5 3 1 0 1 0 1 0 1 3 0.86 0 0 0 0 0 2.0
1 0 0 0 0 0 8 6 0 0 0 A A 1 2619.59514 0.01086 2 612133 2619.59248 136 8 0.041091 1 6 1 0 1 0 0 0 0 0 1 0.84 1 0 0 0 0 0.0
0 1 0 1 0 -1 11 5 0 1 1 E E 1 2652.22566 0.01286 1 1157268 2652.29254 184 11 0.26721 1 5 3 1 0 1 0 1 0 1 3 0.86 0 0 0 0 0 2.0
0 0 0 2 0 -2 7 1 0 2 2 E E 1 2490.42825 0.01156 1 468661 2490.3983 120 7 0.28064 1 1 3 2 0 0 0 2 0 2 3 0.81 0 0 0 0 1 1.0
0 0 0 2 0 0 12 9 0 0 0 A A 1 2892.75148 0.01437 1 1377251 2892.93923 200 12 0.24899 1 9 1 0 0 0 0 2 0 0 1 0.84 0 0 0 0 0 2.0
0 0 0 2 0 0 12 9 0 0 0 A A 2 2892.75142 0.00923 1 1437279 2892.93928 200 12 0.24899 2 9 2 0 0 0 0 2 0 0 1 0.84 0 0 0 0 0 2.0
0 1 0 1 0 1 14 7 0 1 1 E E 1 3026.38926 0.02086 1 1874582 3026.29355 232 14 0.22089 1 7 3 1 0 1 0 1 0 1 3 0.71 0 0 0 0 0 2.0
0 0 0 2 0 -2 8 1 0 2 2 E E 2 2565.47569 0.00623 1 653018 2565.43578 136 8 0.27848 2 1 3 2 0 0 0 2 0 2 3 0.78 0 0 0 0 1 1.0
0 1 0 1 0 1 14 7 0 1 1 E E 2 3026.51807 0.02023 1 1944167 3026.42911 232 14 0.2203 2 7 3 1 0 1 0 1 0 1 3 0.72 0 0 0 0 0 2.0
0 0 0 2 0 0 10 6 0 0 0 A A 2 2716.10484 0.00723 2 1006895 2716.17709 168 10 0.26063 2 6 2 0 0 0 0 2 0 0 1 0.72 0 0 0 0 0 2.0
0 0 1 0 -1 0 9 8 1 0 1 E E 1 2692.42699 0.01496 1 774716 2692.38043 152 9 0.029782 1 8 3 1 0 0 1 0 1 0 3 0.97 0 0 1 0 0 0.0
0 1 0 1 0 -1 14 5 0 1 1 E E 1 2989.81695 0.02086 1 1874578 2989.97658 232 14 0.25149 1 5 3 1 0 1 0 1 0 1 3 0.8 0 0 0 0 0 2.0
1 0 0 0 0 0 7 6 0 0 0 A A 1 2549.02957 0.00976 2 468665 2549.00922 120 7 0.044025 1 6 1 0 1 0 0 0 0 0 1 0.91 1 0 0 0 0 0.0
1 0 0 0 0 0 7 6 0 0 0 A A 2 2549.02923 0.00623 2 504282 2549.00922 120 7 0.044025 2 6 2 0 1 0 0 0 0 0 1 0.91 1 0 0 0 0 0.0
0 0 0 2 0 -2 5 4 0 2 2 E E 2 2333.65852 0.00443 1 265164 2333.66517 88 5 0.34118 2 4 3 2 0 0 0 2 0 2 3 0.99 0 0 0 0 1 1.0
0 0 0 2 0 -2 5 4 0 2 2 E E 1 2333.65838 0.01056 1 239116 2333.6652 88 5 0.34117 1 4 3 2 0 0 0 2 0 2 3 0.99 0 0 0 0 1 1.0
0 0 0 2 0 -2 9 1 0 2 2 E E 1 2649.46604 0.01167 1 774711 2649.41205 152 9 0.27536 1 1 3 2 0 0 0 2 0 2 3 0.75 0 0 0 0 1 1.0
0 1 0 1 0 -1 11 2 0 1 1 E E 1 2670.83579 0.01267 2 1157269 2670.90944 184 11 0.24789 1 2 3 1 0 1 0 1 0 1 3 0.83 0 0 0 0 0 2.0
0 0 1 0 1 0 7 4 1 0 1 E E 1 2565.08007 0.01076 2 468668 2565.06515 120 7 0.02746 1 4 3 1 0 0 1 0 1 0 3 0.95 0 0 1 0 0 0.0
0 0 1 0 1 0 7 4 1 0 1 E E 2 2565.07983 0.00523 2 504285 2565.06417 120 7 0.027459 2 4 3 1 0 0 1 0 1 0 3 0.95 0 0 1 0 0 0.0
0 0 1 0 -1 0 8 5 1 0 1 E E 1 2631.78359 0.01086 2 612134 2631.78238 136 8 0.031068 1 5 3 1 0 0 1 0 1 0 3 0.88 0 0 1 0 0 0.0
0 0 1 0 -1 0 8 5 1 0 1 E E 2 2631.7833 0.00623 2 653025 2631.78307 136 8 0.031058 2 5 3 1 0 0 1 0 1 0 3 0.88 0 0 1 0 0 0.0
0 0 0 2 0 -2 8 7 0 2 2 E E 2 2481.891 0.00623 1 653014 2481.91901 136 8 0.40465 2 7 3 2 0 0 0 2 0 2 3 0.98 0 0 0 0 1 1.0
0 0 0 2 0 -2 8 7 0 2 2 E E 1 2481.8913 0.00976 1 612122 2481.91901 136 8 0.40465 1 7 3 2 0 0 0 2 0 2 3 0.98 0 0 0 0 1 1.0
0 1 0 1 0 -1 11 2 0 1 1 E E 2 2671.1459 0.00823 2 1212009 2671.26604 184 11 0.24776 2 2 3 1 0 1 0 1 0 1 3 0.83 0 0 0 0 0 2.0
0 0 0 2 0 2 4 2 0 2 2 E E 2 2338.84747 0.00443 2 174812 2338.84064 72 4 0.24122 2 2 3 2 0 0 0 2 0 2 3 0.99 0 0 0 0 1 1.0
0 0 0 2 0 2 4 2 0 2 2 E E 1 2339.4808 0.01056 2 153045 2339.47746 72 4 0.24205 1 2 3 2 0 0 0 2 0 2 3 0.97 0 0 0 0 1 1.0
0 0 1 0 -1 0 8 8 1 0 1 E E 2 2613.17382 0.00723 1 653022 2613.0975 136 8 0.029495 2 8 3 1 0 0 1 0 1 0 3 0.98 0 0 1 0 0 0.0
0 0 1 0 -1 0 8 8 1 0 1 E E 1 2613.17384 0.01296 1 612131 2613.0975 136 8 0.029495 1 8 3 1 0 0 1 0 1 0 3 0.98 0 0 1 0 0 0.0
1 0 0 0 0 0 6 3 0 0 0 A A 1 2501.28025 0.01056 2 344331 2501.2624 104 6 0.045354 1 3 1 0 1 0 0 0 0 0 1 0.95 1 0 0 0 0 0.0
1 0 0 0 0 0 6 6 0 0 0 A A 2 2487.23259 0.00543 2 375664 2487.17622 104 6 0.049848 2 6 2 0 1 0 0 0 0 0 1 1 1 0 0 0 0 0.0
1 0 0 0 0 0 6 6 0 0 0 A A 1 2487.2328 0.00967 2 344329 2487.17622 104 6 0.049848 1 6 1 0 1 0 0 0 0 0 1 1 1 0 0 0 0 0.0
0 0 0 2 0 2 5 2 0 2 2 E E 2 2386.59215 0.00523 2 265168 2386.58653 88 5 0.24312 2 2 3 2 0 0 0 2 0 2 3 0.94 0 0 0 0 1 1.0
0 0 0 2 0 2 6 2 0 2 2 E E 2 2440.73058 0.00523 2 375662 2440.71204 104 6 0.24151 2 2 3 2 0 0 0 2 0 2 3 0.97 0 0 0 0 1 1.0
0 0 1 0 1 0 6 4 1 0 1 E E 1 2503.40681 0.01056 2 344332 2503.39487 104 6 0.027074 1 4 3 1 0 0 1 0 1 0 3 0.97 0 0 1 0 0 0.0
0 0 0 2 0 -2 6 4 0 2 2 E E 1 2388.53145 0.01056 3 344322 2388.53045 104 6 0.32325 1 4 3 2 0 0 0 2 0 2 3 0.92 0 0 0 0 1 1.0
0 0 0 2 0 -2 6 4 0 2 2 E E 2 2388.53171 0.00523 3 375658 2388.53057 104 6 0.32325 2 4 3 2 0 0 0 2 0 2 3 0.92 0 0 0 0 1 1.0
0 0 1 0 -1 0 7 5 1 0 1 E E 1 2561.56995 0.00967 3 468666 2561.56119 120 7 0.029697 1 5 3 1 0 0 1 0 1 0 3 0.93 0 0 1 0 0 0.0
0 0 0 2 0 2 7 2 0 2 2 E E 1 2505.36772 0.01067 2 468662 2505.34323 120 7 0.24103 1 2 3 2 0 0 0 2 0 2 3 0.96 0 0 0 0 1 1.0
0 1 0 1 0 -1 10 8 0 1 1 E E 2 2528.78352 0.00823 1 1006884 2528.82095 168 10 0.29465 2 8 3 1 0 1 0 1 0 1 3 0.93 0 0 0 0 0 2.0
0 0 0 2 0 2 6 2 0 2 2 E E 1 2443.25988 0.01067 2 344327 2443.25247 104 6 0.24364 1 2 3 2 0 0 0 2 0 2 3 0.9 0 0 0 0 1 1.0
0 0 0 2 0 2 8 2 0 2 2 E E 2 2579.06068 0.00623 2 653020 2579.02939 136 8 0.23995 2 2 3 2 0 0 0 2 0 2 3 0.95 0 0 0 0 1 1.0
0 1 0 1 0 -1 10 8 0 1 1 E E 1 2528.78335 0.01496 1 956424 2528.82095 168 10 0.29465 1 8 3 1 0 1 0 1 0 1 3 0.93 0 0 0 0 0 2.0
0 0 0 2 0 0 4 3 0 0 0 A A 2 2312.7083 0.00443 3 174810 2312.71701 72 4 0.24449 2 3 2 0 0 0 0 2 0 0 1 0.95 0 0 0 0 0 2.0
0 0 0 2 0 2 7 2 0 2 2 E E 2 2509.37759 0.00623 1 504279 2509.36858 120 7 0.24103 2 2 3 2 0 0 0 2 0 2 3 0.84 0 0 0 0 1 1.0
0 1 0 1 0 -1 14 5 0 1 1 E E 2 2989.81706 0.02023 1 1944162 2989.97639 232 14 0.25149 2 5 3 1 0 1 0 1 0 1 3 0.8 0 0 0 0 0 2.0
0 0 0 2 0 2 9 2 0 2 2 E E 1 2661.76086 0.01167 1 774713 2661.723 152 9 0.23764 1 2 3 2 0 0 0 2 0 2 3 0.93 0 0 0 0 1 1.0
0 0 1 0 1 0 5 4 1 0 1 E E 1 2450.51348 0.01056 3 239123 2450.50169 88 5 0.026737 1 4 3 1 0 0 1 0 1 0 3 0.98 0 0 1 0 0 0.0
0 0 0 2 0 2 10 2 0 2 2 E E 2 2753.46511 0.00723 2 1006899 2753.41892 168 10 0.22744 2 2 3 2 0 0 0 2 0 2 3 0.89 0 0 0 0 1 1.0
0 0 1 0 -1 0 6 5 1 0 1 E E 1 2500.04487 0.00967 2 344330 2500.02737 104 6 0.028758 1 5 3 1 0 0 1 0 1 0 3 0.97 0 0 1 0 0 0.0
0 0 0 2 0 0 5 3 0 0 0 A A 2 2358.54248 0.00443 3 265165 2358.55461 88 5 0.24735 2 3 2 0 0 0 0 2 0 0 1 0.9 0 0 0 0 0 2.0
0 0 0 2 0 0 5 0 0 0 0 A A 2 2365.75524 0.00423 2 265166 2365.75907 88 5 0.24117 2 0 2 0 0 0 0 2 0 0 1 0.93 0 0 0 0 0 2.0
0 0 1 0 1 0 4 4 1 0 1 E E 1 2406.41373 0.00956 2 153047 2406.40019 72 4 0.02645 1 4 3 1 0 0 1 0 1 0 3 0.99 0 0 1 0 0 0.0
0 0 0 2 0 2 6 5 0 2 2 E E 2 2446.06628 0.00543 2 375663 2446.07063 104 6 0.19745 2 5 3 2 0 0 0 2 0 2 3 0.97 0 0 0 0 1 1.0
0 0 0 2 0 2 6 5 0 2 2 E E 1 2446.0818 0.00967 2 344328 2446.08578 104 6 0.19777 1 5 3 2 0 0 0 2 0 2 3 0.97 0 0 0 0 1 1.0
0 0 0 2 0 -2 5 1 0 2 2 E E 2 2367.80651 0.00423 2 265167 2367.8223 88 5 0.2847 2 1 3 2 0 0 0 2 0 2 3 0.89 0 0 0 0 1 1.0
0 0 1 0 -1 0 5 5 1 0 1 E E 1 2447.2388 0.00967 1 239121 2447.21367 88 5 0.028265 1 5 3 1 0 0 1 0 1 0 3 0.99 0 0 1 0 0 0.0
0 0 1 0 -1 0 5 5 1 0 1 E E 2 2447.23869 0.00543 1 265170 2447.21366 88 5 0.028265 2 5 3 1 0 0 1 0 1 0 3 0.99 0 0 1 0 0 0.0
0 0 0 2 0 -2 8 4 0 2 2 E E 1 2524.59967 0.01067 3 612123 2524.58414 136 8 0.3042 1 4 3 2 0 0 0 2 0 2 3 0.84 0 0 0 0 1 1.0
0 0 0 2 0 -2 8 4 0 2 2 E E 2 2524.60046 0.00623 3 653015 2524.58491 136 8 0.3042 2 4 3 2 0 0 0 2 0 2 3 0.84 0 0 0 0 1 1.0
0 0 0 2 0 0 6 3 0 0 0 A A 1 2413.10409 0.01056 2 344324 2413.11539 104 6 0.24952 1 3 1 0 0 0 0 2 0 0 1 0.85 0 0 0 0 0 2.0
0 0 0 2 0 0 6 3 0 0 0 A A 2 2413.23463 0.00523 3 375660 2413.22666 104 6 0.24965 2 3 2 0 0 0 0 2 0 0 1 0.86 0 0 0 0 0 2.0
1 0 0 0 0 0 3 3 0 0 0 A A 1 2369.28597 0.01056 1 86087 2369.27679 56 3 0.049793 1 3 1 0 1 0 0 0 0 0 1 1 1 0 0 0 0 0.0
1 0 0 0 0 0 3 3 0 0 0 A A 2 2369.28611 0.00443 1 102580 2369.27678 56 3 0.049794 2 3 2 0 1 0 0 0 0 0 1 1 1 0 0 0 0 0.0
0 1 0 1 0 -1 10 5 0 1 1 E E 1 2556.76431 0.01186 1 956425 2556.80642 168 10 0.27182 1 5 3 1 0 1 0 1 0 1 3 0.89 0 0 0 0 0 2.0
0 0 0 2 0 2 8 5 0 2 2 E E 2 2586.21546 0.00623 2 653021 2586.19786 136 8 0.19583 2 5 3 2 0 0 0 2 0 2 3 0.92 0 0 0 0 1 1.0
0 0 0 2 0 2 8 5 0 2 2 E E 1 2586.6071 0.01086 2 612130 2586.58141 136 8 0.2058 1 5 3 2 0 0 0 2 0 2 3 0.78 0 0 0 0 1 1.0
0 1 0 1 0 -1 10 5 0 1 1 E E 2 2556.76456 0.00823 1 1006885 2556.80641 168 10 0.27182 2 5 3 1 0 1 0 1 0 1 3 0.89 0 0 0 0 0 2.0
0 0 0 2 0 0 6 0 0 0 0 A A 1 2420.49396 0.01056 2 344325 2420.4937 104 6 0.24035 1 0 1 0 0 0 0 2 0 0 1 0.91 0 0 0 0 0 2.0
0 0 0 2 0 -2 9 4 0 2 2 E E 2 2605.85449 0.00623 1 819892 2605.82984 152 9 0.29785 2 4 3 2 0 0 0 2 0 2 3 0.81 0 0 0 0 1 1.0
0 0 0 2 0 -2 9 4 0 2 2 E E 1 2605.85502 0.01167 1 774708 2605.83143 152 9 0.29785 1 4 3 2 0 0 0 2 0 2 3 0.81 0 0 0 0 1 1.0
0 0 0 2 0 -2 6 1 0 2 2 E E 1 2424.44484 0.01056 3 344326 2424.46878 104 6 0.28196 1 1 3 2 0 0 0 2 0 2 3 0.85 0 0 0 0 1 1.0
0 0 0 2 0 0 7 0 0 0 0 A A 2 2483.93535 0.00523 2 504277 2483.92737 120 7 0.23933 2 0 2 0 0 0 0 2 0 0 1 0.88 0 0 0 0 0 2.0
0 0 0 2 0 2 11 5 0 2 2 E E 1 2866.8982 0.01186 2 1157287 2866.77883 184 11 0.17017 1 5 3 2 0 0 0 2 0 2 3 0.78 0 0 0 0 1 1.0
0 1 0 1 0 1 13 7 0 1 1 E E 2 2904.21868 0.01269 2 1680657 2904.15128 216 13 0.22115 2 7 3 1 0 1 0 1 0 1 3 0.76 0 0 0 0 0 2.0
0 0 0 2 0 2 5 2 0 2 2 E E 1 2385.20457 0.01056 2 239119 2385.1926 88 5 0.24152 1 2 3 2 0 0 0 2 0 2 3 0.98 0 0 0 0 1 1.0
0 1 0 1 0 1 13 7 0 1 1 E E 1 2904.30973 0.01437 2 1616350 2904.24682 216 13 0.22073 1 7 3 1 0 1 0 1 0 1 3 0.77 0 0 0 0 0 2.0
0 0 0 2 0 -2 7 1 0 2 2 E E 2 2490.42016 0.00523 1 504278 2490.44859 120 7 0.27907 2 1 3 2 0 0 0 2 0 2 3 0.81 0 0 0 0 1 1.0
1 0 0 0 0 0 11 9 0 0 0 A A 1 2859.51872 0.01437 2 1157286 2859.43399 184 11 0.046035 1 9 1 0 1 0 0 0 0 0 1 0.92 1 0 0 0 0 0.0
0 0 0 2 0 0 9 0 0 0 0 A A 2 2636.89748 0.00623 2 819895 2636.86828 152 9 0.23616 2 0 2 0 0 0 0 2 0 0 1 0.82 0 0 0 0 0 2.0
1 0 0 0 0 0 9 9 0 0 0 A A 1 2674.66002 0.01296 1 774715 2674.52999 152 9 0.049922 1 9 1 0 1 0 0 0 0 0 1 1 1 0 0 0 0 0.0
1 0 0 0 0 0 9 9 0 0 0 A A 2 2674.66 0.00723 1 819900 2674.52999 152 9 0.049922 2 9 2 0 1 0 0 0 0 0 1 1 1 0 0 0 0 0.0
1 0 0 0 0 0 9 6 0 0 0 A A 1 2698.91031 0.01086 3 774718 2698.90986 152 9 0.039278 1 6 1 0 1 0 0 0 0 0 1 0.79 1 0 0 0 0 0.0
0 0 1 0 1 0 10 4 1 0 1 E E 1 2802.57953 0.01267 2 956449 2802.51084 168 10 0.028952 1 4 3 1 0 0 1 0 1 0 3 0.86 0 0 1 0 0 0.0
0 0 1 0 1 0 10 4 1 0 1 E E 2 2802.59826 0.00723 3 1006908 2802.54047 168 10 0.028827 2 4 3 1 0 0 1 0 1 0 3 0.87 0 0 1 0 0 0.0
0 1 0 1 0 -1 10 2 0 1 1 E E 2 2575.80235 0.00723 2 1006886 2575.85388 168 10 0.25229 2 2 3 1 0 1 0 1 0 1 3 0.85 0 0 0 0 0 2.0
1 0 0 0 0 0 4 3 0 0 0 A A 1 2404.49512 0.00956 2 153046 2404.48298 72 4 0.049012 1 3 1 0 1 0 0 0 0 0 1 0.99 1 0 0 0 0 0.0
0 0 0 2 0 0 9 6 0 0 0 A A 2 2622.55514 0.00623 1 819893 2622.63774 152 9 0.26481 2 6 2 0 0 0 0 2 0 0 1 0.78 0 0 0 0 0 2.0
0 1 0 1 0 -1 10 2 0 1 1 E E 1 2576.04141 0.01267 2 956426 2576.12868 168 10 0.25227 1 2 3 1 0 1 0 1 0 1 3 0.86 0 0 0 0 0 2.0
0 0 1 0 1 0 10 1 1 0 1 E E 1 2809.21746 0.01167 3 956451 2809.17914 168 10 0.027382 1 1 3 1 0 0 1 0 1 0 3 0.79 0 0 1 0 0 0.0
0 1 0 1 0 1 12 4 0 1 1 E E 2 2797.55861 0.01269 1 1437275 2797.46739 200 12 0.23359 2 4 3 1 0 1 0 1 0 1 3 0.73 0 0 0 0 0 2.0
0 1 0 1 0 -1 9 8 0 1 1 E E 1 2441.75415 0.01496 1 774700 2441.77761 152 9 0.29959 1 8 3 1 0 1 0 1 0 1 3 0.96 0 0 0 0 0 2.0
0 1 0 1 0 -1 9 8 0 1 1 E E 2 2441.75381 0.00823 1 819884 2441.77761 152 9 0.29959 2 8 3 1 0 1 0 1 0 1 3 0.96 0 0 0 0 0 2.0
0 0 1 0 -1 0 10 5 1 0 1 E E 2 2798.1728 0.00723 1 1006906 2798.18664 168 10 0.034206 2 5 3 1 0 0 1 0 1 0 3 0.76 0 0 1 0 0 0.0
0 1 0 1 0 -1 13 11 0 1 1 E E 1 2805.35712 0.01937 1 1616342 2805.48116 216 13 0.30466 1 11 3 1 0 1 0 1 0 1 3 0.9 0 0 0 0 0 2.0
0 0 1 0 -1 0 12 8 1 0 1 E E 2 2982.80091 0.00923 2 1437292 2982.9311 200 12 0.034779 2 8 3 1 0 0 1 0 1 0 3 0.87 0 0 1 0 0 0.0
0 0 0 2 0 0 10 6 0 0 0 A A 1 2716.03692 0.01086 1 956435 2716.1151 168 10 0.25915 1 6 1 0 0 0 0 2 0 0 1 0.71 0 0 0 0 0 2.0
1 0 0 0 0 0 5 3 0 0 0 A A 1 2448.49539 0.01056 1 239122 2448.4801 88 5 0.047614 1 3 1 0 1 0 0 0 0 0 1 0.98 1 0 0 0 0 0.0
0 1 0 1 0 -1 13 11 0 1 1 E E 2 2805.35717 0.01523 1 1680650 2805.48116 216 13 0.30466 2 11 3 1 0 1 0 1 0 1 3 0.9 0 0 0 0 0 2.0
0 1 0 1 0 -1 9 5 0 1 1 E E 2 2469.89993 0.00723 2 819885 2469.92116 152 9 0.27604 2 5 3 1 0 1 0 1 0 1 3 0.91 0 0 0 0 0 2.0
0 0 1 0 1 0 7 7 1 0 1 E E 1 2547.59766 0.00967 1 468664 2547.50354 120 7 0.027725 1 7 3 1 0 0 1 0 1 0 3 0.91 0 0 1 0 0 0.0
0 0 1 0 1 0 7 7 1 0 1 E E 2 2547.59755 0.00543 1 504281 2547.50354 120 7 0.027725 2 7 3 1 0 0 1 0 1 0 3 0.91 0 0 1 0 0 0.0
0 1 0 1 0 -1 9 5 0 1 1 E E 1 2469.89875 0.01167 2 774701 2469.92116 152 9 0.27604 1 5 3 1 0 1 0 1 0 1 3 0.91 0 0 0 0 0 2.0
0 0 1 0 1 0 8 7 1 0 1 E E 2 2617.82335 0.00623 1 653023 2617.70138 136 8 0.029049 2 7 3 1 0 0 1 0 1 0 3 0.85 0 0 1 0 0 0.0
0 0 1 0 1 0 8 7 1 0 1 E E 1 2617.82366 0.00976 1 612132 2617.70138 136 8 0.029049 1 7 3 1 0 0 1 0 1 0 3 0.85 0 0 1 0 0 0.0
0 0 1 0 1 0 9 7 1 0 1 E E 1 2696.75635 0.01086 1 774717 2696.61632 152 9 0.030024 1 7 3 1 0 0 1 0 1 0 3 0.8 0 0 1 0 0 0.0
0 0 1 0 1 0 9 7 1 0 1 E E 2 2696.75598 0.00623 1 819902 2696.61632 152 9 0.030024 2 7 3 1 0 0 1 0 1 0 3 0.8 0 0 1 0 0 0.0
0 1 0 1 0 1 12 7 0 1 1 E E 1 2790.85847 0.01286 2 1377245 2790.81779 200 12 0.22146 1 7 3 1 0 1 0 1 0 1 3 0.8 0 0 0 0 0 2.0
0 1 0 1 0 1 12 7 0 1 1 E E 2 2790.9182 0.00823 2 1437274 2790.88038 200 12 0.22119 2 7 3 1 0 1 0 1 0 1 3 0.81 0 0 0 0 0 2.0
1 0 0 0 0 0 10 3 0 0 0 A A 1 2799.99295 0.01167 1 956448 2800.03543 168 10 0.03392 1 3 1 0 1 0 0 0 0 0 1 0.69 1 0 0 0 0 0.0
0 1 0 1 0 1 11 4 0 1 1 E E 1 2692.2231 0.01367 1 1157273 2692.14937 184 11 0.23456 1 4 3 1 0 1 0 1 0 1 3 0.77 0 0 0 0 0 2.0
0 1 0 1 0 -1 9 2 0 1 1 E E 1 2489.30357 0.01167 2 774702 2489.33587 152 9 0.25643 1 2 3 1 0 1 0 1 0 1 3 0.88 0 0 0 0 0 2.0
0 1 0 1 0 -1 9 2 0 1 1 E E 2 2489.47864 0.00723 2 819886 2489.53548 152 9 0.25648 2 2 3 1 0 1 0 1 0 1 3 0.88 0 0 0 0 0 2.0
0 2 0 0 0 0 5 0 0 0 0 A A 2 2096.9171 0.00423 1 265159 2096.90204 88 5 0.24646 2 0 2 0 0 2 0 0 0 0 1 0.97 0 0 0 0 1 1.0
0 1 0 1 0 -1 13 8 0 1 1 E E 1 2841.61386 0.01736 1 1616343 2841.73175 216 13 0.27801 1 8 3 1 0 1 0 1 0 1 3 0.85 0 0 0 0 0 2.0
0 1 0 1 0 1 10 7 0 1 1 E E 1 2590.63827 0.01186 3 956428 2590.65142 168 10 0.22272 1 7 3 1 0 1 0 1 0 1 3 0.88 0 0 0 0 0 2.0
0 2 0 0 0 0 5 3 0 0 0 A A 2 2095.25201 0.00443 2 265158 2095.24532 88 5 0.24972 2 3 2 0 0 2 0 0 0 0 1 0.98 0 0 0 0 1 1.0
0 1 0 1 0 -1 14 14 0 1 1 E E 1 2881.28538 0.02337 1 1874574 2881.50444 232 14 0.33497 1 14 3 1 0 1 0 1 0 1 3 0.97 0 0 0 0 0 2.0
0 1 0 1 0 -1 13 8 0 1 1 E E 2 2841.61405 0.01523 1 1680651 2841.73175 216 13 0.27801 2 8 3 1 0 1 0 1 0 1 3 0.85 0 0 0 0 0 2.0
0 1 0 1 0 1 11 7 0 1 1 E E 2 2686.32951 0.00823 2 1212011 2686.31536 184 11 0.22196 2 7 3 1 0 1 0 1 0 1 3 0.84 0 0 0 0 0 2.0
0 1 0 1 0 1 11 7 0 1 1 E E 1 2686.36387 0.01286 1 1157272 2686.35241 184 11 0.22178 1 7 3 1 0 1 0 1 0 1 3 0.85 0 0 0 0 0 2.0
0 1 0 1 0 1 12 10 0 1 1 E E 2 2778.52621 0.01023 1 1437272 2778.61909 200 12 0.20864 2 10 3 1 0 1 0 1 0 1 3 0.9 0 0 0 0 0 2.0
0 1 0 1 0 1 12 10 0 1 1 E E 1 2778.52619 0.01437 1 1377244 2778.62054 200 12 0.20864 1 10 3 1 0 1 0 1 0 1 3 0.9 0 0 0 0 0 2.0
0 2 0 0 0 0 8 3 0 0 0 A A 1 2269.63218 0.01067 2 612114 2269.58218 136 8 0.23592 1 3 1 0 0 2 0 0 0 0 1 0.93 0 0 0 0 1 1.0
0 1 0 1 0 1 10 4 0 1 1 E E 2 2595.7491 0.00823 1 1006890 2595.69314 168 10 0.23544 2 4 3 1 0 1 0 1 0 1 3 0.81 0 0 0 0 0 2.0
0 2 0 0 0 0 6 3 0 0 0 A A 2 2145.02249 0.00523 1 375653 2145.00845 104 6 0.24545 2 3 2 0 0 2 0 0 0 0 1 0.97 0 0 0 0 1 1.0
0 1 0 1 0 -1 8 2 0 1 1 E E 2 2411.36644 0.00623 2 653010 2411.38178 136 8 0.26021 2 2 3 1 0 1 0 1 0 1 3 0.9 0 0 0 0 0 2.0
0 1 0 1 0 -1 8 2 0 1 1 E E 1 2411.48476 0.01167 2 612118 2411.51729 136 8 0.26028 1 2 3 1 0 1 0 1 0 1 3 0.9 0 0 0 0 0 2.0
0 2 0 0 0 0 8 3 0 0 0 A A 2 2269.64961 0.00623 2 653007 2269.59988 136 8 0.23593 2 3 2 0 0 2 0 0 0 0 1 0.94 0 0 0 0 1 1.0
0 2 0 0 0 0 7 3 0 0 0 A A 2 2203.14311 0.00523 2 504266 2203.11098 120 7 0.24081 2 3 2 0 0 2 0 0 0 0 1 0.95 0 0 0 0 1 1.0
0 2 0 0 0 0 7 3 0 0 0 A A 1 2203.14768 0.01244 2 468651 2203.11982 120 7 0.24082 1 3 1 0 0 2 0 0 0 0 1 0.95 0 0 0 0 1 1.0
0 1 0 1 0 1 10 7 0 1 1 E E 2 2590.65576 0.00723 2 1006889 2590.67055 168 10 0.22261 2 7 3 1 0 1 0 1 0 1 3 0.89 0 0 0 0 0 2.0
0 1 0 1 0 1 9 4 0 1 1 E E 1 2508.16201 0.01167 2 774705 2508.12402 152 9 0.2363 1 4 3 1 0 1 0 1 0 1 3 0.85 0 0 0 0 0 2.0
0 1 0 1 0 1 9 4 0 1 1 E E 2 2508.44256 0.00723 2 819889 2508.39072 152 9 0.23909 2 4 3 1 0 1 0 1 0 1 3 0.76 0 0 0 0 0 2.0
0 1 0 1 0 1 11 10 0 1 1 E E 1 2674.59833 0.01437 1 1157270 2674.73709 184 11 0.21043 1 10 3 1 0 1 0 1 0 1 3 0.94 0 0 0 0 0 2.0
0 1 0 1 0 1 11 10 0 1 1 E E 2 2674.59827 0.00923 1 1212010 2674.7373 184 11 0.21043 2 10 3 1 0 1 0 1 0 1 3 0.94 0 0 0 0 0 2.0
0 1 0 1 0 -1 7 2 0 1 1 E E 1 2342.0175 0.01067 2 468653 2342.02038 120 7 0.26355 1 2 3 1 0 1 0 1 0 1 3 0.92 0 0 0 0 0 2.0
0 1 0 1 0 -1 7 2 0 1 1 E E 2 2342.0923 0.00623 2 504269 2342.1054 120 7 0.26362 2 2 3 1 0 1 0 1 0 1 3 0.92 0 0 0 0 0 2.0
0 1 0 1 0 1 8 1 0 1 1 E E 1 2427.79758 0.01167 1 612120 2427.70532 136 8 0.25098 1 1 3 1 0 1 0 1 0 1 3 0.82 0 0 0 0 0 2.0
0 1 0 1 0 1 8 4 0 1 1 E E 1 2429.57869 0.01167 3 612121 2429.55298 136 8 0.23829 1 4 3 1 0 1 0 1 0 1 3 0.86 0 0 0 0 0 2.0
0 2 0 0 0 0 11 0 0 0 0 A A 2 2521.54657 0.00723 1 1212005 2521.37453 184 11 0.21861 2 0 2 0 0 2 0 0 0 0 1 0.87 0 0 0 0 1 1.0
0 1 0 1 0 1 8 4 0 1 1 E E 2 2429.4708 0.00723 1 653013 2429.45034 136 8 0.23723 2 4 3 1 0 1 0 1 0 1 3 0.89 0 0 0 0 0 2.0
0 2 0 0 0 0 12 0 0 0 0 A A 1 2621.72725 0.01267 1 1377239 2621.50521 200 12 0.21364 1 0 1 0 0 2 0 0 0 0 1 0.85 0 0 0 0 1 1.0
0 1 0 1 0 -1 6 2 0 1 1 E E 2 2281.28726 0.00523 2 375655 2281.28089 104 6 0.26641 2 2 3 1 0 1 0 1 0 1 3 0.94 0 0 0 0 0 2.0
0 1 0 1 0 -1 6 2 0 1 1 E E 1 2281.32947 0.01067 2 344319 2281.32945 104 6 0.26645 1 2 3 1 0 1 0 1 0 1 3 0.94 0 0 0 0 0 2.0
0 1 0 1 0 1 7 1 0 1 1 E E 2 2357.47293 0.00623 1 504271 2357.39229 120 7 0.25296 2 1 3 1 0 1 0 1 0 1 3 0.87 0 0 0 0 0 2.0
0 1 0 1 0 -1 14 11 0 1 1 E E 2 2927.04043 0.02023 1 1944159 2927.19873 232 14 0.29724 2 11 3 1 0 1 0 1 0 1 3 0.86 0 0 0 0 0 2.0
0 1 0 1 0 -1 13 5 0 1 1 E E 2 2868.78977 0.01269 2 1680653 2868.91638 216 13 0.25697 2 5 3 1 0 1 0 1 0 1 3 0.82 0 0 0 0 0 2.0
0 2 0 0 0 0 10 6 0 0 0 A A 1 2422.04908 0.01086 1 956421 2422.00254 168 10 0.23277 1 6 1 0 0 2 0 0 0 0 1 0.92 0 0 0 0 1 1.0
0 2 0 0 0 0 10 6 0 0 0 A A 2 2422.04887 0.00723 1 1006882 2422.00266 168 10 0.23277 2 6 2 0 0 2 0 0 0 0 1 0.92 0 0 0 0 1 1.0
0 1 0 1 0 -1 5 5 0 1 1 E E 1 2209.02858 0.00967 1 239112 2209.01842 88 5 0.28888 1 5 3 1 0 1 0 1 0 1 3 0.99 0 0 0 0 0 2.0
0 1 0 1 0 -1 5 5 0 1 1 E E 2 2209.02847 0.00543 1 265160 2209.01842 88 5 0.28888 2 5 3 1 0 1 0 1 0 1 3 0.99 0 0 0 0 0 2.0
0 1 0 1 0 -1 13 5 0 1 1 E E 1 2868.78969 0.01437 2 1616345 2868.91627 216 13 0.25697 1 5 3 1 0 1 0 1 0 1 3 0.82 0 0 0 0 0 2.0
0 2 0 0 0 0 11 6 0 0 0 A A 2 2513.53712 0.00723 1 1212003 2513.46029 184 11 0.22691 2 6 2 0 0 2 0 0 0 0 1 0.9 0 0 0 0 1 1.0
0 2 0 0 0 0 11 6 0 0 0 A A 1 2513.53687 0.01186 1 1157264 2513.46061 184 11 0.22691 1 6 1 0 0 2 0 0 0 0 1 0.9 0 0 0 0 1 1.0
0 1 0 1 0 1 7 4 0 1 1 E E 1 2359.66455 0.01067 2 468656 2359.66153 120 7 0.23827 1 4 3 1 0 1 0 1 0 1 3 0.92 0 0 0 0 0 2.0
0 1 0 1 0 1 7 4 0 1 1 E E 2 2359.69856 0.00623 1 504272 2359.69324 120 7 0.23856 2 4 3 1 0 1 0 1 0 1 3 0.91 0 0 0 0 0 2.0
0 1 0 1 0 1 8 7 0 1 1 E E 1 2425.7438 0.01086 2 612119 2425.80665 136 8 0.22514 1 7 3 1 0 1 0 1 0 1 3 0.95 0 0 0 0 0 2.0
0 1 0 1 0 1 8 7 0 1 1 E E 2 2425.74351 0.00623 2 653012 2425.80947 136 8 0.2251 2 7 3 1 0 1 0 1 0 1 3 0.95 0 0 0 0 0 2.0
0 2 0 0 0 0 12 6 0 0 0 A A 1 2613.45179 0.01186 1 1377237 2613.33573 200 12 0.22114 1 6 1 0 0 2 0 0 0 0 1 0.88 0 0 0 0 1 1.0
0 2 0 0 0 0 12 6 0 0 0 A A 2 2613.45204 0.00823 1 1437266 2613.33648 200 12 0.22114 2 6 2 0 0 2 0 0 0 0 1 0.88 0 0 0 0 1 1.0
0 1 0 1 0 1 6 1 0 1 1 E E 1 2295.91828 0.01156 1 344320 2295.85323 104 6 0.25428 1 1 3 1 0 1 0 1 0 1 3 0.9 0 0 0 0 0 2.0
0 1 0 1 0 -1 5 2 0 1 1 E E 1 2229.20111 0.01056 2 239113 2229.1898 88 5 0.26879 1 2 3 1 0 1 0 1 0 1 3 0.96 0 0 0 0 0 2.0
0 1 0 1 0 -1 5 2 0 1 1 E E 2 2229.2222 0.00523 2 265161 2229.21443 88 5 0.26882 2 2 3 1 0 1 0 1 0 1 3 0.96 0 0 0 0 0 2.0
0 2 0 0 0 0 9 6 0 0 0 A A 2 2338.9757 0.00723 1 819881 2338.95385 152 9 0.23867 2 6 2 0 0 2 0 0 0 0 1 0.94 0 0 0 0 1 1.0
0 1 0 1 0 1 6 4 0 1 1 E E 2 2298.71784 0.00523 3 375657 2298.72888 104 6 0.23942 2 4 3 1 0 1 0 1 0 1 3 0.95 0 0 0 0 0 2.0
0 1 0 1 0 1 7 7 0 1 1 E E 2 2356.49292 0.00543 3 504270 2356.58336 120 7 0.22681 2 7 3 1 0 1 0 1 0 1 3 0.98 0 0 0 0 0 2.0
0 1 0 1 0 1 7 7 0 1 1 E E 1 2356.49318 0.00967 3 468655 2356.5841 120 7 0.22679 1 7 3 1 0 1 0 1 0 1 3 0.98 0 0 0 0 0 2.0
0 2 0 0 0 0 10 9 0 0 0 A A 2 2413.02728 0.00723 1 1006881 2413.07048 168 10 0.24726 2 9 2 0 0 2 0 0 0 0 1 0.96 0 0 0 0 1 1.0
0 2 0 0 0 0 10 9 0 0 0 A A 1 2413.0273 0.01296 1 956420 2413.07048 168 10 0.24726 1 9 1 0 0 2 0 0 0 0 1 0.96 0 0 0 0 1 1.0
0 1 0 1 0 -1 4 2 0 1 1 E E 2 2185.78077 0.00523 1 174806 2185.7677 72 4 0.27073 2 2 3 1 0 1 0 1 0 1 3 0.97 0 0 0 0 0 2.0
0 1 0 1 0 -1 4 2 0 1 1 E E 1 2185.79 0.01056 1 153038 2185.7783 72 4 0.27074 1 2 3 1 0 1 0 1 0 1 3 0.97 0 0 0 0 0 2.0
0 2 0 0 0 0 12 9 0 0 0 A A 2 2603.57306 0.00823 1 1437265 2603.58056 200 12 0.23256 2 9 2 0 0 2 0 0 0 0 1 0.92 0 0 0 0 1 1.0
0 2 0 0 0 0 12 9 0 0 0 A A 1 2603.57289 0.01496 1 1377236 2603.58056 200 12 0.23256 1 9 1 0 0 2 0 0 0 0 1 0.92 0 0 0 0 1 1.0
0 1 0 1 0 1 5 4 0 1 1 E E 1 2246.58468 0.01056 2 239115 2246.61025 88 5 0.24064 1 4 3 1 0 1 0 1 0 1 3 0.97 0 0 0 0 0 2.0
0 1 0 1 0 1 5 4 0 1 1 E E 2 2246.58476 0.00523 2 265163 2246.61168 88 5 0.24066 2 4 3 1 0 1 0 1 0 1 3 0.97 0 0 0 0 0 2.0
0 1 0 1 0 1 4 1 0 1 1 E E 1 2199.2392 0.01056 1 153039 2199.20656 72 4 0.25613 1 1 3 1 0 1 0 1 0 1 3 0.95 0 0 0 0 0 2.0
0 1 0 1 0 1 4 4 0 1 1 E E 2 2203.21874 0.00523 2 174808 2203.25716 72 4 0.2419 2 4 3 1 0 1 0 1 0 1 3 0.99 0 0 0 0 0 2.0
0 1 0 1 0 1 4 4 0 1 1 E E 1 2203.21858 0.00956 2 153040 2203.2573 72 4 0.2419 1 4 3 1 0 1 0 1 0 1 3 0.99 0 0 0 0 0 2.0
0 1 0 1 0 -1 14 11 0 1 1 E E 1 2927.04014 0.01887 1 1874575 2927.19873 232 14 0.29724 1 11 3 1 0 1 0 1 0 1 3 0.86 0 0 0 0 0 2.0
0 1 0 1 0 1 3 1 0 1 1 E E 2 2164.11994 0.00323 2 102575 2164.10202 56 3 0.25686 2 1 3 1 0 1 0 1 0 1 3 0.97 0 0 0 0 0 2.0
0 1 0 1 0 -1 8 5 0 1 1 E E 1 2391.66666 0.01167 1 612117 2391.67212 136 8 0.27983 1 5 3 1 0 1 0 1 0 1 3 0.93 0 0 0 0 0 2.0
0 1 0 1 0 -1 8 5 0 1 1 E E 2 2391.66613 0.00623 1 653009 2391.67212 136 8 0.27983 2 5 3 1 0 1 0 1 0 1 3 0.93 0 0 0 0 0 2.0
0 2 0 0 0 0 13 12 0 0 0 A A 1 2698.20459 0.01496 1 1616338 2698.35051 216 13 0.24459 1 12 1 0 0 2 0 0 0 0 1 0.95 0 0 0 0 1 1.0
0 2 0 0 0 0 13 12 0 0 0 A A 2 2698.20414 0.01323 1 1680645 2698.35051 216 13 0.24459 2 12 2 0 0 2 0 0 0 0 1 0.95 0 0 0 0 1 1.0
0 1 0 1 0 1 2 1 0 1 1 E E 1 2137.79976 0.00996 2 38267 2137.79457 40 2 0.25744 1 1 3 1 0 1 0 1 0 1 3 0.99 0 0 0 0 0 2.0
0 1 0 1 0 -1 13 2 0 1 1 E E 1 2886.41929 0.01437 2 1616347 2886.53868 216 13 0.23875 1 2 3 1 0 1 0 1 0 1 3 0.78 0 0 0 0 0 2.0
0 1 0 1 0 -1 12 2 0 1 1 E E 1 2774.76209 0.01367 2 1377243 2774.91804 200 12 0.24305 1 2 3 1 0 1 0 1 0 1 3 0.81 0 0 0 0 0 2.0
0 1 0 1 0 1 12 1 0 1 1 E E 2 2781.63958 0.00823 1 1437273 2781.80384 200 12 0.23145 2 1 3 1 0 1 0 1 0 1 3 0.91 0 0 0 0 0 2.0
0 1 0 1 0 1 11 1 0 1 1 E E 1 2678.53496 0.01267 1 1157271 2678.67773 184 11 0.23468 1 1 3 1 0 1 0 1 0 1 3 0.92 0 0 0 0 0 2.0
0 1 0 1 0 1 1 1 0 1 1 E E 2 2120.26511 0.00223 2 16494 2120.26817 24 1 0.25784 2 1 3 1 0 1 0 1 0 1 3 1 0 0 0 0 0 2.0
0 1 0 1 0 1 10 1 0 1 1 E E 2 2583.9966 0.00723 1 1006888 2584.11875 168 10 0.23784 2 1 3 1 0 1 0 1 0 1 3 0.93 0 0 0 0 0 2.0
0 1 0 1 0 1 9 1 0 1 1 E E 1 2498.04095 0.01167 1 774703 2498.14357 152 9 0.24091 1 1 3 1 0 1 0 1 0 1 3 0.94 0 0 0 0 0 2.0
0 1 0 1 0 1 8 1 0 1 1 E E 2 2420.68105 0.00623 1 653011 2420.76527 136 8 0.24386 2 1 3 1 0 1 0 1 0 1 3 0.96 0 0 0 0 0 2.0
0 1 0 1 0 -1 3 2 0 1 1 E E 1 2151.04126 0.00956 1 86082 2151.02739 56 3 0.27225 1 2 3 1 0 1 0 1 0 1 3 0.99 0 0 0 0 0 2.0
0 1 0 1 0 -1 3 2 0 1 1 E E 2 2151.04146 0.00523 1 102574 2151.03092 56 3 0.27226 2 2 3 1 0 1 0 1 0 1 3 0.99 0 0 0 0 0 2.0
0 2 0 0 0 0 8 6 0 0 0 A A 1 2264.30503 0.01086 1 612113 2264.29982 136 8 0.24452 1 6 1 0 0 2 0 0 0 0 1 0.96 0 0 0 0 1 1.0
0 1 0 1 0 1 7 1 0 1 1 E E 1 2351.92466 0.01156 1 468654 2351.99276 120 7 0.24664 1 1 3 1 0 1 0 1 0 1 3 0.97 0 0 0 0 0 2.0
0 1 0 1 0 1 6 1 0 1 1 E E 2 2291.77741 0.00523 1 375656 2291.83061 104 6 0.24923 2 1 3 1 0 1 0 1 0 1 3 0.97 0 0 0 0 0 2.0
0 2 0 0 0 0 0 0 0 0 0 A A 1 1972.56996 0.00996 1 3 1972.57604 8 0 0.25786 1 0 1 0 0 2 0 0 0 0 1 1 0 0 0 0 1 1.0
0 1 0 1 0 1 5 1 0 1 1 E E 1 2240.23875 0.01056 1 239114 2240.27929 88 5 0.25157 1 1 3 1 0 1 0 1 0 1 3 0.98 0 0 0 0 0 2.0
0 1 0 1 0 1 4 1 0 1 1 E E 2 2197.30578 0.00423 1 174807 2197.3357 72 4 0.25363 2 1 3 1 0 1 0 1 0 1 3 0.99 0 0 0 0 0 2.0
0 0 0 2 0 0 12 12 0 0 0 A A 2 2839.15204 0.01423 1 1437277 2839.45098 200 12 0.22639 2 12 2 0 0 0 0 2 0 0 1 0.97 0 0 0 0 0 2.0
0 0 0 2 0 0 12 12 0 0 0 A A 1 2839.152 0.01937 1 1377249 2839.45098 200 12 0.22639 1 12 1 0 0 0 0 2 0 0 1 0.97 0 0 0 0 0 2.0
0 1 0 1 0 1 3 1 0 1 1 E E 1 2162.97287 0.00996 1 86083 2162.99401 56 3 0.25535 1 1 3 1 0 1 0 1 0 1 3 0.99 0 0 0 0 0 2.0
0 1 0 1 0 -1 12 8 0 1 1 E E 2 2728.75498 0.01023 1 1437269 2728.84066 200 12 0.28387 2 8 3 1 0 1 0 1 0 1 3 0.87 0 0 0 0 0 2.0
0 1 0 1 0 1 2 1 0 1 1 E E 2 2137.23214 0.00323 1 50467 2137.24694 40 2 0.25668 2 1 3 1 0 1 0 1 0 1 3 1 0 0 0 0 0 2.0
0 1 0 1 0 1 1 1 0 1 1 E E 1 2120.07637 0.00996 1 9570 2120.08721 24 1 0.25759 1 1 3 1 0 1 0 1 0 1 3 1 0 0 0 0 0 2.0
0 1 0 1 0 -1 12 8 0 1 1 E E 1 2728.75497 0.01437 1 1377241 2728.84066 200 12 0.28387 1 8 3 1 0 1 0 1 0 1 3 0.87 0 0 0 0 0 2.0
0 1 0 1 0 1 6 4 0 1 1 E E 1 2298.72262 0.01056 2 344321 2298.73674 104 6 0.23948 1 4 3 1 0 1 0 1 0 1 3 0.95 0 0 0 0 0 2.0
0 1 0 1 0 -1 14 8 0 1 1 E E 2 2962.99795 0.02023 1 1944160 2963.15085 232 14 0.27188 2 8 3 1 0 1 0 1 0 1 3 0.82 0 0 0 0 0 2.0
0 0 0 2 0 0 10 3 0 0 0 A A 1 2719.04319 0.01267 1 956436 2719.03685 168 10 0.25546 1 3 1 0 0 0 0 2 0 0 1 0.68 0 0 0 0 0 2.0
0 1 0 1 0 -1 12 5 0 1 1 E E 1 2756.24652 0.01437 1 1377242 2756.34204 200 12 0.26224 1 5 3 1 0 1 0 1 0 1 3 0.84 0 0 0 0 0 2.0
0 0 0 2 0 0 10 0 0 0 0 A A 1 2726.42554 0.01267 1 956437 2726.38255 168 10 0.23409 1 0 1 0 0 0 0 2 0 0 1 0.8 0 0 0 0 0 2.0
0 1 0 1 0 -1 12 5 0 1 1 E E 2 2756.24665 0.01269 1 1437270 2756.34199 200 12 0.26224 2 5 3 1 0 1 0 1 0 1 3 0.84 0 0 0 0 0 2.0
0 0 0 2 0 0 9 3 0 0 0 A A 2 2629.26372 0.00723 1 819894 2629.26447 152 9 0.25088 2 3 2 0 0 0 0 2 0 0 1 0.74 0 0 0 0 0 2.0
0 1 0 1 0 -1 14 8 0 1 1 E E 1 2962.99773 0.01837 1 1874576 2963.15085 232 14 0.27188 1 8 3 1 0 1 0 1 0 1 3 0.82 0 0 0 0 0 2.0
0 0 0 2 0 0 8 3 0 0 0 A A 2 2548.7807 0.00723 1 653017 2548.73798 136 8 0.25119 2 3 2 0 0 0 0 2 0 0 1 0.79 0 0 0 0 0 2.0
0 0 0 2 0 0 8 0 0 0 0 A A 1 2556.06877 0.01167 1 612126 2556.05096 136 8 0.23792 1 0 1 0 0 0 0 2 0 0 1 0.85 0 0 0 0 0 2.0
0 0 0 2 0 0 6 6 0 0 0 A A 1 2395.02587 0.00967 2 344323 2395.09316 104 6 0.24783 1 6 1 0 0 0 0 2 0 0 1 0.93 0 0 0 0 0 2.0
0 0 0 2 0 0 6 6 0 0 0 A A 2 2395.02567 0.00543 2 375659 2395.09319 104 6 0.24782 2 6 2 0 0 0 0 2 0 0 1 0.93 0 0 0 0 0 2.0
0 0 0 2 0 -2 8 1 0 2 2 E E 1 2565.52937 0.01167 2 612127 2565.5592 136 8 0.27578 1 1 3 2 0 0 0 2 0 2 3 0.77 0 0 0 0 1 1.0
0 2 0 0 0 0 3 3 0 0 0 A A 2 2020.6906 0.00523 1 102572 2020.69516 56 3 0.25672 2 3 2 0 0 2 0 0 0 0 1 1 0 0 0 0 1 1.0
0 0 0 2 0 0 5 3 0 0 0 A A 1 2358.60303 0.01056 2 239117 2358.60664 88 5 0.24736 1 3 1 0 0 0 0 2 0 0 1 0.9 0 0 0 0 0 2.0
0 0 0 2 0 0 4 3 0 0 0 A A 1 2312.68895 0.01056 2 153042 2312.70023 72 4 0.2445 1 3 1 0 0 0 0 2 0 0 1 0.95 0 0 0 0 0 2.0
0 0 0 2 0 0 4 0 0 0 0 A A 1 2319.755 0.01056 1 153043 2319.75991 72 4 0.24452 1 0 1 0 0 0 0 2 0 0 1 0.9 0 0 0 0 0 2.0
0 0 0 2 0 -2 4 1 0 2 2 E E 1 2320.71819 0.01056 1 153044 2320.72529 72 4 0.28336 1 1 3 2 0 0 0 2 0 2 3 0.88 0 0 0 0 1 1.0
0 0 0 2 0 -2 3 1 0 2 2 E E 2 2283.25397 0.00423 1 102578 2283.25527 56 3 0.27212 2 1 3 2 0 0 0 2 0 2 3 0.76 0 0 0 0 1 1.0
0 1 0 1 0 -1 11 11 0 1 1 E E 1 2587.69992 0.01496 1 1157266 2587.78893 184 11 0.31971 1 11 3 1 0 1 0 1 0 1 3 0.98 0 0 0 0 0 2.0
0 0 0 2 0 2 10 5 0 2 2 E E 2 2764.02654 0.00823 1 1006902 2763.95777 168 10 0.18558 2 5 3 2 0 0 0 2 0 2 3 0.83 0 0 0 0 1 1.0
0 1 0 1 0 -1 11 11 0 1 1 E E 2 2587.69947 0.01323 1 1212006 2587.78893 184 11 0.31971 2 11 3 1 0 1 0 1 0 1 3 0.98 0 0 0 0 0 2.0
0 0 0 2 0 2 9 5 0 2 2 E E 1 2670.43011 0.01186 1 774714 2670.39317 152 9 0.1927 1 5 3 2 0 0 0 2 0 2 3 0.88 0 0 0 0 1 1.0
0 0 0 2 0 2 11 8 0 2 2 E E 2 2853.79391 0.00923 1 1212024 2853.75533 184 11 0.11974 2 8 3 2 0 0 0 2 0 2 3 0.88 0 0 0 0 1 1.0
0 2 0 0 0 0 6 6 0 0 0 A A 2 2140.08426 0.00543 1 375652 2140.09506 104 6 0.25574 2 6 2 0 0 2 0 0 0 0 1 0.99 0 0 0 0 1 1.0
0 0 0 2 0 2 12 11 0 2 2 E E 2 2938.6079 0.01423 1 1437284 2938.56368 200 12 0.07133 2 11 3 2 0 0 0 2 0 2 3 0.86 0 0 0 0 1 1.0
0 0 0 2 0 2 12 11 0 2 2 E E 1 2938.60786 0.01937 1 1377257 2938.5637 200 12 0.07133 1 11 3 2 0 0 0 2 0 2 3 0.86 0 0 0 0 1 1.0
0 0 0 2 0 -2 7 4 0 2 2 E E 2 2452.15537 0.00623 1 504274 2452.147 120 7 0.31197 2 4 3 2 0 0 0 2 0 2 3 0.88 0 0 0 0 1 1.0
0 0 0 2 0 -2 7 4 0 2 2 E E 1 2452.15477 0.01067 1 468658 2452.14732 120 7 0.31198 1 4 3 2 0 0 0 2 0 2 3 0.88 0 0 0 0 1 1.0
0 0 0 2 0 2 10 8 0 2 2 E E 2 2751.73271 0.00823 1 1006898 2751.72666 168 10 0.13988 2 8 3 2 0 0 0 2 0 2 3 0.9 0 0 0 0 1 1.0
0 0 0 2 0 2 10 8 0 2 2 E E 1 2751.80405 0.01496 1 956439 2751.79812 168 10 0.13701 1 8 3 2 0 0 0 2 0 2 3 0.92 0 0 0 0 1 1.0
0 0 0 2 0 -2 1 1 0 2 2 E E 2 2236.45289 0.00323 1 16496 2236.45304 24 1 0.27594 2 1 3 2 0 0 0 2 0 2 3 0.87 0 0 0 0 1 1.0
0 0 0 2 0 2 7 5 0 2 2 E E 1 2511.42749 0.01086 1 468663 2511.42249 120 7 0.19703 1 5 3 2 0 0 0 2 0 2 3 0.95 0 0 0 0 1 1.0
0 0 0 2 0 2 7 5 0 2 2 E E 2 2511.52337 0.00623 1 504280 2511.51634 120 7 0.19935 2 5 3 2 0 0 0 2 0 2 3 0.92 0 0 0 0 1 1.0
0 1 0 1 0 -1 12 2 0 1 1 E E 2 2774.38243 0.01269 1 1437271 2774.47856 200 12 0.24334 2 2 3 1 0 1 0 1 0 1 3 0.8 0 0 0 0 0 2.0
0 0 0 2 0 2 9 8 0 2 2 E E 1 2658.93216 0.01496 1 774712 2658.94598 152 9 0.14588 1 8 3 2 0 0 0 2 0 2 3 0.95 0 0 0 0 1 1.0
0 0 0 2 0 2 9 8 0 2 2 E E 2 2658.94043 0.00823 1 819897 2658.95461 152 9 0.14566 2 8 3 2 0 0 0 2 0 2 3 0.95 0 0 0 0 1 1.0
0 2 0 0 0 0 9 9 0 0 0 A A 1 2330.38432 0.01296 1 774697 2330.4303 152 9 0.25497 1 9 1 0 0 2 0 0 0 0 1 0.99 0 0 0 0 1 1.0
0 0 0 2 0 2 3 2 0 2 2 E E 2 2301.92614 0.00443 1 102579 2301.92515 56 3 0.24109 2 2 3 2 0 0 0 2 0 2 3 0.99 0 0 0 0 1 1.0
0 2 0 0 0 0 9 9 0 0 0 A A 2 2330.3843 0.00723 1 819880 2330.4303 152 9 0.25497 2 9 2 0 0 2 0 0 0 0 1 0.99 0 0 0 0 1 1.0
0 0 0 2 0 0 0 0 0 0 0 A A 1 2226.8331 0.00996 1 4 2226.8194 8 0 0.24261 1 0 1 0 0 0 0 2 0 0 1 1 0 0 0 0 0 2.0
0 0 0 2 0 2 2 2 0 2 2 E E 2 2273.81959 0.00523 1 50469 2273.82096 40 2 0.24037 2 2 3 2 0 0 0 2 0 2 3 1 0 0 0 0 1 1.0
0 0 0 2 0 0 9 9 0 0 0 A A 1 2582.56549 0.01296 1 774707 2582.73234 152 9 0.23541 1 9 1 0 0 0 0 2 0 0 1 0.97 0 0 0 0 0 2.0
0 0 0 2 0 0 9 9 0 0 0 A A 2 2582.56547 0.00723 1 819891 2582.73234 152 9 0.23541 2 9 2 0 0 0 0 2 0 0 1 0.97 0 0 0 0 0 2.0
0 1 0 1 0 -1 11 8 0 1 1 E E 1 2624.46391 0.01437 1 1157267 2624.52235 184 11 0.28942 1 8 3 1 0 1 0 1 0 1 3 0.9 0 0 0 0 0 2.0
0 0 0 2 0 -2 1 1 0 2 2 E E 1 2236.37964 0.00996 1 9571 2236.38054 24 1 0.28656 1 1 3 2 0 0 0 2 0 2 3 1 0 0 0 0 1 1.0
0 1 0 1 0 -1 11 8 0 1 1 E E 2 2624.46385 0.00923 1 1212007 2624.52235 184 11 0.28942 2 8 3 1 0 1 0 1 0 1 3 0.9 0 0 0 0 0 2.0
0 0 0 2 0 -2 2 1 0 2 2 E E 2 2255.00155 0.00323 1 50468 2254.99595 40 2 0.28726 2 1 3 2 0 0 0 2 0 2 3 1 0 0 0 0 1 1.0
1 0 0 0 0 0 9 3 0 0 0 A A 2 2712.22362 0.00723 1 819905 2712.23243 152 9 0.036153 2 3 2 0 1 0 0 0 0 0 1 0.76 1 0 0 0 0 0.0
1 0 0 0 0 0 9 3 0 0 0 A A 1 2712.2264 0.01267 1 774720 2712.23711 152 9 0.036182 1 3 1 0 1 0 0 0 0 0 1 0.76 1 0 0 0 0 0.0
0 0 0 2 0 -2 3 1 0 2 2 E E 1 2283.05261 0.00996 1 86085 2283.03964 56 3 0.28743 1 1 3 2 0 0 0 2 0 2 3 0.98 0 0 0 0 1 1.0
0 2 0 0 0 0 12 12 0 0 0 A A 2 2591.00353 0.01323 1 1437264 2591.14653 200 12 0.25448 2 12 2 0 0 2 0 0 0 0 1 0.98 0 0 0 0 1 1.0
0 0 0 2 0 0 13 12 0 0 0 A A 1 2961.86929 0.01937 1 1616353 2962.20536 216 13 0.23219 1 12 1 0 0 0 0 2 0 0 1 0.93 0 0 0 0 0 2.0
0 0 0 2 0 0 13 12 0 0 0 A A 2 2961.86933 0.01423 1 1680661 2962.20536 216 13 0.23219 2 12 2 0 0 0 0 2 0 0 1 0.93 0 0 0 0 0 2.0
1 0 0 1 0 1 8 4 0 1 1 E E 2 3729.85494 0.0045 4 653069 3729.72175 136 8 0.028573 2 4 3 1 1 0 0 1 0 1 3 0.65 1 0 0 0 0 1.0
1 0 0 1 0 1 12 11 0 1 1 E E 1 4012.50369 0.0115 2 1377320 4012.24754 200 12 0.048572 1 11 3 1 1 0 0 1 0 1 3 0.8 1 0 0 0 0 1.0
1 0 0 1 0 1 10 10 0 1 1 E E 2 3829.7945 0.0055 3 1006960 3894.48221 168 10 0.044533 2 10 3 1 1 0 0 1 0 1 3 0.74 1 0 0 0 0 1.0
1 0 0 1 0 1 11 11 0 1 1 E E 1 3904.33206 0.0115 1 1157334 3903.93216 184 11 0.049098 1 11 3 1 1 0 0 1 0 1 3 0.82 1 0 0 0 0 1.0
1 0 0 1 0 1 10 7 0 1 1 E E 1 3870.99838 0.0055 3 956513 3917.95475 168 10 0.043849 1 7 3 1 1 0 0 1 0 1 3 0.67 1 0 0 0 0 1.0
1 0 0 1 0 1 10 8 0 1 1 E E 1 3853.29034 0.0065 2 956496 3853.27076 168 10 0.047986 1 8 3 1 1 0 0 1 0 1 3 0.79 1 0 0 0 0 1.0
1 0 0 1 0 1 9 7 0 1 1 E E 1 3781.35402 0.00913 3 774776 3827.85796 152 9 0.044405 1 7 3 1 1 0 0 1 0 1 3 0.69 1 0 0 0 0 1.0
1 0 0 1 0 1 9 8 0 1 1 E E 1 3763.4349 0.0055 2 774760 3763.32131 152 9 0.048041 1 8 3 1 1 0 0 1 0 1 3 0.82 1 0 0 0 0 1.0
1 0 0 1 0 1 10 4 0 1 1 E E 1 3898.90468 0.00994 5 956506 3898.76968 168 10 0.035513 1 4 3 1 1 0 0 1 0 1 3 0.55 1 0 0 0 0 1.0
1 0 0 1 0 1 8 7 0 1 1 E E 1 3700.54498 0.0045 3 612186 3746.68837 136 8 0.044977 1 7 3 1 1 0 0 1 0 1 3 0.72 1 0 0 0 0 1.0
1 0 0 1 0 1 10 5 0 1 1 E E 2 3887.54457 0.0055 3 1006957 3887.39303 168 10 0.048541 2 5 3 1 1 0 0 1 0 1 3 0.63 1 0 0 0 0 1.0
1 0 0 1 0 1 10 5 0 1 1 E E 1 3887.74321 0.01013 1 956502 3887.44554 168 10 0.048245 1 5 3 1 1 0 0 1 0 1 3 0.64 1 0 0 0 0 1.0
0 0 1 1 1 1 11 1 1 1 2 E E 2 4014.68295 0.0055 4 1212109 4033.44337 184 11 0.046355 2 1 3 2 0 0 1 1 1 1 3 0.67 0 0 1 0 0 1.0
1 0 0 1 0 1 8 8 0 1 1 E E 1 3682.27014 0.0045 2 612174 3682.07521 136 8 0.048164 1 8 3 1 1 0 0 1 0 1 3 0.85 1 0 0 0 0 1.0
1 0 0 1 0 1 9 4 0 1 1 E E 2 3810.04358 0.0045 4 819958 3809.91395 152 9 0.029455 2 4 3 1 1 0 0 1 0 1 3 0.63 1 0 0 0 0 1.0
1 0 0 1 0 1 10 2 0 1 1 E E 1 3909.40457 0.00994 4 956509 3909.36377 168 10 0.038494 1 2 3 1 1 0 0 1 0 1 3 0.68 1 0 0 0 0 1.0
1 0 0 1 0 1 9 5 0 1 1 E E 1 3798.08305 0.00913 4 774766 3798.13813 152 9 0.050048 1 5 3 1 1 0 0 1 0 1 3 0.72 1 0 0 0 0 1.0
1 0 0 1 0 1 9 5 0 1 1 E E 2 3798.17367 0.0055 4 819955 3798.28246 152 9 0.045803 2 5 3 1 1 0 0 1 0 1 3 0.77 1 0 0 0 0 1.0
0 0 1 1 1 1 10 1 1 1 2 E E 1 3917.34468 0.00994 4 956518 3934.14264 168 10 0.045515 1 1 3 2 0 0 1 1 1 1 3 0.68 0 0 1 0 0 1.0
0 0 1 1 -1 1 9 3 1 1 0 A A 1 3815.94159 0.00994 3 774770 3816.10896 152 9 0.029897 1 3 2 0 0 0 1 1 1 1 2 0.64 0 0 1 0 0 1.0
0 0 1 1 -1 1 9 3 1 1 0 A A 2 3816.23103 0.0045 2 819959 3816.39048 152 9 0.029744 2 3 1 0 0 0 1 1 1 1 2 0.66 0 0 1 0 0 1.0
1 0 0 1 0 1 8 4 0 1 1 E E 1 3729.87252 0.00894 4 612182 3729.73948 136 8 0.028563 1 4 3 1 1 0 0 1 0 1 3 0.65 1 0 0 0 0 1.0
1 0 0 1 0 1 9 2 0 1 1 E E 1 3819.46189 0.00994 4 774771 3819.51471 152 9 0.037591 1 2 3 1 1 0 0 1 0 1 3 0.63 1 0 0 0 0 1.0
1 0 0 1 0 1 8 5 0 1 1 E E 1 3717.71401 0.00894 4 612180 3717.84996 136 8 0.047724 1 5 3 1 1 0 0 1 0 1 3 0.79 1 0 0 0 0 1.0
1 0 0 1 0 1 9 2 0 1 1 E E 2 3820.54956 0.0045 4 819960 3820.56456 152 9 0.039623 2 2 3 1 1 0 0 1 0 1 3 0.73 1 0 0 0 0 1.0
0 0 1 1 1 1 9 1 1 1 2 E E 2 3828.71219 0.0045 4 819969 3843.70926 152 9 0.044013 2 1 3 2 0 0 1 1 1 1 3 0.69 0 0 1 0 0 1.0
0 0 1 1 -1 1 8 3 1 1 0 A A 2 3736.01071 0.0048 3 653070 3736.08443 136 8 0.02893 2 3 1 0 0 0 1 1 1 1 2 0.69 0 0 1 0 0 1.0
0 0 1 1 -1 1 8 3 1 1 0 A A 1 3736.16566 0.00914 3 612183 3736.22706 136 8 0.028761 1 3 2 0 0 0 1 1 1 1 2 0.71 0 0 1 0 0 1.0
1 0 0 1 0 1 7 4 0 1 1 E E 1 3658.43045 0.00903 3 468705 3658.312 120 7 0.028343 1 4 3 1 1 0 0 1 0 1 3 0.67 1 0 0 0 0 1.0
0 0 1 1 1 1 11 7 1 1 2 E E 2 4017.53999 0.0055 3 1212103 4016.65606 184 11 0.042115 2 7 3 2 0 0 1 1 1 1 3 0.52 0 0 1 0 0 1.0
1 0 0 1 0 1 8 2 0 1 1 E E 2 3739.61824 0.0045 3 653071 3739.67252 136 8 0.039021 2 2 3 1 1 0 0 1 0 1 3 0.71 1 0 0 0 0 1.0
1 0 0 1 0 1 7 5 0 1 1 E E 1 3646.27369 0.00913 1 468704 3646.1487 120 7 0.048412 1 5 3 1 1 0 0 1 0 1 3 0.77 1 0 0 0 0 1.0
1 0 0 1 0 1 7 5 0 1 1 E E 2 3646.28956 0.0035 3 504325 3646.1488 120 7 0.048421 2 5 3 1 1 0 0 1 0 1 3 0.77 1 0 0 0 0 1.0
1 0 0 1 0 1 8 2 0 1 1 E E 1 3740.39931 0.00894 4 612184 3740.43583 136 8 0.040897 1 2 3 1 1 0 0 1 0 1 3 0.77 1 0 0 0 0 1.0
0 0 1 1 1 -1 11 3 1 1 0 A A 2 4039.75269 0.0057 3 1212110 4037.86476 184 11 0.028649 2 3 2 0 0 0 1 1 1 1 1 0.6 0 0 1 0 0 1.0
0 0 1 1 1 1 8 1 1 1 2 E E 1 3748.63382 0.00983 3 612192 3762.22231 136 8 0.042233 1 1 3 2 0 0 1 1 1 1 3 0.72 0 0 1 0 0 1.0
0 0 1 1 -1 1 7 3 1 1 0 A A 1 3664.7762 0.00914 2 468706 3664.72301 120 7 0.02819 1 3 2 0 0 0 1 1 1 1 2 0.74 0 0 1 0 0 1.0
0 0 1 1 1 -1 11 0 1 1 0 A A 2 4037.97522 0.0055 2 1212111 4040.10221 184 11 0.02819 2 0 2 0 0 0 1 1 1 1 1 0.6 0 0 1 0 0 1.0
0 0 1 1 1 -1 11 3 1 1 0 A A 1 4038.3728 0.01094 3 1157366 4038.53313 184 11 0.029194 1 3 1 0 0 0 1 1 1 1 1 0.7 0 0 1 0 0 1.0
1 0 0 1 0 1 6 4 0 1 1 E E 1 3595.73551 0.00803 5 344368 3595.64901 104 6 0.028211 1 4 3 1 1 0 0 1 0 1 3 0.69 1 0 0 0 0 1.0
1 0 0 1 0 1 6 5 0 1 1 E E 1 3583.11246 0.0035 3 344367 3583.04339 104 6 0.047111 1 5 3 1 1 0 0 1 0 1 3 0.85 1 0 0 0 0 1.0
1 0 0 1 0 1 7 2 0 1 1 E E 1 3668.4499 0.00894 3 468707 3668.50136 120 7 0.040656 1 2 3 1 1 0 0 1 0 1 3 0.77 1 0 0 0 0 1.0
1 0 0 1 0 1 7 2 0 1 1 E E 2 3668.97602 0.0035 4 504328 3669.01576 120 7 0.042171 2 2 3 1 1 0 0 1 0 1 3 0.81 1 0 0 0 0 1.0
0 0 1 1 1 1 9 4 1 1 2 E E 1 3840.21312 0.01043 4 774779 3840.17247 152 9 0.03709 1 4 3 2 0 0 1 1 1 1 3 0.61 0 0 1 0 0 1.0
0 0 1 1 1 1 9 4 1 1 2 E E 2 3840.31212 0.0045 4 819967 3840.21615 152 9 0.036433 2 4 3 2 0 0 1 1 1 1 3 0.58 0 0 1 0 0 1.0
0 0 1 1 1 1 7 1 1 1 2 E E 2 3677.15308 0.0035 5 504335 3689.74952 120 7 0.040157 2 1 3 2 0 0 1 1 1 1 3 0.74 0 0 1 0 0 1.0
0 0 1 1 1 -1 10 0 1 1 0 A A 1 3938.50256 0.00994 3 956520 3940.52596 168 10 0.027526 1 0 1 0 0 0 1 1 1 1 1 0.64 0 0 1 0 0 1.0
0 0 1 1 -1 1 6 3 1 1 0 A A 2 3602.0605 0.0035 3 375700 3602.05712 104 6 0.02763 2 3 1 0 0 0 1 1 1 1 2 0.78 0 0 1 0 0 1.0
0 0 1 1 -1 1 6 3 1 1 0 A A 1 3602.09128 0.00893 3 344369 3602.08479 104 6 0.027591 1 3 2 0 0 0 1 1 1 1 2 0.79 0 0 1 0 0 1.0
0 0 1 1 1 -1 10 3 1 1 0 A A 2 3938.92798 0.0055 4 1006975 3939.02745 168 10 0.028467 2 3 2 0 0 0 1 1 1 1 1 0.73 0 0 1 0 0 1.0
0 0 1 1 1 -1 11 6 1 1 0 A A 2 4031.89365 0.0055 4 1212108 4031.89109 184 11 0.0341 2 6 2 0 0 0 1 1 1 1 1 0.64 0 0 1 0 0 1.0
0 0 1 1 1 -1 11 6 1 1 0 A A 1 4032.00013 0.01013 4 1157364 4031.99193 184 11 0.03423 1 6 1 0 0 0 1 1 1 1 1 0.64 0 0 1 0 0 1.0
1 0 0 1 0 1 5 4 0 1 1 E E 1 3541.83388 0.00883 3 239149 3541.77832 88 5 0.028142 1 4 3 1 1 0 0 1 0 1 3 0.71 1 0 0 0 0 1.0
1 0 0 1 0 1 5 5 0 1 1 E E 1 3528.94373 0.0037 1 239148 3528.8594 88 5 0.047312 1 5 3 1 1 0 0 1 0 1 3 0.87 1 0 0 0 0 1.0
0 0 1 1 1 -1 9 3 1 1 0 A A 2 3849.7051 0.0045 4 819970 3847.99208 152 9 0.027698 2 3 2 0 0 0 1 1 1 1 1 0.69 0 0 1 0 0 1.0
1 0 0 1 0 1 6 2 0 1 1 E E 1 3606.31999 0.00883 4 344370 3606.35267 104 6 0.043302 1 2 3 1 1 0 0 1 0 1 3 0.85 1 0 0 0 0 1.0
1 0 0 1 0 1 6 1 0 1 1 E E 1 3612.09953 0.00983 1 344371 3614.33821 104 6 0.02941 1 1 3 1 1 0 0 1 0 1 3 0.83 1 0 0 0 0 1.0
0 0 1 1 1 1 10 5 1 1 2 E E 2 3930.04966 0.0055 2 1006971 3929.77853 168 10 0.027108 2 5 3 2 0 0 1 1 1 1 3 0.71 0 0 1 0 0 1.0
0 0 1 1 1 1 10 5 1 1 2 E E 1 3930.09375 0.00913 4 956515 3929.82657 168 10 0.028408 1 5 3 2 0 0 1 1 1 1 3 0.68 0 0 1 0 0 1.0
0 0 1 1 1 1 8 2 1 1 2 E E 1 3758.39777 0.00894 2 612188 3756.68324 136 8 0.028229 1 2 3 2 0 0 1 1 1 1 3 0.68 0 0 1 0 0 1.0
0 0 1 1 1 1 8 4 1 1 2 E E 2 3758.99907 0.0045 3 653078 3758.96672 136 8 0.032971 2 4 3 2 0 0 1 1 1 1 3 0.55 0 0 1 0 0 1.0
0 0 1 1 1 1 8 4 1 1 2 E E 1 3759.13722 0.00894 4 612190 3759.06761 136 8 0.034358 1 4 3 2 0 0 1 1 1 1 3 0.55 0 0 1 0 0 1.0
0 0 1 1 1 1 11 8 1 1 2 E E 1 4014.14771 0.01324 2 1157358 4014.0978 184 11 0.025423 1 8 3 2 0 0 1 1 1 1 3 0.77 0 0 1 0 0 1.0
0 0 1 1 1 -1 9 3 1 1 0 A A 1 3848.43575 0.00994 4 774782 3848.50938 152 9 0.028098 1 3 1 0 0 0 1 1 1 1 1 0.75 0 0 1 0 0 1.0
1 0 0 1 0 1 5 2 0 1 1 E E 2 3552.48057 0.0025 4 265204 3552.50042 88 5 0.044168 2 2 3 1 1 0 0 1 0 1 3 0.88 1 0 0 0 0 1.0
0 0 1 1 1 1 8 7 1 1 2 E E 1 3746.76982 0.0045 3 612177 3700.50154 136 8 0.02896 1 7 3 2 0 0 1 1 1 1 3 0.69 0 0 1 0 0 1.0
0 0 1 1 -1 1 5 3 1 1 0 A A 1 3548.15887 0.00883 2 239150 3548.14816 88 5 0.027232 1 3 2 0 0 0 1 1 1 1 2 0.82 0 0 1 0 0 1.0
0 0 1 1 -1 1 5 3 1 1 0 A A 2 3548.16957 0.0027 2 265203 3548.15746 88 5 0.027219 2 3 1 0 0 0 1 1 1 1 2 0.82 0 0 1 0 0 1.0
1 0 0 1 0 1 6 1 0 1 1 E E 2 3610.67496 0.0035 4 375702 3610.52073 104 6 0.031561 2 1 3 1 1 0 0 1 0 1 3 0.8 1 0 0 0 0 1.0
1 0 0 1 0 1 4 4 0 1 1 E E 1 3496.78618 0.00783 3 153072 3496.76356 72 4 0.028106 1 4 3 1 1 0 0 1 0 1 3 0.73 1 0 0 0 0 1.0
0 0 1 1 1 -1 8 3 1 1 0 A A 1 3768.019 0.00894 4 612193 3766.53456 136 8 0.027566 1 3 1 0 0 0 1 1 1 1 1 0.71 0 0 1 0 0 1.0
0 0 1 1 1 1 9 5 1 1 2 E E 2 3839.7489 0.0045 2 819966 3839.54605 152 9 0.03022 2 5 3 2 0 0 1 1 1 1 3 0.64 0 0 1 0 0 1.0
1 0 0 1 0 1 5 2 0 1 1 E E 1 3552.30708 0.00883 3 239151 3552.33271 88 5 0.043541 1 2 3 1 1 0 0 1 0 1 3 0.87 1 0 0 0 0 1.0
1 0 0 1 0 1 5 1 0 1 1 E E 2 3557.16856 0.0025 2 265205 3560.22607 88 5 0.029977 2 1 3 1 1 0 0 1 0 1 3 0.87 1 0 0 0 0 1.0
0 0 1 1 1 1 9 5 1 1 2 E E 1 3840.03249 0.00994 2 774778 3839.55732 152 9 0.029933 1 5 3 2 0 0 1 1 1 1 3 0.65 0 0 1 0 0 1.0
0 0 1 1 1 -1 8 0 1 1 0 A A 1 3766.55476 0.00894 3 612194 3768.15628 136 8 0.027067 1 0 1 0 0 0 1 1 1 1 1 0.68 0 0 1 0 0 1.0
0 0 1 1 1 -1 8 3 1 1 0 A A 2 3766.91736 0.0045 4 653081 3766.97805 136 8 0.02788 2 3 2 0 0 0 1 1 1 1 1 0.78 0 0 1 0 0 1.0
0 0 1 1 1 1 10 8 1 1 2 E E 1 3915.18387 0.01323 2 956510 3915.14587 168 10 0.025629 1 8 3 2 0 0 1 1 1 1 3 0.77 0 0 1 0 0 1.0
0 0 1 1 1 1 10 8 1 1 2 E E 2 3915.19654 0.0075 2 1006966 3915.15382 168 10 0.025636 2 8 3 2 0 0 1 1 1 1 3 0.77 0 0 1 0 0 1.0
0 0 1 1 1 -1 9 6 1 1 0 A A 2 3841.72981 0.0045 4 819968 3841.82061 152 9 0.030506 2 6 2 0 0 0 1 1 1 1 1 0.7 0 0 1 0 0 1.0
0 0 1 1 1 1 5 1 1 1 2 E E 2 3560.21542 0.0025 3 265209 3572.15596 88 5 0.032307 2 1 3 2 0 0 1 1 1 1 3 0.61 0 0 1 0 0 1.0
0 0 1 1 1 1 7 7 1 1 2 E E 1 3674.63659 0.0037 3 468700 3628.43119 120 7 0.028812 1 7 3 2 0 0 1 1 1 1 3 0.71 0 0 1 0 0 1.0
0 0 1 1 -1 1 4 3 1 1 0 A A 1 3503.08128 0.0035 2 153073 3503.07293 72 4 0.026965 1 3 2 0 0 0 1 1 1 1 2 0.85 0 0 1 0 0 1.0
0 0 1 1 1 -1 7 3 1 1 0 A A 2 3695.28074 0.0035 4 504336 3694.07927 120 7 0.027468 2 3 2 0 0 0 1 1 1 1 1 0.73 0 0 1 0 0 1.0
0 0 1 1 1 1 7 2 1 1 2 E E 1 3690.7967 0.00894 2 468715 3690.66258 120 7 0.026889 1 2 3 2 0 0 1 1 1 1 3 0.82 0 0 1 0 0 1.0
1 0 0 1 0 1 4 1 0 1 1 E E 1 3510.88961 0.00783 3 153075 3514.95281 72 4 0.030501 1 1 3 1 1 0 0 1 0 1 3 0.9 1 0 0 0 0 1.0
0 0 1 1 1 1 5 1 1 1 2 E E 1 3559.80865 0.00883 3 239155 3568.83615 88 5 0.036937 1 1 3 2 0 0 1 1 1 1 3 0.75 0 0 1 0 0 1.0
0 0 1 1 1 1 8 5 1 1 2 E E 2 3758.99903 0.0045 2 653077 3758.26987 136 8 0.033082 2 5 3 2 0 0 1 1 1 1 3 0.57 0 0 1 0 0 1.0
0 0 1 1 1 1 8 5 1 1 2 E E 1 3759.13734 0.00913 1 612189 3758.29586 136 8 0.030937 1 5 3 2 0 0 1 1 1 1 3 0.62 0 0 1 0 0 1.0
0 0 1 1 1 1 6 4 1 1 2 E E 1 3622.88904 0.00803 4 344372 3622.75557 104 6 0.038326 1 4 3 2 0 0 1 1 1 1 3 0.61 0 0 1 0 0 1.0
1 0 0 1 0 1 4 2 0 1 1 E E 2 3507.43066 0.0025 4 174837 3507.43926 72 4 0.044429 2 2 3 1 1 0 0 1 0 1 3 0.9 1 0 0 0 0 1.0
1 0 0 1 0 1 4 2 0 1 1 E E 1 3507.50816 0.00783 4 153074 3507.51432 72 4 0.04473 1 2 3 1 1 0 0 1 0 1 3 0.91 1 0 0 0 0 1.0
0 0 1 1 1 -1 7 0 1 1 0 A A 2 3694.08431 0.0035 3 504337 3695.39269 120 7 0.026992 2 0 2 0 0 0 1 1 1 1 1 0.69 0 0 1 0 0 1.0
0 0 1 1 1 -1 7 3 1 1 0 A A 1 3694.40943 0.00894 4 468716 3694.46137 120 7 0.027736 1 3 1 0 0 0 1 1 1 1 1 0.8 0 0 1 0 0 1.0
0 0 1 1 1 1 6 5 1 1 2 E E 1 3623.562 0.00863 3 344373 3623.57978 104 6 0.027644 1 5 3 2 0 0 1 1 1 1 3 0.7 0 0 1 0 0 1.0
0 0 1 1 1 1 6 5 1 1 2 E E 2 3623.61222 0.0041 3 375706 3623.62313 104 6 0.028549 2 5 3 2 0 0 1 1 1 1 3 0.68 0 0 1 0 0 1.0
0 0 1 1 1 -1 8 6 1 1 0 A A 1 3760.32664 0.00813 4 612191 3760.4172 136 8 0.029674 1 6 1 0 0 0 1 1 1 1 1 0.71 0 0 1 0 0 1.0
0 0 1 1 1 -1 8 6 1 1 0 A A 2 3760.34906 0.0045 4 653079 3760.44573 136 8 0.029548 2 6 2 0 0 0 1 1 1 1 1 0.71 0 0 1 0 0 1.0
0 0 1 1 1 1 9 8 1 1 2 E E 1 3825.15078 0.0055 3 774773 3825.10468 152 9 0.026655 1 8 3 2 0 0 1 1 1 1 3 0.71 0 0 1 0 0 1.0
0 0 1 1 1 1 4 1 1 1 2 E E 1 3514.94817 0.00823 3 153077 3525.8699 72 4 0.03594 1 1 3 2 0 0 1 1 1 1 3 0.83 0 0 1 0 0 1.0
0 0 1 1 1 -1 6 0 1 1 0 A A 1 3630.65117 0.00883 5 344378 3631.63353 104 6 0.026979 1 0 1 0 0 0 1 1 1 1 1 0.69 0 0 1 0 0 1.0
0 0 1 1 1 -1 6 3 1 1 0 A A 1 3631.54326 0.00883 4 344377 3630.65538 104 6 0.027347 1 3 1 0 0 0 1 1 1 1 1 0.72 0 0 1 0 0 1.0
0 0 1 1 -1 1 3 3 1 1 0 A A 1 3466.90517 0.0027 2 86104 3466.90054 56 3 0.026802 1 3 2 0 0 0 1 1 1 1 2 0.87 0 0 1 0 0 1.0
0 0 1 1 1 1 6 2 1 1 2 E E 2 3627.4353 0.0035 3 375708 3627.35384 104 6 0.026897 2 2 3 2 0 0 1 1 1 1 3 0.85 0 0 1 0 0 1.0
1 0 0 1 0 1 3 1 0 1 1 E E 2 3474.1774 0.0015 2 102603 3478.61433 56 3 0.030935 2 1 3 1 1 0 0 1 0 1 3 0.92 1 0 0 0 0 1.0
0 0 1 1 1 1 7 5 1 1 2 E E 2 3686.79133 0.0035 2 504332 3686.32117 120 7 0.027464 2 5 3 2 0 0 1 1 1 1 3 0.59 0 0 1 0 0 1.0
0 0 1 1 1 1 7 5 1 1 2 E E 1 3686.99697 0.00894 3 468713 3686.77548 120 7 0.030489 1 5 3 2 0 0 1 1 1 1 3 0.59 0 0 1 0 0 1.0
0 0 1 1 1 1 4 1 1 1 2 E E 2 3514.85967 0.0042 3 174841 3524.28856 72 4 0.034941 2 1 3 2 0 0 1 1 1 1 3 0.95 0 0 1 0 0 1.0
1 0 0 1 0 1 11 10 0 1 1 E E 2 3929.41809 0.0065 2 1212095 3993.62636 184 11 0.045402 2 10 3 1 1 0 0 1 0 1 3 0.71 1 0 0 0 0 1.0
0 0 1 1 1 -1 6 3 1 1 0 A A 2 3630.9509 0.0035 3 375709 3630.99223 104 6 0.027632 2 3 2 0 0 0 1 1 1 1 1 0.82 0 0 1 0 0 1.0
1 0 0 1 0 1 3 2 0 1 1 E E 1 3471.42834 0.00803 2 86105 3471.42207 56 3 0.044921 1 2 3 1 1 0 0 1 0 1 3 0.92 1 0 0 0 0 1.0
1 0 0 1 0 1 3 2 0 1 1 E E 2 3471.45442 0.0027 2 102602 3471.44771 56 3 0.045027 2 2 3 1 1 0 0 1 0 1 3 0.92 1 0 0 0 0 1.0
0 0 1 1 1 1 8 8 1 1 2 E E 1 3744.08578 0.0045 2 612185 3744.23736 136 8 0.025019 1 8 3 2 0 0 1 1 1 1 3 0.84 0 0 1 0 0 1.0
0 0 1 1 1 1 5 5 1 1 2 E E 1 3569.4918 0.0027 4 239156 3569.56423 88 5 0.026557 1 5 3 2 0 0 1 1 1 1 3 0.82 0 0 1 0 0 1.0
0 0 1 1 1 -1 5 0 1 1 0 A A 2 3576.27152 0.0025 4 265211 3576.94003 88 5 0.027053 2 0 2 0 0 0 1 1 1 1 1 0.64 0 0 1 0 0 1.0
0 0 1 1 1 1 3 1 1 1 2 E E 2 3478.61375 0.0015 2 102604 3489.66863 56 3 0.037109 2 1 3 2 0 0 1 1 1 1 3 0.91 0 0 1 0 0 1.0
0 0 1 1 1 1 6 4 1 1 2 E E 2 3622.78088 0.0035 3 375705 3622.85478 104 6 0.038361 2 4 3 2 0 0 1 1 1 1 3 0.59 0 0 1 0 0 1.0
1 0 0 1 0 1 2 1 0 1 1 E E 1 3446.81631 0.00823 2 38287 3451.29056 40 2 0.03126 1 1 3 1 1 0 0 1 0 1 3 0.94 1 0 0 0 0 1.0
0 0 1 1 1 -1 5 3 1 1 0 A A 1 3576.56935 0.00883 3 239158 3576.59681 88 5 0.027552 1 3 1 0 0 0 1 1 1 1 1 0.84 0 0 1 0 0 1.0
0 0 1 1 1 -1 5 3 1 1 0 A A 2 3576.87509 0.0025 4 265210 3576.2812 88 5 0.02716 2 3 2 0 0 0 1 1 1 1 1 0.66 0 0 1 0 0 1.0
1 0 0 1 0 1 2 2 0 1 1 E E 1 3444.36264 0.0035 1 38286 3444.34899 40 2 0.045148 1 2 3 1 1 0 0 1 0 1 3 0.93 1 0 0 0 0 1.0
0 0 1 1 1 -1 4 0 1 1 0 A A 1 3530.92105 0.00783 4 153079 3530.93814 72 4 0.026864 1 0 1 0 0 0 1 1 1 1 1 0.79 0 0 1 0 0 1.0
0 0 1 1 1 1 2 1 1 1 2 E E 1 3451.29266 0.00823 2 38288 3462.42876 40 2 0.037017 1 1 3 2 0 0 1 1 1 1 3 0.93 0 0 1 0 0 1.0
0 0 1 1 1 -1 4 3 1 1 0 A A 1 3531.37049 0.00783 5 153080 3531.39977 72 4 0.027259 1 3 1 0 0 0 1 1 1 1 1 0.72 0 0 1 0 0 1.0
1 0 0 1 0 1 7 7 0 1 1 E E 1 3628.42003 0.0037 2 468709 3674.53499 120 7 0.044734 1 7 3 1 1 0 0 1 0 1 3 0.72 1 0 0 0 0 1.0
0 0 1 1 1 1 4 2 1 1 2 E E 1 3527.26843 0.00823 3 153078 3527.29154 72 4 0.028141 1 2 3 2 0 0 1 1 1 1 3 0.78 0 0 1 0 0 1.0
0 0 1 1 1 1 4 2 1 1 2 E E 2 3527.94166 0.0027 2 174842 3527.9263 72 4 0.02681 2 2 3 2 0 0 1 1 1 1 3 0.89 0 0 1 0 0 1.0
1 0 0 1 0 1 9 7 0 1 1 E E 2 3781.45243 0.0045 2 819963 3827.81473 152 9 0.045209 2 7 3 1 1 0 0 1 0 1 3 0.71 1 0 0 0 0 1.0
1 0 0 1 0 1 1 1 0 1 1 E E 2 3428.53022 0.0005 2 16507 3433.04158 24 1 0.031473 2 1 3 1 1 0 0 1 0 1 3 0.94 1 0 0 0 0 1.0
1 0 0 1 0 1 8 5 0 1 1 E E 2 3717.67283 0.0045 3 653067 3717.81242 136 8 0.046872 2 5 3 1 1 0 0 1 0 1 3 0.8 1 0 0 0 0 1.0
0 0 1 1 1 -1 4 3 1 1 0 A A 2 3531.27775 0.0029 3 174843 3531.28833 72 4 0.027487 2 3 2 0 0 0 1 1 1 1 1 0.86 0 0 1 0 0 1.0
0 0 1 1 1 -1 3 0 1 1 0 A A 2 3494.5918 0.0015 3 102606 3494.60577 56 3 0.026652 2 0 2 0 0 0 1 1 1 1 1 0.94 0 0 1 0 0 1.0
0 0 1 1 1 1 1 1 1 1 2 E E 2 3433.04652 0.0005 2 16508 3444.2385 24 1 0.036781 2 1 3 2 0 0 1 1 1 1 3 0.94 0 0 1 0 0 1.0
0 0 1 1 1 1 3 2 1 1 2 E E 2 3491.53157 0.0027 2 102605 3491.54627 56 3 0.026999 2 2 3 2 0 0 1 1 1 1 3 0.87 0 0 1 0 0 1.0
0 0 1 1 1 1 3 2 1 1 2 E E 1 3491.81459 0.00783 2 86109 3491.8184 56 3 0.026752 1 2 3 2 0 0 1 1 1 1 3 0.91 0 0 1 0 0 1.0
1 0 0 1 0 1 9 4 0 1 1 E E 1 3809.98535 0.00913 4 774769 3809.85478 152 9 0.029224 1 4 3 1 1 0 0 1 0 1 3 0.63 1 0 0 0 0 1.0
0 0 1 1 1 -1 3 3 1 1 0 A A 1 3495.07344 0.00783 2 86110 3495.06608 56 3 0.027435 1 3 1 0 0 0 1 1 1 1 1 0.87 0 0 1 0 0 1.0
0 0 1 1 1 -1 3 3 1 1 0 A A 2 3495.08672 0.0027 2 102607 3495.08224 56 3 0.027403 2 3 2 0 0 0 1 1 1 1 1 0.85 0 0 1 0 0 1.0
0 0 1 1 1 -1 2 0 1 1 0 A A 1 3467.37081 0.00823 2 38290 3467.36651 40 2 0.026596 1 0 1 0 0 0 1 1 1 1 1 0.99 0 0 1 0 0 1.0
1 0 0 1 0 1 10 4 0 1 1 E E 2 3898.68894 0.0055 3 1006961 3898.55044 168 10 0.029737 2 4 3 1 1 0 0 1 0 1 3 0.6 1 0 0 0 0 1.0
1 0 0 1 0 1 6 2 0 1 1 E E 2 3605.9983 0.0035 3 375701 3606.03907 104 6 0.042241 2 2 3 1 1 0 0 1 0 1 3 0.83 1 0 0 0 0 1.0
0 0 1 1 1 -1 1 0 1 1 0 A A 2 3449.27932 0.0005 2 16509 3449.25654 24 1 0.026573 2 0 2 0 0 0 1 1 1 1 1 1 0 0 1 0 0 1.0
1 0 0 1 0 1 11 1 0 1 1 E E 1 4008.23749 0.01094 3 1157356 4007.95942 184 11 0.031559 1 1 3 1 1 0 0 1 0 1 3 0.62 1 0 0 0 0 1.0
1 0 0 1 0 1 10 1 0 1 1 E E 2 3911.26598 0.0055 3 1006965 3911.05561 168 10 0.031814 2 1 3 1 1 0 0 1 0 1 3 0.68 1 0 0 0 0 1.0
1 0 0 1 0 1 9 1 0 1 1 E E 1 3823.02252 0.00994 3 774772 3822.84055 152 9 0.031994 1 1 3 1 1 0 0 1 0 1 3 0.73 1 0 0 0 0 1.0
1 0 0 1 0 1 3 1 0 1 1 E E 1 3477.01374 0.00813 2 86106 3477.25188 56 3 0.030815 1 1 3 1 1 0 0 1 0 1 3 0.83 1 0 0 0 0 1.0
1 0 0 1 0 1 8 1 0 1 1 E E 2 3743.50144 0.0045 3 653072 3743.33118 136 8 0.031981 2 1 3 1 1 0 0 1 0 1 3 0.76 1 0 0 0 0 1.0
1 0 0 1 0 1 4 1 0 1 1 E E 2 3512.78357 0.0025 1 174838 3512.83726 72 4 0.031002 2 1 3 1 1 0 0 1 0 1 3 0.82 1 0 0 0 0 1.0
1 0 0 1 0 1 7 1 0 1 1 E E 1 3672.71233 0.00903 3 468708 3672.54975 120 7 0.031819 1 1 3 1 1 0 0 1 0 1 3 0.79 1 0 0 0 0 1.0
1 0 0 1 0 1 5 1 0 1 1 E E 1 3557.41183 0.00883 3 239152 3557.27238 88 5 0.03127 1 1 3 1 1 0 0 1 0 1 3 0.81 1 0 0 0 0 1.0
0 0 1 1 1 1 1 1 1 1 2 E E 1 3433.53829 0.00823 1 9580 3444.06148 24 1 0.036444 1 1 3 2 0 0 1 1 1 1 3 0.95 0 0 1 0 0 1.0
0 0 1 1 1 1 2 1 1 1 2 E E 2 3451.67544 0.0015 1 50484 3461.90658 40 2 0.036069 2 1 3 2 0 0 1 1 1 1 3 0.95 0 0 1 0 0 1.0
0 0 1 1 1 1 3 1 1 1 2 E E 1 3478.79733 0.00823 1 86108 3488.6557 56 3 0.035543 1 1 3 2 0 0 1 1 1 1 3 0.95 0 0 1 0 0 1.0
0 0 1 1 1 1 6 1 1 1 2 E E 2 3613.58189 0.0035 2 375704 3622.05582 104 6 0.033841 2 1 3 2 0 0 1 1 1 1 3 0.9 0 0 1 0 0 1.0
0 0 1 1 1 1 7 1 1 1 2 E E 1 3676.11733 0.00894 2 468711 3684.16941 120 7 0.033314 1 1 3 2 0 0 1 1 1 1 3 0.9 0 0 1 0 0 1.0
0 0 1 1 1 1 8 1 1 1 2 E E 2 3747.37203 0.0045 2 653076 3755.05836 136 8 0.03298 2 1 3 2 0 0 1 1 1 1 3 0.89 0 0 1 0 0 1.0
0 0 1 1 1 -1 0 0 1 1 0 A A 1 3440.25769 0.00823 1 10 3440.22623 8 0 0.02656 1 0 1 0 0 0 1 1 1 1 1 1 0 0 1 0 0 1.0
0 0 1 1 1 1 11 7 1 1 2 E E 1 4017.56538 0.01013 3 1157359 4016.66472 184 11 0.042317 1 7 3 2 0 0 1 1 1 1 3 0.51 0 0 1 0 0 1.0
0 0 1 1 1 -1 7 6 1 1 0 A A 1 3687.97297 0.00794 3 468714 3688.04975 120 7 0.029059 1 6 1 0 0 0 1 1 1 1 1 0.72 0 0 1 0 0 1.0
0 0 1 1 1 1 9 7 1 1 2 E E 1 3827.93312 0.00913 2 774763 3781.42068 152 9 0.038986 1 7 3 2 0 0 1 1 1 1 3 0.56 0 0 1 0 0 1.0
0 0 1 1 1 1 10 7 1 1 2 E E 2 3918.0439 0.0055 2 1006954 3870.91909 168 10 0.029843 2 7 3 2 0 0 1 1 1 1 3 0.64 0 0 1 0 0 1.0
0 0 1 1 1 1 10 7 1 1 2 E E 1 3918.06303 0.00913 2 956499 3870.91922 168 10 0.029849 1 7 3 2 0 0 1 1 1 1 3 0.64 0 0 1 0 0 1.0
0 0 1 1 1 1 10 10 1 1 2 E E 1 3894.67465 0.0055 2 956492 3829.92531 168 10 0.031116 1 10 3 2 0 0 1 1 1 1 3 0.71 0 0 1 0 0 1.0
0 0 1 1 1 1 11 10 1 1 2 E E 1 3993.69504 0.0071 2 1157337 3929.52713 184 11 0.032932 1 10 3 2 0 0 1 1 1 1 3 0.67 0 0 1 0 0 1.0
0 0 1 1 1 1 12 10 1 1 2 E E 2 4101.61781 0.0065 2 1437346 4038.41434 200 12 0.038491 2 10 3 2 0 0 1 1 1 1 3 0.59 0 0 1 0 0 1.0
0 0 1 1 1 1 12 10 1 1 2 E E 1 4101.62806 0.01514 2 1377323 4038.41772 200 12 0.038513 1 10 3 2 0 0 1 1 1 1 3 0.59 0 0 1 0 0 1.0
0 0 1 1 1 1 13 13 1 1 2 E E 1 4183.04884 0.0115 2 1616421 4103.12946 216 13 0.042474 1 13 3 2 0 0 1 1 1 1 3 0.61 0 0 1 0 0 1.0
0 0 1 1 1 1 13 10 1 1 2 E E 1 4218.11479 0.01264 2 1616426 4145.08651 216 13 0.040164 1 10 3 2 0 0 1 1 1 1 3 0.48 0 0 1 0 0 1.0
0 0 1 1 1 1 13 10 1 1 2 E E 2 4218.13656 0.0075 2 1680739 4145.08829 216 13 0.040134 2 10 3 2 0 0 1 1 1 1 3 0.48 0 0 1 0 0 1.0
0 0 1 1 1 1 14 13 1 1 2 E E 1 4308.84663 0.0125 2 1874665 4217.41307 232 14 0.036302 1 13 3 2 0 0 1 1 1 1 3 0.56 0 0 1 0 0 1.0
0 0 1 1 1 -1 10 3 1 1 0 A A 1 3940.29223 0.00994 3 956519 3938.43242 168 10 0.027984 1 3 1 0 0 0 1 1 1 1 1 0.66 0 0 1 0 0 1.0
0 0 1 1 1 -1 6 6 1 1 0 A A 1 3624.61273 0.0037 1 344375 3624.65186 104 6 0.028839 1 6 1 0 0 0 1 1 1 1 1 0.74 0 0 1 0 0 1.0
0 0 1 1 1 -1 7 6 1 1 0 A A 2 3687.96158 0.0037 2 504334 3688.03566 120 7 0.029127 2 6 2 0 0 0 1 1 1 1 1 0.72 0 0 1 0 0 1.0
0 0 1 1 1 -1 9 6 1 1 0 A A 1 3841.7673 0.00913 3 774780 3841.86484 152 9 0.030374 1 6 1 0 0 0 1 1 1 1 1 0.7 0 0 1 0 0 1.0
0 0 1 1 1 -1 10 6 1 1 0 A A 1 3932.22108 0.00913 2 956517 3932.28555 168 10 0.03184 1 6 1 0 0 0 1 1 1 1 1 0.68 0 0 1 0 0 1.0
0 0 1 1 1 -1 10 6 1 1 0 A A 2 3932.28265 0.0055 2 1006973 3932.3507 168 10 0.031805 2 6 2 0 0 0 1 1 1 1 1 0.68 0 0 1 0 0 1.0
0 0 1 1 1 1 6 1 1 1 2 E E 1 3614.31733 0.00883 1 344376 3626.35568 104 6 0.03723 1 1 3 2 0 0 1 1 1 1 3 0.73 0 0 1 0 0 1.0
0 0 1 1 1 1 9 7 1 1 2 E E 2 3827.89552 0.0045 1 819951 3781.27407 152 9 0.033506 2 7 3 2 0 0 1 1 1 1 3 0.61 0 0 1 0 0 1.0
0 0 1 1 1 -1 9 0 1 1 0 A A 2 3848.03453 0.0045 2 819971 3849.8778 152 9 0.027222 2 0 2 0 0 0 1 1 1 1 1 0.66 0 0 1 0 0 1.0
0 0 0 0 0 0 23 3 0 0 0 A A 2 2416.44655 0.04564 1 5171488 2415.73031 376 23 2.683 2 3 2 0 0 0 0 0 0 0 1 0.92 0 0 0 0 0 0.0
0 1 0 0 0 0 22 3 0 0 0 A A 1 3152.1027 0.04314 2 4628997 3150.39317 360 22 0.30695 1 3 1 0 0 1 0 0 0 0 1 0.7 0 0 0 0 0 1.0
0 0 0 0 0 0 23 3 0 0 0 A A 1 2415.8238 0.05564 4 5059367 2416.18556 376 23 2.6813 1 3 1 0 0 0 0 0 0 0 1 0.97 0 0 0 0 0 0.0
0 1 0 0 0 0 22 3 0 0 0 A A 2 3151.8858 0.05814 1 4736843 3151.27405 360 22 0.30567 2 3 2 0 0 1 0 0 0 0 1 0.81 0 0 0 0 0 1.0
0 0 0 0 0 0 24 12 0 0 0 A A 1 2560.41609 0.05064 1 5508869 2560.47408 392 24 3.07 1 12 1 0 0 0 0 0 0 0 1 0.96 0 0 0 0 0 0.0
0 1 0 0 0 0 23 12 0 0 0 A A 2 3296.50297 0.04814 3 5171495 3296.30089 376 23 0.31975 2 12 2 0 0 1 0 0 0 0 1 0.8 0 0 0 0 0 1.0
0 0 0 0 0 0 24 12 0 0 0 A A 2 2560.415 0.05064 1 5626284 2560.47408 392 24 3.07 2 12 2 0 0 0 0 0 0 0 1 0.96 0 0 0 0 0 0.0
0 1 0 0 0 0 23 12 0 0 0 A A 1 3296.50188 0.04814 3 5059373 3296.3009 376 23 0.31975 1 12 1 0 0 1 0 0 0 0 1 0.8 0 0 0 0 0 1.0
0 0 0 0 0 0 23 6 0 0 0 A A 2 2403.46322 0.04564 1 5171487 2403.58954 376 23 2.8165 2 6 2 0 0 0 0 0 0 0 1 0.95 0 0 0 0 0 0.0
0 1 0 0 0 0 22 6 0 0 0 A A 1 3141.71746 0.04314 3 4628995 3141.02149 360 22 0.31045 1 6 1 0 0 1 0 0 0 0 1 0.77 0 0 0 0 0 1.0
0 0 0 0 0 0 23 6 0 0 0 A A 1 2403.4714 0.05064 5 5059366 2403.59519 376 23 2.8165 1 6 1 0 0 0 0 0 0 0 1 0.95 0 0 0 0 0 0.0
0 1 0 0 0 0 22 6 0 0 0 A A 2 3141.74464 0.04814 2 4736841 3141.048 360 22 0.31039 2 6 2 0 0 1 0 0 0 0 1 0.77 0 0 0 0 0 1.0
0 0 0 0 0 0 23 9 0 0 0 A A 2 2382.53752 0.04564 3 5171486 2382.62985 376 23 3.0767 2 9 2 0 0 0 0 0 0 0 1 0.96 0 0 0 0 0 0.0
0 1 0 0 0 0 22 9 0 0 0 A A 1 3124.9864 0.04314 3 4628994 3124.53203 360 22 0.31786 1 9 1 0 0 1 0 0 0 0 1 0.8 0 0 0 0 0 1.0
0 0 0 0 0 0 23 9 0 0 0 A A 1 2382.54012 0.04564 3 5059365 2382.62986 376 23 3.0767 1 9 1 0 0 0 0 0 0 0 1 0.96 0 0 0 0 0 0.0
0 1 0 0 0 0 22 9 0 0 0 A A 2 3124.98835 0.04314 3 4736840 3124.53219 360 22 0.31785 2 9 2 0 0 1 0 0 0 0 1 0.8 0 0 0 0 0 1.0
0 0 0 0 0 0 24 15 0 0 0 A A 2 2520.93578 0.05064 4 5626283 2520.92047 392 24 3.7291 2 15 2 0 0 0 0 0 0 0 1 0.98 0 0 0 0 0 0.0
0 1 0 0 0 0 23 15 0 0 0 A A 1 3265.07774 0.04814 2 5059371 3265.3144 376 23 0.34135 1 15 1 0 0 1 0 0 0 0 1 0.83 0 0 0 0 0 1.0
0 0 0 0 0 0 24 15 0 0 0 A A 1 2520.9371 0.05064 4 5508868 2520.92047 392 24 3.7291 1 15 1 0 0 0 0 0 0 0 1 0.98 0 0 0 0 0 0.0
0 1 0 0 0 0 23 15 0 0 0 A A 2 3265.07906 0.04814 2 5171493 3265.3144 376 23 0.34135 2 15 2 0 0 1 0 0 0 0 1 0.83 0 0 0 0 0 1.0
0 0 0 0 0 0 22 0 0 0 0 A A 1 2220.98441 0.04564 2 4628988 2221.11329 360 22 2.9766 1 0 1 0 0 0 0 0 0 0 1 0.95 0 0 0 0 0 0.0
0 1 0 0 0 0 21 0 0 0 0 A A 2 2967.96826 0.04314 2 4320307 2967.17056 344 21 0.31322 2 0 2 0 0 1 0 0 0 0 1 0.78 0 0 0 0 0 1.0
0 0 0 0 0 0 22 3 0 0 0 A A 1 2217.02328 0.05064 3 4628987 2216.79793 360 22 3.0293 1 3 1 0 0 0 0 0 0 0 1 0.94 0 0 0 0 0 0.0
0 1 0 0 0 0 21 3 0 0 0 A A 2 2964.65979 0.05314 1 4320306 2963.55224 344 21 0.31521 2 3 2 0 0 1 0 0 0 0 1 0.74 0 0 0 0 0 1.0
0 0 0 0 0 0 22 3 0 0 0 A A 2 2217.02238 0.04064 1 4736834 2217.14974 360 22 3.0276 2 3 2 0 0 0 0 0 0 0 1 0.97 0 0 0 0 0 0.0
0 1 0 0 0 0 21 3 0 0 0 A A 1 2964.99443 0.03814 2 4217740 2964.25524 344 21 0.31412 1 3 1 0 0 1 0 0 0 0 1 0.83 0 0 0 0 0 1.0
0 0 0 0 0 0 23 12 0 0 0 A A 2 2352.46561 0.04564 4 5171485 2352.50499 376 23 3.5434 2 12 2 0 0 0 0 0 0 0 1 0.97 0 0 0 0 0 0.0
0 1 0 0 0 0 22 12 0 0 0 A A 1 3101.11958 0.04314 3 4628993 3101.00238 360 22 0.32995 1 12 1 0 0 1 0 0 0 0 1 0.82 0 0 0 0 0 1.0
0 0 0 0 0 0 23 12 0 0 0 A A 1 2352.46648 0.04564 4 5059364 2352.50499 376 23 3.5434 1 12 1 0 0 0 0 0 0 0 1 0.97 0 0 0 0 0 0.0
0 1 0 0 0 0 22 12 0 0 0 A A 2 3101.12098 0.04314 3 4736839 3101.00238 360 22 0.32995 2 12 2 0 0 1 0 0 0 0 1 0.82 0 0 0 0 0 1.0
0 0 0 0 0 0 22 6 0 0 0 A A 1 2204.34843 0.04564 5 4628986 2204.4508 360 22 3.1967 1 6 1 0 0 0 0 0 0 0 1 0.96 0 0 0 0 0 0.0
0 1 0 0 0 0 21 6 0 0 0 A A 2 2954.67928 0.04314 3 4320304 2954.06029 344 21 0.32851 2 6 2 0 0 1 0 0 0 0 1 0.78 0 0 0 0 0 1.0
0 0 0 0 0 0 22 6 0 0 0 A A 2 2204.34814 0.04064 3 4736833 2204.4541 360 22 3.1967 2 6 2 0 0 0 0 0 0 0 1 0.96 0 0 0 0 0 0.0
0 1 0 0 0 0 21 6 0 0 0 A A 1 2954.69219 0.03814 3 4217738 2954.07618 344 21 0.3311 1 6 1 0 0 1 0 0 0 0 1 0.78 0 0 0 0 0 1.0
0 0 0 0 0 0 22 9 0 0 0 A A 2 2183.14574 0.04064 3 4736832 2183.21835 360 22 3.5274 2 9 2 0 0 0 0 0 0 0 1 0.97 0 0 0 0 0 0.0
0 1 0 0 0 0 21 9 0 0 0 A A 1 2937.88788 0.03814 3 4217737 2937.51554 344 21 0.32726 1 9 1 0 0 1 0 0 0 0 1 0.82 0 0 0 0 0 1.0
0 0 0 0 0 0 22 9 0 0 0 A A 1 2183.14696 0.04064 4 4628985 2183.21835 360 22 1.7641 1 9 1 0 0 0 0 0 0 0 1 0.97 0 0 0 0 0 0.0
0 1 0 0 0 0 21 9 0 0 0 A A 2 2937.88996 0.03814 4 4320303 2937.51546 344 21 0.32726 2 9 2 0 0 1 0 0 0 0 1 0.82 0 0 0 0 0 1.0
0 0 0 0 0 0 20 9 0 0 0 A A 1 1809.0468 0.03064 6 3825608 1809.08572 328 20 4.7797 1 9 1 0 0 0 0 0 0 0 1 0.98 0 0 0 0 0 0.0
0 0 0 0 0 0 23 15 0 0 0 A A 2 2312.43215 0.04564 5 5171484 2312.40232 376 23 4.4283 2 15 2 0 0 0 0 0 0 0 1 0.98 0 0 0 0 0 0.0
0 1 0 0 0 0 22 15 0 0 0 A A 1 3069.13665 0.04314 2 4628991 3069.40848 360 22 0.47489 1 15 1 0 0 1 0 0 0 0 1 0.69 0 0 0 0 0 1.0
0 0 0 0 0 0 23 15 0 0 0 A A 1 2312.43347 0.04564 5 5059363 2312.40232 376 23 4.4283 1 15 1 0 0 0 0 0 0 0 1 0.98 0 0 0 0 0 0.0
0 1 0 0 0 0 22 15 0 0 0 A A 2 3069.13812 0.04314 2 4736837 3069.40848 360 22 0.47489 2 15 2 0 0 1 0 0 0 0 1 0.69 0 0 0 0 0 1.0
0 0 0 0 0 0 20 6 0 0 0 A A 2 1830.77751 0.03064 7 3923888 1830.84901 328 20 4.2207 2 6 2 0 0 0 0 0 0 0 1 0.98 0 0 0 0 0 0.0
0 1 0 0 0 0 19 9 0 0 0 A A 1 2588.52985 0.02814 5 3452619 2588.3185 312 19 0.37116 1 9 1 0 0 1 0 0 0 0 1 0.82 0 0 0 0 0 1.0
0 0 0 0 0 0 20 6 0 0 0 A A 1 1830.77969 0.03564 8 3825609 1830.84797 328 20 4.2206 1 6 1 0 0 0 0 0 0 0 1 0.98 0 0 0 0 0 0.0
0 0 0 0 0 0 21 3 0 0 0 A A 2 2025.956 0.03564 6 4320296 2026.06063 344 21 3.4448 2 3 2 0 0 0 0 0 0 0 1 0.95 0 0 0 0 0 0.0
0 0 0 0 0 0 21 3 0 0 0 A A 1 2026.22498 0.04064 7 4217731 2026.3292 344 21 3.4431 1 3 1 0 0 0 0 0 0 0 1 0.98 0 0 0 0 0 0.0
0 0 0 0 0 0 22 12 0 0 0 A A 1 2152.67479 0.04064 5 4628984 2152.69594 360 22 4.1362 1 12 1 0 0 0 0 0 0 0 1 0.98 0 0 0 0 0 0.0
0 1 0 0 0 0 21 12 0 0 0 A A 2 2913.97611 0.03814 4 4320302 2913.93615 344 21 0.34062 2 12 2 0 0 1 0 0 0 0 1 0.84 0 0 0 0 0 1.0
0 0 0 0 0 0 22 12 0 0 0 A A 2 2152.67278 0.04064 5 4736831 2152.69594 360 22 4.1376 2 12 2 0 0 0 0 0 0 0 1 0.98 0 0 0 0 0 0.0
0 1 0 0 0 0 21 12 0 0 0 A A 1 2913.97417 0.03814 3 4217736 2913.93615 344 21 0.34062 1 12 1 0 0 1 0 0 0 0 1 0.84 0 0 0 0 0 1.0
0 0 0 0 0 0 21 6 0 0 0 A A 2 2013.43096 0.03564 2 4320295 2013.51854 344 21 3.6571 2 6 2 0 0 0 0 0 0 0 1 0.97 0 0 0 0 0 0.0
0 1 0 0 0 0 20 6 0 0 0 A A 1 2775.8745 0.03314 4 3825618 2775.34481 328 20 0.32808 1 6 1 0 0 1 0 0 0 0 1 0.82 0 0 0 0 0 1.0
0 0 0 0 0 0 21 6 0 0 0 A A 1 2013.43468 0.04064 10 4217730 2013.52041 344 21 3.657 1 6 1 0 0 0 0 0 0 0 1 0.97 0 0 0 0 0 0.0
0 1 0 0 0 0 20 0 0 0 0 A A 1 2789.18942 0.03314 2 3825620 2788.47589 328 20 0.32167 1 0 1 0 0 1 0 0 0 0 1 0.81 0 0 0 0 0 1.0
0 0 0 0 0 0 21 9 0 0 0 A A 2 1991.96219 0.03564 7 4320294 1992.01833 344 21 2.0421 2 9 2 0 0 0 0 0 0 0 1 0.98 0 0 0 0 0 0.0
0 1 0 0 0 0 20 9 0 0 0 A A 1 2759.04827 0.03314 5 3825616 2758.75255 328 20 0.33701 1 9 1 0 0 1 0 0 0 0 1 0.84 0 0 0 0 0 1.0
0 0 0 0 0 0 21 9 0 0 0 A A 1 1991.96467 0.03564 6 4217729 1992.01833 344 21 2.0421 1 9 1 0 0 0 0 0 0 0 1 0.98 0 0 0 0 0 0.0
0 0 0 0 0 0 20 0 0 0 0 A A 1 1847.82138 0.04064 2 3825611 1847.91369 328 20 3.864 1 0 1 0 0 0 0 0 0 0 1 0.97 0 0 0 0 0 0.0
0 1 0 0 0 0 19 3 0 0 0 A A 2 2615.16548 0.03814 5 3545619 2614.56488 312 19 0.33236 2 3 2 0 0 1 0 0 0 0 1 0.8 0 0 0 0 0 1.0
0 0 0 0 0 0 19 9 0 0 0 A A 2 1634.44727 0.02564 6 3545609 1634.47495 312 19 5.6661 2 9 2 0 0 0 0 0 0 0 1 0.99 0 0 0 0 0 0.0
0 0 0 0 0 0 23 18 0 0 0 A A 2 2261.33733 0.04564 4 5171483 2261.22374 376 23 6.4594 2 18 2 0 0 0 0 0 0 0 1 0.99 0 0 0 0 0 0.0
0 1 0 0 0 0 22 18 0 0 0 A A 1 3030.72308 0.04314 2 4628990 3031.597 360 22 0.38398 1 18 1 0 0 1 0 0 0 0 1 0.87 0 0 0 0 0 1.0
0 0 0 0 0 0 23 18 0 0 0 A A 1 2261.33871 0.05064 4 5059362 2261.22374 376 23 6.4594 1 18 1 0 0 0 0 0 0 0 1 0.99 0 0 0 0 0 0.0
0 1 0 0 0 0 22 18 0 0 0 A A 2 3030.72446 0.04814 2 4736836 3031.597 360 22 0.38398 2 18 2 0 0 1 0 0 0 0 1 0.87 0 0 0 0 0 1.0
0 0 0 0 0 0 19 6 0 0 0 A A 2 1656.43779 0.02564 7 3545610 1656.49281 312 19 4.919 2 6 2 0 0 0 0 0 0 0 1 0.98 0 0 0 0 0 0.0
0 0 0 0 0 0 22 15 0 0 0 A A 1 2112.09649 0.04064 5 4628983 2112.05301 360 22 2.6799 1 15 1 0 0 0 0 0 0 0 1 0.99 0 0 0 0 0 0.0
0 1 0 0 0 0 21 15 0 0 0 A A 2 2882.72036 0.04314 3 4320301 2883.12112 344 21 0.36293 2 15 2 0 0 1 0 0 0 0 1 0.87 0 0 0 0 0 1.0
0 0 0 0 0 0 22 15 0 0 0 A A 2 2112.09487 0.04064 5 4736830 2112.05301 360 22 5.3592 2 15 2 0 0 0 0 0 0 0 1 0.99 0 0 0 0 0 0.0
0 1 0 0 0 0 21 15 0 0 0 A A 1 2882.7189 0.03814 3 4217735 2883.12112 344 21 0.36293 1 15 1 0 0 1 0 0 0 0 1 0.87 0 0 0 0 0 1.0
0 0 0 0 0 0 20 3 0 0 0 A A 1 1843.48881 0.04064 6 3825610 1843.57431 328 20 3.9478 1 3 1 0 0 0 0 0 0 0 1 0.96 0 0 0 0 0 0.0
0 0 0 0 0 0 20 3 0 0 0 A A 2 1843.68746 0.03363 4 3923889 1843.7766 328 20 3.9462 2 3 2 0 0 0 0 0 0 0 1 0.98 0 0 0 0 0 0.0
0 1 0 0 0 0 19 3 0 0 0 A A 1 2615.5859 0.03113 3 3452621 2614.99809 312 19 0.33158 1 3 1 0 0 1 0 0 0 0 1 0.86 0 0 0 0 0 1.0
0 0 0 0 0 0 21 12 0 0 0 A A 2 1961.09627 0.03564 5 4320293 1961.10543 344 21 2.449 2 12 2 0 0 0 0 0 0 0 1 0.99 0 0 0 0 0 0.0
0 1 0 0 0 0 20 12 0 0 0 A A 1 2735.12245 0.03314 3 3825615 2735.15833 328 20 0.35176 1 12 1 0 0 1 0 0 0 0 1 0.86 0 0 0 0 0 1.0
0 0 0 0 0 0 21 12 0 0 0 A A 1 1961.09844 0.03564 5 4217728 1961.10543 344 21 2.449 1 12 1 0 0 0 0 0 0 0 1 0.99 0 0 0 0 0 0.0
0 1 0 0 0 0 19 6 0 0 0 A A 1 2605.36739 0.02814 4 3452620 2604.91357 312 19 0.33723 1 6 1 0 0 1 0 0 0 0 1 0.84 0 0 0 0 0 1.0
0 0 0 0 0 0 20 9 0 0 0 A A 2 1809.04398 0.03064 7 3923887 1809.08572 328 20 4.7797 2 9 2 0 0 0 0 0 0 0 1 0.98 0 0 0 0 0 0.0
0 0 0 0 0 0 18 9 0 0 0 A A 2 1468.22145 0.02363 4 3187463 1468.23891 296 18 6.8174 2 9 2 0 0 0 0 0 0 0 1 0.99 0 0 0 0 0 0.0
0 1 0 0 0 0 17 12 0 0 0 A A 1 2248.86575 0.02364 5 2764007 2249.09896 280 17 0.38873 1 12 1 0 0 1 0 0 0 0 1 0.91 0 0 0 0 0 1.0
0 0 0 0 0 0 18 6 0 0 0 A A 2 1490.46118 0.02363 7 3187464 1490.50547 296 18 5.7966 2 6 2 0 0 0 0 0 0 0 1 0.99 0 0 0 0 0 0.0
0 1 0 0 0 0 17 15 0 0 0 A A 1 2218.48938 0.02364 5 2764006 2219.18697 280 17 0.42419 1 15 1 0 0 1 0 0 0 0 1 0.94 0 0 0 0 0 1.0
0 0 0 0 0 0 22 18 0 0 0 A A 1 2060.29079 0.04564 6 4628982 2060.17172 360 22 8.5305 1 18 1 0 0 0 0 0 0 0 1 0.99 0 0 0 0 0 0.0
0 1 0 0 0 0 21 18 0 0 0 A A 2 2843.86457 0.04314 3 4320299 2844.82114 344 21 0.40347 2 18 2 0 0 1 0 0 0 0 1 0.89 0 0 0 0 0 1.0
0 0 0 0 0 0 22 18 0 0 0 A A 2 2060.28941 0.04064 6 4736829 2060.17172 360 22 8.5318 2 18 2 0 0 0 0 0 0 0 1 0.99 0 0 0 0 0 0.0
0 1 0 0 0 0 21 18 0 0 0 A A 1 2843.86326 0.03814 3 4217733 2844.82114 344 21 0.40347 1 18 1 0 0 1 0 0 0 0 1 0.89 0 0 0 0 0 1.0
0 0 0 0 0 0 21 15 0 0 0 A A 2 1919.98406 0.03564 5 4320292 1919.93268 344 21 3.3219 2 15 2 0 0 0 0 0 0 0 1 0.99 0 0 0 0 0 0.0
0 1 0 0 0 0 20 15 0 0 0 A A 1 2703.91473 0.03314 4 3825614 2704.3914 328 20 0.37611 1 15 1 0 0 1 0 0 0 0 1 0.89 0 0 0 0 0 1.0
0 0 0 0 0 0 21 15 0 0 0 A A 1 1919.98542 0.04064 6 4217727 1919.93268 344 21 6.6425 1 15 1 0 0 0 0 0 0 0 1 0.99 0 0 0 0 0 0.0
0 0 0 0 0 0 18 3 0 0 0 A A 1 1503.62018 0.033 2 3098742 1503.5703 296 18 5.3251 1 3 1 0 0 0 0 0 0 0 1 0.98 0 0 0 0 0 0.0
0 0 0 0 0 0 18 3 0 0 0 A A 2 1503.51077 0.02863 5 3187465 1503.6799 296 18 5.3235 2 3 2 0 0 0 0 0 0 0 1 0.99 0 0 0 0 0 0.0
0 1 0 0 0 0 17 6 0 0 0 A A 1 2289.39555 0.02613 3 2764010 2289.07135 280 17 0.35623 1 6 1 0 0 1 0 0 0 0 1 0.88 0 0 0 0 0 1.0
0 1 0 0 0 0 18 6 0 0 0 A A 1 2443.19196 0.02613 4 3098749 2442.80091 296 18 0.34663 1 6 1 0 0 1 0 0 0 0 1 0.86 0 0 0 0 0 1.0
0 0 0 0 0 0 20 12 0 0 0 A A 1 1777.79465 0.03564 6 3825607 1777.79063 328 20 5.8933 1 12 1 0 0 0 0 0 0 0 1 0.99 0 0 0 0 0 0.0
0 0 0 0 0 0 20 12 0 0 0 A A 2 1777.79316 0.03064 6 3923886 1777.79063 328 20 5.8933 2 12 2 0 0 0 0 0 0 0 1 0.99 0 0 0 0 0 0.0
0 1 0 0 0 0 19 12 0 0 0 A A 1 2564.61907 0.02814 5 3452617 2564.72426 312 19 0.36342 1 12 1 0 0 1 0 0 0 0 1 0.88 0 0 0 0 0 1.0
0 1 0 0 0 0 18 0 0 0 0 A A 1 2456.52897 0.03113 1 3098751 2455.95984 296 18 0.33907 1 0 1 0 0 1 0 0 0 0 1 0.84 0 0 0 0 0 1.0
0 1 0 0 0 0 16 9 0 0 0 A A 1 2127.26451 0.02163 6 2448397 2127.22446 264 16 0.37907 1 9 1 0 0 1 0 0 0 0 1 0.9 0 0 0 0 0 1.0
0 0 0 0 0 0 20 15 0 0 0 A A 2 1736.1583 0.03064 4 3923885 1736.10009 328 20 8.5029 2 15 2 0 0 0 0 0 0 0 1 0.99 0 0 0 0 0 0.0
0 1 0 0 0 0 19 15 0 0 0 A A 1 2533.5748 0.02814 4 3452616 2534.12457 312 19 0.391 1 15 1 0 0 1 0 0 0 0 1 0.9 0 0 0 0 0 1.0
0 0 0 0 0 0 20 15 0 0 0 A A 1 1736.15926 0.03564 4 3825606 1736.10009 328 20 8.5029 1 15 1 0 0 0 0 0 0 0 1 0.99 0 0 0 0 0 0.0
0 0 0 0 0 0 21 18 0 0 0 A A 2 1867.48291 0.03564 5 4320291 1867.36334 344 21 12.058 2 18 2 0 0 0 0 0 0 0 1 0.99 0 0 0 0 0 0.0
0 1 0 0 0 0 20 18 0 0 0 A A 1 2665.56207 0.03314 2 3825612 2666.60005 328 20 0.42693 1 18 1 0 0 1 0 0 0 0 1 0.9 0 0 0 0 0 1.0
0 0 0 0 0 0 21 18 0 0 0 A A 1 1867.48408 0.04064 5 4217726 1867.36334 344 21 12.06 1 18 1 0 0 0 0 0 0 0 1 0.99 0 0 0 0 0 0.0
0 1 0 0 0 0 20 18 0 0 0 A A 2 2665.56304 0.04 2 3923890 2666.60005 328 20 0.42693 2 18 2 0 0 1 0 0 0 0 1 0.9 0 0 0 0 0 1.0
0 0 0 0 0 0 19 12 0 0 0 A A 2 1602.81971 0.02564 6 3545608 1602.8072 312 19 7.2332 2 12 2 0 0 0 0 0 0 0 1 0.99 0 0 0 0 0 0.0
0 1 0 0 0 0 15 12 0 0 0 A A 1 1967.11832 0.01864 5 2151907 1967.47059 248 15 0.41603 1 12 1 0 0 1 0 0 0 0 1 0.94 0 0 0 0 0 1.0
0 1 0 0 0 0 15 9 0 0 0 A A 1 1990.43078 0.01864 5 2151908 1990.44466 248 15 0.39043 1 9 1 0 0 1 0 0 0 0 1 0.92 0 0 0 0 0 1.0
0 0 0 0 0 0 19 15 0 0 0 A A 2 1560.67531 0.02564 4 3545607 1560.61244 312 19 11.382 2 15 2 0 0 0 0 0 0 0 1 1 0 0 0 0 0 0.0
0 1 0 0 0 0 16 6 0 0 0 A A 1 2144.02187 0.02163 5 2448398 2143.75371 264 16 0.36603 1 6 1 0 0 1 0 0 0 0 1 0.89 0 0 0 0 0 1.0
0 0 0 1 0 1 21 20 0 1 1 E E 2 2872.81401 0.04814 2 4320300 2872.99316 344 21 1.4113 2 20 3 1 0 0 0 1 0 1 3 0.94 0 0 0 0 0 1.0
0 0 0 1 0 1 21 20 0 1 1 E E 1 2872.81263 0.04314 2 4217734 2872.99316 344 21 1.4113 1 20 3 1 0 0 0 1 0 1 3 0.94 0 0 0 0 0 1.0
0 0 0 0 0 0 20 18 0 0 0 A A 2 1682.97831 0.03064 5 3923884 1682.85927 328 20 19.247 2 18 2 0 0 0 0 0 0 0 1 0.99 0 0 0 0 0 0.0
0 1 0 0 0 0 19 18 0 0 0 A A 1 2496.18577 0.02814 2 3452615 2497.3642 312 19 0.439 1 18 1 0 0 1 0 0 0 0 1 0.94 0 0 0 0 0 1.0
0 0 0 0 0 0 20 18 0 0 0 A A 1 1682.97905 0.0375 5 3825605 1682.85927 328 20 19.247 1 18 1 0 0 0 0 0 0 0 1 0.99 0 0 0 0 0 0.0
0 0 0 1 0 1 15 14 0 1 1 E E 2 2028.36745 0.0255 2 2225786 2028.41915 248 15 1.1965 2 14 3 1 0 0 0 1 0 1 3 0.98 0 0 0 0 0 1.0
0 0 0 1 0 1 16 14 0 1 1 E E 2 2172.79225 0.0305 2 2527554 2172.86154 264 16 1.1426 2 14 3 1 0 0 0 1 0 1 3 0.96 0 0 0 0 0 1.0
0 0 0 1 0 1 16 14 0 1 1 E E 1 2172.79177 0.02364 2 2448401 2172.86154 264 16 1.1426 1 14 3 1 0 0 0 1 0 1 3 0.96 0 0 0 0 0 1.0
0 0 0 1 0 1 19 11 0 1 1 E E 2 2708.17009 0.03814 2 3545623 2708.29809 312 19 0.77247 2 11 3 1 0 0 0 1 0 1 3 0.9 0 0 0 0 0 1.0
0 0 0 1 0 1 19 11 0 1 1 E E 1 2708.16825 0.03314 2 3452624 2708.29809 312 19 0.77247 1 11 3 1 0 0 0 1 0 1 3 0.9 0 0 0 0 0 1.0
0 0 0 1 0 1 20 11 0 1 1 E E 2 2884.45808 0.03814 3 3923900 2884.61451 328 20 0.73464 2 11 3 1 0 0 0 1 0 1 3 0.89 0 0 0 0 0 1.0
0 0 0 1 0 1 20 11 0 1 1 E E 1 2884.45517 0.03814 2 3825623 2884.61451 328 20 0.73464 1 11 3 1 0 0 0 1 0 1 3 0.89 0 0 0 0 0 1.0
0 0 0 1 0 1 20 17 0 1 1 E E 2 2767.01525 0.04314 1 3923895 2767.15339 328 20 1.1381 2 17 3 1 0 0 0 1 0 1 3 0.93 0 0 0 0 0 1.0
0 0 0 1 0 1 20 17 0 1 1 E E 1 2767.01408 0.03814 1 3825617 2767.15339 328 20 1.1381 1 17 3 1 0 0 0 1 0 1 3 0.93 0 0 0 0 0 1.0
0 0 0 1 0 1 20 8 0 1 1 E E 2 2923.82699 0.03814 4 3923902 2924.07688 328 20 0.62861 2 8 3 1 0 0 0 1 0 1 3 0.86 0 0 0 0 0 1.0
0 0 0 1 0 1 21 11 0 1 1 E E 2 3068.98887 0.04314 2 4320310 3069.18023 344 21 0.69971 2 11 3 1 0 0 0 1 0 1 3 0.88 0 0 0 0 0 1.0
0 0 0 1 0 1 21 17 0 1 1 E E 1 2954.04606 0.04314 1 4217739 2954.20217 344 21 0.93426 1 17 3 1 0 0 0 1 0 1 3 0.89 0 0 0 0 0 1.0
0 0 0 1 0 1 21 17 0 1 1 E E 2 2954.04744 0.04814 1 4320305 2954.2014 344 21 0.95587 2 17 3 1 0 0 0 1 0 1 3 0.9 0 0 0 0 0 1.0
0 0 0 0 0 0 22 21 0 0 0 A A 1 1995.81252 0.05064 1 4628981 1995.62291 360 22 31.113 1 21 1 0 0 0 0 0 0 0 1 0.99 0 0 0 0 0 0.0
0 0 0 0 0 0 22 21 0 0 0 A A 2 1995.81114 0.04564 1 4736828 1995.62291 360 22 31.113 2 21 2 0 0 0 0 0 0 0 1 0.99 0 0 0 0 0 0.0
0 0 0 1 0 1 22 14 0 1 1 E E 1 3211.95746 0.04814 1 4629000 3212.11709 360 22 0.78404 1 14 3 1 0 0 0 1 0 1 3 0.89 0 0 0 0 0 1.0
0 0 0 1 0 1 22 14 0 1 1 E E 2 3211.95878 0.04814 1 4736845 3212.11709 360 22 0.78404 2 14 3 1 0 0 0 1 0 1 3 0.89 0 0 0 0 0 1.0
0 0 0 1 0 1 22 17 0 1 1 E E 2 3149.10113 0.05314 1 4736842 3149.25507 360 22 0.95908 2 17 3 1 0 0 0 1 0 1 3 0.9 0 0 0 0 0 1.0
0 0 0 1 0 1 22 17 0 1 1 E E 1 3149.09975 0.04814 1 4628996 3149.25504 360 22 0.95901 1 17 3 1 0 0 0 1 0 1 3 0.9 0 0 0 0 0 1.0
0 0 0 1 0 1 22 22 0 1 1 E E 1 3157.18282 0.04814 1 4628999 3156.95689 360 22 0.23541 1 22 3 1 0 0 0 1 0 1 3 0.97 0 0 0 0 0 1.0
0 0 0 1 0 1 22 22 0 1 1 E E 2 3157.1842 0.05314 1 4736844 3156.95689 360 22 0.23541 2 22 3 1 0 0 0 1 0 1 3 0.97 0 0 0 0 0 1.0
0 0 0 1 0 1 22 8 0 1 1 E E 2 3299.70708 0.04814 2 4736849 3300.05767 360 22 0.58364 2 8 3 1 0 0 0 1 0 1 3 0.84 0 0 0 0 0 1.0
0 0 0 1 0 1 23 14 0 1 1 E E 1 3413.75673 0.05314 2 5059379 3413.94399 376 23 0.73908 1 14 3 1 0 0 0 1 0 1 3 0.88 0 0 0 0 0 1.0
0 0 0 1 0 1 23 14 0 1 1 E E 2 3413.75805 0.05314 2 5171502 3413.94399 376 23 0.73908 2 14 3 1 0 0 0 1 0 1 3 0.88 0 0 0 0 0 1.0
0 0 0 0 0 0 24 9 0 0 0 A A 2 2590.08227 0.05564 1 5626285 2590.19564 392 24 2.7068 2 9 2 0 0 0 0 0 0 0 1 0.95 0 0 0 0 0 0.0
0 0 0 0 0 0 24 9 0 0 0 A A 1 2590.08359 0.05564 1 5508870 2590.19561 392 24 2.7068 1 9 1 0 0 0 0 0 0 0 1 0.95 0 0 0 0 0 0.0
0 0 0 0 0 0 25 21 0 0 0 A A 2 2626.17349 0.05564 2 5985553 2625.97406 408 25 3.3465 2 21 2 0 0 0 0 0 0 0 1 0.99 0 0 0 0 0 0.0
0 0 0 1 0 1 24 20 0 1 1 E E 1 3488.71995 0.05314 2 5508879 3488.95592 392 24 1.0003 1 20 3 1 0 0 0 1 0 1 3 0.89 0 0 0 0 0 1.0
0 0 0 0 0 0 25 21 0 0 0 A A 1 2626.17481 0.05564 2 5863864 2625.97406 408 25 6.6915 1 21 1 0 0 0 0 0 0 0 1 0.99 0 0 0 0 0 0.0
0 0 0 1 0 1 24 20 0 1 1 E E 2 3488.72127 0.05314 2 5626293 3488.95592 392 24 1.0003 2 20 3 1 0 0 0 1 0 1 3 0.89 0 0 0 0 0 1.0
0 1 0 0 0 0 13 12 0 0 0 A A 1 1719.71133 0.01464 4 1616325 1720.17868 216 13 0.44741 1 12 1 0 0 1 0 0 0 0 1 0.97 0 0 0 0 0 1.0
0 1 0 0 0 0 14 6 0 0 0 A A 1 1878.68187 0.01713 5 1874556 1878.5177 232 14 0.38615 1 6 1 0 0 1 0 0 0 0 1 0.91 0 0 0 0 0 1.0
0 0 0 0 0 0 16 12 0 0 0 A A 2 1128.40623 0.02114 5 2527545 1128.37697 264 16 16.143 2 12 2 0 0 0 0 0 0 0 1 1 0 0 0 0 0 0.0
0 0 0 0 0 0 16 15 0 0 0 A A 2 1084.83165 0.02114 3 2527544 1084.76578 264 16 57.492 2 15 2 0 0 0 0 0 0 0 1 1 0 0 0 0 0 0.0
0 1 0 0 0 0 15 15 0 0 0 A A 1 1937.86483 0.01914 2 2151906 1938.72693 248 15 0.4647 1 15 1 0 0 1 0 0 0 0 1 0.98 0 0 0 0 0 1.0
0 0 0 0 0 0 19 18 0 0 0 A A 2 1506.83488 0.02564 3 3545606 1506.71856 312 19 41.117 2 18 2 0 0 0 0 0 0 0 1 1 0 0 0 0 0 0.0
0 1 0 0 0 0 9 6 0 0 0 A A 1 1364.83025 0.01113 5 774689 1364.86391 152 9 0.43829 1 6 1 0 0 1 0 0 0 0 1 0.97 0 0 0 0 0 1.0
0 0 0 1 0 1 11 11 0 1 1 E E 1 1599.08845 0.01523 1 1157255 1599.10008 184 11 1.0395 1 11 3 1 0 0 0 1 0 1 3 1 0 0 0 0 0 1.0
0 0 0 1 0 1 12 11 0 1 1 E E 2 1708.16725 0.0105 2 1437256 1708.19325 200 12 1.0339 2 11 3 1 0 0 0 1 0 1 3 0.98 0 0 0 0 0 1.0
0 0 0 1 0 1 12 11 0 1 1 E E 1 1708.16722 0.01464 2 1377227 1708.19325 200 12 1.0339 1 11 3 1 0 0 0 1 0 1 3 0.98 0 0 0 0 0 1.0
0 0 0 1 0 1 13 11 0 1 1 E E 1 1825.73687 0.01763 2 1616329 1825.77398 216 13 1.0126 1 11 3 1 0 0 0 1 0 1 3 0.97 0 0 0 0 0 1.0
0 0 0 1 0 1 13 13 0 1 1 E E 1 1879.08997 0.01713 1 1616331 1879.05771 216 13 0.32938 1 13 3 1 0 0 0 1 0 1 3 0.99 0 0 0 0 0 1.0
0 0 0 1 0 1 13 8 0 1 1 E E 1 1871.13173 0.01763 1 1616330 1871.17886 216 13 0.82138 1 8 3 1 0 0 0 1 0 1 3 0.95 0 0 0 0 0 1.0
0 0 0 1 0 1 14 11 0 1 1 E E 1 1951.77672 0.01914 2 1874560 1951.824 232 14 0.98022 1 11 3 1 0 0 0 1 0 1 3 0.96 0 0 0 0 0 1.0
0 0 0 1 0 1 14 14 0 1 1 E E 1 1892.10984 0.02364 1 1874559 1892.1317 232 14 1.2289 1 14 3 1 0 0 0 1 0 1 3 0.99 0 0 0 0 0 1.0
0 0 0 1 0 1 14 8 0 1 1 E E 1 1996.1677 0.01864 1 1874561 1996.22995 232 14 0.7934 1 8 3 1 0 0 0 1 0 1 3 0.94 0 0 0 0 0 1.0
0 0 0 1 0 1 15 11 0 1 1 E E 1 2086.26703 0.02364 1 2151912 2086.32494 248 15 0.94147 1 11 3 1 0 0 0 1 0 1 3 0.95 0 0 0 0 0 1.0
0 0 0 1 0 1 15 13 0 1 1 E E 1 2141.89723 0.02163 1 2151914 2141.8757 248 15 0.34579 1 13 3 1 0 0 0 1 0 1 3 0.96 0 0 0 0 0 1.0
0 0 0 1 0 1 15 14 0 1 1 E E 1 2028.36726 0.02364 1 2151911 2028.41915 248 15 1.1965 1 14 3 1 0 0 0 1 0 1 3 0.98 0 0 0 0 0 1.0
0 0 0 1 0 1 15 5 0 1 1 E E 1 2160.55342 0.02163 1 2151915 2160.69444 248 15 0.6382 1 5 3 1 0 0 0 1 0 1 3 0.88 0 0 0 0 0 1.0
0 0 0 1 0 1 15 8 0 1 1 E E 1 2129.71698 0.02163 1 2151913 2129.79857 248 15 0.76397 1 8 3 1 0 0 0 1 0 1 3 0.92 0 0 0 0 0 1.0
0 0 0 1 0 1 16 1 0 1 1 E E 2 2326.1747 0.0305 1 2527562 2326.46214 264 16 0.5235 2 1 3 1 0 0 0 1 0 1 3 0.95 0 0 0 0 0 1.0
0 0 0 1 0 1 16 16 0 1 1 E E 1 2238.23686 0.02364 1 2448403 2238.16333 264 16 0.29276 1 16 3 1 0 0 0 1 0 1 3 0.98 0 0 0 0 0 1.0
0 0 0 1 0 1 16 2 0 1 1 E E 1 2319.36095 0.03613 1 2448407 2320.17057 264 16 0.49494 1 2 3 1 0 0 0 1 0 1 3 0.63 0 0 0 0 0 1.0
0 0 0 1 0 1 16 2 0 1 1 E E 2 2320.08422 0.0305 1 2527560 2319.75518 264 16 0.52082 2 2 3 1 0 0 0 1 0 1 3 0.71 0 0 0 0 0 1.0
0 0 0 1 0 1 16 5 0 1 1 E E 2 2302.01196 0.0305 1 2527559 2302.10845 264 16 0.6201 2 5 3 1 0 0 0 1 0 1 3 0.87 0 0 0 0 0 1.0
0 0 0 1 0 -1 16 5 0 1 1 E E 1 2301.9325 0.02613 1 2448406 2302.10978 264 16 0.62009 1 5 3 1 0 0 0 1 0 1 3 0.87 0 0 0 0 0 1.0
0 0 0 1 0 1 16 8 0 1 1 E E 2 2271.74354 0.0305 2 2527557 2271.84799 264 16 0.73446 2 8 3 1 0 0 0 1 0 1 3 0.91 0 0 0 0 0 1.0
0 0 0 1 0 1 16 8 0 1 1 E E 1 2271.74286 0.02364 2 2448404 2271.84799 264 16 0.73446 1 8 3 1 0 0 0 1 0 1 3 0.91 0 0 0 0 0 1.0
0 0 0 1 0 1 17 10 0 1 1 E E 1 2473.93561 0.03113 1 2764019 2473.99883 280 17 0.44948 1 10 3 1 0 0 0 1 0 1 3 0.84 0 0 0 0 0 1.0
0 0 0 1 0 -1 17 11 0 1 1 E E 2 2380.49459 0.0355 1 2847444 2380.57981 280 17 0.85562 2 11 3 1 0 0 0 1 0 1 3 0.93 0 0 0 0 0 1.0
0 0 0 1 0 -1 17 11 0 1 1 E E 1 2380.4941 0.02613 1 2764013 2380.57981 280 17 0.85562 1 11 3 1 0 0 0 1 0 1 3 0.93 0 0 0 0 0 1.0
0 0 0 1 0 1 17 14 0 1 1 E E 1 2325.43182 0.02814 1 2764012 2325.51427 280 17 1.0793 1 14 3 1 0 0 0 1 0 1 3 0.95 0 0 0 0 0 1.0
0 0 0 1 0 1 17 14 0 1 1 E E 2 2325.43212 0.0355 1 2847443 2325.51427 280 17 1.0793 2 14 3 1 0 0 0 1 0 1 3 0.95 0 0 0 0 0 1.0
0 0 0 1 0 1 17 16 0 1 1 E E 1 2392.11513 0.02613 1 2764014 2392.05622 280 17 0.30065 1 16 3 1 0 0 0 1 0 1 3 0.97 0 0 0 0 0 1.0
0 0 0 1 0 1 17 17 0 1 1 E E 1 2253.39728 0.02864 1 2764008 2253.43006 280 17 1.4439 1 17 3 1 0 0 0 1 0 1 3 0.99 0 0 0 0 0 1.0
0 0 0 1 0 1 17 17 0 1 1 E E 2 2253.39814 0.0355 1 2847438 2253.43006 280 17 1.4439 2 17 3 1 0 0 0 1 0 1 3 0.99 0 0 0 0 0 1.0
0 0 0 1 0 -1 17 2 0 1 1 E E 2 2469.04217 0.0355 2 2847449 2469.93672 280 17 0.52808 2 2 3 1 0 0 0 1 0 1 3 0.75 0 0 0 0 0 1.0
0 0 0 1 0 -1 17 2 0 1 1 E E 1 2469.64959 0.03113 1 2764018 2469.33059 280 17 0.53722 1 2 3 1 0 0 0 1 0 1 3 0.77 0 0 0 0 0 1.0
0 0 0 1 0 1 17 8 0 1 1 E E 2 2422.20776 0.0355 2 2847446 2422.34048 280 17 0.70577 2 8 3 1 0 0 0 1 0 1 3 0.9 0 0 0 0 0 1.0
0 0 0 1 0 1 17 8 0 1 1 E E 1 2422.20694 0.02613 2 2764015 2422.34048 280 17 0.70577 1 8 3 1 0 0 0 1 0 1 3 0.9 0 0 0 0 0 1.0
0 0 0 1 0 1 18 10 0 1 1 E E 1 2635.58397 0.02814 1 3098759 2635.48402 296 18 0.45564 1 10 3 1 0 0 0 1 0 1 3 0.84 0 0 0 0 0 1.0
0 0 0 1 0 1 18 10 0 1 1 E E 2 2635.63368 0.03814 1 3187481 2635.55218 296 18 0.45738 2 10 3 1 0 0 0 1 0 1 3 0.83 0 0 0 0 0 1.0
0 0 0 1 0 1 18 11 0 1 1 E E 2 2540.16894 0.03814 1 3187474 2540.27344 296 18 0.81301 2 11 3 1 0 0 0 1 0 1 3 0.91 0 0 0 0 0 1.0
0 0 0 1 0 1 18 11 0 1 1 E E 1 2540.16836 0.02814 1 3098753 2540.27344 296 18 0.81301 1 11 3 1 0 0 0 1 0 1 3 0.91 0 0 0 0 0 1.0
0 0 0 1 0 1 18 14 0 1 1 E E 1 2486.30914 0.02814 1 3098752 2486.40297 296 18 1.0143 1 14 3 1 0 0 0 1 0 1 3 0.93 0 0 0 0 0 1.0
0 0 0 1 0 1 18 14 0 1 1 E E 2 2486.30972 0.04 1 3187473 2486.40297 296 18 1.0143 2 14 3 1 0 0 0 1 0 1 3 0.93 0 0 0 0 0 1.0
0 0 0 1 0 1 18 17 0 1 1 E E 2 2416.8284 0.0405 1 3187469 2416.92274 296 18 1.3508 2 17 3 1 0 0 0 1 0 1 3 0.96 0 0 0 0 0 1.0
0 0 0 1 0 1 18 17 0 1 1 E E 1 2416.82762 0.02814 1 3098747 2416.92274 296 18 1.3508 1 17 3 1 0 0 0 1 0 1 3 0.96 0 0 0 0 0 1.0
0 0 0 1 0 1 18 2 0 1 1 E E 1 2626.72559 0.03113 1 3098758 2627.87255 296 18 0.52303 1 2 3 1 0 0 0 1 0 1 3 0.75 0 0 0 0 0 1.0
0 0 0 1 0 1 18 2 0 1 1 E E 2 2627.67774 0.03814 1 3187479 2627.21685 296 18 0.53129 2 2 3 1 0 0 0 1 0 1 3 0.76 0 0 0 0 0 1.0
0 0 0 1 0 1 18 5 0 1 1 E E 1 2610.06666 0.02814 1 3098757 2610.32729 296 18 0.58592 1 5 3 1 0 0 0 1 0 1 3 0.84 0 0 0 0 0 1.0
0 0 0 1 0 1 18 5 0 1 1 E E 2 2610.06762 0.03814 2 3187478 2610.32517 296 18 0.58595 2 5 3 1 0 0 0 1 0 1 3 0.84 0 0 0 0 0 1.0
0 0 0 1 0 1 18 8 0 1 1 E E 1 2581.06999 0.02814 2 3098755 2581.23677 296 18 0.67844 1 8 3 1 0 0 0 1 0 1 3 0.89 0 0 0 0 0 1.0
0 0 0 1 0 1 18 8 0 1 1 E E 2 2581.07053 0.03814 2 3187476 2581.23677 296 18 0.67844 2 8 3 1 0 0 0 1 0 1 3 0.89 0 0 0 0 0 1.0
0 0 0 1 0 1 19 13 0 1 1 E E 1 2771.5933 0.03314 1 3452627 2771.54701 312 19 0.38516 1 13 3 1 0 0 0 1 0 1 3 0.88 0 0 0 0 0 1.0
0 0 0 1 0 1 19 14 0 1 1 E E 2 2655.42307 0.03814 1 3545621 2655.52715 312 19 0.95009 2 14 3 1 0 0 0 1 0 1 3 0.92 0 0 0 0 0 1.0
0 0 0 1 0 1 19 14 0 1 1 E E 1 2655.42211 0.03314 1 3452622 2655.52715 312 19 0.95009 1 14 3 1 0 0 0 1 0 1 3 0.92 0 0 0 0 0 1.0
0 0 0 1 0 1 19 17 0 1 1 E E 2 2587.96211 0.04 1 3545616 2588.07207 312 19 1.0077 2 17 3 1 0 0 0 1 0 1 3 0.9 0 0 0 0 0 1.0
0 0 0 1 0 1 19 17 0 1 1 E E 1 2587.96137 0.03314 1 3452618 2588.07207 312 19 1.0077 1 17 3 1 0 0 0 1 0 1 3 0.9 0 0 0 0 0 1.0
0 0 0 1 0 1 19 19 0 1 1 E E 1 2664.61135 0.03314 1 3452623 2664.47433 312 19 0.26171 1 19 3 1 0 0 0 1 0 1 3 0.98 0 0 0 0 0 1.0
0 0 0 1 0 1 19 5 0 1 1 E E 1 2776.80034 0.03314 2 3452628 2777.1012 312 19 0.56677 1 5 3 1 0 0 0 1 0 1 3 0.82 0 0 0 0 0 1.0
0 0 0 1 0 1 19 5 0 1 1 E E 2 2776.80608 0.04314 1 3545627 2777.10372 312 19 0.56674 2 5 3 1 0 0 0 1 0 1 3 0.82 0 0 0 0 0 1.0
0 0 0 1 0 1 19 7 0 1 1 E E 2 2828.09346 0.04314 1 3545630 2827.93013 312 19 0.54933 2 7 3 1 0 0 0 1 0 1 3 0.74 0 0 0 0 0 1.0
0 0 0 1 0 1 19 8 0 1 1 E E 2 2748.29162 0.03314 2 3545625 2748.49605 312 19 0.65272 2 8 3 1 0 0 0 1 0 1 3 0.87 0 0 0 0 0 1.0
0 0 0 1 0 1 19 8 0 1 1 E E 1 2748.28861 0.03314 1 3452626 2748.49605 312 19 0.65272 1 8 3 1 0 0 0 1 0 1 3 0.87 0 0 0 0 0 1.0
0 0 0 1 0 1 20 1 0 1 1 E E 2 2973.47736 0.04314 2 3923906 2973.97224 328 20 0.4981 2 1 3 1 0 0 0 1 0 1 3 0.94 0 0 0 0 0 1.0
0 0 0 1 0 1 20 10 0 1 1 E E 2 2983.93682 0.04314 1 3923907 2983.759 328 20 0.47222 2 10 3 1 0 0 0 1 0 1 3 0.8 0 0 0 0 0 1.0
0 0 0 1 0 1 20 13 0 1 1 E E 2 2949.77648 0.03814 1 3923903 2949.81401 328 20 0.41504 2 13 3 1 0 0 0 1 0 1 3 0.77 0 0 0 0 0 1.0
0 0 0 1 0 1 20 13 0 1 1 E E 1 2949.774 0.03814 1 3825626 2949.81437 328 20 0.41501 1 13 3 1 0 0 0 1 0 1 3 0.77 0 0 0 0 0 1.0
0 0 0 1 0 1 20 14 0 1 1 E E 1 2832.75319 0.03814 2 3825621 2832.87229 328 20 0.88957 1 14 3 1 0 0 0 1 0 1 3 0.91 0 0 0 0 0 1.0
0 0 0 1 0 1 20 14 0 1 1 E E 2 2832.75445 0.04314 2 3923898 2832.87229 328 20 0.88957 2 14 3 1 0 0 0 1 0 1 3 0.91 0 0 0 0 0 1.0
0 0 0 1 0 1 20 16 0 1 1 E E 2 2905.11658 0.04314 1 3923901 2905.06878 328 20 0.32581 2 16 3 1 0 0 0 1 0 1 3 0.92 0 0 0 0 0 1.0
0 0 0 1 0 1 20 16 0 1 1 E E 1 2905.11522 0.03814 1 3825624 2905.06878 328 20 0.32581 1 16 3 1 0 0 0 1 0 1 3 0.92 0 0 0 0 0 1.0
0 0 0 1 0 1 20 2 0 1 1 E E 2 2967.63767 0.04314 2 3923905 2968.09333 328 20 0.51474 2 2 3 1 0 0 0 1 0 1 3 0.75 0 0 0 0 0 1.0
0 0 0 1 0 1 20 2 0 1 1 E E 1 2968.33379 0.03814 1 3825628 2968.7961 328 20 0.50644 1 2 3 1 0 0 0 1 0 1 3 0.73 0 0 0 0 0 1.0
0 0 0 1 0 1 20 5 0 1 1 E E 1 2952.35174 0.03814 1 3825627 2952.5946 328 20 0.51598 1 5 3 1 0 0 0 1 0 1 3 0.72 0 0 0 0 0 1.0
0 0 0 1 0 1 20 5 0 1 1 E E 2 2952.35252 0.04314 2 3923904 2952.59199 328 20 0.51596 2 5 3 1 0 0 0 1 0 1 3 0.72 0 0 0 0 0 1.0
0 0 0 1 0 1 20 7 0 1 1 E E 2 3006.52892 0.04314 1 3923908 3006.22734 328 20 0.55206 2 7 3 1 0 0 0 1 0 1 3 0.72 0 0 0 0 0 1.0
0 0 0 1 0 1 20 8 0 1 1 E E 1 2923.8249 0.03814 2 3825625 2924.07688 328 20 0.62861 1 8 3 1 0 0 0 1 0 1 3 0.86 0 0 0 0 0 1.0
0 0 0 1 0 1 21 10 0 1 1 E E 2 3170.72315 0.04814 2 4320316 3170.4832 344 21 0.47936 2 10 3 1 0 0 0 1 0 1 3 0.78 0 0 0 0 0 1.0
0 0 0 1 0 1 21 11 0 1 1 E E 1 3068.98621 0.04314 1 4217743 3069.18023 344 21 0.69971 1 11 3 1 0 0 0 1 0 1 3 0.88 0 0 0 0 0 1.0
0 0 0 1 0 1 21 13 0 1 1 E E 2 3134.19381 0.04314 2 4320314 3138.28159 344 21 0.42765 2 13 3 1 0 0 0 1 0 1 3 0.77 0 0 0 0 0 1.0
0 0 0 1 0 1 21 14 0 1 1 E E 1 3018.27648 0.04314 1 4217741 3018.41333 344 21 0.83411 1 14 3 1 0 0 0 1 0 1 3 0.9 0 0 0 0 0 1.0
0 0 0 1 0 1 21 14 0 1 1 E E 2 3018.2781 0.04314 1 4320308 3018.41333 344 21 0.83411 2 14 3 1 0 0 0 1 0 1 3 0.9 0 0 0 0 0 1.0
0 0 0 1 0 1 21 16 0 1 1 E E 2 3092.97181 0.04314 1 4320311 3092.91599 344 21 0.33411 2 16 3 1 0 0 0 1 0 1 3 0.9 0 0 0 0 0 1.0
0 0 0 1 0 1 21 16 0 1 1 E E 1 3092.97019 0.04314 1 4217744 3092.91599 344 21 0.33411 1 16 3 1 0 0 0 1 0 1 3 0.9 0 0 0 0 0 1.0
0 0 0 1 0 1 21 19 0 1 1 E E 1 3034.18639 0.04314 1 4217742 3034.0954 344 21 0.2776 1 19 3 1 0 0 0 1 0 1 3 0.94 0 0 0 0 0 1.0
0 0 0 1 0 1 21 19 0 1 1 E E 2 3034.18777 0.04814 1 4320309 3034.0954 344 21 0.2776 2 19 3 1 0 0 0 1 0 1 3 0.94 0 0 0 0 0 1.0
0 0 0 1 0 1 21 2 0 1 1 E E 2 3150.47678 0.05314 1 4320315 3151.71038 344 21 0.49745 2 2 3 1 0 0 0 1 0 1 3 0.72 0 0 0 0 0 1.0
0 0 0 1 0 1 21 4 0 1 1 E E 2 3205.10618 0.04814 1 4320318 3204.63487 344 21 0.62549 2 4 3 1 0 0 0 1 0 1 3 0.53 0 0 0 0 0 1.0
0 0 0 1 0 1 22 11 0 1 1 E E 2 3261.71634 0.04814 1 4736847 3261.95027 360 22 0.66762 2 11 3 1 0 0 0 1 0 1 3 0.87 0 0 0 0 0 1.0
0 0 0 1 0 1 22 11 0 1 1 E E 1 3261.71547 0.04814 1 4629002 3261.95027 360 22 0.66762 1 11 3 1 0 0 0 1 0 1 3 0.87 0 0 0 0 0 1.0
0 0 0 1 0 1 22 13 0 1 1 E E 1 3333.58926 0.04814 1 4629006 3333.47202 360 22 0.41927 1 13 3 1 0 0 0 1 0 1 3 0.8 0 0 0 0 0 1.0
0 0 0 1 0 1 22 13 0 1 1 E E 2 3333.59166 0.04814 2 4736851 3333.46969 360 22 0.4193 2 13 3 1 0 0 0 1 0 1 3 0.8 0 0 0 0 0 1.0
0 0 0 1 0 1 22 2 0 1 1 E E 2 3341.35585 0.05814 1 4736852 3342.16091 360 22 0.49616 2 2 3 1 0 0 0 1 0 1 3 0.74 0 0 0 0 0 1.0
0 0 0 1 0 1 22 4 0 1 1 E E 2 3400.00463 0.05814 1 4736856 3401.84536 360 22 0.59888 2 4 3 1 0 0 0 1 0 1 3 0.66 0 0 0 0 0 1.0
0 0 0 1 0 1 22 7 0 1 1 E E 2 3388.06531 0.05314 2 4736855 3387.64756 360 22 0.55597 2 7 3 1 0 0 0 1 0 1 3 0.67 0 0 0 0 0 1.0
0 0 0 1 0 1 22 8 0 1 1 E E 1 3299.70383 0.04814 1 4629004 3300.05768 360 22 0.58364 1 8 3 1 0 0 0 1 0 1 3 0.84 0 0 0 0 0 1.0
0 0 0 1 0 1 24 22 0 1 1 E E 1 3579.56719 0.05814 1 5508886 3579.41604 392 24 0.25106 1 22 3 1 0 0 0 1 0 1 3 0.93 0 0 0 0 0 1.0
0 0 0 1 0 1 24 22 0 1 1 E E 2 3579.56851 0.05814 1 5626299 3579.41604 392 24 0.25106 2 22 3 1 0 0 0 1 0 1 3 0.93 0 0 0 0 0 1.0
0 1 0 0 0 0 23 18 0 0 0 A A 1 3226.03265 0.04814 1 5059370 3226.82195 376 23 0.36666 1 18 1 0 0 1 0 0 0 0 1 0.85 0 0 0 0 0 1.0
0 1 0 0 0 0 23 18 0 0 0 A A 2 3226.03403 0.05314 1 5171492 3226.82195 376 23 0.36666 2 18 2 0 0 1 0 0 0 0 1 0.85 0 0 0 0 0 1.0
0 1 0 0 0 0 23 6 0 0 0 A A 2 3336.95183 0.05314 1 5171497 3336.15947 376 23 0.302 2 6 2 0 0 1 0 0 0 0 1 0.74 0 0 0 0 0 1.0
0 1 0 0 0 0 23 9 0 0 0 A A 2 3320.29457 0.04814 1 5171496 3319.7493 376 23 0.30875 2 9 2 0 0 1 0 0 0 0 1 0.77 0 0 0 0 0 1.0
0 1 0 0 0 0 23 9 0 0 0 A A 1 3320.29197 0.04814 1 5059374 3319.74961 376 23 0.30875 1 9 1 0 0 1 0 0 0 0 1 0.77 0 0 0 0 0 1.0
0 1 0 0 0 0 24 15 0 0 0 A A 1 3468.75655 0.05314 1 5508878 3468.9084 392 24 0.32739 1 15 1 0 0 1 0 0 0 0 1 0.81 0 0 0 0 0 1.0
0 1 0 0 0 0 24 15 0 0 0 A A 2 3468.75787 0.05314 1 5626292 3468.9084 392 24 0.32739 2 15 2 0 0 1 0 0 0 0 1 0.81 0 0 0 0 0 1.0
0 1 0 0 0 0 7 3 0 0 0 A A 1 1228.68873 0.01094 3 468644 1228.64423 120 7 0.44254 1 3 1 0 0 1 0 0 0 0 1 0.97 0 0 0 0 0 1.0
0 4 0 0 0 0 8 3 0 0 0 A A 1 4181.705230 0.035000 1 653082 4180.82678 136 8 0.13443 2 3 2 0 0 4 0 0 0 0 1 0.83 0 0 0 2 1 1
0 0 1 1 1 1 7 4 1 1 2 E E 1 3686.091899	0.000323 3 504331 3685.653 120 7 0.033508 2 4 3 0 0 0 1 1 1 1 3 0.49 0 0 1 0 0 1
0 0 1 1 1 1 5 2 1 1 2 E E 2 3572.130503	0.000471 3 239157 3573.10362 88 5 0.026865 1 2 3 2 0 0 1 1 1 1 3 0.87 0 0 1 0 0 1