0 0 0 0 0 0 17 13 0 0 0 E A 3 1271.1486200000002 0.000848 10 2931366 1264.91393 280 17 14.251 3 13 3 0 0 0 0 0 0 0 1 1 0 0 0 0 0 0 6.234690000000228
0 0 0 1 0 -1 16 12 0 1 1 A E 3 2218.24193 0.001561 3 2606220 2212.11403 264 16 0.96912 3 12 2 1 0 0 0 1 0 1 3 0.67 0 0 0 0 0 1 6.127899999999954
0 0 0 0 0 0 16 13 0 0 0 E A 3 1121.34139 1e-05 13 2606197 1115.10411 264 16 20.69 3 13 3 0 0 0 0 0 0 0 1 1 0 0 0 0 0 0 6.237280000000055
0 0 0 1 0 -1 15 12 0 1 1 A E 3 2074.9316400000002 0.001561 3 2300173 2068.79293 248 15 1.0159 3 12 2 1 0 0 0 1 0 1 3 0.68 0 0 0 0 0 1 6.138710000000174
0 0 0 0 0 0 15 13 0 0 0 E A 3 980.0752209999999 0.000901 13 2300152 973.836813 248 15 33.995 3 13 3 0 0 0 0 0 0 0 1 1 0 0 0 0 0 0 6.238407999999936
0 0 0 1 0 -1 14 12 0 1 1 A E 3 1940.0044 0.001998 2 2013240 1933.85506 232 14 1.0571 3 12 2 1 0 0 0 1 0 1 3 0.68 0 0 0 0 0 1 6.149339999999938
0 0 0 0 0 0 16 11 0 0 0 E A 3 1146.65534 0.000927 12 2606198 1140.44186 264 16 13.447 3 11 3 0 0 0 0 0 0 0 1 1 0 0 0 0 0 0 6.213480000000118
0 0 0 1 0 -1 15 10 0 1 1 E E 3 2108.41745 0.001998 2 2300174 2102.28348 248 15 0.87543 3 10 3 1 0 0 0 1 0 1 3 0.94 0 0 0 0 0 1 6.133969999999863
0 0 0 0 0 0 16 10 0 0 0 E A 3 1157.53986 0.000637 19 2606199 1151.33623 264 16 11.68 3 10 3 0 0 0 0 0 0 0 1 1 0 0 0 0 0 0 6.203630000000203
0 0 0 1 0 -1 15 9 0 1 1 A E 3 2122.88176 0.001561 4 2300176 2116.75487 248 15 0.81659 3 9 2 1 0 0 0 1 0 1 3 0.66 0 0 0 0 0 1 6.126890000000003
0 0 0 0 0 0 15 11 0 0 0 E A 3 1005.643382 1e-05 16 2300153 999.426149 248 15 18.462 3 11 3 0 0 0 0 0 0 0 1 1 0 0 0 0 0 0 6.217232999999965
0 0 0 1 0 -1 14 10 0 1 1 E E 3 1974.2872200000002 1e-05 7 2013241 1968.14081 232 14 0.91137 3 10 3 1 0 0 0 1 0 1 3 0.95 0 0 0 0 0 1 6.14641000000006
0 0 0 0 0 0 16 8 0 0 0 E A 3 1169.73619 0.000901 14 2606200 1169.7452 264 16 9.5492 3 8 3 0 0 0 0 0 0 0 1 1 0 0 0 0 0 0 0.009009999999989304
0 0 0 1 0 -1 15 7 0 1 1 E E 3 2141.35829 0.001999 3 2300178 2141.45486 248 15 0.71695 3 7 3 1 0 0 0 1 0 1 3 0.91 0 0 0 0 0 1 0.0965699999997014
0 0 0 0 0 0 15 10 0 0 0 E A 3 1016.63616 0.000802 18 2300154 1010.42809 248 15 15.417 3 10 3 0 0 0 0 0 0 0 1 1 0 0 0 0 0 0 6.208070000000021
0 0 0 1 0 -1 14 9 0 1 1 A E 3 1989.0598200000002 0.00123 5 2013242 1982.91778 232 14 0.84935 3 9 2 1 0 0 0 1 0 1 3 0.67 0 0 0 0 0 1 6.142040000000179
0 0 0 0 0 0 14 11 0 0 0 E A 3 873.207258 7e-06 26 2013221 866.987957 232 14 27.222 3 11 3 0 0 0 0 0 0 0 1 1 0 0 0 0 0 0 6.219300999999973
0 0 0 1 0 -1 13 10 0 1 1 E E 3 1848.6394200000002 1e-05 6 1745455 1842.48306 216 13 0.943 3 10 3 1 0 0 0 1 0 1 3 0.96 0 0 0 0 0 1 6.156360000000177
0 0 0 0 0 0 14 10 0 0 0 E A 3 884.30391 0.000623 25 2013222 878.092472 232 14 21.347 3 10 3 0 0 0 0 0 0 0 1 1 0 0 0 0 0 0 6.21143799999993
0 0 0 1 0 -1 13 9 0 1 1 A E 3 1863.74014 0.001154 6 1745456 1857.58568 216 13 0.87944 3 9 2 1 0 0 0 1 0 1 3 0.68 0 0 0 0 0 1 6.154460000000199
0 0 0 0 0 0 15 7 0 0 0 E A 3 1036.65346 0.000593 21 2300156 1036.66351 248 15 11.048 3 7 3 0 0 0 0 0 0 0 1 1 0 0 0 0 0 0 0.01005000000009204
0 0 0 1 0 -1 14 6 0 1 1 A E 3 2018.55152 0.001561 4 2013245 2018.64133 232 14 0.69751 3 6 1 1 0 0 0 1 0 1 3 0.64 0 0 0 0 0 1 0.0898099999999431
0 0 0 0 0 0 13 11 0 0 0 E A 3 749.392102 0.000307 28 1745436 743.171091 216 13 45.507 3 11 3 0 0 0 0 0 0 0 1 1 0 0 0 0 0 0 6.221010999999976
0 0 0 1 0 -1 12 10 0 1 1 E E 3 1731.50582 0.001997 3 1496792 1725.34008 200 12 0.9679 3 10 3 1 0 0 0 1 0 1 3 0.98 0 0 0 0 0 1 6.165740000000142
0 0 0 0 0 0 13 10 0 0 0 E A 3 760.586542 0.00063 26 1745437 754.372858 216 13 31.776 3 10 3 0 0 0 0 0 0 0 1 1 0 0 0 0 0 0 6.2136840000000575
0 0 0 1 0 -1 12 9 0 1 1 A E 3 1746.9576200000001 0.001995 4 1496793 1740.79335 200 12 0.90487 3 9 2 1 0 0 0 1 0 1 3 0.68 0 0 0 0 0 1 6.164270000000215
0 0 0 0 0 0 14 8 0 0 0 E A 3 896.8565209999999 0.000642 23 2013223 896.854696 232 14 15.624 3 8 3 0 0 0 0 0 0 0 1 1 0 0 0 0 0 0 0.0018249999999397915
0 0 0 1 0 -1 13 7 0 1 1 E E 3 1883.27132 0.001996 4 1745457 1883.3261 216 13 0.76833 3 7 3 1 0 0 0 1 0 1 3 0.94 0 0 0 0 0 1 0.05477999999993699
0 0 0 0 0 0 14 7 0 0 0 E A 3 904.565897 0.000599 24 2013224 904.57093 232 14 14.067 3 7 3 0 0 0 0 0 0 0 1 1 0 0 0 0 0 0 0.005033000000025822
0 0 0 1 0 -1 13 6 0 1 1 A E 3 1893.99953 0.001154 6 1745459 1894.06721 216 13 0.72005 3 6 2 1 0 0 0 1 0 1 3 0.66 0 0 0 0 0 1 0.06767999999988206
0 0 0 0 0 0 13 8 0 0 0 E A 3 773.304355 0.000598 30 1745438 773.298654 216 13 21.016 3 8 3 0 0 0 0 0 0 0 1 1 0 0 0 0 0 0 0.0057009999999309
0 0 0 1 0 -1 12 7 0 1 1 E E 3 1767.0479300000002 0.001154 6 1496794 1767.0877 200 12 0.79197 3 7 3 1 0 0 0 1 0 1 3 0.95 0 0 0 0 0 1 0.03976999999986219
0 0 0 0 0 0 14 5 0 0 0 E A 3 916.779096 0.000561 31 2013225 916.79397 232 14 12.144 3 5 3 0 0 0 0 0 0 0 1 1 0 0 0 0 0 0 0.014873999999963416
0 0 0 1 0 -1 13 4 0 1 1 E E 3 1911.2957600000002 0.001414 4 1745461 1911.39846 216 13 0.63772 3 4 3 1 0 0 0 1 0 1 3 0.89 0 0 0 0 0 1 0.10269999999968604
0 0 0 0 0 0 11 11 0 0 0 E A 3 527.785434 0.000257 22 1267227 521.564837 184 11 22552000 3 11 3 0 0 0 0 0 0 0 1 1 0 0 0 0 0 0 6.220596999999998
0 0 0 1 0 -1 10 10 0 1 1 E E 3 1522.90193 0.000894 3 1056841 1516.71646 168 10 0.98377 3 10 3 1 0 0 0 1 0 1 3 1 0 0 0 0 0 1 6.185469999999896
0 0 0 0 0 0 14 4 0 0 0 E A 3 921.319854 0.000515 28 2013226 921.338818 232 14 11.555 3 4 3 0 0 0 0 0 0 0 1 1 0 0 0 0 0 0 0.01896399999998266
0 0 0 1 0 -1 13 3 0 1 1 A E 3 1917.85913 0.001998 3 1745462 1917.98237 216 13 0.6043 3 3 2 1 0 0 0 1 0 1 3 0.61 0 0 0 0 0 1 0.1232399999998961
0 0 0 0 0 0 13 7 0 0 0 E A 3 781.081141 0.000524 29 1745439 781.081856 216 13 18.439 3 7 3 0 0 0 0 0 0 0 1 1 0 0 0 0 0 0 0.0007150000000137879
0 0 0 1 0 -1 12 6 0 1 1 A E 3 1778.01287 0.001413 5 1496796 1778.06241 200 12 0.74182 3 6 1 1 0 0 0 1 0 1 3 0.66 0 0 0 0 0 1 0.049539999999979045
0 0 0 0 0 0 11 10 0 0 0 E A 3 539.159999 6.9e-05 33 1267228 532.94396 184 11 122.2 3 10 3 0 0 0 0 0 0 0 1 1 0 0 0 0 0 0 6.216039000000023
0 0 0 1 0 -1 10 9 0 1 1 A E 3 1539.1507000000001 0.0001 3 1056842 1532.96976 168 10 0.93306 3 9 2 1 0 0 0 1 0 1 3 0.7 0 0 0 0 0 1 6.1809400000001915
0 0 0 0 0 0 12 8 0 0 0 E A 3 658.398375 1e-05 43 1496777 658.39039 200 12 29.721 3 8 3 0 0 0 0 0 0 0 1 1 0 0 0 0 0 0 0.007984999999962383
0 0 0 1 0 -1 11 7 0 1 1 E E 3 1659.4212200000002 0.001413 5 1267245 1659.44965 184 11 0.81233 3 7 3 1 0 0 0 1 0 1 3 0.96 0 0 0 0 0 1 0.028429999999843858
0 0 0 0 0 0 13 5 0 0 0 E A 3 793.400676 0.000466 33 1745440 793.410571 216 13 15.431 3 5 3 0 0 0 0 0 0 0 1 1 0 0 0 0 0 0 0.009895000000028631
0 0 0 1 0 -1 12 4 0 1 1 E E 3 1795.7329900000002 0.001413 5 1496798 1795.81124 200 12 0.65415 3 4 3 1 0 0 0 1 0 1 3 0.91 0 0 0 0 0 1 0.07824999999979809
0 0 0 0 0 0 12 7 0 0 0 E A 3 666.239186 1e-05 38 1496778 666.236725 200 12 25.096 3 7 3 0 0 0 0 0 0 0 1 1 0 0 0 0 0 0 0.0024610000000393484
0 0 0 1 0 -1 11 6 0 1 1 A E 3 1670.6278900000002 0.0001 7 1267246 1670.66307 184 11 0.76159 3 6 2 1 0 0 0 1 0 1 3 0.67 0 0 0 0 0 1 0.03517999999985477
0 0 0 0 0 0 13 4 0 0 0 E A 3 797.98094 0.000564 31 1745441 797.994582 216 13 14.546 3 4 3 0 0 0 0 0 0 0 1 1 0 0 0 0 0 0 0.013642000000004373
0 0 0 1 0 -1 12 3 0 1 1 A E 3 1802.48627 0.00167 4 1496799 1802.58225 200 12 0.61743 3 3 1 1 0 0 0 1 0 1 3 0.63 0 0 0 0 0 1 0.09597999999982676
0 0 0 0 0 0 13 2 0 0 0 E A 3 804.055131 0.000597 29 1745442 804.073501 216 13 13.517 3 2 3 0 0 0 0 0 0 0 1 1 0 0 0 0 0 0 0.01837000000000444
0 0 0 1 0 -1 12 1 0 1 1 E E 3 1811.6705900000002 0.001997 3 1496801 1811.80175 200 12 0.56259 3 1 3 1 0 0 0 1 0 1 3 0.81 0 0 0 0 0 1 0.1311599999999089
0 0 0 0 0 0 12 5 0 0 0 E A 3 678.658946 1e-05 40 1496779 678.665088 200 12 20.12 3 5 3 0 0 0 0 0 0 0 1 1 0 0 0 0 0 0 0.006141999999954351
0 0 0 1 0 -1 11 4 0 1 1 E E 3 1688.7827100000002 0.001413 5 1267248 1688.84029 184 11 0.67048 3 4 3 1 0 0 0 1 0 1 3 0.93 0 0 0 0 0 1 0.057579999999916254
0 0 0 0 0 0 17 4 0 0 0 E A 3 1342.73235 0.000877 9 2931372 1342.77489 280 17 6.4326 3 4 3 0 0 0 0 0 0 0 1 0.99 0 0 0 0 0 0 0.0425399999999172
0 0 0 1 0 1 16 5 0 1 1 E E 3 2354.30858 0.001998 2 2606236 2354.12363 264 16 0.58462 3 5 3 1 0 0 0 1 0 1 3 0.75 0 0 0 0 0 1 0.1849499999998443
0 0 0 0 0 0 11 7 0 0 0 E A 3 560.078617 0.000188 45 1267230 560.073608 184 11 35.972 3 7 3 0 0 0 0 0 0 0 1 1 0 0 0 0 0 0 0.00500899999997273
0 0 0 1 0 -1 10 6 0 1 1 A E 3 1571.88381 0.001154 6 1056844 1571.90735 168 10 0.77806 3 6 1 1 0 0 0 1 0 1 3 0.68 0 0 0 0 0 1 0.023539999999911743
0 0 0 0 0 0 12 4 0 0 0 E A 3 683.276814 1e-05 42 1496780 683.286032 200 12 18.735 3 4 3 0 0 0 0 0 0 0 1 1 0 0 0 0 0 0 0.009218000000032589
0 0 0 1 0 -1 11 3 0 1 1 A E 3 1695.73483 0.0001 6 1267249 1695.80914 184 11 0.63097 3 3 2 1 0 0 0 1 0 1 3 0.64 0 0 0 0 0 1 0.07430999999996857
0 0 0 1 0 1 15 12 0 1 1 A E 3 2161.2051 0.001413 4 2300180 2154.99211 248 15 0.36881 3 12 1 1 0 0 0 1 0 1 3 0.67 0 0 0 0 0 1 6.212989999999991
0 0 0 1 0 1 15 11 0 1 1 E E 3 2172.86373 0.001413 4 2300181 2166.64615 248 15 0.39373 3 11 3 1 0 0 0 1 0 1 3 0.93 0 0 0 0 0 1 6.217579999999998
0 0 0 0 0 0 10 8 0 0 0 E A 3 454.67859 0.000199 50 1056828 454.667802 168 10 78.696 3 8 3 0 0 0 0 0 0 0 1 1 0 0 0 0 0 0 0.010787999999990916
0 0 0 1 0 -1 9 7 0 1 1 E E 3 1470.12482 0.001413 4 865564 1470.13722 152 9 0.83777 3 7 3 1 0 0 0 1 0 1 3 0.98 0 0 0 0 0 1 0.012400000000070577
0 0 0 0 0 0 12 2 0 0 0 E A 3 689.399845 0.000478 36 1496781 689.413802 200 12 17.166 3 2 3 0 0 0 0 0 0 0 1 1 0 0 0 0 0 0 0.013957000000004882
0 0 0 1 0 -1 11 1 0 1 1 E E 3 1705.26015 0.001154 5 1267252 1705.36332 184 11 0.56798 3 1 3 1 0 0 0 1 0 1 3 0.82 0 0 0 0 0 1 0.10316999999986365
0 0 0 0 0 0 16 4 0 0 0 E A 3 1193.73889 0.000877 11 2606203 1193.77225 264 16 7.7031 3 4 3 0 0 0 0 0 0 0 1 0.99 0 0 0 0 0 0 0.03335999999990236
0 0 0 1 0 1 15 5 0 1 1 E E 3 2210.21108 0.001154 6 2300189 2210.06305 248 15 0.57579 3 5 3 1 0 0 0 1 0 1 3 0.78 0 0 0 0 0 1 0.14802999999983513
0 0 0 0 0 0 16 7 0 0 0 E A 3 1177.30013 0.000847 14 2606201 1177.31688 264 16 8.8808 3 7 3 0 0 0 0 0 0 0 1 0.99 0 0 0 0 0 0 0.01675000000000182
0 0 0 1 0 1 15 8 0 1 1 E E 3 2193.8052900000002 0.001154 6 2300187 2193.73341 248 15 0.48057 3 8 3 1 0 0 0 1 0 1 3 0.87 0 0 0 0 0 1 0.07188000000041939
0 0 0 0 0 0 11 5 0 0 0 E A 3 572.5919269999999 9.3e-05 44 1267231 572.595262 184 11 27.095 3 5 3 0 0 0 0 0 0 0 1 1 0 0 0 0 0 0 0.0033350000001064473
0 0 0 1 0 -1 10 4 0 1 1 E E 3 1590.47668 0.001154 6 1056845 1590.51717 168 10 0.68592 3 4 3 1 0 0 0 1 0 1 3 0.94 0 0 0 0 0 1 0.04049000000009073
0 0 0 0 0 0 10 7 0 0 0 E A 3 462.634847 0.000161 52 1056829 462.628093 168 10 55.703 3 7 3 0 0 0 0 0 0 0 1 1 0 0 0 0 0 0 0.006754000000000815
0 0 0 1 0 -1 9 6 0 1 1 A E 3 1481.8219100000001 0.001995 4 865565 1481.83698 152 9 0.79008 3 6 2 1 0 0 0 1 0 1 3 0.69 0 0 0 0 0 1 0.015069999999923311
0 0 0 1 0 1 14 12 0 1 1 A E 3 2025.5503700000002 0.001391 6 2013246 2019.33946 232 14 0.35945 3 12 2 1 0 0 0 1 0 1 3 0.68 0 0 0 0 0 1 6.21091000000024
0 0 0 0 0 0 11 4 0 0 0 E A 3 577.244673 0.000435 41 1267232 577.250788 184 11 24.813 3 4 3 0 0 0 0 0 0 0 1 1 0 0 0 0 0 0 0.006114999999908832
0 0 0 1 0 -1 10 3 0 1 1 A E 3 1597.6382 0.001154 5 1056847 1597.69104 168 10 0.64445 3 3 1 1 0 0 0 1 0 1 3 0.65 0 0 0 0 0 1 0.0528399999998328
0 0 0 0 0 0 15 2 0 0 0 E A 3 1059.22054 0.000803 11 2300159 1059.25143 248 15 8.8675 3 2 3 0 0 0 0 0 0 0 1 0.99 0 0 0 0 0 0 0.030889999999999418
0 0 0 1 0 1 14 3 0 1 1 A E 3 2080.50365 0.001413 4 2013256 2080.35053 232 14 0.61855 3 3 2 1 0 0 0 1 0 1 3 0.53 0 0 0 0 0 1 0.1531199999999444
0 0 0 0 0 0 15 4 0 0 0 E A 3 1053.2532600000002 0.000745 15 2300158 1053.27877 248 15 9.3571 3 4 3 0 0 0 0 0 0 0 1 0.99 0 0 0 0 0 0 0.025509999999712818
0 0 0 1 0 1 14 5 0 1 1 E E 3 2074.78539 0.001392 5 2013255 2074.66921 232 14 0.56545 3 5 3 1 0 0 0 1 0 1 3 0.8 0 0 0 0 0 1 0.11617999999998574
0 0 0 1 0 1 14 8 0 1 1 E E 3 2058.41635 0.001391 6 2013253 2058.36845 232 14 0.46868 3 8 3 1 0 0 0 1 0 1 3 0.89 0 0 0 0 0 1 0.04790000000002692
0 0 0 0 0 0 9 8 0 0 0 E A 3 365.93396099999995 8.7e-05 46 865551 365.922444 152 9 184.94 3 8 3 0 0 0 0 0 0 0 1 1 0 0 0 0 0 0 0.011516999999969357
0 0 0 1 0 -1 8 7 0 1 1 E E 3 1388.5482200000001 0.001413 4 693399 1388.55511 136 8 0.8406 3 7 3 1 0 0 0 1 0 1 3 0.99 0 0 0 0 0 1 0.006889999999884822
0 0 0 0 0 0 11 2 0 0 0 E A 3 583.414321 1e-05 48 1267233 583.424316 184 11 22.315 3 2 3 0 0 0 0 0 0 0 1 1 0 0 0 0 0 0 0.009995000000003529
0 0 0 1 0 -1 10 1 0 1 1 E E 3 1607.5303700000002 0.001413 4 1056849 1607.61233 168 10 0.57677 3 1 3 1 0 0 0 1 0 1 3 0.85 0 0 0 0 0 1 0.08195999999975356
0 0 0 0 0 0 11 1 0 0 0 E A 3 584.9503109999999 1e-05 42 1267234 584.961669 184 11 21.769 3 1 3 0 0 0 0 0 0 0 1 1 0 0 0 0 0 0 0.011358000000086577
0 0 0 1 0 1 10 0 0 1 1 A E 3 1610.0999000000002 0.001413 4 1056850 1610.19398 168 10 0.55594 3 0 1 1 0 0 0 1 0 1 3 0.78 0 0 0 0 0 1 0.09407999999984895
0 0 0 1 0 1 13 12 0 1 1 A E 3 1898.68369 0.001309 6 1745458 1892.4708 216 13 0.35077 3 12 2 1 0 0 0 1 0 1 3 0.69 0 0 0 0 0 1 6.212890000000016
0 0 0 0 0 0 10 5 0 0 0 E A 3 475.23581199999995 1e-05 53 1056830 475.236375 168 10 38.043 3 5 3 0 0 0 0 0 0 0 1 1 0 0 0 0 0 0 0.0005630000000564905
0 0 0 1 0 -1 9 4 0 1 1 E E 3 1500.8487 0.001413 4 865566 1500.87565 152 9 0.69944 3 4 3 1 0 0 0 1 0 1 3 0.96 0 0 0 0 0 1 0.02694999999994252
0 0 0 0 0 0 14 2 0 0 0 E A 3 927.34178 0.000873 19 2013227 927.365968 232 14 10.856 3 2 3 0 0 0 0 0 0 0 1 1 0 0 0 0 0 0 0.024187999999981002
0 0 0 1 0 1 13 3 0 1 1 A E 3 1953.7012900000002 0.001413 5 1745469 1953.57778 216 13 0.61114 3 3 1 1 0 0 0 1 0 1 3 0.54 0 0 0 0 0 1 0.12351000000012391
0 0 0 0 0 0 9 7 0 0 0 E A 3 373.940909 8.8e-05 46 865552 373.93319 152 9 98.521 3 7 3 0 0 0 0 0 0 0 1 1 0 0 0 0 0 0 0.007718999999951848
0 0 0 1 0 -1 8 6 0 1 1 A E 3 1400.48998 0.001413 5 693400 1400.49865 136 8 0.79678 3 6 1 1 0 0 0 1 0 1 3 0.7 0 0 0 0 0 1 0.008669999999938227
0 0 0 1 0 1 13 5 0 1 1 E E 3 1948.09437 0.001309 6 1745468 1948.00646 216 13 0.55377 3 5 3 1 0 0 0 1 0 1 3 0.83 0 0 0 0 0 1 0.0879099999999653
0 0 0 1 0 1 13 6 0 1 1 A E 3 1943.77981 0.001309 6 1745467 1943.71277 216 13 0.52025 3 6 1 1 0 0 0 1 0 1 3 0.61 0 0 0 0 0 1 0.06703999999990629
0 0 0 1 0 1 13 9 0 1 1 A E 3 1923.91513 0.001309 6 1745463 1923.89815 216 13 0.42666 3 9 1 1 0 0 0 1 0 1 3 0.66 0 0 0 0 0 1 0.016980000000103246
0 0 0 1 0 1 13 8 0 1 1 E E 3 1931.8055900000002 0.001391 6 1745466 1931.77773 216 13 0.4574 3 8 3 1 0 0 0 1 0 1 3 0.91 0 0 0 0 0 1 0.0278600000001461
0 0 0 0 0 0 10 4 0 0 0 E A 3 479.92063199999996 1e-05 52 1056831 479.924019 168 10 34.021 3 4 3 0 0 0 0 0 0 0 1 1 0 0 0 0 0 0 0.0033870000000320033
0 0 0 1 0 -1 9 3 0 1 1 A E 3 1508.21971 0.001413 4 865568 1508.25623 152 9 0.65721 3 3 2 1 0 0 0 1 0 1 3 0.66 0 0 0 0 0 1 0.0365199999998822
0 0 0 0 0 0 8 8 0 0 0 E A 3 285.974451 8.9e-05 35 693387 285.962601 136 8 110690000 3 8 3 0 0 0 0 0 0 0 1 1 0 0 0 0 0 0 0.011849999999981264
0 0 0 1 0 -1 7 7 0 1 1 E E 3 1315.76179 0.001998 2 540381 1315.76308 120 7 0.83634 3 7 3 1 0 0 0 1 0 1 3 1 0 0 0 0 0 1 0.0012899999999262945
0 0 0 1 0 1 12 5 0 1 1 E E 3 1830.20371 0.001154 6 1496805 1830.13963 200 12 0.54105 3 5 3 1 0 0 0 1 0 1 3 0.85 0 0 0 0 0 1 0.06408000000010361
0 0 0 0 0 0 10 2 0 0 0 E A 3 486.13291899999996 0.000172 52 1056832 486.140051 168 10 29.833 3 2 3 0 0 0 0 0 0 0 1 1 0 0 0 0 0 0 0.007132000000069638
0 0 0 1 0 -1 9 1 0 1 1 E E 3 1518.51882 0.001413 4 865570 1518.58083 152 9 0.58418 3 1 3 1 0 0 0 1 0 1 3 0.87 0 0 0 0 0 1 0.06201000000010026
0 0 0 1 0 1 12 6 0 1 1 A E 3 1825.9428400000002 0.001154 6 1496804 1825.89749 200 12 0.50712 3 6 2 1 0 0 0 1 0 1 3 0.63 0 0 0 0 0 1 0.04535000000009859
0 0 0 1 0 1 12 9 0 1 1 A E 3 1806.1437600000002 0.001154 6 1496800 1806.1337 200 12 0.41514 3 9 2 1 0 0 0 1 0 1 3 0.67 0 0 0 0 0 1 0.010060000000066793
0 0 0 0 0 0 9 5 0 0 0 E A 3 386.622074 0.000142 60 865553 386.621153 152 9 56.541 3 5 3 0 0 0 0 0 0 0 1 1 0 0 0 0 0 0 0.0009210000000052787
0 0 0 1 0 -1 8 4 0 1 1 E E 3 1419.93711 0.001413 5 693401 1419.95397 136 8 0.70997 3 4 3 1 0 0 0 1 0 1 3 0.97 0 0 0 0 0 1 0.01685999999995147
0 0 0 0 0 0 10 1 0 0 0 E A 3 487.67988399999996 0.000186 51 1056833 487.687975 168 10 28.945 3 1 3 0 0 0 0 0 0 0 1 1 0 0 0 0 0 0 0.00809100000003582
0 0 0 1 0 1 9 0 0 1 1 A E 3 1521.24438 0.001997 3 865571 1521.31795 152 9 0.55981 3 0 2 1 0 0 0 1 0 1 3 0.8 0 0 0 0 0 1 0.0735700000000179
0 0 0 0 0 0 8 7 0 0 0 E A 3 294.027671 8.4e-05 48 693388 294.019231 136 8 236.62 3 7 3 0 0 0 0 0 0 0 1 1 0 0 0 0 0 0 0.00844000000000733
0 0 0 1 0 -1 7 6 0 1 1 A E 3 1327.94198 0.001997 3 540382 1327.94565 120 7 0.79765 3 6 2 1 0 0 0 1 0 1 3 0.7 0 0 0 0 0 1 0.0036699999998290878
0 0 0 0 0 0 9 4 0 0 0 E A 3 391.33698 0.000148 64 865554 391.338343 152 9 48.792 3 4 3 0 0 0 0 0 0 0 1 1 0 0 0 0 0 0 0.0013630000000262044
0 0 0 1 0 -1 8 3 0 1 1 A E 3 1427.51224 0.001413 4 693402 1427.53584 136 8 0.66828 3 3 1 1 0 0 0 1 0 1 3 0.68 0 0 0 0 0 1 0.02359999999998763
0 0 0 0 0 0 12 1 0 0 0 E A 3 690.924776 1e-05 31 1496782 690.939775 200 12 16.815 3 1 3 0 0 0 0 0 0 0 1 1 0 0 0 0 0 0 0.01499900000010257
0 0 0 1 0 1 11 2 0 1 1 E E 3 1727.7050700000002 0.001154 6 1267257 1727.61889 184 11 0.61486 3 2 3 1 0 0 0 1 0 1 3 0.72 0 0 0 0 0 1 0.0861800000002404
0 0 0 1 0 1 11 3 0 1 1 A E 3 1726.4643800000001 0.001154 6 1267256 1726.38934 184 11 0.5921 3 3 1 1 0 0 0 1 0 1 3 0.57 0 0 0 0 0 1 0.07504000000017186
0 0 0 1 0 1 11 5 0 1 1 E E 3 1721.1775 0.001154 6 1267255 1721.13379 184 11 0.52766 3 5 3 1 0 0 0 1 0 1 3 0.88 0 0 0 0 0 1 0.04370999999991909
0 0 0 1 0 1 11 6 0 1 1 A E 3 1716.98513 0.0001 7 1267254 1716.95688 184 11 0.49384 3 6 1 1 0 0 0 1 0 1 3 0.64 0 0 0 0 0 1 0.02825000000007094
0 0 0 1 0 1 11 8 0 1 1 E E 3 1705.0721500000002 0.001154 6 1267251 1705.06586 184 11 0.43332 3 8 3 1 0 0 0 1 0 1 3 0.95 0 0 0 0 0 1 0.006290000000262808
0 0 0 1 0 1 11 9 0 1 1 A E 3 1697.24747 0.001154 6 1267250 1697.24196 184 11 0.40506 3 9 1 1 0 0 0 1 0 1 3 0.68 0 0 0 0 0 1 0.0055099999999583815
0 0 0 0 0 0 9 2 0 0 0 E A 3 397.588662 0.000123 62 865555 397.593482 152 9 41.278 3 2 3 0 0 0 0 0 0 0 1 1 0 0 0 0 0 0 0.0048199999999951615
0 0 0 1 0 -1 8 1 0 1 1 E E 3 1438.2412800000002 0.001413 4 693404 1438.28596 136 8 0.59193 3 1 3 1 0 0 0 1 0 1 3 0.89 0 0 0 0 0 1 0.044679999999743814
0 0 0 0 0 0 8 5 0 0 0 E A 3 306.781951 1e-05 56 693389 306.779667 136 8 91.407 3 5 3 0 0 0 0 0 0 0 1 1 0 0 0 0 0 0 0.0022839999999746396
0 0 0 1 0 -1 7 4 0 1 1 E E 3 1347.78773 0.000816 5 540383 1347.79692 120 7 0.71677 3 4 3 1 0 0 0 1 0 1 3 0.98 0 0 0 0 0 1 0.009189999999989595
0 0 0 0 0 0 7 7 0 0 0 E A 3 222.92265600000002 8.5e-05 34 540371 222.913784 120 7 219750000 3 7 3 0 0 0 0 0 0 0 1 1 0 0 0 0 0 0 0.008872000000025082
0 0 0 1 0 -1 6 6 0 1 1 A E 3 1264.24023 0.001998 2 406487 1264.23962 104 6 0.79313 3 6 2 1 0 0 0 1 0 1 3 0.71 0 0 0 0 0 1 0.0006100000000515138
0 0 0 0 0 0 9 1 0 0 0 E A 3 399.14538699999997 0.000141 59 865556 399.151132 152 9 39.752 3 1 3 0 0 0 0 0 0 0 1 1 0 0 0 0 0 0 0.005745000000047185
0 0 0 1 0 1 8 0 0 1 1 A E 3 1441.15595 0.001413 4 693405 1441.21184 136 8 0.56371 3 0 1 1 0 0 0 1 0 1 3 0.82 0 0 0 0 0 1 0.055889999999862994
0 0 0 1 0 1 10 2 0 1 1 E E 3 1627.30359 0.001154 6 1056854 1627.23686 168 10 0.60603 3 2 3 1 0 0 0 1 0 1 3 0.74 0 0 0 0 0 1 0.06673000000000684
0 0 0 1 0 1 10 3 0 1 1 A E 3 1626.1500700000001 1e-05 5 1056853 1626.09431 168 10 0.58083 3 3 2 1 0 0 0 1 0 1 3 0.59 0 0 0 0 0 1 0.05576000000019121
0 0 0 1 0 1 10 5 0 1 1 E E 3 1621.08042 0.001413 5 1056852 1621.05311 168 10 0.51407 3 5 3 1 0 0 0 1 0 1 3 0.9 0 0 0 0 0 1 0.027309999999943102
0 0 0 0 0 0 8 4 0 0 0 E A 3 311.523934 0.000123 71 693390 311.523733 136 8 74.388 3 4 3 0 0 0 0 0 0 0 1 1 0 0 0 0 0 0 0.00020100000000411455
0 0 0 1 0 -1 7 3 0 1 1 A E 3 1355.55314 0.001413 4 540384 1355.56706 120 7 0.67669 3 3 2 1 0 0 0 1 0 1 3 0.69 0 0 0 0 0 1 0.013920000000098298
0 0 0 1 0 1 10 6 0 1 1 A E 3 1616.9679600000002 0.001413 5 1056851 1616.95229 168 10 0.48094 3 6 2 1 0 0 0 1 0 1 3 0.66 0 0 0 0 0 1 0.015670000000227446
0 0 0 1 0 1 10 8 0 1 1 E E 3 1605.14103 0.001413 5 1056848 1605.1377 168 10 0.42194 3 8 3 1 0 0 0 1 0 1 3 0.97 0 0 0 0 0 1 0.003330000000005384
0 0 0 0 0 0 11 8 0 0 0 E A 3 552.178012 1e-05 48 1267229 552.168179 184 11 45.316 3 8 3 0 0 0 0 0 0 0 1 1 0 0 0 0 0 0 0.009832999999957792
0 0 0 1 0 1 10 9 0 1 1 A E 3 1597.2955000000002 0.001413 5 1056846 1597.29086 168 10 0.39621 3 9 1 1 0 0 0 1 0 1 3 0.69 0 0 0 0 0 1 0.004640000000108557
0 0 0 1 0 1 9 2 0 1 1 E E 3 1535.8256000000001 0.000756 8 865575 1535.77503 152 9 0.59648 3 2 3 1 0 0 0 1 0 1 3 0.77 0 0 0 0 0 1 0.05057000000010703
0 0 0 1 0 1 9 3 0 1 1 A E 3 1534.78799 0.001153 7 865574 1534.74858 152 9 0.56863 3 3 1 1 0 0 0 1 0 1 3 0.6 0 0 0 0 0 1 0.039410000000088985
0 0 0 0 0 0 7 5 0 0 0 E A 3 235.742369 1e-05 60 540372 235.739249 120 7 170.3 3 5 3 0 0 0 0 0 0 0 1 1 0 0 0 0 0 0 0.0031199999999955708
0 0 0 1 0 -1 6 4 0 1 1 E E 3 1284.4528400000002 0.001413 4 406488 1284.45682 104 6 0.7195 3 4 3 1 0 0 0 1 0 1 3 0.99 0 0 0 0 0 1 0.003979999999955908
0 0 0 0 0 0 8 2 0 0 0 E A 3 317.811485 6.1e-05 69 693391 317.814451 136 8 59.641 3 2 3 0 0 0 0 0 0 0 1 1 0 0 0 0 0 0 0.002966000000014901
0 0 0 1 0 -1 7 1 0 1 1 E E 3 1366.7144 0.001669 4 540385 1366.7446 120 7 0.59968 3 1 3 1 0 0 0 1 0 1 3 0.92 0 0 0 0 0 1 0.03019999999992251
0 0 0 1 0 1 9 5 0 1 1 E E 3 1529.97429 0.001154 6 865573 1529.95886 152 9 0.50088 3 5 3 1 0 0 0 1 0 1 3 0.93 0 0 0 0 0 1 0.015430000000151267
0 0 0 0 0 0 8 1 0 0 0 E A 3 319.377212 8.2e-05 60 693392 319.380949 136 8 56.831 3 1 3 0 0 0 0 0 0 0 1 1 0 0 0 0 0 0 0.0037370000000009895
0 0 0 1 0 1 7 0 0 1 1 A E 3 1369.8544800000002 0.001413 4 540386 1369.89515 120 7 0.56775 3 0 2 1 0 0 0 1 0 1 3 0.84 0 0 0 0 0 1 0.04066999999986365
0 0 0 1 0 1 9 6 0 1 1 A E 3 1525.9468200000001 0.001154 6 865572 1525.93995 152 9 0.46898 3 6 1 1 0 0 0 1 0 1 3 0.67 0 0 0 0 0 1 0.00687000000016269
0 0 0 1 0 1 9 8 0 1 1 E E 3 1514.19451 0.0001 7 865569 1514.19185 152 9 0.41308 3 8 3 1 0 0 0 1 0 1 3 0.98 0 0 0 0 0 1 0.002660000000105356
0 0 0 0 0 0 7 4 0 0 0 E A 3 240.50855900000002 7.7e-05 70 540373 240.507433 120 7 124.06 3 4 3 0 0 0 0 0 0 0 1 1 0 0 0 0 0 0 0.001126000000027716
0 0 0 1 0 -1 6 3 0 1 1 A E 3 1292.38851 0.000816 5 406489 1292.39562 104 6 0.68175 3 3 1 1 0 0 0 1 0 1 3 0.69 0 0 0 0 0 1 0.007110000000011496
0 0 0 1 0 1 8 2 0 1 1 E E 3 1453.3281900000002 0.001154 6 693409 1453.29153 136 8 0.58627 3 2 3 1 0 0 0 1 0 1 3 0.79 0 0 0 0 0 1 0.03666000000021086
0 0 0 1 0 1 8 3 0 1 1 A E 3 1452.4424800000002 0.0001 7 693408 1452.41634 136 8 0.55587 3 3 2 1 0 0 0 1 0 1 3 0.62 0 0 0 0 0 1 0.026140000000168584
0 0 0 0 0 0 6 5 0 0 0 E A 3 173.527981 0.000132 56 406479 173.524407 104 6 436.36 3 5 3 0 0 0 0 0 0 0 1 1 0 0 0 0 0 0 0.003574000000014621
0 0 0 1 0 -1 5 4 0 1 1 E E 3 1229.9931700000002 0.001413 4 291707 1229.9935 88 5 0.71836 3 4 3 1 0 0 0 1 0 1 3 1 0 0 0 0 0 1 0.0003299999998489511
0 0 0 1 0 1 8 5 0 1 1 E E 3 1447.9131200000002 0.001154 6 693407 1447.90618 136 8 0.48871 3 5 3 1 0 0 0 1 0 1 3 0.95 0 0 0 0 0 1 0.006940000000213331
0 0 0 0 0 0 7 2 0 0 0 E A 3 246.828281 7.3e-05 74 540374 246.83008 120 7 91.174 3 2 3 0 0 0 0 0 0 0 1 1 0 0 0 0 0 0 0.0017990000000054351
0 0 0 1 0 -1 6 1 0 1 1 E E 3 1303.95586 0.001669 4 406490 1303.97467 104 6 0.60682 3 1 3 1 0 0 0 1 0 1 3 0.95 0 0 0 0 0 1 0.018810000000030414
0 0 0 1 0 1 8 6 0 1 1 A E 3 1443.9697500000002 0.001154 6 693406 1443.96796 136 8 0.45845 3 6 2 1 0 0 0 1 0 1 3 0.69 0 0 0 0 0 1 0.0017900000002555316
0 0 0 0 0 0 7 1 0 0 0 E A 3 248.402091 1e-05 71 540375 248.40452 120 7 85.521 3 1 3 0 0 0 0 0 0 0 1 1 0 0 0 0 0 0 0.002428999999978032
0 0 0 1 0 1 6 0 0 1 1 A E 3 1307.35481 0.001412 7 406492 1307.38204 104 6 0.57138 3 0 1 1 0 0 0 1 0 1 3 0.87 0 0 0 0 0 1 0.02722999999991771
0 0 0 0 0 0 6 4 0 0 0 E A 3 178.315753 1e-05 69 406480 178.313872 104 6 240.39 3 4 3 0 0 0 0 0 0 0 1 1 0 0 0 0 0 0 0.001880999999997357
0 0 0 1 0 -1 5 3 0 1 1 A E 3 1238.0743 0.001413 4 291708 1238.07657 88 5 0.6833 3 3 2 1 0 0 0 1 0 1 3 0.7 0 0 0 0 0 1 0.002269999999953143
0 0 0 1 0 1 7 2 0 1 1 E E 3 1379.8715200000001 0.001412 7 540390 1379.84641 120 7 0.57556 3 2 3 1 0 0 0 1 0 1 3 0.82 0 0 0 0 0 1 0.0251100000000406
0 0 0 1 0 1 7 3 0 1 1 A E 3 1379.17677 0.001153 8 540389 1379.16134 120 7 0.54309 3 3 1 1 0 0 0 1 0 1 3 0.64 0 0 0 0 0 1 0.015429999999923893
0 0 0 1 0 1 7 5 0 1 1 E E 3 1374.94206 0.0001 7 540388 1374.94004 120 7 0.47814 3 5 3 1 0 0 0 1 0 1 3 0.97 0 0 0 0 0 1 0.002020000000129585
0 0 0 1 0 1 7 6 0 1 1 A E 3 1371.07367 0.0001 7 540387 1371.07361 120 7 0.44973 3 6 1 1 0 0 0 1 0 1 3 0.7 0 0 0 0 0 1 6.000000007588824e-05
0 0 0 1 0 1 6 2 0 1 1 E E 3 1315.51806 0.001153 9 406495 1315.5022 104 6 0.56452 3 2 3 1 0 0 0 1 0 1 3 0.86 0 0 0 0 0 1 0.01586000000020249
0 0 0 0 0 0 6 1 0 0 0 E A 3 186.244384 1e-05 75 406482 186.24614 104 6 137.74 3 1 3 0 0 0 0 0 0 0 1 1 0 0 0 0 0 0 0.0017560000000003129
0 0 0 1 0 1 5 0 0 1 1 A E 3 1253.66022 0.001154 6 291710 1253.67753 88 5 0.57687 3 0 2 1 0 0 0 1 0 1 3 0.91 0 0 0 0 0 1 0.017309999999952197
0 0 0 0 0 0 5 4 0 0 0 E A 3 124.966878 0.000132 56 291700 124.964591 88 5 648.42 3 4 3 0 0 0 0 0 0 0 1 1 0 0 0 0 0 0 0.002286999999995487
0 0 0 1 0 -1 4 3 0 1 1 A E 3 1192.67335 0.001413 4 196074 1192.67262 72 4 0.68186 3 3 1 1 0 0 0 1 0 1 3 0.7 0 0 0 0 0 1 0.0007299999999759166
0 0 0 1 0 1 6 3 0 1 1 A E 3 1315.04971 0.000999 7 406494 1315.04215 104 6 0.53109 3 3 2 1 0 0 0 1 0 1 3 0.66 0 0 0 0 0 1 0.007560000000012224
0 0 0 1 0 1 6 5 0 1 1 E E 3 1311.09119 0.001413 5 406493 1311.09174 104 6 0.46955 3 5 3 1 0 0 0 1 0 1 3 0.98 0 0 0 0 0 1 0.0005499999999756255
0 0 0 1 0 1 6 6 0 1 1 A E 3 1307.2810200000001 0.001154 7 406491 1307.28112 104 6 0.44338 3 6 1 1 0 0 0 1 0 1 3 0.7 0 0 0 0 0 1 9.999999997489795e-05
0 0 0 0 0 0 5 2 0 0 0 E A 3 131.339214 0.00011 71 291701 131.339738 88 5 278.51 3 2 3 0 0 0 0 0 0 0 1 1 0 0 0 0 0 0 0.0005240000000128475
0 0 0 1 0 -1 4 1 0 1 1 E E 3 1204.86509 0.001391 6 196075 1204.86949 72 4 0.61551 3 1 3 1 0 0 0 1 0 1 3 0.98 0 0 0 0 0 1 0.004400000000032378
0 0 0 1 0 1 5 3 0 1 1 A E 3 1260.1060200000002 1e-05 12 291712 1260.10353 88 5 0.52093 3 3 1 1 0 0 0 1 0 1 3 0.68 0 0 0 0 0 1 0.0024900000000798173
0 0 0 0 0 0 6 2 0 0 0 E A 3 184.663562 7e-06 73 406481 184.664692 104 6 150.57 3 2 3 0 0 0 0 0 0 0 1 1 0 0 0 0 0 0 0.0011299999999891952
0 0 0 0 0 0 4 4 0 0 0 E A 3 80.48078299999999 6.4e-05 44 196067 80.478183 72 4 4465900000 3 4 3 0 0 0 0 0 0 0 1 1 0 0 0 0 0 0 0.002599999999986835
0 0 0 1 0 -1 3 3 0 1 1 A E 3 1156.25221 0.001998 2 119563 1156.24968 56 3 0.67843 3 3 2 1 0 0 0 1 0 1 3 0.71 0 0 0 0 0 1 0.0025300000002062006
0 0 0 0 0 0 5 1 0 0 0 E A 3 132.926106 0.000117 71 291702 132.927236 88 5 243.84 3 1 3 0 0 0 0 0 0 0 1 1 0 0 0 0 0 0 0.0011299999999891952
0 0 0 1 0 1 4 0 0 1 1 A E 3 1208.78077 0.001154 6 196076 1208.78984 72 4 0.58126 3 0 1 1 0 0 0 1 0 1 3 0.95 0 0 0 0 0 1 0.009069999999837819
0 0 0 1 0 1 5 5 0 1 1 E E 3 1256.3773800000001 0.0001 7 291711 1256.37757 88 5 0.46311 3 5 3 1 0 0 0 1 0 1 3 0.99 0 0 0 0 0 1 0.00018999999997504347
0 0 0 1 0 1 4 2 0 1 1 E E 3 1214.35561 0.000999 10 196077 1214.35354 72 4 0.53167 3 2 3 1 0 0 0 1 0 1 3 0.75 0 0 0 0 0 1 0.002070000000003347
0 0 0 0 0 0 4 2 0 0 0 E A 3 86.873667 7.5e-05 74 196068 86.873725 72 4 621.16 3 2 3 0 0 0 0 0 0 0 1 1 0 0 0 0 0 0 5.7999999995672624e-05
0 0 0 1 0 -1 3 1 0 1 1 E E 3 1168.63688 0.001154 6 119564 1168.63752 56 3 0.61607 3 1 3 1 0 0 0 1 0 1 3 0.99 0 0 0 0 0 1 0.0006399999999757711
0 0 0 0 0 0 4 1 0 0 0 E A 3 88.46561799999999 7.6e-05 70 196069 88.466297 72 4 497.22 3 1 3 0 0 0 0 0 0 0 1 1 0 0 0 0 0 0 0.0006790000000052032
0 0 0 1 0 1 3 0 0 1 1 A E 3 1172.73691 0.001995 4 119565 1172.74039 56 3 0.58416 3 0 2 1 0 0 0 1 0 1 3 0.98 0 0 0 0 0 1 0.0034799999998540443
0 0 0 1 0 1 3 2 0 1 1 E E 3 1177.66641 0.000812 7 119566 1177.66551 56 3 0.53604 3 2 3 1 0 0 0 1 0 1 3 0.98 0 0 0 0 0 1 0.0009000000000014552
0 0 0 0 0 0 3 2 0 0 0 E A 3 51.282430000000005 7.8e-05 70 119559 51.282169 56 3 2056.4 3 2 3 0 0 0 0 0 0 0 1 1 0 0 0 0 0 0 0.0002610000000018431
0 0 0 1 0 -1 2 1 0 1 1 E E 3 1141.37994 0.001413 4 62167 1141.37875 40 2 0.61483 3 1 3 1 0 0 0 1 0 1 3 1 0 0 0 0 0 1 0.0011899999999513966
0 0 0 1 0 1 3 3 0 1 1 A E 3 1177.8317800000002 0.001391 6 119567 1177.83226 56 3 0.50709 3 3 2 1 0 0 0 1 0 1 3 0.7 0 0 0 0 0 1 0.0004799999996976112
0 0 0 0 0 0 3 1 0 0 0 E A 3 52.8785 0.00013 69 119560 52.87882 56 3 1286 3 1 3 0 0 0 0 0 0 0 1 1 0 0 0 0 0 0 0.00031999999999499096
0 0 0 1 0 1 2 0 0 1 1 A E 3 1145.58574 0.000788 7 62168 1145.58617 40 2 0.58491 3 0 1 1 0 0 0 1 0 1 3 0.99 0 0 0 0 0 1 0.00043000000005122274
0 0 0 1 0 1 2 2 0 1 1 E E 3 1150.21452 0.001413 5 62169 1150.21431 40 2 0.53111 3 2 3 1 0 0 0 1 0 1 3 0.99 0 0 0 0 0 1 0.00020999999992454832
0 0 0 1 0 -1 11 9 0 1 1 A E 3 1638.74917 0.001995 4 1267244 1632.5758 184 11 0.92361 3 9 2 1 0 0 0 1 0 1 3 0.69 0 0 0 0 0 1 6.173369999999977
0 0 0 0 0 0 2 1 0 0 0 E A 3 26.176974 1e-05 61 62164 26.177262 40 2 5501.8 3 1 3 0 0 0 0 0 0 0 1 1 0 0 0 0 0 0 0.0002879999999976235
0 0 0 1 0 1 1 0 0 1 1 A E 3 1127.4145800000001 0.001997 3 23918 1127.41381 24 1 0.58409 3 0 2 1 0 0 0 1 0 1 3 1 0 0 0 0 0 1 0.0007700000001023
0 0 0 1 0 -1 10 7 0 1 1 E E 3 1560.4333700000002 0.001997 3 1056843 1560.45171 168 10 0.828 3 7 3 1 0 0 0 1 0 1 3 0.97 0 0 0 0 0 1 0.018339999999852807
0 0 0 0 0 0 5 5 0 0 0 E A 3 120.160995 8.6e-05 42 291699 120.156754 88 5 1302100000 3 5 3 0 0 0 0 0 0 0 1 1 0 0 0 0 0 0 0.004240999999993278
0 0 0 0 0 0 1 1 0 0 0 E A 3 8.371 8.6e-05 46 23915 8.370998 24 1 inf 3 1 3 0 0 0 0 0 0 0 1 1 0 0 0 0 0 0 2.000000000279556e-06
0 0 0 1 0 1 0 0 0 1 1 A E 3 1118.30618 0.001998 2 4791 1118.30469 8 0 0.58321 3 0 1 1 0 0 0 1 0 1 3 1 0 0 0 0 0 1 0.0014900000001034641
0 0 0 1 0 -1 15 6 0 1 1 A E 3 2151.63249 0.001324 5 2300179 2151.7492 248 15 0.67509 3 6 2 1 0 0 0 1 0 1 3 0.63 0 0 0 0 0 1 0.11671000000023923
0 0 0 0 0 0 2 2 0 0 0 E A 3 24.578138000000003 8.8e-05 42 62163 24.57754 40 2 427720000000 3 2 3 0 0 0 0 0 0 0 1 1 0 0 0 0 0 0 0.0005980000000036512
0 0 0 1 0 -1 5 1 0 1 1 E E 3 1249.9919300000001 0.001997 3 291709 1250.00222 88 5 0.61239 3 1 3 1 0 0 0 1 0 1 3 0.97 0 0 0 0 0 1 0.010289999999940846
0 0 0 1 0 -1 14 4 0 1 1 E E 3 2035.4395100000002 0.00303 3 2013248 2035.57061 232 14 0.6217 3 4 3 1 0 0 0 1 0 1 3 0.87 0 0 0 0 0 1 0.13109999999983302
0 0 0 1 0 -1 14 3 0 1 1 A E 3 2041.8262900000002 0.001324 4 2013249 2041.98064 232 14 0.59167 3 3 1 1 0 0 0 1 0 1 3 0.6 0 0 0 0 0 1 0.15434999999979482
0 0 0 1 0 -1 17 3 0 1 1 A E 3 2465.2946500000003 0.002 1 2931401 2465.50226 280 17 0.5319 3 3 2 1 0 0 0 1 0 1 3 0.53 0 0 0 0 0 1 0.20760999999993146
0 0 0 1 0 -1 13 1 0 1 1 E E 3 1926.7638800000002 0.002 2 1745464 1926.92239 216 13 0.55493 3 1 3 1 0 0 0 1 0 1 3 0.79 0 0 0 0 0 1 0.15850999999975102
0 0 0 1 0 1 11 0 0 1 1 A E 3 1707.7020200000002 0.001997 3 1267253 1707.81875 184 11 0.55164 3 0 2 1 0 0 0 1 0 1 3 0.76 0 0 0 0 0 1 0.11672999999973399
0 0 0 0 0 0 14 1 0 0 0 E A 3 928.8415679999999 0.000825 16 2013228 928.866905 232 14 10.694 3 1 3 0 0 0 0 0 0 0 1 1 0 0 0 0 0 0 0.025337000000035914
0 0 0 1 0 1 14 0 0 1 1 A E 3 2052.54511 0.001999 2 2013252 2052.7487 232 14 0.53667 3 0 1 1 0 0 0 1 0 1 3 0.73 0 0 0 0 0 1 0.20359000000007654
0 0 0 0 0 0 15 1 0 0 0 E A 3 1060.70648 0.000731 15 2300160 1060.73879 248 15 8.7533 3 1 3 0 0 0 0 0 0 0 1 0.99 0 0 0 0 0 0 0.03231000000005224
0 0 0 1 0 1 15 0 0 1 1 A E 3 2184.72134 0.002 2 2300185 2184.95885 248 15 0.53021 3 0 2 1 0 0 0 1 0 1 3 0.72 0 0 0 0 0 1 0.23750999999992928
0 0 0 0 0 0 16 1 0 0 0 E A 3 1201.1204200000002 0.001059 9 2606205 1201.16104 264 16 7.269 3 1 3 0 0 0 0 0 0 0 1 0.99 0 0 0 0 0 0 0.04061999999976251
0 0 0 1 0 1 16 0 0 1 1 A E 3 2325.4712400000003 0.001562 3 2606232 2325.75329 264 16 0.52608 3 0 1 1 0 0 0 1 0 1 3 0.72 0 0 0 0 0 1 0.2820499999997992
0 0 0 1 0 1 5 2 0 1 1 E E 3 1260.3317200000001 1e-05 10 291713 1260.32302 88 5 0.55337 3 2 3 1 0 0 0 1 0 1 3 0.9 0 0 0 0 0 1 0.008700000000089858
0 1 0 0 0 0 5 2 0 0 0 E A 3 1119.10186 1e-05 14 291705 1119.07293 88 5 0.45496 3 2 3 0 0 1 0 0 0 0 1 0.98 0 0 0 0 0 1 0.02892999999994572
0 2 0 0 0 0 4 2 0 0 0 E A 3 2054.70906 0.001238 3 196080 2054.70541 72 4 0.25156 3 2 3 0 0 2 0 0 0 0 1 0.98 0 0 0 0 1 1 0.0036500000001069566
0 1 0 0 0 0 5 1 0 0 0 E A 3 1120.12199 9.9e-05 13 291706 1120.07805 88 5 0.45316 3 1 3 0 0 1 0 0 0 0 1 0.98 0 0 0 0 0 1 0.04394000000002052
0 2 0 0 0 0 4 1 0 0 0 E A 3 2055.2512 0.001053 4 196081 2055.24519 72 4 0.25042 3 1 3 0 0 2 0 0 0 0 1 0.98 0 0 0 0 1 1 0.006010000000060245
0 1 0 0 0 0 10 2 0 0 0 E A 3 1461.8436700000002 0.000781 11 1056839 1461.68523 168 10 0.41368 3 2 3 0 0 1 0 0 0 0 1 0.94 0 0 0 0 0 1 0.15844000000015512
0 2 0 0 0 0 11 2 0 0 0 E A 3 2520.64195 0.001489 2 1267264 2520.48041 184 11 0.21946 3 2 3 0 0 2 0 0 0 0 1 0.88 0 0 0 0 1 1 0.16154000000005908
0 1 0 0 0 0 10 1 0 0 0 E A 3 1462.91705 0.000781 11 1056840 1462.74409 168 10 0.41248 3 1 3 0 0 1 0 0 0 0 1 0.94 0 0 0 0 0 1 0.1729600000001028
0 2 0 0 0 0 11 1 0 0 0 E A 3 2521.3204800000003 0.001489 2 1267265 2521.15065 184 11 0.21882 3 1 3 0 0 2 0 0 0 0 1 0.87 0 0 0 0 1 1 0.1698300000002746
0 1 0 0 0 0 6 2 0 0 0 E A 3 1170.46838 9.9e-05 13 406485 1170.41948 104 6 0.44776 3 2 3 0 0 1 0 0 0 0 1 0.98 0 0 0 0 0 1 0.048900000000003274
0 2 0 0 0 0 5 2 0 0 0 E A 3 2096.17311 0.001053 4 291716 2096.16164 88 5 0.24789 3 2 3 0 0 2 0 0 0 0 1 0.97 0 0 0 0 1 1 0.011470000000372238
0 1 0 0 0 0 9 5 0 0 0 E A 3 1368.6931200000001 0.000745 13 865559 1368.67053 152 9 0.4326 3 5 3 0 0 1 0 0 0 0 1 0.96 0 0 0 0 0 1 0.022590000000036525
0 2 0 0 0 0 10 5 0 0 0 E A 3 2424.36958 0.001489 2 1056858 2424.29896 168 10 0.22977 3 5 3 0 0 2 0 0 0 0 1 0.91 0 0 0 0 1 1 0.0706199999999626
0 1 0 0 0 0 9 4 0 0 0 E A 3 1371.86662 0.000745 13 865560 1371.79893 152 9 0.42821 3 4 3 0 0 1 0 0 0 0 1 0.96 0 0 0 0 0 1 0.06769000000008418
0 2 0 0 0 0 10 4 0 0 0 E A 3 2426.29793 0.001489 2 1056859 2426.20569 168 10 0.22745 3 4 3 0 0 2 0 0 0 0 1 0.91 0 0 0 0 1 1 0.09224000000040178
0 1 0 0 0 0 9 2 0 0 0 E A 3 1376.11246 0.000745 13 865561 1375.98606 152 9 0.42272 3 2 3 0 0 1 0 0 0 0 1 0.95 0 0 0 0 0 1 0.12640000000010332
0 2 0 0 0 0 10 2 0 0 0 E A 3 2428.90531 0.002 1 1056860 2428.78462 168 10 0.22452 3 2 3 0 0 2 0 0 0 0 1 0.9 0 0 0 0 1 1 0.12069000000019514
0 1 0 0 0 0 9 1 0 0 0 E A 3 1377.1762700000002 0.000745 13 865562 1377.03524 152 9 0.4214 3 1 3 0 0 1 0 0 0 0 1 0.95 0 0 0 0 0 1 0.14103000000022803
0 2 0 0 0 0 10 1 0 0 0 E A 3 2429.56309 0.001489 2 1056861 2429.43506 168 10 0.22382 3 1 3 0 0 2 0 0 0 0 1 0.89 0 0 0 0 1 1 0.12803000000030806
0 1 0 0 0 0 8 5 0 0 0 E A 3 1291.63527 1e-05 15 693395 1291.64254 136 8 0.44231 3 5 3 0 0 1 0 0 0 0 1 0.97 0 0 0 0 0 1 0.007270000000062282
0 2 0 0 0 0 9 5 0 0 0 E A 3 2341.2057600000003 0.001489 2 865578 2341.16209 152 9 0.23534 3 5 3 0 0 2 0 0 0 0 1 0.93 0 0 0 0 1 1 0.04367000000047483
0 1 0 0 0 0 8 4 0 0 0 E A 3 1294.77079 0.000698 15 693396 1294.7324 136 8 0.43749 3 4 3 0 0 1 0 0 0 0 1 0.97 0 0 0 0 0 1 0.03838999999993575
0 2 0 0 0 0 9 4 0 0 0 E A 3 2343.06304 0.001489 2 865579 2343.0009 152 9 0.23277 3 4 3 0 0 2 0 0 0 0 1 0.92 0 0 0 0 1 1 0.06213999999999942
0 1 0 0 0 0 8 2 0 0 0 E A 3 1298.9711100000002 0.000588 14 693397 1298.87365 136 8 0.43149 3 2 3 0 0 1 0 0 0 0 1 0.96 0 0 0 0 0 1 0.09746000000018284
0 2 0 0 0 0 9 2 0 0 0 E A 3 2345.5814100000002 0.001489 2 865580 2345.49432 152 9 0.22955 3 2 3 0 0 2 0 0 0 0 1 0.91 0 0 0 0 1 1 0.08709000000044398
0 1 0 0 0 0 8 1 0 0 0 E A 3 1300.0245100000002 1e-05 13 693398 1299.91228 136 8 0.43005 3 1 3 0 0 1 0 0 0 0 1 0.96 0 0 0 0 0 1 0.11223000000018146
0 2 0 0 0 0 9 1 0 0 0 E A 3 2346.21812 0.002 1 865581 2346.1245 152 9 0.22878 3 1 3 0 0 2 0 0 0 0 1 0.91 0 0 0 0 1 1 0.09362000000010084
0 1 0 0 0 0 7 5 0 0 0 E A 3 1223.1754500000002 9.9e-05 14 540377 1223.20938 120 7 0.45171 3 5 3 0 0 1 0 0 0 0 1 0.98 0 0 0 0 0 1 0.03392999999982749
0 2 0 0 0 0 8 5 0 0 0 E A 3 2266.4443100000003 0.001238 3 693412 2266.421 136 8 0.24084 3 5 3 0 0 2 0 0 0 0 1 0.95 0 0 0 0 1 1 0.023310000000492437
0 1 0 0 0 0 7 1 0 0 0 E A 3 1231.4659100000001 9.9e-05 15 540380 1231.37915 120 7 0.43833 3 1 3 0 0 1 0 0 0 0 1 0.97 0 0 0 0 0 1 0.08676000000014028
0 2 0 0 0 0 8 1 0 0 0 E A 3 2271.27664 0.001489 2 693415 2271.21076 136 8 0.23364 3 1 3 0 0 2 0 0 0 0 1 0.93 0 0 0 0 1 1 0.06588000000010652
0 1 0 0 0 0 6 4 0 0 0 E A 3 1166.3641300000002 1e-05 13 406484 1166.37564 104 6 0.45486 3 4 3 0 0 1 0 0 0 0 1 0.98 0 0 0 0 0 1 0.0115099999998165
0 2 0 0 0 0 7 4 0 0 0 E A 3 2201.78641 0.001489 2 540393 2201.76533 120 7 0.2431 3 4 3 0 0 2 0 0 0 0 1 0.96 0 0 0 0 1 1 0.021079999999983556
0 1 0 0 0 0 6 1 0 0 0 E A 3 1171.49944 0.00078 13 406486 1171.43566 104 6 0.44608 3 1 3 0 0 1 0 0 0 0 1 0.98 0 0 0 0 0 1 0.06377999999995154
0 2 0 0 0 0 7 1 0 0 0 E A 3 2204.72554 0.001194 3 540395 2204.6818 120 7 0.23832 3 1 3 0 0 2 0 0 0 0 1 0.94 0 0 0 0 1 1 0.04374000000007072
0 2 0 0 0 0 6 2 0 0 0 E A 3 2145.97379 0.001489 2 406498 2145.95098 104 6 0.24375 3 2 3 0 0 2 0 0 0 0 1 0.96 0 0 0 0 1 1 0.022809999999935826
0 2 0 0 0 0 6 1 0 0 0 E A 3 2146.54934 0.001241 4 406499 2146.52262 104 6 0.24274 3 1 3 0 0 2 0 0 0 0 1 0.96 0 0 0 0 1 1 0.026719999999841093
0 1 0 0 0 0 4 2 0 0 0 E A 3 1076.3175600000002 9.9e-05 13 196071 1076.30492 72 4 0.46133 3 2 3 0 0 1 0 0 0 0 1 0.99 0 0 0 0 0 1 0.012640000000146756
0 1 0 0 0 0 4 1 0 0 0 E A 3 1077.3271300000001 0.000928 9 196072 1077.29973 72 4 0.45941 3 1 3 0 0 1 0 0 0 0 1 0.99 0 0 0 0 0 1 0.02740000000017062
0 2 0 0 0 0 5 1 0 0 0 E A 3 2096.73056 0.001238 3 291717 2096.71629 88 5 0.24682 3 1 3 0 0 2 0 0 0 0 1 0.97 0 0 0 0 1 1 0.014270000000124128
0 1 0 0 0 0 3 1 0 0 0 E A 3 1043.10661 9.9e-05 12 119562 1043.09234 56 3 0.46466 3 1 3 0 0 1 0 0 0 0 1 0.99 0 0 0 0 0 1 0.014270000000124128
0 1 0 0 0 0 2 1 0 0 0 E A 3 1017.45093 0.000927 10 62166 1017.44695 40 2 0.46874 3 1 3 0 0 1 0 0 0 0 1 1 0 0 0 0 0 1 0.003979999999955908
0 2 0 0 0 0 3 1 0 0 0 E A 3 2022.09247 0.001238 3 119569 2022.0923 56 3 0.25346 3 1 3 0 0 2 0 0 0 0 1 0.99 0 0 0 0 1 1 0.0001700000000255386
0 1 0 0 0 0 1 1 0 0 0 E A 3 1000.352545 1e-05 9 23916 1000.35533 24 1 0.47154 3 1 3 0 0 1 0 0 0 0 1 1 0 0 0 0 0 1 0.002785000000017135
0 2 0 0 0 0 2 1 0 0 0 E A 3 1997.2387 0.000952 5 62171 1997.24238 40 2 0.25584 3 1 3 0 0 2 0 0 0 0 1 0.99 0 0 0 0 1 1 0.00367999999980384
0 1 0 0 0 0 5 5 0 0 0 E A 3 1112.02999 0.0001 8 291703 1112.10899 88 5 0.46888 3 5 3 0 0 1 0 0 0 0 1 1 0 0 0 0 0 1 0.07899999999995089
0 2 0 0 0 0 5 5 0 0 0 E A 3 2092.38637 0.001489 2 291714 2092.392 88 5 0.25604 3 5 3 0 0 2 0 0 0 0 1 0.99 0 0 0 0 1 1 0.005629999999655411
0 1 0 0 0 0 4 4 0 0 0 E A 3 1072.30359 0.0001 8 196070 1072.35377 72 4 0.46952 3 4 3 0 0 1 0 0 0 0 1 1 0 0 0 0 0 1 0.050179999999954816
0 2 0 0 0 0 4 4 0 0 0 E A 3 2052.58324 0.001489 2 196079 2052.58777 72 4 0.25636 3 4 3 0 0 2 0 0 0 0 1 0.99 0 0 0 0 1 1 0.004530000000158907
0 1 0 0 0 0 2 2 0 0 0 E A 3 1016.4574299999999 7.1e-05 9 62165 1016.46851 40 2 0.47085 3 2 3 0 0 1 0 0 0 0 1 1 0 0 0 0 0 1 0.011080000000106338
0 2 0 0 0 0 2 2 0 0 0 E A 3 1996.7202300000001 0.001489 2 62170 1996.72442 40 2 0.25708 3 2 3 0 0 2 0 0 0 0 1 1 0 0 0 0 1 1 0.004189999999880456
0 1 0 0 0 0 5 4 0 0 0 E A 3 1115.0451400000002 0.000869 12 291704 1115.07708 88 5 0.46263 3 4 3 0 0 1 0 0 0 0 1 0.99 0 0 0 0 0 1 0.03193999999984953
0 2 0 0 0 0 5 4 0 0 0 E A 3 2093.98354 0.001238 3 291715 2093.983 88 5 0.2524 3 4 3 0 0 2 0 0 0 0 1 0.98 0 0 0 0 1 1 0.0005400000000008731
0 2 0 0 0 0 7 2 0 0 0 E A 3 2204.13061 0.001238 3 540394 2204.09155 120 7 0.23924 3 2 3 0 0 2 0 0 0 0 1 0.95 0 0 0 0 1 1 0.039060000000063155
0 2 0 0 0 0 6 4 0 0 0 E A 3 2143.7107300000002 0.001238 3 406497 2143.70214 104 6 0.24794 3 4 3 0 0 2 0 0 0 0 1 0.97 0 0 0 0 1 1 0.008590000000367581
0 2 0 0 0 0 7 5 0 0 0 E A 3 2200.06806 0.002 1 540392 2200.05916 120 7 0.24621 3 5 3 0 0 2 0 0 0 0 1 0.97 0 0 0 0 1 1 0.008900000000267028
0 1 0 0 0 0 9 7 0 0 0 E A 3 1360.2930800000001 0.000635 13 865558 1360.39425 152 9 0.44553 3 7 3 0 0 1 0 0 0 0 1 0.97 0 0 0 0 0 1 0.10116999999991094
0 2 0 0 0 0 9 7 0 0 0 E A 3 2336.40385 0.001238 3 865577 2336.40427 152 9 0.24289 3 7 3 0 0 2 0 0 0 0 1 0.95 0 0 0 0 1 1 0.00041999999984909664
0 1 0 0 0 0 10 8 0 0 0 E A 3 1440.5600200000001 0.000821 11 1056835 1440.70632 168 10 0.44253 3 8 3 0 0 1 0 0 0 0 1 0.97 0 0 0 0 0 1 0.14629999999988286
0 2 0 0 0 0 10 8 0 0 0 E A 3 2416.3378900000002 0.001238 3 1056856 2416.35003 168 10 0.24131 3 8 3 0 0 2 0 0 0 0 1 0.95 0 0 0 0 1 1 0.012139999999817519
0 2 0 0 0 0 8 4 0 0 0 E A 3 2268.231 0.001238 3 693413 2268.19231 136 8 0.23802 3 4 3 0 0 2 0 0 0 0 1 0.94 0 0 0 0 1 1 0.038690000000315194
0 0 0 1 0 1 8 8 0 1 1 E E 3 1432.2797600000001 0.001413 5 693403 1432.27606 136 8 0.40577 3 8 3 1 0 0 0 1 0 1 3 0.99 0 0 0 0 0 1 0.0037000000002080924
0 1 0 0 0 0 6 5 0 0 0 E A 3 1163.3091100000001 1e-05 12 406483 1163.36747 104 6 0.46062 3 5 3 0 0 1 0 0 0 0 1 0.99 0 0 0 0 0 1 0.05835999999976593
0 0 0 1 0 1 9 9 0 1 1 A E 3 1506.33636 0.0001 6 865567 1506.32975 152 9 0.38873 3 9 2 1 0 0 0 1 0 1 3 0.7 0 0 0 0 0 1 0.006609999999909633
0 1 0 0 0 0 7 7 0 0 0 E A 3 1215.0214500000002 9.9e-05 10 540376 1215.18366 120 7 0.46766 3 7 3 0 0 1 0 0 0 0 1 0.99 0 0 0 0 0 1 0.16220999999973174
0 0 0 1 0 1 11 11 0 1 1 E E 3 1683.6541000000002 0.0001 5 1267247 1677.4418 184 11 0.3574 3 11 3 1 0 0 0 1 0 1 3 0.99 0 0 0 0 0 1 6.212300000000141
0 1 0 0 0 0 7 4 0 0 0 E A 3 1226.27058 0.000936 10 540378 1226.2587 120 7 0.44643 3 4 3 0 0 1 0 0 0 0 1 0.98 0 0 0 0 0 1 0.011880000000019209
0 1 0 0 0 0 14 7 0 0 0 E A 3 1873.89801 0.000647 11 2013234 1873.79782 232 14 0.39045 3 7 3 0 0 1 0 0 0 0 1 0.92 0 0 0 0 0 1 0.10019000000011147
0 0 0 1 0 1 12 3 0 1 1 A E 3 1835.66857 0.001413 5 1496806 1835.57085 200 12 0.6023 3 3 2 1 0 0 0 1 0 1 3 0.56 0 0 0 0 0 1 0.09771999999998116
0 0 0 0 0 0 12 11 0 0 0 E A 3 634.237953 0.000266 25 1496775 628.017034 200 12 102.32 3 11 3 0 0 0 0 0 0 0 1 1 0 0 0 0 0 0 6.220918999999981
0 0 0 1 0 1 12 12 0 1 1 A E 3 1780.6688100000001 0.001413 5 1496795 1774.45047 200 12 0.34301 3 12 1 1 0 0 0 1 0 1 3 0.7 0 0 0 0 0 1 6.218340000000126
0 1 0 0 0 0 7 2 0 0 0 E A 3 1230.4234800000002 9.9e-05 13 540379 1230.35165 120 7 0.43988 3 2 3 0 0 1 0 0 0 0 1 0.97 0 0 0 0 0 1 0.07183000000009088
0 0 0 0 0 0 12 10 0 0 0 E A 3 645.525537 1e-05 28 1496776 639.310432 200 12 53.69 3 10 3 0 0 0 0 0 0 0 1 1 0 0 0 0 0 0 6.215104999999994
0 0 0 1 0 1 12 11 0 1 1 E E 3 1792.6636 0.001413 5 1496797 1786.45591 200 12 0.36511 3 11 3 1 0 0 0 1 0 1 3 0.98 0 0 0 0 0 1 6.207690000000184
0 1 0 0 0 0 8 8 0 0 0 E A 3 1278.25475 0.0001 8 693393 1278.47134 136 8 0.46709 3 8 3 0 0 1 0 0 0 0 1 0.99 0 0 0 0 0 1 0.2165899999999965
0 0 0 1 0 1 13 11 0 1 1 E E 3 1910.57591 0.001732 5 1745460 1904.36915 216 13 0.37386 3 11 3 1 0 0 0 1 0 1 3 0.96 0 0 0 0 0 1 6.206760000000031
0 0 0 0 0 0 14 13 0 0 0 E A 3 847.397114 0.000899 14 2013220 841.158815 232 14 74.971 3 13 3 0 0 0 0 0 0 0 1 1 0 0 0 0 0 0 6.238298999999984
0 0 0 1 0 1 14 14 0 1 1 E E 3 1997.47349 0.003475 3 2013243 1991.2337 232 14 0.3165 3 14 3 1 0 0 0 1 0 1 3 0.99 0 0 0 0 0 1 6.2397900000000845
0 1 0 0 0 0 8 7 0 0 0 E A 3 1283.3556700000001 9.9e-05 12 693394 1283.48885 136 8 0.45668 3 7 3 0 0 1 0 0 0 0 1 0.98 0 0 0 0 0 1 0.13317999999981112
0 0 0 1 0 1 14 6 0 1 1 A E 3 2070.4318000000003 0.001937 5 2013254 2070.33871 232 14 0.53277 3 6 2 1 0 0 0 1 0 1 3 0.59 0 0 0 0 0 1 0.0930900000003021
0 0 0 0 0 0 15 8 0 0 0 E A 3 1029.01496 1e-05 21 2300155 1029.01786 248 15 12.046 3 8 3 0 0 0 0 0 0 0 1 1 0 0 0 0 0 0 0.0028999999999541615
0 0 0 1 0 1 15 9 0 1 1 A E 3 2186.10829 0.001413 5 2300186 2186.06836 248 15 0.45422 3 9 1 1 0 0 0 1 0 1 3 0.62 0 0 0 0 0 1 0.03992999999991298
0 0 0 0 0 0 17 17 0 0 0 E A 3 1205.8420500000002 0.001237 6 2931363 1199.55279 280 17 2926500 3 17 3 0 0 0 0 0 0 0 1 1 0 0 0 0 0 0 6.28926000000024
0 1 0 0 0 0 18 17 0 0 0 E A 3 2354.10567 0.001238 4 3275691 2348.94525 296 18 0.44003 3 17 3 0 0 1 0 0 0 0 1 0.95 0 0 0 0 0 1 5.160419999999704
0 0 0 1 0 1 16 11 0 1 1 E E 3 2317.08116 0.00123 5 2606229 2310.85381 264 16 0.40497 3 11 3 1 0 0 0 1 0 1 3 0.91 0 0 0 0 0 1 6.227350000000115
0 0 0 1 0 1 16 8 0 1 1 E E 3 2337.90158 0.001414 3 2606234 2337.80114 264 16 0.49203 3 8 3 1 0 0 0 1 0 1 3 0.85 0 0 0 0 0 1 0.1004400000001624
0 0 0 0 0 0 17 10 0 0 0 E A 3 1306.96873 0.000901 11 2931368 1300.77121 280 17 9.1582 3 10 3 0 0 0 0 0 0 0 1 0.99 0 0 0 0 0 0 6.19751999999994
0 0 0 1 0 1 17 11 0 1 1 E E 3 2469.67152 0.001104 6 2931400 2463.48627 280 17 0.42956 3 11 3 1 0 0 0 1 0 1 3 0.82 0 0 0 0 0 1 6.185249999999996
0 0 0 0 0 0 16 16 0 0 0 E A 3 1073.8795400000001 0.001558 7 2606195 1067.60625 264 16 3841600 3 16 3 0 0 0 0 0 0 0 1 1 0 0 0 0 0 0 6.273290000000088
0 1 0 0 0 0 17 16 0 0 0 E A 3 2213.3223700000003 0.001231 4 2931376 2208.02858 280 17 0.44124 3 16 3 0 0 1 0 0 0 0 1 0.95 0 0 0 0 0 1 5.293790000000172
0 1 0 0 0 0 9 8 0 0 0 E A 3 1355.10202 0.000901 9 865557 1355.28461 152 9 0.45475 3 8 3 0 0 1 0 0 0 0 1 0.98 0 0 0 0 0 1 0.182589999999891
0 0 0 0 0 0 16 14 0 0 0 E A 3 1106.83114 1e-05 12 2606196 1100.58207 264 16 29.858 3 14 3 0 0 0 0 0 0 0 1 1 0 0 0 0 0 0 6.249070000000074
0 1 0 0 0 0 17 14 0 0 0 E A 3 2235.4980800000003 0.00101 7 2931377 2229.8266 280 17 0.40974 3 14 3 0 0 1 0 0 0 0 1 0.93 0 0 0 0 0 1 5.671480000000429
0 1 0 0 0 0 10 10 0 0 0 E A 3 1434.29368 0.00123 5 1056834 1428.44977 168 10 0.46604 3 10 3 0 0 1 0 0 0 0 1 0.99 0 0 0 0 0 1 5.843910000000051
0 1 0 0 0 0 18 13 0 0 0 E A 3 2399.22418 0.000976 8 3275695 2393.33396 296 18 0.38457 3 13 3 0 0 1 0 0 0 0 1 0.9 0 0 0 0 0 1 5.890220000000227
0 0 0 0 0 0 15 14 0 0 0 E A 3 965.418559 0.001229 8 2300151 959.169799 248 15 65.331 3 14 3 0 0 0 0 0 0 0 1 1 0 0 0 0 0 0 6.2487599999999475
0 1 0 0 0 0 16 14 0 0 0 E A 3 2090.63207 1e-05 8 2606207 2085.0296 264 16 0.42624 3 14 3 0 0 1 0 0 0 0 1 0.94 0 0 0 0 0 1 5.602470000000267
0 0 0 0 0 0 15 5 0 0 0 E A 3 1048.75412 0.000815 16 2300157 1048.77519 248 15 9.7628 3 5 3 0 0 0 0 0 0 0 1 1 0 0 0 0 0 0 0.021070000000008804
0 1 0 0 0 0 14 5 0 0 0 E A 3 1882.7290500000001 0.000647 11 2013235 1882.50943 232 14 0.38267 3 5 3 0 0 1 0 0 0 0 1 0.91 0 0 0 0 0 1 0.2196200000000772
0 1 0 0 0 0 16 13 0 0 0 E A 3 2100.60884 1e-05 10 2606208 2094.84685 264 16 0.41277 3 13 3 0 0 1 0 0 0 0 1 0.93 0 0 0 0 0 1 5.761989999999969
0 1 0 0 0 0 18 10 0 0 0 E A 3 2425.38578 0.000976 7 3275697 2419.12848 296 18 0.3624 3 10 3 0 0 1 0 0 0 0 1 0.88 0 0 0 0 0 1 6.257300000000214
0 1 0 0 0 0 17 11 0 0 0 E A 3 2263.73552 0.001104 5 2931379 2257.6506 280 17 0.38033 3 11 3 0 0 1 0 0 0 0 1 0.9 0 0 0 0 0 1 6.084920000000238
0 1 0 0 0 0 15 13 0 0 0 E A 3 1964.15715 0.000936 8 2300162 1958.45826 248 15 0.42861 3 13 3 0 0 1 0 0 0 0 1 0.95 0 0 0 0 0 1 5.698889999999892
0 1 0 0 0 0 17 10 0 0 0 E A 3 2271.64318 0.000877 9 2931380 2265.44745 280 17 0.37363 3 10 3 0 0 1 0 0 0 0 1 0.9 0 0 0 0 0 1 6.195729999999912
0 0 0 0 0 0 17 8 0 0 0 E A 3 1318.97506 0.00117 6 2931369 1318.99162 280 17 7.7407 3 8 3 0 0 0 0 0 0 0 1 0.99 0 0 0 0 0 0 0.016560000000026776
0 1 0 0 0 0 18 8 0 0 0 E A 3 2432.736 0.001324 4 3275698 2432.48746 296 18 0.35311 3 8 3 0 0 1 0 0 0 0 1 0.87 0 0 0 0 0 1 0.24854000000004817
0 0 0 0 0 0 18 5 0 0 0 E A 3 1502.01762 0.001561 3 3275687 1495.87184 296 18 5.5938 3 5 3 0 0 0 0 0 0 0 1 0.99 0 0 0 0 0 0 6.145780000000059
0 1 0 0 0 0 19 5 0 0 0 E A 3 2615.64748 0.00106 6 3639131 2608.93836 312 19 0.33505 3 5 3 0 0 1 0 0 0 0 1 0.84 0 0 0 0 0 1 6.709119999999984
0 0 0 0 0 0 13 13 0 0 0 E A 3 723.352259 0.000889 12 1745435 717.114654 216 13 10078000 3 13 3 0 0 0 0 0 0 0 1 1 0 0 0 0 0 0 6.2376050000000305
0 1 0 0 0 0 14 13 0 0 0 E A 3 1836.3291800000002 0.00101 8 2013230 1830.69448 232 14 0.44573 3 13 3 0 0 1 0 0 0 0 1 0.97 0 0 0 0 0 1 5.634700000000066
0 1 0 0 0 0 16 11 0 0 0 E A 3 2118.50779 0.00123 5 2606209 2112.48162 264 16 0.39279 3 11 3 0 0 1 0 0 0 0 1 0.92 0 0 0 0 0 1 6.026170000000093
0 0 0 0 0 0 17 7 0 0 0 E A 3 1332.6559300000001 0.001324 4 2931370 1326.48618 280 17 7.2754 3 7 3 0 0 0 0 0 0 0 1 0.99 0 0 0 0 0 0 6.169750000000022
0 1 0 0 0 0 18 7 0 0 0 E A 3 2444.54203 0.000976 7 3275699 2438.02255 296 18 0.34956 3 7 3 0 0 1 0 0 0 0 1 0.86 0 0 0 0 0 1 6.51947999999993
0 1 0 0 0 0 11 11 0 0 0 E A 3 1520.8556800000001 0.00123 5 1267235 1515.0943 184 11 0.46561 3 11 3 0 0 1 0 0 0 0 1 0.99 0 0 0 0 0 1 5.761380000000145
0 1 0 0 0 0 16 10 0 0 0 E A 3 2126.36078 0.00101 7 2606210 2120.22308 264 16 0.38528 3 10 3 0 0 1 0 0 0 0 1 0.91 0 0 0 0 0 1 6.137699999999768
0 1 0 0 0 0 17 8 0 0 0 E A 3 2278.95395 0.001324 4 2931381 2278.76749 280 17 0.3635 3 8 3 0 0 1 0 0 0 0 1 0.88 0 0 0 0 0 1 0.18645999999989726
0 0 0 0 0 0 17 5 0 0 0 E A 3 1338.32165 0.00106 7 2931371 1338.35961 280 17 6.6416 3 5 3 0 0 0 0 0 0 0 1 0.99 0 0 0 0 0 0 0.03795999999988453
0 1 0 0 0 0 18 5 0 0 0 E A 3 2447.28049 0.001998 2 3275701 2446.83418 296 18 0.34423 3 5 3 0 0 1 0 0 0 0 1 0.85 0 0 0 0 0 1 0.4463100000002669
0 1 0 0 0 0 10 7 0 0 0 E A 3 1445.8358500000002 0.000848 10 1056836 1445.90248 168 10 0.43434 3 7 3 0 0 1 0 0 0 0 1 0.96 0 0 0 0 0 1 0.06662999999980457
0 1 0 0 0 0 15 11 0 0 0 E A 3 1981.80104 0.001104 7 2300163 1975.83085 248 15 0.40579 3 11 3 0 0 1 0 0 0 0 1 0.93 0 0 0 0 0 1 5.970190000000002
0 1 0 0 0 0 17 7 0 0 0 E A 3 2284.5565500000002 0.001561 3 2931383 2284.29453 280 17 0.35944 3 7 3 0 0 1 0 0 0 0 1 0.88 0 0 0 0 0 1 0.2620200000001205
0 1 0 0 0 0 15 10 0 0 0 E A 3 1989.57958 0.001169 7 2300164 1983.49651 248 15 0.39738 3 10 3 0 0 1 0 0 0 0 1 0.92 0 0 0 0 0 1 6.083070000000134
0 1 0 0 0 0 14 4 0 0 0 E A 3 1886.03599 0.000764 12 2013236 1885.77253 232 14 0.37995 3 4 3 0 0 1 0 0 0 0 1 0.91 0 0 0 0 0 1 0.2634600000001228
0 1 0 0 0 0 16 8 0 0 0 E A 3 2133.60894 0.00117 6 2606212 2133.48029 264 16 0.37387 3 8 3 0 0 1 0 0 0 0 1 0.9 0 0 0 0 0 1 0.12865000000010696
0 1 0 0 0 0 14 11 0 0 0 E A 3 1853.65306 1e-05 8 2013231 1847.73693 232 14 0.41947 3 11 3 0 0 1 0 0 0 0 1 0.94 0 0 0 0 0 1 5.9161300000000665
0 0 0 0 0 0 16 5 0 0 0 E A 3 1189.28301 0.000909 12 2606202 1189.31189 264 16 7.9907 3 5 3 0 0 0 0 0 0 0 1 0.99 0 0 0 0 0 0 0.028879999999844586
0 1 0 0 0 0 17 5 0 0 0 E A 3 2293.48281 0.001561 3 2931384 2293.10027 280 17 0.35361 3 5 3 0 0 1 0 0 0 0 1 0.87 0 0 0 0 0 1 0.3825400000000627
0 1 0 0 0 0 17 4 0 0 0 E A 3 2296.81585 0.001324 4 2931385 2296.38837 280 17 0.35154 3 4 3 0 0 1 0 0 0 0 1 0.87 0 0 0 0 0 1 0.4274799999998322
0 1 0 0 0 0 11 10 0 0 0 E A 3 1528.1285500000001 0.001048 7 1267236 1522.24017 184 11 0.45098 3 10 3 0 0 1 0 0 0 0 1 0.98 0 0 0 0 0 1 5.888380000000097
0 1 0 0 0 0 16 7 0 0 0 E A 3 2139.19378 0.001324 5 2606213 2138.9896 264 16 0.36956 3 7 3 0 0 1 0 0 0 0 1 0.89 0 0 0 0 0 1 0.20418000000017855
0 0 0 0 0 0 16 2 0 0 0 E A 3 1199.64883 0.000975 10 2606204 1199.68791 264 16 7.3519 3 2 3 0 0 0 0 0 0 0 1 0.99 0 0 0 0 0 0 0.03908000000001266
0 1 0 0 0 0 17 2 0 0 0 E A 3 2301.2575300000003 0.001324 4 2931386 2300.7709 280 17 0.34884 3 2 3 0 0 1 0 0 0 0 1 0.86 0 0 0 0 0 1 0.4866300000003321
0 1 0 0 0 0 14 10 0 0 0 E A 3 1861.3363800000002 0.00101 8 2013232 1855.30512 232 14 0.40996 3 10 3 0 0 1 0 0 0 0 1 0.94 0 0 0 0 0 1 6.031260000000202
0 1 0 0 0 0 10 5 0 0 0 E A 3 1454.3477300000002 1e-05 13 1056837 1454.29207 168 10 0.42269 3 5 3 0 0 1 0 0 0 0 1 0.95 0 0 0 0 0 1 0.055660000000216314
0 1 0 0 0 0 15 8 0 0 0 E A 3 1996.73763 0.000936 9 2300165 1996.66294 248 15 0.38466 3 8 3 0 0 1 0 0 0 0 1 0.91 0 0 0 0 0 1 0.07469000000014603
0 1 0 0 0 0 13 11 0 0 0 E A 3 1734.09878 0.000901 9 1745445 1728.23488 216 13 0.43389 3 11 3 0 0 1 0 0 0 0 1 0.96 0 0 0 0 0 1 5.863900000000058
0 1 0 0 0 0 16 5 0 0 0 E A 3 2148.10117 0.00106 6 2606214 2147.77723 264 16 0.36315 3 5 3 0 0 1 0 0 0 0 1 0.89 0 0 0 0 0 1 0.32393999999976586
0 1 0 0 0 0 16 4 0 0 0 E A 3 2151.42997 0.00117 5 2606216 2151.06166 264 16 0.36089 3 4 3 0 0 1 0 0 0 0 1 0.88 0 0 0 0 0 1 0.36831000000029235
0 1 0 0 0 0 15 7 0 0 0 E A 3 2002.2961500000001 0.000936 9 2300166 2002.14587 248 15 0.3799 3 7 3 0 0 1 0 0 0 0 1 0.91 0 0 0 0 0 1 0.15028000000006614
0 1 0 0 0 0 10 4 0 0 0 E A 3 1457.5560500000001 1e-05 13 1056838 1457.45593 168 10 0.41871 3 4 3 0 0 1 0 0 0 0 1 0.95 0 0 0 0 0 1 0.10012000000006083
0 1 0 0 0 0 16 2 0 0 0 E A 3 2155.8638 0.00106 6 2606217 2155.43674 264 16 0.35795 3 2 3 0 0 1 0 0 0 0 1 0.88 0 0 0 0 0 1 0.4270599999999831
0 1 0 0 0 0 16 1 0 0 0 E A 3 2156.9683800000003 0.000976 7 2606218 2156.52673 264 16 0.35725 3 1 3 0 0 1 0 0 0 0 1 0.88 0 0 0 0 0 1 0.4416500000002088
0 1 0 0 0 0 12 11 0 0 0 E A 3 1623.16282 0.00123 6 1496783 1617.3504 200 12 0.44918 3 11 3 0 0 1 0 0 0 0 1 0.97 0 0 0 0 0 1 5.812419999999975
0 1 0 0 0 0 14 8 0 0 0 E A 3 1868.3760100000002 0.000848 10 2013233 1868.3512 232 14 0.39573 3 8 3 0 0 1 0 0 0 0 1 0.92 0 0 0 0 0 1 0.024810000000115906
0 1 0 0 0 0 15 5 0 0 0 E A 3 2011.17208 0.000975 9 2300168 2010.90236 248 15 0.37285 3 5 3 0 0 1 0 0 0 0 1 0.9 0 0 0 0 0 1 0.2697200000000066
0 1 0 0 0 0 15 4 0 0 0 E A 3 2014.49223 0.000727 9 2300169 2014.17848 248 15 0.37036 3 4 3 0 0 1 0 0 0 0 1 0.9 0 0 0 0 0 1 0.3137500000000273
0 1 0 0 0 0 15 2 0 0 0 E A 3 2018.91424 0.000976 8 2300170 2018.54215 248 15 0.36716 3 2 3 0 0 1 0 0 0 0 1 0.89 0 0 0 0 0 1 0.3720900000000711
0 1 0 0 0 0 12 10 0 0 0 E A 3 1630.5879 1e-05 10 1496784 1624.65359 200 12 0.43669 3 10 3 0 0 1 0 0 0 0 1 0.96 0 0 0 0 0 1 5.934310000000096
0 1 0 0 0 0 15 1 0 0 0 E A 3 2020.0173300000001 0.00106 7 2300171 2019.63057 248 15 0.36639 3 1 3 0 0 1 0 0 0 0 1 0.89 0 0 0 0 0 1 0.3867600000000948
0 1 0 0 0 0 13 8 0 0 0 E A 3 1748.55381 0.000848 10 1745447 1748.57605 216 13 0.40706 3 8 3 0 0 1 0 0 0 0 1 0.94 0 0 0 0 0 1 0.022239999999783322
0 1 0 0 0 0 13 7 0 0 0 E A 3 1754.0295600000002 0.000901 9 1745448 1753.9759 216 13 0.40119 3 7 3 0 0 1 0 0 0 0 1 0.93 0 0 0 0 0 1 0.05366000000026361
0 0 0 0 0 0 10 10 0 0 0 E A 3 441.525156 0.000311 23 1056827 435.309679 168 10 36053000 3 10 3 0 0 0 0 0 0 0 1 1 0 0 0 0 0 0 6.215476999999964
0 1 0 0 0 0 14 2 0 0 0 E A 3 1890.4419500000001 0.000827 11 2013237 1890.12005 232 14 0.37646 3 2 3 0 0 1 0 0 0 0 1 0.9 0 0 0 0 0 1 0.3219000000001415
0 0 0 0 0 0 13 1 0 0 0 E A 3 805.567651 0.000731 21 1745443 805.587322 216 13 13.282 3 1 3 0 0 0 0 0 0 0 1 1 0 0 0 0 0 0 0.019671000000016647
0 1 0 0 0 0 14 1 0 0 0 E A 3 1891.54152 0.000936 8 2013238 1891.20538 232 14 0.37561 3 1 3 0 0 1 0 0 0 0 1 0.9 0 0 0 0 0 1 0.33613999999988664
0 1 0 0 0 0 12 8 0 0 0 E A 3 1637.29744 7e-06 13 1496785 1637.36379 200 12 0.41865 3 8 3 0 0 1 0 0 0 0 1 0.95 0 0 0 0 0 1 0.06635000000005675
0 1 0 0 0 0 13 5 0 0 0 E A 3 1762.8018000000002 0.000848 10 1745449 1762.6284 216 13 0.39261 3 5 3 0 0 1 0 0 0 0 1 0.92 0 0 0 0 0 1 0.17340000000012878
0 1 0 0 0 0 13 4 0 0 0 E A 3 1766.09113 1e-05 12 1745450 1765.87369 216 13 0.38963 3 4 3 0 0 1 0 0 0 0 1 0.92 0 0 0 0 0 1 0.2174400000001242
0 1 0 0 0 0 12 7 0 0 0 E A 3 1642.71675 1e-05 11 1496786 1642.70617 200 12 0.41211 3 7 3 0 0 1 0 0 0 0 1 0.94 0 0 0 0 0 1 0.010580000000118162
0 1 0 0 0 0 13 2 0 0 0 E A 3 1770.47496 0.000659 11 1745451 1770.19981 216 13 0.3858 3 2 3 0 0 1 0 0 0 0 1 0.91 0 0 0 0 0 1 0.2751499999999396
0 1 0 0 0 0 13 1 0 0 0 E A 3 1771.5701900000001 1e-05 10 1745452 1771.28058 216 13 0.38488 3 1 3 0 0 1 0 0 0 0 1 0.91 0 0 0 0 0 1 0.2896100000000388
0 1 0 0 0 0 11 8 0 0 0 E A 3 1534.62793 0.000803 11 1267237 1534.73551 184 11 0.43048 3 8 3 0 0 1 0 0 0 0 1 0.96 0 0 0 0 0 1 0.10757999999987078
0 1 0 0 0 0 12 5 0 0 0 E A 3 1651.41571 1e-05 12 1496787 1651.28506 200 12 0.40262 3 5 3 0 0 1 0 0 0 0 1 0.93 0 0 0 0 0 1 0.13065000000005966
0 1 0 0 0 0 12 4 0 0 0 E A 3 1654.6824100000001 0.000659 11 1496788 1654.50777 200 12 0.39935 3 4 3 0 0 1 0 0 0 0 1 0.93 0 0 0 0 0 1 0.17464000000018132
0 1 0 0 0 0 11 7 0 0 0 E A 3 1539.98037 0.000669 10 1267238 1540.00977 184 11 0.42317 3 7 3 0 0 1 0 0 0 0 1 0.95 0 0 0 0 0 1 0.029399999999895954
0 1 0 0 0 0 12 2 0 0 0 E A 3 1659.03995 0.000936 9 1496789 1658.807 200 12 0.39516 3 2 3 0 0 1 0 0 0 0 1 0.93 0 0 0 0 0 1 0.2329500000000735
0 1 0 0 0 0 12 1 0 0 0 E A 3 1660.1287000000002 1e-05 11 1496790 1659.88179 200 12 0.39414 3 1 3 0 0 1 0 0 0 0 1 0.92 0 0 0 0 0 1 0.24691000000029817
0 1 0 0 0 0 11 5 0 0 0 E A 3 1548.5922300000002 0.000803 11 1267239 1548.50077 184 11 0.41267 3 5 3 0 0 1 0 0 0 0 1 0.94 0 0 0 0 0 1 0.09146000000009735
0 1 0 0 0 0 11 4 0 0 0 E A 3 1551.8319900000001 0.000848 10 1267240 1551.69623 184 11 0.40905 3 4 3 0 0 1 0 0 0 0 1 0.94 0 0 0 0 0 1 0.13576000000011845
0 1 0 0 0 0 11 2 0 0 0 E A 3 1556.15705 0.000626 12 1267241 1555.96309 184 11 0.40448 3 2 3 0 0 1 0 0 0 0 1 0.94 0 0 0 0 0 1 0.19396000000006097
0 1 0 0 0 0 11 1 0 0 0 E A 3 1557.23883 0.000827 11 1267242 1557.03055 184 11 0.40336 3 1 3 0 0 1 0 0 0 0 1 0.93 0 0 0 0 0 1 0.20828000000005886
0 0 0 1 0 1 14 11 0 1 1 E E 3 2037.33159 0.001995 4 2013247 2031.12185 232 14 0.38346 3 11 3 1 0 0 0 1 0 1 3 0.95 0 0 0 0 0 1 6.209740000000011
0 0 0 1 0 1 15 14 0 1 1 E E 3 2133.4525 0.00156 4 2300177 2127.22225 248 15 0.32435 3 14 3 1 0 0 0 1 0 1 3 0.97 0 0 0 0 0 1 6.230250000000069
0 1 0 0 0 0 3 2 0 0 0 E A 3 1042.10554 0.001046 10 119561 1042.10659 56 3 0.46668 3 2 3 0 0 1 0 0 0 0 1 0.99 0 0 0 0 0 1 0.001050000000077489
0 0 0 1 0 1 15 6 0 1 1 A E 3 2205.83368 0.001995 4 2300188 2205.71032 248 15 0.54428 3 6 1 1 0 0 0 1 0 1 3 0.58 0 0 0 0 0 1 0.12336000000004788
0 1 0 0 0 0 13 10 0 0 0 E A 3 1741.66342 0.001104 7 1745446 1735.68169 216 13 0.42303 3 10 3 0 0 1 0 0 0 0 1 0.95 0 0 0 0 0 1 5.981730000000198
0 0 0 1 0 1 16 12 0 1 1 A E 3 2305.5787800000003 0.001997 3 2606227 2299.35819 264 16 0.37866 3 12 2 1 0 0 0 1 0 1 3 0.66 0 0 0 0 0 1 6.220590000000357
0 0 0 1 0 1 16 9 0 1 1 A E 3 2330.2088400000002 0.001997 3 2606233 2330.13701 264 16 0.46264 3 9 2 1 0 0 0 1 0 1 3 0.61 0 0 0 0 0 1 0.07183000000031825
0 1 0 0 0 0 17 17 0 0 0 E A 3 2201.3693000000003 0.001561 3 2931375 2196.31627 280 17 0.46507 3 17 3 0 0 1 0 0 0 0 1 0.97 0 0 0 0 0 1 5.05303000000049
0 0 0 0 0 0 14 14 0 0 0 E A 3 832.601144 0.001559 6 2013219 826.353674 232 14 7105300 3 14 3 0 0 0 0 0 0 0 1 1 0 0 0 0 0 0 6.247470000000021
0 1 0 0 0 0 14 14 0 0 0 E A 3 1826.77954 0.001561 3 2013229 1821.32293 232 14 0.46476 3 14 3 0 0 1 0 0 0 0 1 0.98 0 0 0 0 0 1 5.456609999999955
0 1 0 0 0 0 13 13 0 0 0 E A 3 1717.1303300000002 0.00117 6 1745444 1711.56092 216 13 0.46495 3 13 3 0 0 1 0 0 0 0 1 0.98 0 0 0 0 0 1 5.569410000000289
0 0 0 0 0 0 18 17 0 0 0 E A 3 1364.8694500000001 0.001169 7 3275679 1358.57642 296 18 45.651 3 17 3 0 0 0 0 0 0 0 1 1 0 0 0 0 0 0 6.293030000000044
0 0 0 0 0 0 17 16 0 0 0 E A 3 1224.18962 0.001322 8 2931364 1217.91313 280 17 51.033 3 16 3 0 0 0 0 0 0 0 1 1 0 0 0 0 0 0 6.276490000000194
0 1 0 0 0 0 15 14 0 0 0 E A 3 1954.39563 0.001561 4 2300161 1948.86506 248 15 0.44413 3 14 3 0 0 1 0 0 0 0 1 0.96 0 0 0 0 0 1 5.530569999999898
0 0 0 1 0 1 17 9 0 1 1 A E 3 2482.97941 0.001997 3 2931404 2482.87707 280 17 0.47302 3 9 1 1 0 0 0 1 0 1 3 0.6 0 0 0 0 0 1 0.10233999999991283
0 0 0 0 0 0 18 16 0 0 0 E A 3 1383.01086 0.001169 7 3275680 1376.73337 296 18 23.635 3 16 3 0 0 0 0 0 0 0 1 1 0 0 0 0 0 0 6.277490000000171
0 1 0 0 0 0 18 16 0 0 0 E A 3 2366.2681700000003 0.001324 4 3275692 2360.88208 296 18 0.42278 3 16 3 0 0 1 0 0 0 0 1 0.93 0 0 0 0 0 1 5.386090000000422
0 0 0 0 0 0 19 17 0 0 0 E A 3 1532.36317 0.00117 5 3639108 1526.06834 312 19 21.261 3 17 3 0 0 0 0 0 0 0 1 1 0 0 0 0 0 0 6.294830000000047
0 1 0 0 0 0 19 17 0 0 0 E A 3 2515.32224 0.00117 6 3639121 2510.05283 312 19 0.42277 3 17 3 0 0 1 0 0 0 0 1 0.92 0 0 0 0 0 1 5.26940999999988
0 0 0 0 0 0 17 14 0 0 0 E A 3 1256.7914500000002 0.001323 7 2931365 1250.54327 280 17 18.302 3 14 3 0 0 0 0 0 0 0 1 1 0 0 0 0 0 0 6.248180000000275
0 1 0 0 0 0 17 13 0 0 0 E A 3 2245.6441 0.00106 6 2931378 2239.81903 280 17 0.39796 3 13 3 0 0 1 0 0 0 0 1 0.92 0 0 0 0 0 1 5.825069999999869
0 0 0 0 0 0 17 11 0 0 0 E A 3 1296.1975 0.001323 6 2931367 1289.98907 280 17 10.265 3 11 3 0 0 0 0 0 0 0 1 1 0 0 0 0 0 0 6.2084299999999075
0 0 0 1 0 -1 14 7 0 1 1 E E 3 2008.05394 1e-05 3 2013244 2008.12735 232 14 0.74291 3 7 3 1 0 0 0 1 0 1 3 0.93 0 0 0 0 0 1 0.07340999999996711
0 3 0 0 0 0 5 1 0 0 0 E A 3 3061.93273 0.004901 3 291750 3061.92717 88 5 0.17696 3 1 3 0 0 3 0 0 0 0 1 0.96 0 0 0 1 1 1 0.005560000000059517
0 3 0 0 0 0 10 4 0 0 0 E A 3 3385.12021 0.004808 5 1056922 3384.90316 168 10 0.16313 3 4 3 0 0 3 0 0 0 0 1 0.83 0 0 0 1 1 1 0.21705000000019936
0 3 0 0 0 0 12 7 0 0 0 E A 3 3568.61949 0.003483 5 1496886 3568.19409 200 12 0.16083 3 7 3 0 0 3 0 0 0 0 1 0.8 0 0 0 1 1 1 0.4254000000000815
0 3 0 0 0 0 12 8 0 0 0 E A 3 3567.10569 0.0035 4 1496885 3566.626 200 12 0.16356 3 8 3 0 0 3 0 0 0 0 1 0.83 0 0 0 1 1 1 0.479689999999664
0 0 1 0 1 0 2 0 1 0 1 A E 3 2353.31774 0.001145 8 62184 2353.32143 40 2 0.026889 3 0 1 1 0 0 1 0 1 0 3 1 0 0 1 0 0 0 0.0036900000000059663
0 0 1 0 1 0 2 2 1 0 1 E E 3 2351.02434 0.001133 8 62182 2351.02128 40 2 0.026543 3 2 3 1 0 0 1 0 1 0 3 1 0 0 1 0 0 0 0.0030600000000049477
0 0 1 0 1 0 3 3 1 0 1 A E 3 2374.81523 0.001133 8 119584 2374.80653 56 3 0.026419 3 3 1 1 0 0 1 0 1 0 3 0.71 0 0 1 0 0 0 0.008700000000317232
0 0 1 0 1 0 3 2 1 0 1 E E 3 2377.47496 0.001148 8 119586 2377.47134 56 3 0.026559 3 2 3 1 0 0 1 0 1 0 3 1 0 0 1 0 0 0 0.0036199999999553256
0 0 1 0 1 0 3 0 1 0 1 A E 3 2379.76157 0.001145 8 119588 2379.76585 56 3 0.026888 3 0 2 1 0 0 1 0 1 0 3 0.99 0 0 1 0 0 0 0.004279999999653228
0 0 1 0 1 0 4 3 1 0 1 A E 3 2410.0852800000002 0.001133 8 196101 2410.07575 72 4 0.02649 3 3 2 1 0 0 1 0 1 0 3 0.7 0 0 1 0 0 0 0.009530000000268046
0 0 1 0 1 0 4 2 1 0 1 E E 3 2412.7315200000003 0.001157 8 196103 2412.72532 72 4 0.026587 3 2 3 1 0 0 1 0 1 0 3 0.99 0 0 1 0 0 0 0.006200000000262662
0 0 1 0 1 0 4 0 1 0 1 A E 3 2415.00909 0.001145 8 196105 2415.01427 72 4 0.026892 3 0 1 1 0 0 1 0 1 0 3 0.99 0 0 1 0 0 0 0.00518000000010943
0 0 1 0 1 0 5 5 1 0 1 E E 3 2445.8510100000003 0.00141 6 291738 2445.83865 88 5 0.027553 3 5 3 1 0 0 1 0 1 0 3 0.95 0 0 1 0 0 0 0.012360000000171567
0 0 1 0 1 0 5 3 1 0 1 A E 3 2454.15385 0.00142 6 291742 2454.14305 88 5 0.026593 3 3 1 1 0 0 1 0 1 0 3 0.7 0 0 1 0 0 0 0.010800000000017462
0 0 1 0 -1 0 5 1 1 0 1 E E 3 2458.6902 0.001163 8 291745 2458.69827 88 5 0.027115 3 1 3 1 0 0 1 0 1 0 3 0.98 0 0 1 0 0 0 0.008069999999861466
0 0 1 0 -1 0 6 4 1 0 1 E E 3 2504.61873 0.001176 8 406528 2504.6186 104 6 0.030115 3 4 3 1 0 0 1 0 1 0 3 0.88 0 0 1 0 0 0 0.00013000000035390258
0 0 1 0 1 0 6 5 1 0 1 E E 3 2498.81734 0.001166 8 406526 2498.81327 104 6 0.028546 3 5 3 1 0 0 1 0 1 0 3 0.92 0 0 1 0 0 0 0.004069999999956053
0 0 1 0 1 0 10 6 1 0 1 A E 3 2793.0714000000003 0.001154 7 1056907 2793.51506 168 10 0.030543 3 6 2 1 0 0 1 0 1 0 3 0.64 0 0 1 0 0 0 0.4436599999999089
0 0 1 0 1 0 6 3 1 0 1 A E 3 2507.0106800000003 0.001166 8 406530 2506.99595 104 6 0.026733 3 3 2 1 0 0 1 0 1 0 3 0.7 0 0 1 0 0 0 0.014730000000326982
0 0 1 0 1 0 6 2 1 0 1 E E 3 2509.6150000000002 0.001166 8 406532 2509.5995 104 6 0.026701 3 2 3 1 0 0 1 0 1 0 3 0.98 0 0 1 0 0 0 0.015500000000429281
0 0 1 0 1 0 9 6 1 0 1 A E 3 2705.04804 0.001174 7 865622 2705.77942 152 9 0.029572 3 6 1 1 0 0 1 0 1 0 3 0.67 0 0 1 0 0 0 0.7313799999997173
0 0 1 0 1 0 0 0 1 0 1 A E 3 2326.8661500000003 0.002028 3 4794 2326.87004 8 0 0.02689 3 0 1 1 0 0 1 0 1 0 3 1 0 0 1 0 0 0 0.003889999999501015
0 0 1 0 1 0 8 6 1 0 1 A E 3 2625.74296 0.001154 7 693450 2626.71197 136 8 0.028989 3 6 2 1 0 0 1 0 1 0 3 0.68 0 0 1 0 0 0 0.9690099999997983
0 0 1 0 -1 0 2 1 1 0 1 E E 3 2352.95662 0.001417 5 62183 2352.95999 40 2 0.027087 3 1 3 1 0 0 1 0 1 0 3 1 0 0 1 0 0 0 0.003369999999904394
0 0 1 0 1 0 9 5 1 0 1 E E 3 2710.3161 0.001441 6 865624 2710.29339 152 9 0.03036 3 5 3 1 0 0 1 0 1 0 3 0.84 0 0 1 0 0 0 0.022710000000188302
0 0 1 0 1 0 7 6 1 0 1 A E 3 2555.17218 0.001348 6 540425 2556.3446 120 7 0.028662 3 6 1 1 0 0 1 0 1 0 3 0.69 0 0 1 0 0 0 1.1724199999998746
0 0 1 0 1 0 8 5 1 0 1 E E 3 2631.06836 0.001154 7 693452 2631.0595 136 8 0.029874 3 5 3 1 0 0 1 0 1 0 3 0.87 0 0 1 0 0 0 0.008860000000368018
0 0 1 0 1 0 10 3 1 0 1 A E 3 2805.98834 0.001154 7 1056913 2805.92728 168 10 0.027811 3 3 2 1 0 0 1 0 1 0 3 0.68 0 0 1 0 0 0 0.06105999999999767
0 0 1 0 1 0 7 5 1 0 1 E E 3 2560.56217 0.001154 7 540427 2560.55923 120 7 0.029286 3 5 3 1 0 0 1 0 1 0 3 0.89 0 0 1 0 0 0 0.0029400000003079185
0 0 1 0 1 0 8 3 1 0 1 A E 3 2639.02588 0.001154 7 693456 2638.99669 136 8 0.027167 3 3 2 1 0 0 1 0 1 0 3 0.69 0 0 1 0 0 0 0.02919000000019878
0 0 1 0 1 0 9 2 1 0 1 E E 3 2720.64221 0.001167 7 865630 2720.59191 152 9 0.027138 3 2 3 1 0 0 1 0 1 0 3 0.92 0 0 1 0 0 0 0.05029999999987922
0 0 1 0 -1 0 12 1 1 0 1 E E 3 3012.0375400000003 0.002858 4 1496881 3012.14587 200 12 0.028548 3 1 3 1 0 0 1 0 1 0 3 0.79 0 0 1 0 0 0 0.10832999999956883
0 0 1 0 1 0 10 0 1 0 1 A E 3 2810.66426 0.001207 7 1056917 2810.72059 168 10 0.027274 3 0 1 1 0 0 1 0 1 0 3 0.9 0 0 1 0 0 0 0.05632999999988897
0 0 1 0 -1 0 11 1 1 0 1 E E 3 2906.83795 0.001183 7 1267325 2906.92246 184 11 0.028085 3 1 3 1 0 0 1 0 1 0 3 0.85 0 0 1 0 0 0 0.0845099999996819
0 0 1 0 1 0 9 0 1 0 1 A E 3 2722.8768 0.001385 6 865632 2722.91752 152 9 0.027131 3 0 2 1 0 0 1 0 1 0 3 0.92 0 0 1 0 0 0 0.040719999999964784
0 0 1 0 1 0 5 2 1 0 1 E E 3 2456.78182 0.001377 6 291744 2456.77245 88 5 0.026632 3 2 3 1 0 0 1 0 1 0 3 0.99 0 0 1 0 0 0 0.00937000000021726
0 0 1 0 -1 0 10 1 1 0 1 E E 3 2810.33281 0.001172 7 1056916 2810.39427 168 10 0.027744 3 1 3 1 0 0 1 0 1 0 3 0.89 0 0 1 0 0 0 0.061459999999897263
0 0 1 0 1 0 8 0 1 0 1 A E 3 2643.80265 0.001174 7 693460 2643.83096 136 8 0.027034 3 0 1 1 0 0 1 0 1 0 3 0.95 0 0 1 0 0 0 0.02830999999969208
0 0 1 0 -1 0 9 1 1 0 1 E E 3 2722.53128 0.001173 7 865631 2722.57474 152 9 0.0275 3 1 3 1 0 0 1 0 1 0 3 0.92 0 0 1 0 0 0 0.04345999999986816
0 0 1 0 -1 0 12 3 1 0 1 A E 3 3008.2907600000003 0.00295 4 1496879 3008.45317 200 12 0.028627 3 3 1 1 0 0 1 0 1 0 3 0.63 0 0 1 0 0 0 0.16240999999945416
0 0 1 0 -1 0 7 1 1 0 1 E E 3 2573.10606 0.001183 7 540434 2573.12485 120 7 0.027223 3 1 3 1 0 0 1 0 1 0 3 0.96 0 0 1 0 0 0 0.01879000000008091
0 0 1 0 -1 0 10 3 1 0 1 A E 3 2806.7417800000003 0.001734 5 1056914 2806.81718 168 10 0.028445 3 3 1 1 0 0 1 0 1 0 3 0.64 0 0 1 0 0 0 0.07539999999971769
0 0 1 0 -1 0 6 1 1 0 1 E E 3 2511.51419 0.001185 7 406533 2511.52622 104 6 0.027154 3 1 3 1 0 0 1 0 1 0 3 0.97 0 0 1 0 0 0 0.012030000000322616
0 0 1 0 1 0 1 0 1 0 1 A E 3 2335.6838700000003 0.001767 5 23927 2335.68795 24 1 0.026889 3 0 2 1 0 0 1 0 1 0 3 1 0 0 1 0 0 0 0.004079999999703432
0 0 1 0 -1 0 4 1 1 0 1 E E 3 2414.64915 0.001167 7 196104 2414.6541 72 4 0.027094 3 1 3 1 0 0 1 0 1 0 3 0.99 0 0 1 0 0 0 0.0049500000000080036
0 0 1 0 -1 0 3 1 1 0 1 E E 3 2379.40065 0.001183 7 119587 2379.40496 56 3 0.027088 3 1 3 1 0 0 1 0 1 0 3 0.99 0 0 1 0 0 0 0.004309999999804859
0 0 1 0 -1 0 8 3 1 0 1 A E 3 2639.85623 0.001369 6 693457 2639.88632 136 8 0.028237 3 3 1 1 0 0 1 0 1 0 3 0.66 0 0 1 0 0 0 0.030090000000200234
0 0 1 0 -1 0 7 3 1 0 1 A E 3 2569.48097 0.001185 7 540432 2569.49805 120 7 0.028062 3 3 2 1 0 0 1 0 1 0 3 0.67 0 0 1 0 0 0 0.017080000000078144
0 0 1 0 -1 0 9 4 1 0 1 E E 3 2715.87975 0.001406 7 865627 2715.92392 152 9 0.030378 3 4 3 1 0 0 1 0 1 0 3 0.79 0 0 1 0 0 0 0.044170000000121945
0 0 1 0 -1 0 6 3 1 0 1 A E 3 2507.85586 0.0012 7 406531 2507.86317 104 6 0.027876 3 3 1 1 0 0 1 0 1 0 3 0.68 0 0 1 0 0 0 0.007309999999961292
0 0 1 0 -1 0 5 3 1 0 1 A E 3 2455.00263 0.001428 6 291743 2455.00334 88 5 0.027718 3 3 2 1 0 0 1 0 1 0 3 0.69 0 0 1 0 0 0 0.0007100000002537854
0 0 1 0 -1 0 4 3 1 0 1 A E 3 2410.93851 0.001423 5 196102 2410.935 72 4 0.027611 3 3 1 1 0 0 1 0 1 0 3 0.7 0 0 1 0 0 0 0.0035100000000056752
0 0 1 0 -1 0 1 1 1 0 1 E E 3 2335.3225500000003 0.003841 2 23926 2335.32613 24 1 0.027088 3 1 3 1 0 0 1 0 1 0 3 1 0 0 1 0 0 0 0.0035799999996015686
0 0 1 0 -1 0 7 4 1 0 1 E E 3 2566.30368 0.001159 8 540429 2566.31383 120 7 0.030432 3 4 3 1 0 0 1 0 1 0 3 0.84 0 0 1 0 0 0 0.010150000000066939
0 0 1 0 -1 0 5 4 1 0 1 E E 3 2451.70554 0.001457 5 291740 2451.69804 88 5 0.029481 3 4 3 1 0 0 1 0 1 0 3 0.92 0 0 1 0 0 0 0.007499999999708962
0 0 1 0 -1 0 9 7 1 0 1 E E 3 2699.6449900000002 0.00119 7 865619 2699.63346 152 9 0.029396 3 7 3 1 0 0 1 0 1 0 3 0.97 0 0 1 0 0 0 0.011530000000220753
0 3 0 0 0 0 8 2 0 0 0 E A 3 3231.90788 0.020207 3 693465 3231.81287 136 8 0.16819 3 2 3 0 0 3 0 0 0 0 1 0.89 0 0 0 1 1 1 0.09501000000000204
0 3 0 0 0 0 9 2 0 0 0 E A 3 3304.99976 0.015652 5 865637 3304.87221 152 9 0.16465 3 2 3 0 0 3 0 0 0 0 1 0.85 0 0 0 1 1 1 0.1275500000001557
0 3 0 0 0 0 5 4 0 0 0 E A 3 3061.08587 0.020207 3 291748 3060.98544 88 5 0.18098 3 4 3 0 0 3 0 0 0 0 1 0.98 0 0 0 1 1 1 0.10042999999996027
0 3 0 0 0 0 6 4 0 0 0 E A 3 3109.55551 0.024749 2 406536 3109.44089 104 6 0.17782 3 4 3 0 0 3 0 0 0 0 1 0.96 0 0 0 1 1 1 0.11462000000028638
0 3 0 0 0 0 8 4 0 0 0 E A 3 3230.94681 0.024749 2 693464 3230.79201 136 8 0.17074 3 4 3 0 0 3 0 0 0 0 1 0.91 0 0 0 1 1 1 0.15479999999979555
0 3 0 0 0 0 9 4 0 0 0 E A 3 3303.92213 0.020207 3 865636 3303.7405 152 9 0.16697 3 4 3 0 0 3 0 0 0 0 1 0.87 0 0 0 1 1 1 0.18163000000004104
0 3 0 0 0 0 11 4 0 0 0 E A 3 3474.56137 0.0175 4 1267332 3474.30019 184 11 0.15926 3 4 3 0 0 3 0 0 0 0 1 0.78 0 0 0 1 1 1 0.26117999999996755
0 3 0 0 0 0 12 4 0 0 0 E A 3 3572.2614200000003 0.0175 4 1496888 3571.94751 200 12 0.15541 3 4 3 0 0 3 0 0 0 0 1 0.73 0 0 0 1 1 1 0.31391000000030544
0 3 0 0 0 0 5 5 0 0 0 E A 3 3060.6321900000003 0.024749 2 291747 3060.47522 88 5 0.18359 3 5 3 0 0 3 0 0 0 0 1 0.99 0 0 0 1 1 1 0.1569700000004559
0 3 0 0 0 0 6 5 0 0 0 E A 3 3109.04403 0.024749 2 406535 3108.87447 104 6 0.18026 3 5 3 0 0 3 0 0 0 0 1 0.97 0 0 0 1 1 1 0.1695599999998194
0 3 0 0 0 0 7 5 0 0 0 E A 3 3165.58037 0.020207 3 540437 3165.39794 120 7 0.17662 3 5 3 0 0 3 0 0 0 0 1 0.95 0 0 0 1 1 1 0.18243000000029497
0 3 0 0 0 0 8 5 0 0 0 E A 3 3230.2755 0.020207 3 693463 3230.07661 136 8 0.17278 3 5 3 0 0 3 0 0 0 0 1 0.92 0 0 0 1 1 1 0.19889000000011947
0 3 0 0 0 0 9 5 0 0 0 E A 3 3303.16379 0.0175 4 865635 3302.94049 152 9 0.16883 3 5 3 0 0 3 0 0 0 0 1 0.89 0 0 0 1 1 1 0.2233000000001084
0 3 0 0 0 0 10 5 0 0 0 E A 3 3384.27408 0.0175 4 1056921 3384.01626 168 10 0.16483 3 5 3 0 0 3 0 0 0 0 1 0.85 0 0 0 1 1 1 0.2578200000002653
0 3 0 0 0 0 11 5 0 0 0 E A 3 3473.62141 0.0175 4 1267331 3473.32659 184 11 0.16081 3 5 3 0 0 3 0 0 0 0 1 0.81 0 0 0 1 1 1 0.29482000000007247
0 3 0 0 0 0 12 5 0 0 0 E A 3 3571.23247 0.0175 4 1496887 3570.88965 200 12 0.15682 3 5 3 0 0 3 0 0 0 0 1 0.76 0 0 0 1 1 1 0.3428199999998469
0 3 0 0 0 0 7 7 0 0 0 E A 3 3164.22976 0.024749 2 540436 3163.90661 120 7 0.18332 3 7 3 0 0 3 0 0 0 0 1 0.99 0 0 0 1 1 1 0.3231500000001688
0 3 0 0 0 0 8 7 0 0 0 E A 3 3228.71738 0.020207 3 693462 3228.38392 136 8 0.17889 3 7 3 0 0 3 0 0 0 0 1 0.96 0 0 0 1 1 1 0.3334599999998318
0 3 0 0 0 0 9 7 0 0 0 E A 3 3301.35614 0.020207 3 865634 3301.01023 152 9 0.17431 3 7 3 0 0 3 0 0 0 0 1 0.93 0 0 0 1 1 1 0.3459100000000035
0 3 0 0 0 0 10 7 0 0 0 E A 3 3382.19306 0.020207 3 1056920 3381.83215 168 10 0.16974 3 7 3 0 0 3 0 0 0 0 1 0.89 0 0 0 1 1 1 0.36090999999987616
0 3 0 0 0 0 11 7 0 0 0 E A 3 3471.27613 0.024749 2 1267330 3470.88522 184 11 0.16525 3 7 3 0 0 3 0 0 0 0 1 0.85 0 0 0 1 1 1 0.39091000000007625
0 3 0 0 0 0 2 1 0 0 0 E A 3 2964.94346 0.020207 3 62186 2964.96677 40 2 0.18329 3 1 3 0 0 3 0 0 0 0 1 0.99 0 0 0 1 1 1 0.02331000000003769
0 3 0 0 0 0 13 7 0 0 0 E A 3 3674.2516100000003 0.024749 2 1745556 3673.77607 216 13 0.15652 3 7 3 0 0 3 0 0 0 0 1 0.75 0 0 0 1 1 1 0.47554000000036467
0 3 0 0 0 0 8 8 0 0 0 E A 3 3227.89091 0.024749 2 693461 3227.4699 136 8 0.18322 3 8 3 0 0 3 0 0 0 0 1 0.98 0 0 0 1 1 1 0.42101000000002387
0 3 0 0 0 0 9 8 0 0 0 E A 3 3300.3905 0.020207 3 865633 3299.96373 152 9 0.17824 3 8 3 0 0 3 0 0 0 0 1 0.95 0 0 0 1 1 1 0.4267700000000332
0 3 0 0 0 0 10 8 0 0 0 E A 3 3381.0556500000002 0.024749 2 1056919 3380.61897 168 10 0.17319 3 8 3 0 0 3 0 0 0 0 1 0.92 0 0 0 1 1 1 0.4366800000002513
0 3 0 0 0 0 11 8 0 0 0 E A 3 3469.94939 0.020207 3 1267329 3469.49389 184 11 0.1683 3 8 3 0 0 3 0 0 0 0 1 0.88 0 0 0 1 1 1 0.4555000000000291
0 3 0 0 0 0 13 8 0 0 0 E A 3 3672.55639 0.024749 2 1745555 3672.03649 216 13 0.15897 3 8 3 0 0 3 0 0 0 0 1 0.78 0 0 0 1 1 1 0.5199000000002343
0 3 0 0 0 0 14 8 0 0 0 E A 3 3786.31124 0.020207 3 2013349 3785.73814 232 14 0.15453 3 8 3 0 0 3 0 0 0 0 1 0.72 0 0 0 1 1 1 0.5731000000000677
0 3 0 0 0 0 3 1 0 0 0 E A 3 2989.17236 0.020207 3 119590 2989.18742 56 3 0.18163 3 1 3 0 0 3 0 0 0 0 1 0.98 0 0 0 1 1 1 0.015060000000175933
0 3 0 0 0 0 10 10 0 0 0 E A 3 3385.00898 0.024749 2 1056918 3378.18382 168 10 0.18309 3 10 3 0 0 3 0 0 0 0 1 0.97 0 0 0 1 1 1 6.825159999999869
0 3 0 0 0 0 12 10 0 0 0 E A 3 3570.12664 0.024749 2 1496884 3563.30501 200 12 0.17105 3 10 3 0 0 3 0 0 0 0 1 0.89 0 0 0 1 1 1 6.821629999999914
0 3 0 0 0 0 13 10 0 0 0 E A 3 3675.07523 0.020207 3 1745554 3668.23817 216 13 0.16555 3 10 3 0 0 3 0 0 0 0 1 0.84 0 0 0 1 1 1 6.837059999999838
0 3 0 0 0 0 14 10 0 0 0 E A 3 3788.35973 0.024749 2 2013348 3781.4883 232 14 0.1604 3 10 3 0 0 3 0 0 0 0 1 0.79 0 0 0 1 1 1 6.871430000000146
0 3 0 0 0 0 15 10 0 0 0 E A 3 3909.97248 0.024749 2 2300288 3903.06231 248 15 0.1555 3 10 3 0 0 3 0 0 0 0 1 0.73 0 0 0 1 1 1 6.910170000000107
0 3 0 0 0 0 11 11 0 0 0 E A 3 3472.2146900000002 0.024749 2 1267327 3465.28321 184 11 0.18306 3 11 3 0 0 3 0 0 0 0 1 0.97 0 0 0 1 1 1 6.931480000000192
0 3 0 0 0 0 12 11 0 0 0 E A 3 3568.61638 0.024749 2 1496883 3561.70235 200 12 0.17638 3 11 3 0 0 3 0 0 0 0 1 0.93 0 0 0 1 1 1 6.9140299999999115
0 3 0 0 0 0 13 11 0 0 0 E A 3 3673.2341300000003 0.024749 2 1745553 3666.31947 216 13 0.17002 3 11 3 0 0 3 0 0 0 0 1 0.88 0 0 0 1 1 1 6.914660000000367
0 3 0 0 0 0 4 1 0 0 0 E A 3 3021.4959400000002 0.020207 3 196108 3021.5019 72 4 0.1795 3 1 3 0 0 3 0 0 0 0 1 0.97 0 0 0 1 1 1 0.005959999999959109
0 3 0 0 0 0 14 11 0 0 0 E A 3 3786.18426 0.035 1 2013347 3779.25435 232 14 0.16426 3 11 3 0 0 3 0 0 0 0 1 0.83 0 0 0 1 1 1 6.929909999999836
0 3 0 0 0 0 13 13 0 0 0 E A 3 3669.95476 0.035 1 1745552 3662.81847 216 13 0.18309 3 13 3 0 0 3 0 0 0 0 1 0.96 0 0 0 1 1 1 7.136289999999917
0 3 0 0 0 0 14 13 0 0 0 E A 3 3782.16161 0.035 1 2013346 3775.05513 232 14 0.17525 3 13 3 0 0 3 0 0 0 0 1 0.9 0 0 0 1 1 1 7.1064799999999195
0 3 0 0 0 0 15 13 0 0 0 E A 3 3902.60212 0.035 1 2300286 3895.5134 248 15 0.16806 3 13 3 0 0 3 0 0 0 0 1 0.85 0 0 0 1 1 1 7.088720000000194
0 3 0 0 0 0 16 13 0 0 0 E A 3 4031.48889 0.035 1 2606340 4024.39044 264 16 0.16185 3 13 3 0 0 3 0 0 0 0 1 0.79 0 0 0 1 1 1 7.098449999999957
0 3 0 0 0 0 16 14 0 0 0 E A 3 4028.77714 0.035 1 2606339 4021.6132 264 16 0.16713 3 14 3 0 0 3 0 0 0 0 1 0.83 0 0 0 1 1 1 7.163940000000366
0 3 0 0 0 0 16 16 0 0 0 E A 3 4024.32265 0.035 1 2606338 4016.93502 264 16 0.18334 3 16 3 0 0 3 0 0 0 0 1 0.93 0 0 0 1 1 1 7.387630000000172
0 3 0 0 0 0 17 16 0 0 0 E A 3 4159.96722 0.035 1 2931516 4152.63979 280 17 0.17374 3 16 3 0 0 3 0 0 0 0 1 0.86 0 0 0 1 1 1 7.327430000000277
0 3 0 0 0 0 17 17 0 0 0 E A 3 4157.6767500000005 0.035 1 2931515 4150.23018 280 17 0.18349 3 17 3 0 0 3 0 0 0 0 1 0.92 0 0 0 1 1 1 7.446570000000975
0 3 0 0 0 0 6 1 0 0 0 E A 3 3110.51109 0.020207 3 406538 3110.48338 104 6 0.17407 3 1 3 0 0 3 0 0 0 0 1 0.94 0 0 0 1 1 1 0.027709999999842694
0 3 0 0 0 0 7 1 0 0 0 E A 3 3167.24496 0.020207 3 540440 3167.19276 120 7 0.17092 3 1 3 0 0 3 0 0 0 0 1 0.91 0 0 0 1 1 1 0.0522000000000844
0 3 0 0 0 0 8 1 0 0 0 E A 3 3232.15942 0.020207 3 693466 3232.07845 136 8 0.16757 3 1 3 0 0 3 0 0 0 0 1 0.88 0 0 0 1 1 1 0.08096999999997934
0 3 0 0 0 0 9 1 0 0 0 E A 3 3305.27775 0.024749 2 865638 3305.16334 152 9 0.16408 3 1 3 0 0 3 0 0 0 0 1 0.85 0 0 0 1 1 1 0.11441000000013446
0 3 0 0 0 0 10 1 0 0 0 E A 3 3386.62429 0.0175 4 1056924 3386.46895 168 10 0.1605 3 1 3 0 0 3 0 0 0 0 1 0.81 0 0 0 1 1 1 0.15534000000025117
0 3 0 0 0 0 11 1 0 0 0 E A 3 3476.21749 0.015652 5 1267334 3476.01449 184 11 0.15688 3 1 3 0 0 3 0 0 0 0 1 0.77 0 0 0 1 1 1 0.20299999999997453
0 3 0 0 0 0 12 1 0 0 0 E A 3 3574.07044 0.020207 3 1496890 3573.81602 200 12 0.15326 3 1 3 0 0 3 0 0 0 0 1 0.72 0 0 0 1 1 1 0.2544199999997545
0 3 0 0 0 0 13 1 0 0 0 E A 3 3680.22611 0.024749 2 1745560 3679.88586 216 13 0.14967 3 1 3 0 0 3 0 0 0 0 1 0.67 0 0 0 1 1 1 0.34025000000019645
0 3 0 0 0 0 2 2 0 0 0 E A 3 2964.80613 0.035 1 62185 2964.80869 40 2 0.18417 3 2 3 0 0 3 0 0 0 0 1 1 0 0 0 1 1 1 0.0025599999999030842
0 3 0 0 0 0 3 2 0 0 0 E A 3 2989.0252100000002 0.020207 3 119589 2989.01963 56 3 0.18249 3 2 3 0 0 3 0 0 0 0 1 0.99 0 0 0 1 1 1 0.0055800000004637695
0 3 0 0 0 0 4 2 0 0 0 E A 3 3021.33362 0.024749 2 196107 3021.32069 72 4 0.18032 3 2 3 0 0 3 0 0 0 0 1 0.98 0 0 0 1 1 1 0.012929999999869324
0 3 0 0 0 0 5 2 0 0 0 E A 3 3061.75595 0.020207 3 291749 3061.72897 88 5 0.17773 3 2 3 0 0 3 0 0 0 0 1 0.96 0 0 0 1 1 1 0.02698000000009415
0 3 0 0 0 0 6 2 0 0 0 E A 3 3110.30818 0.035 1 406537 3110.26502 104 6 0.17479 3 2 3 0 0 3 0 0 0 0 1 0.94 0 0 0 1 1 1 0.04316000000017084
0 3 0 0 0 0 7 2 0 0 0 E A 3 3167.01896 0.0175 4 540439 3166.9517 120 7 0.17159 3 2 3 0 0 3 0 0 0 0 1 0.92 0 0 0 1 1 1 0.06725999999980559
0 3 0 0 0 0 11 2 0 0 0 E A 3 3475.8881 0.020207 3 1267333 3475.67266 184 11 0.15737 3 2 3 0 0 3 0 0 0 0 1 0.77 0 0 0 1 1 1 0.21543999999994412
0 3 0 0 0 0 13 2 0 0 0 E A 3 3679.84708 0.035 1 1745559 3679.50079 216 13 0.1501 3 2 3 0 0 3 0 0 0 0 1 0.68 0 0 0 1 1 1 0.3462899999999536
0 3 0 0 0 0 4 4 0 0 0 E A 3 3020.73198 0.035 1 196106 3020.64219 72 4 0.18376 3 4 3 0 0 3 0 0 0 0 1 0.99 0 0 0 1 1 1 0.0897899999999936
0 3 0 0 0 0 7 4 0 0 0 E A 3 3166.1672900000003 0.024749 2 540438 3166.03412 120 7 0.17437 3 4 3 0 0 3 0 0 0 0 1 0.94 0 0 0 1 1 1 0.13317000000051848
0 3 0 0 0 0 14 4 0 0 0 E A 3 3792.48236 0.035 1 2013352 3792.03071 232 14 0.14784 3 4 3 0 0 3 0 0 0 0 1 0.62 0 0 0 1 1 1 0.45164999999997235
0 3 0 0 0 0 13 5 0 0 0 E A 3 3677.12114 0.020207 3 1745557 3676.71843 216 13 0.15289 3 5 3 0 0 3 0 0 0 0 1 0.7 0 0 0 1 1 1 0.40271000000029744
0 3 0 0 0 0 14 5 0 0 0 E A 3 3791.29795 0.024749 2 2013351 3790.8202 232 14 0.14903 3 5 3 0 0 3 0 0 0 0 1 0.65 0 0 0 1 1 1 0.47775000000001455
0 3 0 0 0 0 12 2 0 0 0 E A 3 3573.72435 0.024749 2 1496889 3573.45106 200 12 0.15372 3 2 3 0 0 3 0 0 0 0 1 0.73 0 0 0 1 1 1 0.2732900000000882
0 3 0 0 0 0 13 4 0 0 0 E A 3 3678.2372100000002 0.035 1 1745558 3677.85594 216 13 0.15159 3 4 3 0 0 3 0 0 0 0 1 0.68 0 0 0 1 1 1 0.3812700000003133
0 3 0 0 0 0 15 4 0 0 0 E A 3 3915.02765 0.035 1 2300292 3914.47122 248 15 0.14417 3 4 3 0 0 3 0 0 0 0 1 0.55 0 0 0 1 1 1 0.5564300000000912
0 3 0 0 0 0 15 5 0 0 0 E A 3 3913.7533000000003 0.035 1 2300291 3913.19628 248 15 0.14526 3 5 3 0 0 3 0 0 0 0 1 0.59 0 0 0 1 1 1 0.5570200000001932
0 3 0 0 0 0 16 10 0 0 0 E A 3 4039.92376 0.035 1 2606342 4032.96028 264 16 0.15083 3 10 3 0 0 3 0 0 0 0 1 0.67 0 0 0 1 1 1 6.963480000000345
0 3 0 0 0 0 1 1 0 0 0 E A 3 2948.7992 0.035 1 23928 2948.8269 24 1 0.18442 3 1 3 0 0 3 0 0 0 0 1 1 0 0 0 1 1 1 0.027700000000095315
0 3 0 0 0 0 10 2 0 0 0 E A 3 3386.32002 0.024749 2 1056923 3386.15208 168 10 0.16103 3 2 3 0 0 3 0 0 0 0 1 0.81 0 0 0 1 1 1 0.16794000000027154
0 4 0 0 0 0 7 1 0 0 0 E A 3 4117.91043 0.035 1 540531 4117.27167 120 7 0.13527 3 1 3 0 0 4 0 0 0 0 1 0.8 0 0 0 2 1 1 0.6387599999998201
0 4 0 0 0 0 8 1 0 0 0 E A 3 4181.39439 0.024749 2 693569 4180.64605 136 8 0.13331 3 1 3 0 0 4 0 0 0 0 1 0.65 0 0 0 2 1 1 0.7483400000000984
0 4 0 0 0 0 3 2 0 0 0 E A 3 3943.70795 0.020207 3 119634 3943.26594 56 3 0.1431 3 2 3 0 0 4 0 0 0 0 1 0.99 0 0 0 2 1 1 0.4420100000002094
0 4 0 0 0 0 4 2 0 0 0 E A 3 3975.36646 0.020207 3 196164 3974.88586 72 4 0.14159 3 2 3 0 0 4 0 0 0 0 1 0.97 0 0 0 2 1 1 0.4806000000003223
0 4 0 0 0 0 5 2 0 0 0 E A 3 4014.96767 0.024749 2 291818 4014.43748 88 5 0.13978 3 2 3 0 0 4 0 0 0 0 1 0.95 0 0 0 2 1 1 0.5301899999999478
0 4 0 0 0 0 6 2 0 0 0 E A 3 4062.51857 0.020207 3 406618 4061.9314 104 6 0.13775 3 2 3 0 0 4 0 0 0 0 1 0.9 0 0 0 2 1 1 0.587170000000242
0 4 0 0 0 0 7 2 0 0 0 E A 3 4118.03059 0.020207 3 540532 4117.36895 120 7 0.13567 3 2 3 0 0 4 0 0 0 0 1 0.82 0 0 0 2 1 1 0.6616400000002614
0 4 0 0 0 0 8 2 0 0 0 E A 3 4181.49707 0.024749 2 693570 4180.73687 136 8 0.13373 3 2 3 0 0 4 0 0 0 0 1 0.68 0 0 0 2 1 1 0.7602000000006228
0 4 0 0 0 0 5 4 0 0 0 E A 3 4015.5425600000003 0.024749 2 291819 4014.87746 88 5 0.14212 3 4 3 0 0 4 0 0 0 0 1 0.97 0 0 0 2 1 1 0.6651000000001659
0 4 0 0 0 0 6 4 0 0 0 E A 3 4063.04273 0.024749 2 406619 4062.32793 104 6 0.13981 3 4 3 0 0 4 0 0 0 0 1 0.94 0 0 0 2 1 1 0.7148000000001957
0 4 0 0 0 0 1 1 0 0 0 E A 3 3903.98689 0.024749 2 23947 3903.63029 24 1 0.1444 3 1 3 0 0 4 0 0 0 0 1 1 0 0 0 2 1 1 0.3566000000000713
0 4 0 0 0 0 3 1 0 0 0 E A 3 3943.54799 0.020207 3 119633 3943.14043 56 3 0.14248 3 1 3 0 0 4 0 0 0 0 1 0.98 0 0 0 2 1 1 0.4075600000001032
0 4 0 0 0 0 4 4 0 0 0 E A 3 3976.00316 0.024749 2 196165 3975.37964 72 4 0.14406 3 4 3 0 0 4 0 0 0 0 1 0.99 0 0 0 2 1 1 0.6235200000000987
0 4 0 0 0 0 7 4 0 0 0 E A 3 4118.5161800000005 0.024749 2 540533 4117.75382 120 7 0.13719 3 4 3 0 0 4 0 0 0 0 1 0.87 0 0 0 2 1 1 0.7623600000006263
0 4 0 0 0 0 8 4 0 0 0 E A 3 4181.98616 0.024749 2 693571 4181.16444 136 8 0.13448 3 4 3 0 0 4 0 0 0 0 1 0.71 0 0 0 2 1 1 0.8217200000008233
0 4 0 0 0 0 5 5 0 0 0 E A 3 4016.01695 0.024749 2 291820 4015.24214 88 5 0.144 3 5 3 0 0 4 0 0 0 0 1 0.99 0 0 0 2 1 1 0.7748100000003433
0 4 0 0 0 0 7 5 0 0 0 E A 3 4118.88446 0.024749 2 540534 4118.01542 120 7 0.13881 3 5 3 0 0 4 0 0 0 0 1 0.91 0 0 0 2 1 1 0.8690400000004956
0 4 0 0 0 0 8 5 0 0 0 E A 3 4182.31404 0.024749 2 693572 4181.40737 136 8 0.13568 3 5 3 0 0 4 0 0 0 0 1 0.8 0 0 0 2 1 1 0.9066700000003038
0 4 0 0 0 0 10 5 0 0 0 E A 3 4333.35833 0.035 1 1057052 4331.14971 168 10 0.13052 3 5 3 0 0 4 0 0 0 0 1 0.48 0 0 0 2 1 1 2.2086200000003373
0 4 0 0 0 0 7 7 0 0 0 E A 3 4119.96731 0.024749 2 540535 4118.81546 120 7 0.14392 3 7 3 0 0 4 0 0 0 0 1 0.98 0 0 0 2 1 1 1.151850000000195
0 4 0 0 0 0 8 7 0 0 0 E A 3 4183.19458 0.024749 2 693573 4182.01319 136 8 0.14035 3 7 3 0 0 4 0 0 0 0 1 0.92 0 0 0 2 1 1 1.181390000000647
0 4 0 0 0 0 9 7 0 0 0 E A 3 4254.51878 0.035 1 865757 4253.33707 152 9 0.13584 3 7 3 0 0 4 0 0 0 0 1 0.78 0 0 0 2 1 1 1.1817100000007486
0 4 0 0 0 0 10 8 0 0 0 E A 3 4334.25422 0.035 1 1057056 4333.01417 168 10 0.13338 3 8 3 0 0 4 0 0 0 0 1 0.67 0 0 0 2 1 1 1.240049999999428
0 4 0 0 0 0 2 1 0 0 0 E A 3 3919.80821 0.035 1 62217 3919.43048 40 2 0.14363 3 1 3 0 0 4 0 0 0 0 1 0.99 0 0 0 2 1 1 0.377730000000156
0 4 0 0 0 0 4 1 0 0 0 E A 3 3975.2189000000003 0.024749 2 196163 3974.77037 72 4 0.14101 3 1 3 0 0 4 0 0 0 0 1 0.97 0 0 0 2 1 1 0.4485300000001189
0 4 0 0 0 0 5 1 0 0 0 E A 3 4014.82643 0.035 1 291817 4014.33113 88 5 0.13925 3 1 3 0 0 4 0 0 0 0 1 0.94 0 0 0 2 1 1 0.49530000000004293
0 4 0 0 0 0 6 1 0 0 0 E A 3 4062.3872 0.024749 2 406617 4061.83092 104 6 0.1373 3 1 3 0 0 4 0 0 0 0 1 0.89 0 0 0 2 1 1 0.5562800000002426
0 4 0 0 0 0 2 2 0 0 0 E A 3 3919.98114 0.035 1 62218 3919.56485 40 2 0.14425 3 2 3 0 0 4 0 0 0 0 1 1 0 0 0 2 1 1 0.41628999999966254
0 4 0 0 0 0 6 5 0 0 0 E A 3 4063.46045 0.035 1 406620 4062.63603 104 6 0.14162 3 5 3 0 0 4 0 0 0 0 1 0.96 0 0 0 2 1 1 0.8244199999999182
0 0 0 1 0 -1 17 16 0 1 1 E E 3 2285.99572 0.001767 3 2931382 2279.87758 280 17 1.3017 3 16 3 1 0 0 0 1 0 1 3 0.97 0 0 0 0 0 1 6.118140000000039
0 0 0 1 0 -1 17 15 0 1 1 A E 3 2309.84486 0.05 1 2931388 2303.73559 280 17 1.1814 3 15 2 1 0 0 0 1 0 1 3 0.68 0 0 0 0 0 1 6.109270000000379
0 0 0 1 0 -1 16 15 0 1 1 A E 3 2156.49762 0.05 1 2606215 2150.36777 264 16 1.2511 3 15 2 1 0 0 0 1 0 1 3 0.69 0 0 0 0 0 1 6.1298500000002605
0 0 0 1 0 -1 15 15 0 1 1 A E 3 2011.18586 0.002497 2 2300167 2005.01548 248 15 1.2996 3 15 2 1 0 0 0 1 0 1 3 0.7 0 0 0 0 0 1 6.170380000000023
0 0 0 1 0 -1 16 13 0 1 1 E E 3 2199.48745 0.05 1 2606219 2193.36506 264 16 1.0492 3 13 3 1 0 0 0 1 0 1 3 0.95 0 0 0 0 0 1 6.122389999999996
0 0 0 1 0 -1 15 13 0 1 1 E E 3 2055.6974999999998 0.002497 2 2300172 2049.55933 248 15 1.1008 3 13 3 1 0 0 0 1 0 1 3 0.96 0 0 0 0 0 1 6.138169999999718
0 0 0 1 0 -1 14 13 0 1 1 E E 3 1920.20756 0.05 1 2013239 1914.05689 232 14 1.1414 3 13 3 1 0 0 0 1 0 1 3 0.98 0 0 0 0 0 1 6.150669999999991
0 0 0 1 0 -1 16 10 0 1 1 E E 3 2251.09792 0.035355 2 2606221 2244.87937 264 16 0.83747 3 10 3 1 0 0 0 1 0 1 3 0.93 0 0 0 0 0 1 6.21855000000005
0 0 0 1 0 -1 16 9 0 1 1 A E 3 2265.2963 0.035355 2 2606223 2259.06162 264 16 0.78292 3 9 2 1 0 0 0 1 0 1 3 0.65 0 0 0 0 0 1 6.234680000000026
0 0 0 1 0 -1 13 13 0 1 1 E E 3 1793.0071400000002 0.05 1 1745453 1786.83309 216 13 1.1619 3 13 3 1 0 0 0 1 0 1 3 1 0 0 0 0 0 1 6.174050000000079
0 0 0 0 0 0 18 11 0 0 0 E A 3 1454.22154 0.001249 6 3275683 1448.01968 296 18 8.1053 3 11 3 0 0 0 0 0 0 0 1 0.99 0 0 0 0 0 0 6.201859999999897
0 1 0 0 0 0 18 11 0 0 0 E A 3 2417.44133 0.001767 3 3275696 2411.29436 296 18 0.36841 3 11 3 0 0 1 0 0 0 0 1 0.89 0 0 0 0 0 1 6.146970000000238
0 0 0 1 0 -1 13 12 0 1 1 A E 3 1813.46811 0.05 1 1745454 1807.30664 216 13 1.087 3 12 2 1 0 0 0 1 0 1 3 0.69 0 0 0 0 0 1 6.161470000000008
0 0 0 0 0 0 19 14 0 0 0 E A 3 1582.1541300000001 0.00125 5 3639110 1575.91305 312 19 9.4284 3 14 3 0 0 0 0 0 0 0 1 0.99 0 0 0 0 0 0 6.241080000000011
0 1 0 0 0 0 19 14 0 0 0 E A 3 2550.9133300000003 0.001442 5 3639124 2545.10498 312 19 0.38 3 14 3 0 0 1 0 0 0 0 1 0.89 0 0 0 0 0 1 5.808350000000246
0 0 0 0 0 0 18 13 0 0 0 E A 3 1429.4479900000001 0.001442 6 3275682 1423.21737 296 18 10.527 3 13 3 0 0 0 0 0 0 0 1 1 0 0 0 0 0 0 6.2306200000000445
0 0 0 1 0 -1 12 12 0 1 1 A E 3 1695.3274700000002 0.001767 3 1496791 1689.14715 200 12 1.0988 3 12 2 1 0 0 0 1 0 1 3 0.7 0 0 0 0 0 1 6.180320000000165
0 0 0 0 0 0 18 14 0 0 0 E A 3 1415.2494900000002 0.001117 8 3275681 1409.00405 296 18 12.688 3 14 3 0 0 0 0 0 0 0 1 1 0 0 0 0 0 0 6.245440000000144
0 1 0 0 0 0 18 14 0 0 0 E A 3 2388.94318 0.001442 5 3275693 2383.20363 296 18 0.39435 3 14 3 0 0 1 0 0 0 0 1 0.91 0 0 0 0 0 1 5.739550000000236
0 0 0 0 0 0 19 16 0 0 0 E A 3 1550.29178 0.00125 5 3639109 1544.01458 312 19 14.663 3 16 3 0 0 0 0 0 0 0 1 1 0 0 0 0 0 0 6.2771999999999935
0 1 0 0 0 0 19 16 0 0 0 E A 3 2527.88654 0.001442 5 3639122 2522.41902 312 19 0.40477 3 16 3 0 0 1 0 0 0 0 1 0.91 0 0 0 0 0 1 5.46752000000015
0 0 0 1 0 -1 15 4 0 1 1 E E 3 2168.30056 0.035355 2 2300182 2168.29569 248 15 0.60629 3 4 3 1 0 0 0 1 0 1 3 0.86 0 0 0 0 0 1 0.004870000000209984
0 1 0 0 0 0 16 16 0 0 0 E A 3 2068.93672 0.002498 2 2606206 2063.73731 264 16 0.46479 3 16 3 0 0 1 0 0 0 0 1 0.97 0 0 0 0 0 1 5.199410000000171
0 0 0 0 0 0 20 20 0 0 0 E A 3 1646.5869500000001 0.002497 2 4021659 1640.23532 328 20 1449200 3 20 3 0 0 0 0 0 0 0 1 0.99 0 0 0 0 0 0 6.351630000000114
0 1 0 0 0 0 20 20 0 0 0 E A 3 2643.60695 0.05 1 4021673 2639.05417 328 20 0.46744 3 20 3 0 0 1 0 0 0 0 1 0.95 0 0 0 0 0 1 4.552779999999984
0 0 0 1 0 -1 9 9 0 1 1 A E 3 1448.2081600000001 0.05 1 865563 1442.01898 152 9 0.93149 3 9 2 1 0 0 0 1 0 1 3 0.71 0 0 0 0 0 1 6.1891800000000785
0 0 0 0 0 0 17 1 0 0 0 E A 3 1350.03907 0.001117 7 2931374 1350.0896 280 17 6.1132 3 1 3 0 0 0 0 0 0 0 1 0.99 0 0 0 0 0 0 0.050529999999980646
0 0 0 1 0 1 16 2 0 1 1 E E 3 2361.63627 0.035355 2 2606238 2361.35954 264 16 0.64236 3 2 3 1 0 0 0 1 0 1 3 0.64 0 0 0 0 0 1 0.2767300000000432
0 0 0 0 0 0 17 2 0 0 0 E A 3 1348.5825300000001 0.001249 7 2931373 1348.63132 280 17 6.1744 3 2 3 0 0 0 0 0 0 0 1 0.99 0 0 0 0 0 0 0.04878999999982625
0 0 0 1 0 1 16 3 0 1 1 A E 3 2360.14853 0.05 1 2606237 2359.96033 264 16 0.62851 3 3 2 1 0 0 0 1 0 1 3 0.51 0 0 0 0 0 1 0.18820000000005166
0 0 0 1 0 1 16 6 0 1 1 A E 3 2349.88765 0.05 1 2606235 2349.76253 264 16 0.55448 3 6 2 1 0 0 0 1 0 1 3 0.56 0 0 0 0 0 1 0.12512000000015178
0 0 0 1 0 1 15 2 0 1 1 E E 3 2217.4565000000002 0.049497 2 2300191 2217.22013 248 15 0.63954 3 2 3 1 0 0 0 1 0 1 3 0.66 0 0 0 0 0 1 0.23637000000007902
0 0 0 1 0 1 15 3 0 1 1 A E 3 2216.01531 0.035355 2 2300190 2215.83062 248 15 0.62436 3 3 1 1 0 0 0 1 0 1 3 0.52 0 0 0 0 0 1 0.18469000000004598
0 0 0 1 0 1 14 2 0 1 1 E E 3 2081.8615600000003 0.035355 2 2013257 2081.72062 232 14 0.63526 3 2 3 1 0 0 0 1 0 1 3 0.67 0 0 0 0 0 1 0.14094000000022788
0 0 0 1 0 1 13 2 0 1 1 E E 3 1955.0406600000001 0.028868 3 1745470 1954.91676 216 13 0.62962 3 2 3 1 0 0 0 1 0 1 3 0.69 0 0 0 0 0 1 0.12390000000004875
0 0 0 1 0 1 12 2 0 1 1 E E 3 1836.9849100000001 0.028868 3 1496807 1836.86425 200 12 0.62278 3 2 3 1 0 0 0 1 0 1 3 0.71 0 0 0 0 0 1 0.12066000000004351
0 0 0 1 0 1 12 8 0 1 1 E E 3 1813.7588700000001 0.025784 4 1496802 1813.78639 200 12 0.47167 3 8 3 1 0 0 0 1 0 1 3 0.77 0 0 0 0 0 1 0.02751999999986765
0 0 0 1 0 1 12 0 0 1 1 A E 3 1814.2511800000002 0.025 4 1496803 1814.31234 200 12 0.51011 3 0 1 1 0 0 0 1 0 1 3 0.62 0 0 0 0 0 1 0.061159999999745196
0 0 0 1 0 -1 4 4 0 1 1 E E 3 1184.4659900000001 0.05 1 196073 1184.47226 72 4 0.71434 3 4 3 1 0 0 0 1 0 1 3 1 0 0 0 0 0 1 0.006269999999858555
0 0 0 1 0 -1 1 1 0 1 1 E E 3 1123.16314 0.05 1 23917 1123.16235 24 1 0.61304 3 1 3 1 0 0 0 1 0 1 3 1 0 0 0 0 0 1 0.0007900000000518048
0 1 0 0 0 0 17 1 0 0 0 E A 3 2302.36234 0.001767 3 2931387 2301.86089 280 17 0.34818 3 1 3 0 0 1 0 0 0 0 1 0.86 0 0 0 0 0 1 0.5014500000002045
0 1 0 0 0 0 18 1 0 0 0 E A 3 2456.16367 0.001443 4 3275704 2455.59687 296 18 0.33926 3 1 3 0 0 1 0 0 0 0 1 0.85 0 0 0 0 0 1 0.5668000000000575
0 1 0 0 0 0 18 2 0 0 0 E A 3 2455.06007 0.001443 4 3275703 2454.50856 296 18 0.33985 3 2 3 0 0 1 0 0 0 0 1 0.85 0 0 0 0 0 1 0.5515099999997801
0 1 0 0 0 0 18 4 0 0 0 E A 3 2450.61369 0.002497 2 3275702 2450.1214 296 18 0.34235 3 4 3 0 0 1 0 0 0 0 1 0.85 0 0 0 0 0 1 0.4922900000001391
0 0 0 0 0 0 18 2 0 0 0 E A 3 1512.16849 0.002497 2 3275689 1506.03563 296 18 5.2456 3 2 3 0 0 0 0 0 0 0 1 0.98 0 0 0 0 0 0 6.132859999999937
0 1 0 0 0 0 19 2 0 0 0 E A 3 2623.4258 0.001443 4 3639134 2616.6108 312 19 0.331 3 2 3 0 0 1 0 0 0 0 1 0.83 0 0 0 0 0 1 6.815000000000055
0 0 0 0 0 0 18 4 0 0 0 E A 3 1506.3812 0.001767 3 3275688 1500.24034 296 18 5.4388 3 4 3 0 0 0 0 0 0 0 1 0.99 0 0 0 0 0 0 6.140859999999975
0 1 0 0 0 0 19 4 0 0 0 E A 3 2618.97555 0.00125 5 3639132 2612.22023 312 19 0.33333 3 4 3 0 0 1 0 0 0 0 1 0.83 0 0 0 0 0 1 6.755320000000211
0 0 0 1 0 -1 16 7 0 1 1 E E 3 2283.38919 0.05 1 2606225 2283.27182 264 16 0.69142 3 7 3 1 0 0 0 1 0 1 3 0.9 0 0 0 0 0 1 0.11736999999993714
0 0 0 0 0 0 19 1 0 0 0 E A 3 1673.20532 0.00125 5 3639119 1673.27978 312 19 4.4671 3 1 3 0 0 0 0 0 0 0 1 0.98 0 0 0 0 0 0 0.0744600000000446
0 1 0 0 0 0 20 1 0 0 0 E A 3 2788.80899 0.002497 2 4021688 2788.11527 328 20 0.32184 3 1 3 0 0 1 0 0 0 0 1 0.81 0 0 0 0 0 1 0.6937200000002122
0 0 0 1 0 -1 16 6 0 1 1 A E 3 2293.36513 0.05 1 2606226 2293.35471 264 16 0.65336 3 6 1 1 0 0 0 1 0 1 3 0.62 0 0 0 0 0 1 0.010420000000067375
0 0 0 0 0 0 18 7 0 0 0 E A 3 1490.2846100000002 0.000945 8 3275686 1484.12454 296 18 6.0572 3 7 3 0 0 0 0 0 0 0 1 0.99 0 0 0 0 0 0 6.1600700000001325
0 1 0 0 0 0 19 7 0 0 0 E A 3 2606.71895 0.00125 5 3639130 2600.1323 312 19 0.33991 3 7 3 0 0 1 0 0 0 0 1 0.85 0 0 0 0 0 1 6.586649999999736
0 0 0 0 0 0 19 4 0 0 0 E A 3 1672.2483300000001 0.00125 5 3639117 1666.12034 312 19 4.6495 3 4 3 0 0 0 0 0 0 0 1 0.98 0 0 0 0 0 0 6.127990000000182
0 1 0 0 0 0 20 4 0 0 0 E A 3 2789.47211 0.001443 4 4021686 2782.64126 328 20 0.3245 3 4 3 0 0 1 0 0 0 0 1 0.81 0 0 0 0 0 1 6.830850000000282
0 0 0 0 0 0 18 8 0 0 0 E A 3 1482.8781000000001 0.002497 2 3275685 1476.70998 296 18 6.3903 3 8 3 0 0 0 0 0 0 0 1 0.99 0 0 0 0 0 0 6.1681200000000445
0 1 0 0 0 0 19 8 0 0 0 E A 3 2601.1062500000003 0.00125 5 3639129 2594.59659 312 19 0.34315 3 8 3 0 0 1 0 0 0 0 1 0.85 0 0 0 0 0 1 6.509660000000167
0 0 0 0 0 0 19 5 0 0 0 E A 3 1661.73962 0.001767 3 3639116 1661.8002 312 19 4.7669 3 5 3 0 0 0 0 0 0 0 1 0.98 0 0 0 0 0 0 0.06057999999984531
0 1 0 0 0 0 20 5 0 0 0 E A 3 2779.9411600000003 0.001767 3 4021685 2779.36941 328 20 0.32606 3 5 3 0 0 1 0 0 0 0 1 0.82 0 0 0 0 0 1 0.5717500000005202
0 0 0 1 0 -1 16 4 0 1 1 E E 3 2309.60401 0.05 1 2606228 2309.54208 264 16 0.59148 3 4 3 1 0 0 0 1 0 1 3 0.84 0 0 0 0 0 1 0.061929999999847496
0 0 0 0 0 0 19 7 0 0 0 E A 3 1656.3314500000001 0.00102 7 3639115 1650.18314 312 19 5.1128 3 7 3 0 0 0 0 0 0 0 1 0.99 0 0 0 0 0 0 6.148310000000038
0 1 0 0 0 0 20 7 0 0 0 E A 3 2777.23918 0.001443 4 4021684 2770.57945 328 20 0.33052 3 7 3 0 0 1 0 0 0 0 1 0.83 0 0 0 0 0 1 6.659729999999854
0 0 0 1 0 -1 15 3 0 1 1 A E 3 2174.5272600000003 0.05 1 2300183 2174.54894 248 15 0.5794 3 3 2 1 0 0 0 1 0 1 3 0.59 0 0 0 0 0 1 0.021679999999832944
0 0 0 1 0 -1 16 3 0 1 1 A E 3 2315.58189 0.05 1 2606230 2315.67287 264 16 0.56631 3 3 1 1 0 0 0 1 0 1 3 0.58 0 0 0 0 0 1 0.090979999999945
0 0 0 1 0 1 15 15 0 1 1 A E 3 2117.19935 0.035355 2 2300175 2110.94674 248 15 0.3043 3 15 1 1 0 0 0 1 0 1 3 0.7 0 0 0 0 0 1 6.252610000000004
0 0 0 1 0 -1 14 1 0 1 1 E E 3 2050.1022199999998 0.028868 3 2013250 2050.15218 232 14 0.47954 3 1 3 1 0 0 0 1 0 1 3 0.53 0 0 0 0 0 1 0.04996000000028289
0 0 0 1 0 1 17 17 0 1 1 E E 3 2379.13258 0.035355 2 2931391 2372.84828 280 17 0.28184 3 17 3 1 0 0 0 1 0 1 3 0.98 0 0 0 0 0 1 6.284299999999803
0 0 0 1 0 1 16 15 0 1 1 A E 3 2262.13635 0.035355 2 2606222 2255.89581 264 16 0.31218 3 15 1 1 0 0 0 1 0 1 3 0.69 0 0 0 0 0 1 6.240540000000237
0 0 0 1 0 1 16 14 0 1 1 E E 3 2278.17081 0.035355 2 2606224 2271.94651 264 16 0.33284 3 14 3 1 0 0 0 1 0 1 3 0.96 0 0 0 0 0 1 6.224299999999857
0 0 0 1 0 1 17 12 0 1 1 A E 3 2458.58442 0.035355 2 2931398 2452.35408 280 17 0.38902 3 12 1 1 0 0 0 1 0 1 3 0.64 0 0 0 0 0 1 6.230340000000069
0 0 0 0 0 0 18 10 0 0 0 E A 3 1464.8753100000001 0.00102 7 3275684 1458.68528 296 18 7.3719 3 10 3 0 0 0 0 0 0 0 1 0.99 0 0 0 0 0 0 6.190030000000206
0 1 0 0 0 0 19 10 0 0 0 E A 3 2587.54504 0.001443 4 3639128 2581.22181 312 19 0.35155 3 10 3 0 0 1 0 0 0 0 1 0.87 0 0 0 0 0 1 6.323229999999967
0 0 0 1 0 1 13 0 0 1 1 A E 3 1928.9066500000001 0.05 1 1745465 1929.09566 216 13 0.54043 3 0 2 1 0 0 0 1 0 1 3 0.74 0 0 0 0 0 1 0.1890099999998256
0 0 0 1 0 -1 16 1 0 1 1 E E 3 2323.68283 0.05 1 2606231 2323.68946 264 16 0.53273 3 1 3 1 0 0 0 1 0 1 3 0.75 0 0 0 0 0 1 0.0066299999998591375
0 0 0 1 0 -1 17 1 0 1 1 E E 3 2473.02653 0.05 1 2931402 2473.04022 280 17 0.52614 3 1 3 1 0 0 0 1 0 1 3 0.74 0 0 0 0 0 1 0.013689999999769498
0 1 0 0 0 0 19 11 0 0 0 E A 3 2579.57888 0.001767 3 3639127 2573.36647 312 19 0.35696 3 11 3 0 0 1 0 0 0 0 1 0.87 0 0 0 0 0 1 6.212410000000091
0 0 0 0 0 0 19 10 0 0 0 E A 3 1631.2093100000002 0.00102 7 3639113 1625.02874 312 19 6.059 3 10 3 0 0 0 0 0 0 0 1 0.99 0 0 0 0 0 0 6.180570000000216
0 1 0 0 0 0 20 10 0 0 0 E A 3 2758.07432 0.001443 4 4021682 2751.68068 328 20 0.3411 3 10 3 0 0 1 0 0 0 0 1 0.85 0 0 0 0 0 1 6.393640000000232
0 0 0 0 0 0 19 11 0 0 0 E A 3 1614.4831700000002 0.001443 4 3639112 1614.48362 312 19 6.5657 3 11 3 0 0 0 0 0 0 0 1 0.99 0 0 0 0 0 0 0.0004499999997733539
0 1 0 0 0 0 20 11 0 0 0 E A 3 2743.88895 0.001767 3 4021681 2743.81787 328 20 0.34596 3 11 3 0 0 1 0 0 0 0 1 0.86 0 0 0 0 0 1 0.07108000000016546
0 1 0 0 0 0 19 13 0 0 0 E A 3 2561.2393700000002 0.001443 4 3639125 2555.28136 312 19 0.37221 3 13 3 0 0 1 0 0 0 0 1 0.89 0 0 0 0 0 1 5.958010000000286
0 0 0 1 0 1 17 15 0 1 1 A E 3 2415.7531400000003 0.05 1 2931393 2409.51868 280 17 0.32056 3 15 2 1 0 0 0 1 0 1 3 0.68 0 0 0 0 0 1 6.2344600000001265
0 0 0 1 0 1 17 14 0 1 1 E E 3 2431.55903 0.002497 2 2931395 2425.33421 280 17 0.34173 3 14 3 1 0 0 0 1 0 1 3 0.94 0 0 0 0 0 1 6.224819999999909
0 0 0 1 0 1 17 8 0 1 1 E E 3 2490.64213 0.05 1 2931405 2490.50473 280 17 0.50263 3 8 3 1 0 0 0 1 0 1 3 0.82 0 0 0 0 0 1 0.13740000000007058
0 0 0 1 0 1 18 17 0 1 1 E E 3 2541.93662 0.05 1 3275709 2535.66755 296 18 0.28974 3 17 3 1 0 0 0 1 0 1 3 0.97 0 0 0 0 0 1 6.269069999999829
0 0 0 1 0 1 18 15 0 1 1 A E 3 2577.97245 0.05 1 3275712 2571.73981 296 18 0.32922 3 15 1 1 0 0 0 1 0 1 3 0.66 0 0 0 0 0 1 6.232640000000174
0 0 0 1 0 1 18 14 0 1 1 E E 3 2593.54009 0.002497 2 3275713 2587.30962 296 18 0.35084 3 14 3 1 0 0 0 1 0 1 3 0.93 0 0 0 0 0 1 6.230469999999968
0 0 0 1 0 1 18 12 0 1 1 A E 3 2620.06326 0.002497 2 3275716 2613.83227 296 18 0.40269 3 12 2 1 0 0 0 1 0 1 3 0.62 0 0 0 0 0 1 6.23099000000002
0 0 0 1 0 1 18 11 0 1 1 E E 3 2631.90418 0.001767 3 3275719 2625.67285 296 18 0.44135 3 11 3 1 0 0 0 1 0 1 3 0.81 0 0 0 0 0 1 6.231330000000071
0 0 0 1 0 1 19 18 0 1 1 A E 3 2692.97897 0.002497 2 3639138 2686.69224 312 19 0.27941 3 18 2 1 0 0 0 1 0 1 3 0.68 0 0 0 0 0 1 6.2867300000002615
0 0 0 1 0 1 19 17 0 1 1 E E 3 2713.28226 0.001767 3 3639140 2707.02528 312 19 0.29791 3 17 3 1 0 0 0 1 0 1 3 0.95 0 0 0 0 0 1 6.256980000000112
0 0 0 1 0 1 19 15 0 1 1 A E 3 2748.7144900000003 0.05 1 3639143 2742.48135 312 19 0.33798 3 15 1 1 0 0 0 1 0 1 3 0.65 0 0 0 0 0 1 6.233140000000276
0 0 0 1 0 1 19 14 0 1 1 E E 3 2764.02973 0.002497 2 3639144 2757.78998 312 19 0.36004 3 14 3 1 0 0 0 1 0 1 3 0.91 0 0 0 0 0 1 6.2397500000001855
0 0 1 0 1 0 13 12 1 0 1 A E 3 3058.03036 0.00426 3 1745520 3060.81945 216 13 0.048478 3 12 1 1 0 0 1 0 1 0 3 0.54 0 0 1 0 0 0 2.78908999999976
0 0 1 0 1 0 13 11 1 0 1 E E 3 3069.82682 0.003207 3 1745521 3063.23934 216 13 0.027192 3 11 3 1 0 0 1 0 1 0 3 0.88 0 0 1 0 0 0 6.5874800000001414
0 0 1 0 1 0 13 8 1 0 1 E E 3 3091.78208 0.003927 3 1745533 3091.61479 216 13 0.030571 3 8 3 1 0 0 1 0 1 0 3 0.77 0 0 1 0 0 0 0.16728999999986627
1 0 0 0 0 0 13 2 0 0 0 E A 3 3115.16303 0.002774 4 1745544 3115.17834 216 13 0.040477 3 2 3 0 1 0 0 0 0 0 1 0.83 1 0 0 0 0 0 0.015309999999772117
1 0 0 0 0 0 13 1 0 0 0 E A 3 3116.8666200000002 0.003474 4 1745545 3116.88852 216 13 0.041891 3 1 3 0 1 0 0 0 0 0 1 0.86 1 0 0 0 0 0 0.021899999999732245
1 0 0 0 0 0 13 5 0 0 0 E A 3 3105.36087 0.003093 3 1745541 3109.04787 216 13 0.03422 3 5 3 0 1 0 0 0 0 0 1 0.56 1 0 0 0 0 0 3.686999999999898
1 0 0 0 0 0 13 13 0 0 0 E A 3 3037.97314 0.003536 2 1745509 3031.53523 216 13 0.050055 3 13 3 0 1 0 0 0 0 0 1 1 1 0 0 0 0 0 6.437910000000102
1 0 0 0 0 0 13 11 0 0 0 E A 3 3063.9593800000002 0.003536 2 1745518 3057.64642 216 13 0.046706 3 11 3 0 1 0 0 0 0 0 1 0.93 1 0 0 0 0 0 6.312960000000203
1 0 0 0 0 0 13 10 0 0 0 E A 3 3075.21508 0.007071 2 1745524 3068.92079 216 13 0.044869 3 10 3 0 1 0 0 0 0 0 1 0.89 1 0 0 0 0 0 6.294289999999819
1 0 0 0 0 0 13 8 0 0 0 E A 3 3088.28708 0.002887 3 1745530 3088.11554 216 13 0.040854 3 8 3 0 1 0 0 0 0 0 1 0.79 1 0 0 0 0 0 0.17154000000027736
1 0 0 0 0 0 13 7 0 0 0 E A 3 3096.3332 0.003849 3 1745535 3096.11025 216 13 0.03889 3 7 3 0 1 0 0 0 0 0 1 0.72 1 0 0 0 0 0 0.2229499999998552
0 0 1 0 1 0 13 6 1 0 1 A E 3 3109.3267100000003 0.002887 3 1745539 3105.82457 216 13 0.034076 3 6 1 1 0 0 1 0 1 0 3 0.5 0 0 1 0 0 0 3.502140000000054
0 0 1 0 -1 0 12 10 1 0 1 E E 3 2966.10865 0.005 1 1496859 2966.09761 200 12 0.036743 3 10 3 1 0 0 1 0 1 0 3 0.87 0 0 1 0 0 0 0.011040000000321015
0 0 1 0 1 0 13 5 1 0 1 E E 3 3114.34852 0.004419 3 1745543 3114.04781 216 13 0.032101 3 5 3 1 0 0 1 0 1 0 3 0.69 0 0 1 0 0 0 0.30070999999998094
0 0 1 0 1 0 13 3 1 0 1 A E 3 3121.5187300000002 0.003435 4 1745547 3121.35447 216 13 0.02896 3 3 1 1 0 0 1 0 1 0 3 0.64 0 0 1 0 0 0 0.16426000000001295
0 0 1 0 1 0 13 2 1 0 1 E E 3 3123.7203600000003 0.005032 3 1745549 3123.59762 216 13 0.028151 3 2 3 1 0 0 1 0 1 0 3 0.74 0 0 1 0 0 0 0.12274000000024898
0 0 1 0 1 0 12 9 1 0 1 A E 3 2969.84936 0.003333 3 1496860 2969.60593 200 12 0.029456 3 9 2 1 0 0 1 0 1 0 3 0.57 0 0 1 0 0 0 0.24342999999998938
0 0 1 0 1 0 12 8 1 0 1 E E 3 2978.26787 0.003207 3 1496865 2978.08887 200 12 0.030016 3 8 3 1 0 0 1 0 1 0 3 0.79 0 0 1 0 0 0 0.1790000000000873
0 0 1 0 1 0 13 0 1 0 1 A E 3 3126.14546 0.00418 2 1745551 3126.23671 216 13 0.028402 3 0 2 1 0 0 1 0 1 0 3 0.73 0 0 1 0 0 0 0.09124999999994543
1 0 0 0 0 0 12 2 0 0 0 E A 3 3001.9749300000003 0.003159 3 1496875 3001.98141 200 12 0.040277 3 2 3 0 1 0 0 0 0 0 1 0.83 1 0 0 0 0 0 0.00647999999955573
1 0 0 0 0 0 12 1 0 0 0 E A 3 3003.6991900000003 0.003159 3 1496876 3003.71429 200 12 0.042426 3 1 3 0 1 0 0 0 0 0 1 0.88 1 0 0 0 0 0 0.015099999999620195
1 0 0 0 0 0 12 5 0 0 0 E A 3 2991.75194 0.003159 3 1496870 2991.78315 200 12 0.032776 3 5 3 0 1 0 0 0 0 0 1 0.68 1 0 0 0 0 0 0.03121000000010099
0 0 1 0 -1 0 13 1 1 0 1 E E 3 3125.9267800000002 0.005 1 1745550 3126.05973 216 13 0.029139 3 1 3 1 0 0 1 0 1 0 3 0.67 0 0 1 0 0 0 0.1329499999997097
1 0 0 0 0 0 12 4 0 0 0 E A 3 2997.0493300000003 0.003663 3 1496873 2997.1927 200 12 0.032819 3 4 3 0 1 0 0 0 0 0 1 0.64 1 0 0 0 0 0 0.14336999999977706
1 0 0 0 0 0 12 11 0 0 0 E A 3 2949.70903 0.003931 2 1496850 2943.39056 200 12 0.048329 3 11 3 0 1 0 0 0 0 0 1 0.96 1 0 0 0 0 0 6.318470000000161
1 0 0 0 0 0 12 10 0 0 0 E A 3 2960.99944 0.003536 2 1496855 2954.72772 200 12 0.04646 3 10 3 0 1 0 0 0 0 0 1 0.93 1 0 0 0 0 0 6.271720000000187
0 0 1 0 -1 0 13 3 1 0 1 A E 3 3122.0156 0.003556 3 1745548 3122.26564 216 13 0.028992 3 3 2 1 0 0 1 0 1 0 3 0.62 0 0 1 0 0 0 0.250039999999899
1 0 0 0 0 0 12 8 0 0 0 E A 3 2974.10034 0.003234 3 1496862 2974.00985 200 12 0.041968 3 8 3 0 1 0 0 0 0 0 1 0.83 1 0 0 0 0 0 0.09049000000004526
1 0 0 0 0 0 12 7 0 0 0 E A 3 2982.13857 0.003156 3 1496868 2982.03566 200 12 0.039337 3 7 3 0 1 0 0 0 0 0 1 0.76 1 0 0 0 0 0 0.10291000000006534
0 0 1 0 1 0 12 5 1 0 1 E E 3 3000.29585 0.001235 6 1496874 3000.14133 200 12 0.031514 3 5 3 1 0 0 1 0 1 0 3 0.75 0 0 1 0 0 0 0.15452000000004773
0 0 1 0 -1 0 13 4 1 0 1 E E 3 3119.10712 0.003536 2 1745546 3119.45101 216 13 0.030203 3 4 3 1 0 0 1 0 1 0 3 0.64 0 0 1 0 0 0 0.3438900000001013
0 0 1 0 1 0 12 3 1 0 1 A E 3 3007.70456 0.001519 5 1496878 3007.58187 200 12 0.028548 3 3 2 1 0 0 1 0 1 0 3 0.66 0 0 1 0 0 0 0.12269000000014785
0 0 1 0 1 0 12 2 1 0 1 E E 3 3009.9923 0.00149 5 1496880 3009.88808 200 12 0.027869 3 2 3 1 0 0 1 0 1 0 3 0.79 0 0 1 0 0 0 0.10421999999971376
0 0 1 0 1 0 11 9 1 0 1 A E 3 2864.84495 0.003428 3 1267306 2864.63834 184 11 0.027789 3 9 1 1 0 0 1 0 1 0 3 0.62 0 0 1 0 0 0 0.20661000000018248
0 0 1 0 1 0 12 0 1 0 1 A E 3 3012.30557 0.001405 5 1496882 3012.39479 200 12 0.027799 3 0 1 1 0 0 1 0 1 0 3 0.82 0 0 1 0 0 0 0.0892199999998411
0 0 1 0 1 0 11 8 1 0 1 E E 3 2873.31657 0.003234 3 1267311 2873.12446 184 11 0.029254 3 8 3 1 0 0 1 0 1 0 3 0.81 0 0 1 0 0 0 0.19210999999995693
1 0 0 0 0 0 11 2 0 0 0 E A 3 2897.34863 0.00503 2 1267319 2897.35226 184 11 0.040288 3 2 3 0 1 0 0 0 0 0 1 0.84 1 0 0 0 0 0 0.0036300000001574517
1 0 0 0 0 0 11 1 0 0 0 E A 3 2899.09533 0.003536 2 1267320 2899.10315 184 11 0.043131 3 1 3 0 1 0 0 0 0 0 1 0.9 1 0 0 0 0 0 0.007819999999810534
1 0 0 0 0 0 11 5 0 0 0 E A 3 2886.8411 0.004005 3 1267314 2886.78352 184 11 0.033425 3 5 3 0 1 0 0 0 0 0 1 0.73 1 0 0 0 0 0 0.05758000000014363
1 0 0 0 0 0 11 4 0 0 0 E A 3 2892.04939 0.003533 3 1267317 2892.07187 184 11 0.034352 3 4 3 0 1 0 0 0 0 0 1 0.73 1 0 0 0 0 0 0.022480000000086875
1 0 0 0 0 0 11 11 0 0 0 E A 3 2844.16044 0.00495 2 1267296 2837.79219 184 11 0.04999 3 11 3 0 1 0 0 0 0 0 1 1 1 0 0 0 0 0 6.368249999999989
1 0 0 0 0 0 11 10 0 0 0 E A 3 2855.53299 0.001886 3 1267300 2849.19146 184 11 0.048223 3 10 3 0 1 0 0 0 0 0 1 0.96 1 0 0 0 0 0 6.341530000000148
1 0 0 0 0 0 11 8 0 0 0 E A 3 2868.61585 0.001765 4 1267308 2868.56194 184 11 0.043572 3 8 3 0 1 0 0 0 0 0 1 0.87 1 0 0 0 0 0 0.053910000000087166
1 0 0 0 0 0 11 7 0 0 0 E A 3 2876.66384 0.001836 4 1267312 2876.62043 184 11 0.04049 3 7 3 0 1 0 0 0 0 0 1 0.81 1 0 0 0 0 0 0.04341000000022177
0 0 1 0 1 0 11 6 1 0 1 A E 3 2889.7946500000003 0.00146 5 1267316 2889.88737 184 11 0.032078 3 6 1 1 0 0 1 0 1 0 3 0.61 0 0 1 0 0 0 0.09271999999964464
0 0 1 0 1 0 11 5 1 0 1 E E 3 2894.95093 0.001394 5 1267318 2894.86257 184 11 0.03114 3 5 3 1 0 0 1 0 1 0 3 0.79 0 0 1 0 0 0 0.0883600000001934
0 0 1 0 -1 0 12 4 1 0 1 E E 3 3005.33889 0.003107 3 1496877 3005.53182 200 12 0.029818 3 4 3 1 0 0 1 0 1 0 3 0.69 0 0 1 0 0 0 0.19293000000016036
0 0 1 0 1 0 11 3 1 0 1 A E 3 2902.51674 0.00123 6 1267322 2902.4294 184 11 0.028179 3 3 1 1 0 0 1 0 1 0 3 0.67 0 0 1 0 0 0 0.08734000000004016
0 0 1 0 1 0 11 2 1 0 1 E E 3 2904.88635 0.001384 5 1267324 2904.79924 184 11 0.027612 3 2 3 1 0 0 1 0 1 0 3 0.84 0 0 1 0 0 0 0.08711000000039348
0 0 1 0 1 0 11 0 1 0 1 A E 3 2907.14644 0.001417 5 1267326 2907.2195 184 11 0.027481 3 0 2 1 0 0 1 0 1 0 3 0.87 0 0 1 0 0 0 0.07306000000016866
0 0 1 0 1 0 10 9 1 0 1 A E 3 2768.41816 0.001799 4 1056899 2768.24311 168 10 0.027034 3 9 2 1 0 0 1 0 1 0 3 0.65 0 0 1 0 0 0 0.17505000000028303
0 0 1 0 1 0 10 8 1 0 1 E E 3 2776.978 0.00194 4 1056902 2776.80308 168 10 0.0285 3 8 3 1 0 0 1 0 1 0 3 0.85 0 0 1 0 0 0 0.17491999999992913
1 0 0 0 0 0 10 2 0 0 0 E A 3 2801.31163 0.001886 3 1056910 2801.3167 168 10 0.040422 3 2 3 0 1 0 0 0 0 0 1 0.84 1 0 0 0 0 0 0.005069999999705033
1 0 0 0 0 0 10 5 0 0 0 E A 3 2790.60279 0.004253 3 1056905 2790.50391 168 10 0.033795 3 5 3 0 1 0 0 0 0 0 1 0.75 1 0 0 0 0 0 0.0988800000000083
1 0 0 0 0 0 10 1 0 0 0 E A 3 2803.06286 0.00144 4 1056911 2803.07643 168 10 0.043973 3 1 3 0 1 0 0 0 0 0 1 0.91 1 0 0 0 0 0 0.013570000000072469
1 0 0 0 0 0 10 4 0 0 0 E A 3 2795.72998 0.001765 4 1056908 2795.70247 168 10 0.036125 3 4 3 0 1 0 0 0 0 0 1 0.8 1 0 0 0 0 0 0.027509999999892898
1 0 0 0 0 0 10 10 0 0 0 E A 3 2758.69617 0.004371 2 1056893 2752.339 168 10 0.049952 3 10 3 0 1 0 0 0 0 0 1 1 1 0 0 0 0 0 6.357170000000224
1 0 0 0 0 0 10 8 0 0 0 E A 3 2771.84214 0.00181 4 1056900 2771.79091 168 10 0.045326 3 8 3 0 1 0 0 0 0 0 1 0.91 1 0 0 0 0 0 0.051230000000032305
1 0 0 0 0 0 10 7 0 0 0 E A 3 2779.8986 0.001411 5 1056903 2779.87638 168 10 0.042015 3 7 3 0 1 0 0 0 0 0 1 0.85 1 0 0 0 0 0 0.022219999999833817
0 0 1 0 -1 0 11 3 1 0 1 A E 3 2903.19299 0.001969 4 1267323 2903.30633 184 11 0.028503 3 3 2 1 0 0 1 0 1 0 3 0.64 0 0 1 0 0 0 0.11333999999988009
0 0 1 0 1 0 10 5 1 0 1 E E 3 2798.28444 0.001197 6 1056909 2798.23682 168 10 0.030773 3 5 3 1 0 0 1 0 1 0 3 0.82 0 0 1 0 0 0 0.04761999999982436
0 0 1 0 -1 0 11 4 1 0 1 E E 3 2900.20667 0.003107 3 1267321 2900.32411 184 11 0.029913 3 4 3 1 0 0 1 0 1 0 3 0.73 0 0 1 0 0 0 0.11743999999998778
0 0 1 0 1 0 10 2 1 0 1 E E 3 2808.42548 0.001384 5 1056915 2808.35766 168 10 0.027364 3 2 3 1 0 0 1 0 1 0 3 0.88 0 0 1 0 0 0 0.06781999999975596
0 0 1 0 1 0 9 9 1 0 1 A E 3 2680.6301900000003 0.001903 4 865614 2680.50113 152 9 0.026284 3 9 1 1 0 0 1 0 1 0 3 0.68 0 0 1 0 0 0 0.12906000000020867
0 0 1 0 1 0 9 8 1 0 1 E E 3 2689.28615 0.0019 4 865617 2689.13837 152 9 0.027643 3 8 3 1 0 0 1 0 1 0 3 0.89 0 0 1 0 0 0 0.1477799999997842
1 0 0 0 0 0 9 2 0 0 0 E A 3 2713.89975 0.00418 2 865625 2713.90373 152 9 0.040679 3 2 3 0 1 0 0 0 0 0 1 0.85 1 0 0 0 0 0 0.003979999999955908
1 0 0 0 0 0 9 5 0 0 0 E A 3 2703.02155 0.001967 3 865620 2702.91446 152 9 0.033889 3 5 3 0 1 0 0 0 0 0 1 0.75 1 0 0 0 0 0 0.10708999999997104
1 0 0 0 0 0 9 1 0 0 0 E A 3 2715.64644 0.001077 6 865626 2715.66062 152 9 0.044924 3 1 3 0 1 0 0 0 0 0 1 0.93 1 0 0 0 0 0 0.014180000000123982
1 0 0 0 0 0 9 4 0 0 0 E A 3 2708.10273 0.001458 5 865623 2708.05129 152 9 0.03782 3 4 3 0 1 0 0 0 0 0 1 0.84 1 0 0 0 0 0 0.05144000000018423
1 0 0 0 0 0 9 8 0 0 0 E A 3 2683.7950100000003 0.001455 5 865615 2683.72365 152 9 0.047467 3 8 3 0 1 0 0 0 0 0 1 0.96 1 0 0 0 0 0 0.07136000000036802
1 0 0 0 0 0 9 7 0 0 0 E A 3 2691.8550800000003 0.001395 5 865618 2691.82922 152 9 0.04398 3 7 3 0 1 0 0 0 0 0 1 0.89 1 0 0 0 0 0 0.025860000000193395
0 0 1 0 -1 0 10 4 1 0 1 E E 3 2803.71243 0.003107 3 1056912 2803.78615 168 10 0.030148 3 4 3 1 0 0 1 0 1 0 3 0.76 0 0 1 0 0 0 0.07371999999986656
0 0 1 0 1 0 9 3 1 0 1 A E 3 2718.14987 0.001384 5 865628 2718.10712 152 9 0.027467 3 3 1 1 0 0 1 0 1 0 3 0.68 0 0 1 0 0 0 0.04275000000006912
0 0 1 0 -1 0 10 7 1 0 1 E E 3 2787.5075500000003 0.001189 6 1056904 2787.53082 168 10 0.029968 3 7 3 1 0 0 1 0 1 0 3 0.95 0 0 1 0 0 0 0.023269999999683932
1 0 0 0 0 0 8 5 0 0 0 E A 3 2624.13227 0.001434 5 693448 2624.0276 136 8 0.033753 3 5 3 0 1 0 0 0 0 0 1 0.74 1 0 0 0 0 0 0.10467000000016924
1 0 0 0 0 0 8 2 0 0 0 E A 3 2635.1397 0.001493 5 693453 2635.14164 136 8 0.041098 3 2 3 0 1 0 0 0 0 0 1 0.86 1 0 0 0 0 0 0.0019399999996494444
1 0 0 0 0 0 8 1 0 0 0 E A 3 2636.8694800000003 0.001478 4 693455 2636.88339 136 8 0.045933 3 1 3 0 1 0 0 0 0 0 1 0.95 1 0 0 0 0 0 0.013909999999668798
1 0 0 0 0 0 8 4 0 0 0 E A 3 2629.17625 0.001523 5 693451 2629.11825 136 8 0.039387 3 4 3 0 1 0 0 0 0 0 1 0.87 1 0 0 0 0 0 0.057999999999992724
1 0 0 0 0 0 8 8 0 0 0 E A 3 2604.4888100000003 0.003536 2 693444 2604.38712 136 8 0.049895 3 8 3 0 1 0 0 0 0 0 1 1 1 0 0 0 0 0 0.10169000000041706
1 0 0 0 0 0 8 7 0 0 0 E A 3 2612.5512400000002 0.001859 4 693446 2612.5055 136 8 0.046526 3 7 3 0 1 0 0 0 0 0 1 0.94 1 0 0 0 0 0 0.04574000000002343
0 0 1 0 -1 0 9 3 1 0 1 A E 3 2718.9532 0.001406 5 865629 2719.002 152 9 0.028368 3 3 2 1 0 0 1 0 1 0 3 0.65 0 0 1 0 0 0 0.048800000000028376
0 0 1 0 -1 0 10 9 1 0 1 A E 3 2778.4376 0.00144 4 1056901 2772.19223 168 10 0.030955 3 9 1 1 0 0 1 0 1 0 3 0.68 0 0 1 0 0 0 6.245370000000094
0 0 1 0 -1 0 10 10 1 0 1 E E 3 2769.15557 0.002037 2 1056896 2762.84491 168 10 0.031686 3 10 3 1 0 0 1 0 1 0 3 0.96 0 0 1 0 0 0 6.310660000000098
0 0 1 0 1 0 8 2 1 0 1 E E 3 2641.5639 0.001201 6 693458 2641.5285 136 8 0.02695 3 2 3 1 0 0 1 0 1 0 3 0.94 0 0 1 0 0 0 0.03540000000020882
0 0 1 0 -1 0 8 1 1 0 1 E E 3 2643.45066 0.001224 6 693459 2643.47957 136 8 0.027332 3 1 3 1 0 0 1 0 1 0 3 0.94 0 0 1 0 0 0 0.028909999999996217
1 0 0 0 0 0 7 5 0 0 0 E A 3 2553.96429 0.001913 4 540423 2553.86766 120 7 0.033373 3 5 3 0 1 0 0 0 0 0 1 0.72 1 0 0 0 0 0 0.09663000000000466
1 0 0 0 0 0 7 2 0 0 0 E A 3 2565.05686 0.001384 5 540428 2565.05665 120 7 0.041769 3 2 3 0 1 0 0 0 0 0 1 0.87 1 0 0 0 0 0 0.000210000000151922
1 0 0 0 0 0 7 1 0 0 0 E A 3 2566.7567200000003 0.001233 6 540430 2566.76959 120 7 0.047054 3 1 3 0 1 0 0 0 0 0 1 0.96 1 0 0 0 0 0 0.012869999999566062
1 0 0 0 0 0 7 4 0 0 0 E A 3 2558.97148 0.001425 5 540426 2558.91433 120 7 0.040935 3 4 3 0 1 0 0 0 0 0 1 0.9 1 0 0 0 0 0 0.057150000000092405
1 0 0 0 0 0 7 7 0 0 0 E A 3 2542.0101400000003 0.001886 3 540421 2541.93003 120 7 0.049869 3 7 3 0 1 0 0 0 0 0 1 1 1 0 0 0 0 0 0.08011000000033164
0 0 1 0 -1 0 9 9 1 0 1 A E 3 2690.32124 0.002037 2 865616 2684.02904 152 9 0.030332 3 9 2 1 0 0 1 0 1 0 3 0.69 0 0 1 0 0 0 6.292200000000321
0 0 1 0 -1 0 8 4 1 0 1 E E 3 2636.73294 0.001189 6 693454 2636.75745 136 8 0.030517 3 4 3 1 0 0 1 0 1 0 3 0.82 0 0 1 0 0 0 0.024510000000191212
0 0 1 0 1 0 7 3 1 0 1 A E 3 2568.63991 0.00124 6 540431 2568.61959 120 7 0.026922 3 3 1 1 0 0 1 0 1 0 3 0.69 0 0 1 0 0 0 0.020320000000083382
0 0 1 0 1 0 7 2 1 0 1 E E 3 2571.21474 0.001462 5 540433 2571.19085 120 7 0.026806 3 2 3 1 0 0 1 0 1 0 3 0.96 0 0 1 0 0 0 0.023889999999937572
0 0 1 0 1 0 7 0 1 0 1 A E 3 2573.46155 0.001459 5 540435 2573.48055 120 7 0.026969 3 0 2 1 0 0 1 0 1 0 3 0.96 0 0 1 0 0 0 0.01900000000023283
0 0 1 0 -1 0 8 7 1 0 1 E E 3 2620.48788 0.001472 4 693447 2620.44988 136 8 0.029086 3 7 3 1 0 0 1 0 1 0 3 0.98 0 0 1 0 0 0 0.038000000000010914
1 0 0 0 0 0 6 2 0 0 0 E A 3 2503.67297 0.001433 5 406527 2503.67211 104 6 0.042846 3 2 3 0 1 0 0 0 0 0 1 0.89 1 0 0 0 0 0 0.0008600000001024455
1 0 0 0 0 0 6 1 0 0 0 E A 3 2505.3337 0.001984 4 406529 2505.34597 104 6 0.048031 3 1 3 0 1 0 0 0 0 0 1 0.98 1 0 0 0 0 0 0.012269999999716674
1 0 0 0 0 0 6 4 0 0 0 E A 3 2497.50552 0.001494 5 406525 2497.45481 104 6 0.042712 3 4 3 0 1 0 0 0 0 0 1 0.92 1 0 0 0 0 0 0.05070999999998094
1 0 0 0 0 0 6 5 0 0 0 E A 3 2493.3439900000003 0.001235 6 406523 2493.34374 104 6 0.035872 3 5 3 0 1 0 0 0 0 0 1 0.73 1 0 0 0 0 0 0.00025000000050567905
0 0 1 0 1 0 6 0 1 0 1 A E 3 2511.87206 0.001209 6 406534 2511.88413 104 6 0.026928 3 0 1 1 0 0 1 0 1 0 3 0.97 0 0 1 0 0 0 0.012069999999766878
0 0 1 0 -1 0 7 7 1 0 1 E E 3 2550.05514 0.00214 2 540422 2549.99762 120 7 0.028919 3 7 3 1 0 0 1 0 1 0 3 0.99 0 0 1 0 0 0 0.057519999999840365
1 0 0 0 0 0 5 2 0 0 0 E A 3 2451.00808 0.001195 6 291739 2451.00763 88 5 0.04458 3 2 3 0 1 0 0 0 0 0 1 0.92 1 0 0 0 0 0 0.0004500000000007276
1 0 0 0 0 0 5 1 0 0 0 E A 3 2452.6268 0.003856 3 291741 2452.63762 88 5 0.048816 3 1 3 0 1 0 0 0 0 0 1 0.99 1 0 0 0 0 0 0.010819999999966967
1 0 0 0 0 0 5 4 0 0 0 E A 3 2444.79543 0.001464 5 291737 2444.75661 88 5 0.045212 3 4 3 0 1 0 0 0 0 0 1 0.95 1 0 0 0 0 0 0.03882000000021435
1 0 0 0 0 0 5 5 0 0 0 E A 3 2440.17972 0.001475 4 291736 2440.14104 88 5 0.049827 3 5 3 0 1 0 0 0 0 0 1 1 1 0 0 0 0 0 0.03868000000011307
0 0 1 0 -1 0 6 6 1 0 1 A E 3 2494.75076 0.007615 1 406524 2494.70689 104 6 0.028498 3 6 2 1 0 0 1 0 1 0 3 0.7 0 0 1 0 0 0 0.04386999999996988
0 0 1 0 1 0 5 0 1 0 1 A E 3 2459.04988 0.001462 5 291746 2459.05751 88 5 0.026904 3 0 2 1 0 0 1 0 1 0 3 0.98 0 0 1 0 0 0 0.007630000000062864
1 0 0 0 0 0 4 1 0 0 0 E A 3 2408.66094 0.001433 5 196100 2408.66905 72 4 0.049349 3 1 3 0 1 0 0 0 0 0 1 0.99 1 0 0 0 0 0 0.008109999999760475
1 0 0 0 0 0 4 2 0 0 0 E A 3 2407.07818 0.001223 6 196098 2407.07784 72 4 0.047146 3 2 3 0 1 0 0 0 0 0 1 0.96 1 0 0 0 0 0 0.0003400000000510772
1 0 0 0 0 0 4 4 0 0 0 E A 3 2400.86018 0.001967 3 196097 2400.83759 72 4 0.049809 3 4 3 0 1 0 0 0 0 0 1 1 1 0 0 0 0 0 0.022590000000036525
1 0 0 0 0 0 3 1 0 0 0 E A 3 2373.45565 0.001508 5 119583 2373.46322 56 3 0.049639 3 1 3 0 1 0 0 0 0 0 1 1 1 0 0 0 0 0 0.00757000000021435
1 0 0 0 0 0 3 2 0 0 0 E A 3 2371.8929200000002 0.001176 6 119582 2371.89292 56 3 0.049635 3 2 3 0 1 0 0 0 0 0 1 1 1 0 0 0 0 0 4.547473508864641e-13
0 0 1 0 -1 0 4 4 1 0 1 E E 3 2407.59128 0.001504 3 196099 2407.57768 72 4 0.028569 3 4 3 1 0 0 1 0 1 0 3 0.96 0 0 1 0 0 0 0.0136000000002241
1 0 0 0 0 0 2 1 0 0 0 E A 3 2347.0343000000003 0.001201 6 62181 2347.04012 40 2 0.049751 3 1 3 0 1 0 0 0 0 0 1 1 1 0 0 0 0 0 0.005819999999857828
1 0 0 0 0 0 2 2 0 0 0 E A 3 2345.4670300000002 0.001974 3 62180 2345.46731 40 2 0.049779 3 2 3 0 1 0 0 0 0 0 1 1 1 0 0 0 0 0 0.0002799999997478153
0 0 1 0 -1 0 3 3 1 0 1 A E 3 2375.6759 0.002037 2 119585 2375.66965 56 3 0.027556 3 3 2 1 0 0 1 0 1 0 3 0.7 0 0 1 0 0 0 0.006250000000363798
1 0 0 0 0 0 1 1 0 0 0 E A 3 2329.41082 0.001886 3 23925 2329.41562 24 1 0.049768 3 1 3 0 1 0 0 0 0 0 1 1 1 0 0 0 0 0 0.0048000000001593435
0 0 1 0 1 0 12 12 1 0 1 A E 3 2943.99389 0.003536 2 1496851 2944.65921 200 12 0.038816 3 12 2 1 0 0 1 0 1 0 3 0.62 0 0 1 0 0 0 0.6653199999996104
0 0 1 0 1 0 13 9 1 0 1 A E 3 3083.53726 0.003536 2 1745529 3083.25221 216 13 0.029045 3 9 1 1 0 0 1 0 1 0 3 0.57 0 0 1 0 0 0 0.2850499999999556
0 0 1 0 1 0 12 11 1 0 1 E E 3 2955.89142 0.003536 2 1496854 2949.4437 200 12 0.026482 3 11 3 1 0 0 1 0 1 0 3 0.92 0 0 1 0 0 0 6.447720000000118
0 0 1 0 1 0 11 11 1 0 1 E E 3 2850.61553 0.003536 2 1267298 2844.24026 184 11 0.025886 3 11 3 1 0 0 1 0 1 0 3 0.97 0 0 1 0 0 0 6.37527
1 0 0 0 0 0 13 4 0 0 0 E A 3 3110.79504 0.004279 2 1745540 3108.47314 216 13 0.037992 3 4 3 0 1 0 0 0 0 0 1 0.7 1 0 0 0 0 0 2.321899999999914
0 0 1 0 1 0 8 8 1 0 1 E E 3 2610.26541 0.001886 3 693445 2610.15589 136 8 0.026695 3 8 3 1 0 0 1 0 1 0 3 0.95 0 0 1 0 0 0 0.10951999999997497
0 0 1 0 -1 0 12 7 1 0 1 E E 3 2989.3670700000002 0.003965 2 1496869 2989.46637 200 12 0.033502 3 7 3 1 0 0 1 0 1 0 3 0.86 0 0 1 0 0 0 0.09929999999985739
0 0 1 0 -1 0 11 7 1 0 1 E E 3 2884.06844 0.00148 4 1267313 2884.13458 184 11 0.031076 3 7 3 1 0 0 1 0 1 0 3 0.92 0 0 1 0 0 0 0.06613999999990483
0 0 1 0 -1 0 11 9 1 0 1 A E 3 2875.38968 0.002037 2 1267310 2869.21085 184 11 0.033541 3 9 2 1 0 0 1 0 1 0 3 0.64 0 0 1 0 0 0 6.178830000000289
0 0 1 0 -1 0 11 10 1 0 1 E E 3 2866.32476 0.001504 3 1267304 2860.09582 184 11 0.036115 3 10 3 1 0 0 1 0 1 0 3 0.88 0 0 1 0 0 0 6.228939999999966
0 0 0 2 0 0 9 8 0 0 0 E A 3 2597.66521 0.001577 2 865599 2597.81388 152 9 0.24585 3 8 3 0 0 0 0 2 0 0 1 0.92 0 0 0 0 0 2 0.14867000000003827
0 0 0 2 0 0 8 7 0 0 0 E A 3 2525.82713 0.001287 3 693431 2525.93899 136 8 0.25023 3 7 3 0 0 0 0 2 0 0 1 0.91 0 0 0 0 0 2 0.11185999999997875
0 0 0 2 0 0 6 5 0 0 0 E A 3 2405.88745 0.001287 3 406512 2405.93211 104 6 0.26902 3 5 3 0 0 0 0 2 0 0 1 0.77 0 0 0 0 0 2 0.04466000000002168
0 1 0 1 0 -1 11 7 0 1 1 E E 3 2634.6988 0.00223 1 1267268 2634.75707 184 11 0.28148 3 7 3 1 0 1 0 1 0 1 3 0.88 0 0 0 0 0 2 0.05826999999999316
0 0 0 2 0 0 7 1 0 0 0 E A 3 2483.36629 0.001287 3 540414 2483.34945 120 7 0.25161 3 1 3 0 0 0 0 2 0 0 1 0.8 0 0 0 0 0 2 0.01683999999977459
0 0 0 2 0 0 8 2 0 0 0 E A 3 2552.88686 0.001577 2 693435 2552.86352 136 8 0.24624 3 2 3 0 0 0 0 2 0 0 1 0.81 0 0 0 0 0 2 0.02334000000018932
0 0 0 2 0 2 1 0 0 2 2 A E 3 2244.22586 0.001577 2 23923 2244.22527 24 1 0.27063 3 0 2 2 0 0 0 2 0 2 3 1 0 0 0 0 1 1 0.0005900000001020089
0 0 0 2 0 2 2 0 0 2 2 A E 3 2262.86695 0.001287 3 62178 2262.86405 40 2 0.27111 3 0 1 2 0 0 0 2 0 2 3 0.99 0 0 0 0 1 1 0.0028999999999541615
0 0 0 2 0 0 9 7 0 0 0 E A 3 2610.9125400000003 0.001577 2 865600 2611.02956 152 9 0.25624 3 7 3 0 0 0 0 2 0 0 1 0.86 0 0 0 0 0 2 0.11701999999968393
0 0 0 2 0 -2 2 2 0 2 2 E E 3 2245.56457 0.00223 1 62175 2245.56843 40 2 0.30324 3 2 3 2 0 0 0 2 0 2 3 1 0 0 0 0 1 1 0.0038599999998041312
0 0 0 2 0 0 10 8 0 0 0 E A 3 2691.92945 0.001577 2 1056881 2692.08325 168 10 0.25136 3 8 3 0 0 0 0 2 0 0 1 0.87 0 0 0 0 0 2 0.15380000000004657
0 1 0 1 0 -1 11 6 0 1 1 A E 3 2643.95185 0.00223 1 1267269 2644.01323 184 11 0.27414 3 6 2 1 0 1 0 1 0 1 3 0.62 0 0 0 0 0 2 0.061380000000099244
0 0 0 2 0 -2 3 3 0 2 2 A E 3 2262.49829 0.001577 2 119575 2262.50647 56 3 0.32105 3 3 1 2 0 0 0 2 0 2 3 0.71 0 0 0 0 1 1 0.008179999999811116
0 0 0 2 0 0 13 11 0 0 0 E A 3 2987.34199 0.001577 2 1745503 2981.43566 216 13 0.23905 3 11 3 0 0 0 0 2 0 0 1 0.89 0 0 0 0 0 2 5.906329999999798
0 0 0 2 0 -2 5 5 0 2 2 E E 3 2319.57628 0.00223 1 291725 2319.59727 88 5 0.35963 3 5 3 2 0 0 0 2 0 2 3 1 0 0 0 0 1 1 0.02098999999998341
0 0 0 2 0 -2 6 6 0 2 2 A E 3 2359.7103 0.00223 1 406509 2359.73976 104 6 0.3806 3 6 2 2 0 0 0 2 0 2 3 0.71 0 0 0 0 1 1 0.02945999999974447
0 0 0 2 0 0 10 7 0 0 0 E A 3 2704.85815 0.001287 3 1056882 2704.97174 168 10 0.25914 3 7 3 0 0 0 0 2 0 0 1 0.81 0 0 0 0 0 2 0.11358999999993102
0 1 0 1 0 -1 11 3 0 1 1 A E 3 2665.78722 0.001577 2 1267271 2665.86866 184 11 0.25414 3 3 2 1 0 1 0 1 0 1 3 0.6 0 0 0 0 0 2 0.08143999999992957
0 0 0 2 0 2 5 0 0 2 2 A E 3 2375.33223 0.001577 2 291732 2375.324 88 5 0.27192 3 0 2 2 0 0 0 2 0 2 3 0.93 0 0 0 0 1 1 0.008229999999912252
0 0 0 2 0 0 11 8 0 0 0 E A 3 2794.94987 0.001287 3 1267288 2795.09844 184 11 0.25392 3 8 3 0 0 0 0 2 0 0 1 0.83 0 0 0 0 0 2 0.14857000000029075
0 0 0 2 0 2 2 1 0 2 2 E E 3 2269.1507300000003 0.001577 2 62179 2269.14862 40 2 0.25556 3 1 3 2 0 0 0 2 0 2 3 0.99 0 0 0 0 1 1 0.002110000000357104
0 0 0 2 0 2 6 0 0 2 2 A E 3 2431.6949400000003 0.001287 3 406517 2431.68478 104 6 0.27125 3 0 1 2 0 0 0 2 0 2 3 0.89 0 0 0 0 1 1 0.010160000000269065
0 0 0 2 0 0 2 1 0 0 0 E A 3 2254.14717 0.001577 2 62177 2254.13967 40 2 0.24299 3 1 3 0 0 0 0 2 0 0 1 0.99 0 0 0 0 0 2 0.007500000000163709
0 0 0 2 0 2 3 1 0 2 2 E E 3 2297.15301 0.001577 2 119580 2297.14767 56 3 0.25617 3 1 3 2 0 0 0 2 0 2 3 0.99 0 0 0 0 1 1 0.005340000000160217
0 0 0 2 0 -2 3 2 0 2 2 E E 3 2273.46729 0.001577 2 119576 2273.46743 56 3 0.30391 3 2 3 2 0 0 0 2 0 2 3 0.99 0 0 0 0 1 1 0.00014000000010128133
0 1 0 1 0 -1 10 10 0 1 1 E E 3 2511.39657 0.00223 1 1056862 2505.26238 168 10 0.3146 3 10 3 1 0 1 0 1 0 1 3 0.98 0 0 0 0 0 2 6.134189999999762
0 0 0 2 0 0 11 7 0 0 0 E A 3 2807.4250500000003 0.001577 2 1267290 2807.5268 184 11 0.25656 3 7 3 0 0 0 0 2 0 0 1 0.76 0 0 0 0 0 2 0.10174999999981083
0 0 0 2 0 0 12 8 0 0 0 E A 3 2906.5009 0.00223 1 1496841 2906.63304 200 12 0.25185 3 8 3 0 0 0 0 2 0 0 1 0.77 0 0 0 0 0 2 0.13214000000016313
0 0 0 2 0 -2 4 3 0 2 2 A E 3 2299.69646 0.001577 2 196088 2299.69913 72 4 0.32209 3 3 2 2 0 0 0 2 0 2 3 0.7 0 0 0 0 1 1 0.0026699999998527346
0 0 0 2 0 2 7 0 0 2 2 A E 3 2497.31993 0.00223 1 540415 2497.30656 120 7 0.26965 3 0 2 2 0 0 0 2 0 2 3 0.86 0 0 0 0 1 1 0.013370000000122673
0 0 0 2 0 2 5 1 0 2 2 E E 3 2381.33475 0.001287 3 291733 2381.32365 88 5 0.25718 3 1 3 2 0 0 0 2 0 2 3 0.95 0 0 0 0 1 1 0.01110000000016953
0 0 0 2 0 -2 6 5 0 2 2 E E 3 2375.35016 0.00223 1 406510 2375.36191 104 6 0.36124 3 5 3 2 0 0 0 2 0 2 3 0.99 0 0 0 0 1 1 0.011750000000120053
0 0 0 2 0 -2 7 6 0 2 2 A E 3 2424.76383 0.00223 1 540406 2424.78276 120 7 0.38239 3 6 1 2 0 0 0 2 0 2 3 0.7 0 0 0 0 1 1 0.01893000000018219
0 0 0 2 0 2 8 0 0 2 2 A E 3 2572.02983 0.001577 2 693438 2572.01022 136 8 0.26676 3 0 1 2 0 0 0 2 0 2 3 0.82 0 0 0 0 1 1 0.019609999999829597
0 0 0 2 0 2 6 1 0 2 2 E E 3 2437.42716 0.001577 2 406518 2437.41206 104 6 0.25672 3 1 3 2 0 0 0 2 0 2 3 0.91 0 0 0 0 1 1 0.015100000000074942
0 0 0 2 0 0 3 2 0 0 0 E A 3 2279.6867500000003 0.001287 3 119577 2279.68726 56 3 0.243 3 2 3 0 0 0 0 2 0 0 1 0.98 0 0 0 0 0 2 0.0005099999998492422
0 0 0 2 0 -2 4 2 0 2 2 E E 3 2311.1641600000003 0.00223 1 196090 2311.16722 72 4 0.29528 3 2 3 2 0 0 0 2 0 2 3 0.92 0 0 0 0 1 1 0.0030599999995502003
0 1 0 1 0 -1 11 1 0 1 1 E E 3 2675.00694 0.001577 2 1267273 2675.12115 184 11 0.24177 3 1 3 1 0 1 0 1 0 1 3 0.8 0 0 0 0 0 2 0.11420999999972992
0 0 0 2 0 2 10 0 0 2 2 A E 3 2748.0939000000003 0.00223 1 1056891 2748.05517 168 10 0.25629 3 0 1 2 0 0 0 2 0 2 3 0.75 0 0 0 0 1 1 0.038730000000214204
0 0 0 2 0 -2 7 5 0 2 2 E E 3 2439.6075100000003 0.001577 2 540407 2439.60775 120 7 0.34883 3 5 3 2 0 0 0 2 0 2 3 0.95 0 0 0 0 1 1 0.0002399999998488056
0 0 0 2 0 2 4 3 0 2 2 A E 3 2342.20829 0.001577 2 196095 2342.20739 72 4 0.2266 3 3 2 2 0 0 0 2 0 2 3 0.7 0 0 0 0 1 1 0.0009000000000014552
0 0 0 2 0 2 9 1 0 2 2 E E 3 2660.01449 0.001577 2 865609 2659.9788 152 9 0.24739 3 1 3 2 0 0 0 2 0 2 3 0.78 0 0 0 0 1 1 0.03569000000015876
0 0 0 2 0 2 5 3 0 2 2 A E 3 2388.92502 0.001287 3 291734 2388.92002 88 5 0.2274 3 3 1 2 0 0 0 2 0 2 3 0.68 0 0 0 0 1 1 0.005000000000109139
0 1 0 1 0 1 14 8 0 1 1 E E 3 3022.71502 0.001577 2 2013284 3022.65083 232 14 0.21549 3 8 3 1 0 1 0 1 0 1 3 0.76 0 0 0 0 0 2 0.06419000000005326
0 0 0 2 0 0 4 2 0 0 0 E A 3 2316.7350500000002 0.00223 1 196091 2316.73892 72 4 0.24387 3 2 3 0 0 0 0 2 0 0 1 0.96 0 0 0 0 0 2 0.00386999999955151
0 0 0 2 0 -2 11 9 0 2 2 A E 3 2720.36895 0.00223 1 1267282 2720.39294 184 11 0.43931 3 9 1 2 0 0 0 2 0 2 3 0.67 0 0 0 0 1 1 0.023990000000139844
0 0 0 2 0 2 10 1 0 2 2 E E 3 2751.9442 0.001577 2 1056892 2751.90002 168 10 0.24246 3 1 3 2 0 0 0 2 0 2 3 0.73 0 0 0 0 1 1 0.044179999999869324
0 0 0 2 0 0 4 1 0 0 0 E A 3 2319.13976 0.001287 3 196092 2319.13998 72 4 0.24373 3 1 3 0 0 0 0 2 0 0 1 0.96 0 0 0 0 0 2 0.00021999999989930075
0 0 0 2 0 2 6 3 0 2 2 A E 3 2445.15981 0.001577 2 406520 2445.14979 104 6 0.22527 3 3 1 2 0 0 0 2 0 2 3 0.64 0 0 0 0 1 1 0.010020000000167784
0 1 0 1 0 -1 10 7 0 1 1 E E 3 2539.08052 0.00223 1 1056864 2539.11578 168 10 0.28642 3 7 3 1 0 1 0 1 0 1 3 0.91 0 0 0 0 0 2 0.03526000000010754
0 1 0 1 0 -1 10 6 0 1 1 A E 3 2548.4057000000003 0.00223 1 1056865 2548.44293 168 10 0.27887 3 6 1 1 0 1 0 1 0 1 3 0.63 0 0 0 0 0 2 0.037229999999908614
0 0 0 2 0 2 7 3 0 2 2 A E 3 2510.95613 0.001577 2 540419 2510.93902 120 7 0.22371 3 3 2 2 0 0 0 2 0 2 3 0.6 0 0 0 0 1 1 0.017110000000229775
0 0 0 2 0 2 8 3 0 2 2 A E 3 2586.27453 0.001287 3 693442 2586.24671 136 8 0.22172 3 3 1 2 0 0 0 2 0 2 3 0.55 0 0 0 0 1 1 0.02782000000024709
0 0 0 2 0 2 4 0 0 2 2 A E 3 2328.37838 0.001577 2 196093 2328.37124 72 4 0.27198 3 0 1 2 0 0 0 2 0 2 3 0.96 0 0 0 0 1 1 0.007140000000163127
0 0 0 2 0 0 5 1 0 0 0 E A 3 2365.067 0.001577 2 291731 2365.06669 88 5 0.24384 3 1 3 0 0 0 0 2 0 0 1 0.94 0 0 0 0 0 2 0.00030999999989944627
0 1 0 1 0 1 14 9 0 1 1 A E 3 3018.21654 0.00223 1 2013283 3018.18628 232 14 0.21078 3 9 2 1 0 1 0 1 0 1 3 0.56 0 0 0 0 0 2 0.0302599999999984
0 0 0 2 0 0 6 4 0 0 0 E A 3 2407.1895600000003 0.001287 3 406513 2407.19085 104 6 0.25988 3 4 3 0 0 0 0 2 0 0 1 0.77 0 0 0 0 0 2 0.0012899999996989209
0 0 0 2 0 -2 9 5 0 2 2 E E 3 2594.1351400000003 0.00223 1 865598 2594.11558 152 9 0.32569 3 5 3 2 0 0 0 2 0 2 3 0.87 0 0 0 0 1 1 0.01956000000018321
0 0 0 2 0 -2 6 2 0 2 2 E E 3 2415.73025 0.00223 1 406514 2415.75221 104 6 0.28007 3 2 3 2 0 0 0 2 0 2 3 0.75 0 0 0 0 1 1 0.021960000000035507
0 0 0 2 0 2 4 1 0 2 2 E E 3 2334.54938 0.001577 2 196094 2334.54133 72 4 0.25682 3 1 3 2 0 0 0 2 0 2 3 0.97 0 0 0 0 1 1 0.008049999999911961
0 0 0 2 0 0 6 2 0 0 0 E A 3 2417.32324 0.00223 1 406515 2417.32054 104 6 0.24524 3 2 3 0 0 0 0 2 0 0 1 0.89 0 0 0 0 0 2 0.0027000000000043656
0 0 0 2 0 2 7 6 0 2 2 A E 3 2509.2863700000003 0.001577 2 540418 2509.29487 120 7 0.18573 3 6 1 2 0 0 0 2 0 2 3 0.65 0 0 0 0 1 1 0.008499999999912689
0 0 0 2 0 0 6 1 0 0 0 E A 3 2419.78982 0.001577 2 406516 2419.784 104 6 0.24418 3 1 3 0 0 0 0 2 0 0 1 0.9 0 0 0 0 0 2 0.005819999999857828
0 0 0 2 0 2 8 6 0 2 2 A E 3 2583.74928 0.001287 3 693441 2583.7492 136 8 0.18486 3 6 2 2 0 0 0 2 0 2 3 0.64 0 0 0 0 1 1 7.999999979801942e-05
0 1 0 1 0 -1 14 4 0 1 1 E E 3 2996.70231 0.00223 1 2013276 2996.86656 232 14 0.24524 3 4 3 1 0 1 0 1 0 1 3 0.79 0 0 0 0 0 2 0.16424999999981083
0 0 0 2 0 0 7 4 0 0 0 E A 3 2470.46021 0.001287 3 540410 2470.45271 120 7 0.26162 3 4 3 0 0 0 0 2 0 0 1 0.74 0 0 0 0 0 2 0.007500000000163709
0 1 0 1 0 1 13 6 0 1 1 A E 3 2907.0723000000003 0.001577 2 1745496 2906.97686 216 13 0.22651 3 6 1 1 0 1 0 1 0 1 3 0.5 0 0 0 0 0 2 0.09544000000005326
0 0 0 2 0 2 9 6 0 2 2 A E 3 2667.56689 0.001577 2 865611 2667.55394 152 9 0.18215 3 6 1 2 0 0 0 2 0 2 3 0.61 0 0 0 0 1 1 0.012950000000273576
0 1 0 1 0 -1 10 4 0 1 1 E E 3 2564.15501 0.00223 1 1056866 2564.20216 168 10 0.26514 3 4 3 1 0 1 0 1 0 1 3 0.88 0 0 0 0 0 2 0.047149999999874126
0 0 0 2 0 2 8 7 0 2 2 E E 3 2580.38161 0.001577 2 693440 2580.3932 136 8 0.16517 3 7 3 2 0 0 0 2 0 2 3 0.96 0 0 0 0 1 1 0.011590000000069267
0 0 0 2 0 0 7 2 0 0 0 E A 3 2480.71906 0.001577 2 540412 2480.71007 120 7 0.24541 3 2 3 0 0 0 0 2 0 0 1 0.85 0 0 0 0 0 2 0.008989999999812426
0 0 0 2 0 2 10 6 0 2 2 A E 3 2760.7193500000003 0.001577 2 1056895 2760.68428 168 10 0.17584 3 6 2 2 0 0 0 2 0 2 3 0.59 0 0 0 0 1 1 0.03507000000035987
0 0 0 2 0 2 9 7 0 2 2 E E 3 2664.09423 0.001577 2 865610 2664.0923 152 9 0.16113 3 7 3 2 0 0 0 2 0 2 3 0.93 0 0 0 0 1 1 0.001930000000356813
0 0 0 2 0 0 7 5 0 0 0 E A 3 2472.53226 0.00223 1 540411 2472.58315 120 7 0.27114 3 5 3 0 0 0 0 2 0 0 1 0.74 0 0 0 0 0 2 0.05088999999998123
0 0 0 2 0 0 8 4 0 0 0 E A 3 2542.5553 0.001287 3 693433 2542.53806 136 8 0.2616 3 4 3 0 0 0 0 2 0 0 1 0.72 0 0 0 0 0 2 0.01724000000012893
0 0 0 2 0 2 10 7 0 2 2 E E 3 2757.0591400000003 0.001577 2 1056894 2757.03577 168 10 0.15378 3 7 3 2 0 0 0 2 0 2 3 0.89 0 0 0 0 1 1 0.02337000000034095
0 0 0 2 0 2 11 6 0 2 2 A E 3 2863.12224 0.001577 2 1267305 2863.04832 184 11 0.16018 3 6 1 2 0 0 0 2 0 2 3 0.55 0 0 0 0 1 1 0.0739200000002711
0 1 0 1 0 -1 10 3 0 1 1 A E 3 2570.5563 0.001577 2 1056867 2570.61151 168 10 0.25865 3 3 1 1 0 1 0 1 0 1 3 0.61 0 0 0 0 0 2 0.05520999999998821
0 1 0 1 0 -1 9 9 0 1 1 A E 3 2436.6261400000003 0.00223 1 865582 2430.46767 152 9 0.30948 3 9 1 1 0 1 0 1 0 1 3 0.7 0 0 0 0 0 2 6.158470000000307
0 0 0 2 0 0 10 2 0 0 0 E A 3 2722.91051 0.001577 2 1056885 2722.88522 168 10 0.23764 3 2 3 0 0 0 0 2 0 0 1 0.75 0 0 0 0 0 2 0.02529000000004089
0 0 0 2 0 0 10 1 0 0 0 E A 3 2725.55098 0.001577 2 1056886 2725.51861 168 10 0.23494 3 1 3 0 0 0 0 2 0 0 1 0.79 0 0 0 0 0 2 0.032369999999900756
0 1 0 1 0 1 13 8 0 1 1 E E 3 2900.71969 0.001577 2 1745494 2900.6864 216 13 0.21592 3 8 3 1 0 1 0 1 0 1 3 0.8 0 0 0 0 0 2 0.033289999999851716
0 1 0 1 0 -1 10 1 0 1 1 E E 3 2580.14186 0.001577 2 1056868 2580.22892 168 10 0.24599 3 1 3 1 0 1 0 1 0 1 3 0.83 0 0 0 0 0 2 0.0870599999998376
0 2 0 0 0 0 3 2 0 0 0 E A 3 2021.5634100000002 0.001577 2 119568 2021.56486 56 3 0.25466 3 2 3 0 0 2 0 0 0 0 1 0.99 0 0 0 0 1 1 0.001449999999749707
0 1 0 1 0 1 10 0 0 1 1 A E 3 2582.96814 0.00223 1 1056869 2583.07743 168 10 0.24039 3 0 1 1 0 1 0 1 0 1 3 0.77 0 0 0 0 0 2 0.10928999999987354
0 1 0 1 0 -1 9 6 0 1 1 A E 3 2461.47418 0.00223 1 865584 2461.49225 152 9 0.28321 3 6 2 1 0 1 0 1 0 1 3 0.65 0 0 0 0 0 2 0.018069999999624997
0 0 0 2 0 0 13 10 0 0 0 E A 3 3004.40677 0.00223 1 1745505 2998.44053 216 13 0.24417 3 10 3 0 0 0 0 2 0 0 1 0.84 0 0 0 0 0 2 5.966240000000198
0 1 0 1 0 1 13 9 0 1 1 A E 3 2896.4086500000003 0.001577 2 1745493 2896.41207 216 13 0.21137 3 9 1 1 0 1 0 1 0 1 3 0.59 0 0 0 0 0 2 0.0034199999995507824
0 1 0 1 0 1 12 6 0 1 1 A E 3 2793.47886 0.001577 2 1496831 2793.40641 200 12 0.22697 3 6 2 1 0 1 0 1 0 1 3 0.53 0 0 0 0 0 2 0.07245000000011714
0 1 0 1 0 -1 9 4 0 1 1 E E 3 2477.3739800000003 0.00223 1 865585 2477.39919 152 9 0.26929 3 4 3 1 0 1 0 1 0 1 3 0.9 0 0 0 0 0 2 0.025209999999788124
0 1 0 1 0 -1 13 10 0 1 1 E E 3 2824.66685 0.00223 1 1745482 2818.59078 216 13 0.29484 3 10 3 1 0 1 0 1 0 1 3 0.87 0 0 0 0 0 2 6.0760700000000725
0 1 0 1 0 -1 9 3 0 1 1 A E 3 2483.88247 0.001577 2 865586 2483.91486 152 9 0.26281 3 3 2 1 0 1 0 1 0 1 3 0.63 0 0 0 0 0 2 0.03238999999985026
0 1 0 1 0 -1 13 9 0 1 1 A E 3 2836.74679 0.00223 1 1745483 2830.66833 216 13 0.28603 3 9 1 1 0 1 0 1 0 1 3 0.61 0 0 0 0 0 2 6.078460000000177
0 1 0 1 0 1 13 11 0 1 1 E E 3 2891.62284 0.00223 1 1745490 2885.55021 216 13 0.204 3 11 3 1 0 1 0 1 0 1 3 0.9 0 0 0 0 0 2 6.072630000000117
0 1 0 1 0 -1 9 1 0 1 1 E E 3 2493.8065 0.001577 2 865587 2493.86784 152 9 0.25009 3 1 3 1 0 1 0 1 0 1 3 0.86 0 0 0 0 0 2 0.06133999999974549
0 1 0 1 0 -1 8 7 0 1 1 E E 3 2373.7769000000003 0.00223 1 693416 2373.78502 136 8 0.29522 3 7 3 1 0 1 0 1 0 1 3 0.96 0 0 0 0 0 2 0.008119999999507854
0 1 0 1 0 -1 8 6 0 1 1 A E 3 2383.1922600000003 0.00223 1 693417 2383.19695 136 8 0.28716 3 6 1 1 0 1 0 1 0 1 3 0.67 0 0 0 0 0 2 0.004689999999754946
0 1 0 1 0 1 11 6 0 1 1 A E 3 2688.72222 0.001577 2 1267278 2688.67451 184 11 0.22745 3 6 1 1 0 1 0 1 0 1 3 0.56 0 0 0 0 0 2 0.04771000000027925
0 1 0 1 0 1 12 9 0 1 1 A E 3 2783.4197 0.001577 2 1496828 2783.45596 200 12 0.21225 3 9 2 1 0 1 0 1 0 1 3 0.62 0 0 0 0 0 2 0.03625999999985652
0 1 0 1 0 -1 8 4 0 1 1 E E 3 2399.20377 0.00223 1 693418 2399.21237 136 8 0.273 3 4 3 1 0 1 0 1 0 1 3 0.92 0 0 0 0 0 2 0.00860000000011496
0 1 0 1 0 -1 8 3 0 1 1 A E 3 2405.79821 0.001577 2 693419 2405.812 136 8 0.26653 3 3 1 1 0 1 0 1 0 1 3 0.64 0 0 0 0 0 2 0.01378999999997177
0 1 0 1 0 1 11 8 0 1 1 E E 3 2683.19367 0.001577 2 1267277 2683.21673 184 11 0.21733 3 8 3 1 0 1 0 1 0 1 3 0.88 0 0 0 0 0 2 0.023059999999986758
0 1 0 1 0 -1 7 7 0 1 1 E E 3 2304.1561 0.00223 1 540396 2304.16064 120 7 0.29918 3 7 3 1 0 1 0 1 0 1 3 0.99 0 0 0 0 0 2 0.004539999999906286
0 1 0 1 0 -1 8 1 0 1 1 E E 3 2416.01694 0.001577 2 693420 2416.0552 136 8 0.25395 3 1 3 1 0 1 0 1 0 1 3 0.88 0 0 0 0 0 2 0.038259999999809224
0 1 0 1 0 -1 7 6 0 1 1 A E 3 2313.59033 0.00223 1 540397 2313.58737 120 7 0.29076 3 6 2 1 0 1 0 1 0 1 3 0.68 0 0 0 0 0 2 0.002959999999802676
0 1 0 1 0 1 8 0 0 1 1 A E 3 2419.3367200000002 0.00223 1 693421 2419.40004 136 8 0.24761 3 0 1 1 0 1 0 1 0 1 3 0.84 0 0 0 0 0 2 0.06331999999974869
0 2 0 0 0 0 1 1 0 0 0 E A 3 1980.67777 0.001577 2 23919 1980.68306 24 1 0.25746 3 1 3 0 0 2 0 0 0 0 1 1 0 0 0 0 1 1 0.005290000000059081
0 1 0 1 0 1 10 6 0 1 1 A E 3 2592.82294 0.001577 2 1056872 2592.7988 168 10 0.22806 3 6 2 1 0 1 0 1 0 1 3 0.59 0 0 0 0 0 2 0.024139999999988504
0 1 0 1 0 1 11 9 0 1 1 A E 3 2679.26685 0.00223 1 1267276 2679.33697 184 11 0.21349 3 9 1 1 0 1 0 1 0 1 3 0.64 0 0 0 0 0 2 0.07011999999986074
0 2 0 0 0 0 6 5 0 0 0 E A 3 2142.05595 0.001577 2 406496 2142.0567 104 6 0.25131 3 5 3 0 0 2 0 0 0 0 1 0.98 0 0 0 0 1 1 0.0007500000001527951
0 1 0 1 0 -1 7 4 0 1 1 E E 3 2329.67731 0.001577 2 540398 2329.67349 120 7 0.27628 3 4 3 1 0 1 0 1 0 1 3 0.94 0 0 0 0 0 2 0.0038199999999051215
0 2 0 0 0 0 8 2 0 0 0 E A 3 2270.66075 0.00223 1 693414 2270.60081 136 8 0.23448 3 2 3 0 0 2 0 0 0 0 1 0.93 0 0 0 0 1 1 0.059940000000096916
0 1 0 1 0 -1 7 3 0 1 1 A E 3 2336.3348100000003 0.001577 2 540399 2336.33497 120 7 0.2698 3 3 2 1 0 1 0 1 0 1 3 0.66 0 0 0 0 0 2 0.00015999999959603883
0 1 0 1 0 -1 13 7 0 1 1 E E 3 2851.67495 0.00223 1 1745484 2851.79284 216 13 0.27059 3 7 3 1 0 1 0 1 0 1 3 0.84 0 0 0 0 0 2 0.1178899999999885
0 1 0 1 0 1 10 8 0 1 1 E E 3 2587.67818 0.001577 2 1056871 2587.73066 168 10 0.2185 3 8 3 1 0 1 0 1 0 1 3 0.92 0 0 0 0 0 2 0.052480000000286964
0 2 0 0 0 0 11 8 0 0 0 E A 3 2507.56817 0.001577 2 1267260 2507.55973 184 11 0.23453 3 8 3 0 0 2 0 0 0 0 1 0.93 0 0 0 0 1 1 0.008440000000064174
0 1 0 1 0 -1 6 6 0 1 1 A E 3 2252.6911800000003 0.00223 1 406500 2252.68599 104 6 0.29403 3 6 1 1 0 1 0 1 0 1 3 0.7 0 0 0 0 0 2 0.0051900000003115565
0 1 0 1 0 -1 13 6 0 1 1 A E 3 2860.73472 0.00223 1 1745485 2860.85598 216 13 0.26361 3 6 2 1 0 1 0 1 0 1 3 0.59 0 0 0 0 0 2 0.1212599999998929
0 1 0 1 0 1 9 6 0 1 1 A E 3 2505.78075 0.001577 2 865591 2505.78014 152 9 0.22887 3 6 1 1 0 1 0 1 0 1 3 0.61 0 0 0 0 0 2 0.0006100000000515138
0 1 0 1 0 1 7 0 0 1 1 A E 3 2350.35791 0.001577 2 540401 2350.39997 120 7 0.25106 3 0 2 1 0 1 0 1 0 1 3 0.87 0 0 0 0 0 2 0.04205999999976484
0 1 0 1 0 1 8 3 0 1 1 A E 3 2429.34605 0.001577 2 693426 2429.30925 136 8 0.24049 3 3 1 1 0 1 0 1 0 1 3 0.53 0 0 0 0 0 2 0.03680000000031214
0 1 0 1 0 1 10 9 0 1 1 A E 3 2583.95586 0.001287 3 1056870 2584.06253 168 10 0.21513 3 9 2 1 0 1 0 1 0 1 3 0.67 0 0 0 0 0 2 0.10667000000012195
0 1 0 1 0 -1 6 4 0 1 1 E E 3 2268.8198 0.00223 1 406501 2268.80898 104 6 0.27915 3 4 3 1 0 1 0 1 0 1 3 0.96 0 0 0 0 0 2 0.010820000000421715
0 1 0 1 0 -1 6 3 0 1 1 A E 3 2275.5211400000003 0.00223 1 406502 2275.51223 104 6 0.27261 3 3 1 1 0 1 0 1 0 1 3 0.67 0 0 0 0 0 2 0.008910000000469154
0 2 0 0 0 0 10 7 0 0 0 E A 3 2419.3595800000003 0.001577 2 1056857 2419.34171 168 10 0.23656 3 7 3 0 0 2 0 0 0 0 1 0.93 0 0 0 0 1 1 0.01787000000012995
0 2 0 0 0 0 12 1 0 0 0 E A 3 2621.49478 0.00223 1 1496815 2621.27505 200 12 0.21383 3 1 3 0 0 2 0 0 0 0 1 0.85 0 0 0 0 1 1 0.21972999999979947
0 2 0 0 0 0 12 2 0 0 0 E A 3 2620.79683 0.00223 1 1496814 2620.58593 200 12 0.21441 3 2 3 0 0 2 0 0 0 0 1 0.85 0 0 0 0 1 1 0.21090000000003783
0 1 0 1 0 1 8 5 0 1 1 E E 3 2429.23115 0.001577 2 693425 2429.21178 136 8 0.23696 3 5 3 1 0 1 0 1 0 1 3 0.71 0 0 0 0 0 2 0.01936999999998079
0 1 0 1 0 1 9 8 0 1 1 E E 3 2500.9940500000002 0.001287 3 865590 2501.07722 152 9 0.22003 3 8 3 1 0 1 0 1 0 1 3 0.95 0 0 0 0 0 2 0.08316999999988184
0 1 0 1 0 1 7 2 0 1 1 E E 3 2358.13808 0.001577 2 540402 2358.08965 120 7 0.24768 3 2 3 1 0 1 0 1 0 1 3 0.81 0 0 0 0 0 2 0.048430000000280415
0 2 0 0 0 0 8 7 0 0 0 E A 3 2261.84699 0.001577 2 693411 2261.85875 136 8 0.24923 3 7 3 0 0 2 0 0 0 0 1 0.97 0 0 0 0 1 1 0.011759999999867432
0 1 0 1 0 -1 6 1 0 1 1 E E 3 2286.15756 0.001577 2 406503 2286.16286 104 6 0.26043 3 1 3 1 0 1 0 1 0 1 3 0.93 0 0 0 0 0 2 0.0052999999998064595
0 2 0 0 0 0 11 5 0 0 0 E A 3 2515.94962 0.00223 1 1267262 2515.84362 184 11 0.22422 3 5 3 0 0 2 0 0 0 0 1 0.89 0 0 0 0 1 1 0.10599999999976717
0 2 0 0 0 0 12 4 0 0 0 E A 3 2618.01572 0.00223 1 1496813 2617.84028 200 12 0.21682 3 4 3 0 0 2 0 0 0 0 1 0.86 0 0 0 0 1 1 0.1754399999999805
0 1 0 1 0 1 8 6 0 1 1 A E 3 2427.58212 0.001577 2 693423 2427.60359 136 8 0.22995 3 6 2 1 0 1 0 1 0 1 3 0.63 0 0 0 0 0 2 0.02147000000013577
0 1 0 1 0 1 7 3 0 1 1 A E 3 2359.3052700000003 0.001577 2 540404 2359.28397 120 7 0.242 3 3 1 1 0 1 0 1 0 1 3 0.61 0 0 0 0 0 2 0.021300000000337604
0 1 0 1 0 1 6 0 0 1 1 A E 3 2289.93868 0.001577 2 406504 2289.9628 104 6 0.25425 3 0 1 1 0 1 0 1 0 1 3 0.91 0 0 0 0 0 2 0.024119999999584252
0 1 0 1 0 -1 5 4 0 1 1 E E 3 2216.65161 0.00223 1 291718 2216.63792 88 5 0.28161 3 4 3 1 0 1 0 1 0 1 3 0.98 0 0 0 0 0 2 0.013689999999769498
0 2 0 0 0 0 12 5 0 0 0 E A 3 2615.95119 0.00223 1 1496812 2615.80286 200 12 0.21871 3 5 3 0 0 2 0 0 0 0 1 0.87 0 0 0 0 1 1 0.14833000000044194
0 1 0 1 0 -1 5 3 0 1 1 A E 3 2223.37953 0.001577 2 291719 2223.36611 88 5 0.27498 3 3 2 1 0 1 0 1 0 1 3 0.68 0 0 0 0 0 2 0.013420000000223808
0 2 0 0 0 0 9 8 0 0 0 E A 3 2333.5252100000002 0.001577 2 865576 2333.54943 152 9 0.24823 3 8 3 0 0 2 0 0 0 0 1 0.97 0 0 0 0 1 1 0.024219999999786523
0 1 0 1 0 1 7 5 0 1 1 E E 3 2359.42743 0.001287 3 540405 2359.44139 120 7 0.23492 3 5 3 1 0 1 0 1 0 1 3 0.91 0 0 0 0 0 2 0.013959999999769934
0 2 0 0 0 0 11 7 0 0 0 E A 3 2510.73433 0.00223 1 1267261 2510.68924 184 11 0.2303 3 7 3 0 0 2 0 0 0 0 1 0.91 0 0 0 0 1 1 0.045090000000072905
0 1 0 1 0 1 6 2 0 1 1 E E 3 2296.89757 0.001577 2 406505 2296.86284 104 6 0.24924 3 2 3 1 0 1 0 1 0 1 3 0.88 0 0 0 0 0 2 0.03473000000030879
0 1 0 1 0 1 8 8 0 1 1 E E 3 2423.11982 0.00223 1 693422 2423.23667 136 8 0.22192 3 8 3 1 0 1 0 1 0 1 3 0.98 0 0 0 0 0 2 0.11684999999988577
0 1 0 1 0 -1 5 1 0 1 1 E E 3 2234.13907 0.001577 2 291720 2234.13542 88 5 0.26292 3 1 3 1 0 1 0 1 0 1 3 0.95 0 0 0 0 0 2 0.0036500000001069566
0 2 0 0 0 0 12 7 0 0 0 E A 3 2610.53849 0.00223 1 1496811 2610.45843 200 12 0.22418 3 7 3 0 0 2 0 0 0 0 1 0.89 0 0 0 0 1 1 0.08005999999977575
0 1 0 1 0 1 6 3 0 1 1 A E 3 2298.17011 0.001287 3 406507 2298.16495 104 6 0.24308 3 3 1 1 0 1 0 1 0 1 3 0.64 0 0 0 0 0 2 0.0051600000001599255
0 1 0 1 0 1 7 6 0 1 1 A E 3 2358.2059 0.001577 2 540403 2358.24662 120 7 0.23131 3 6 2 1 0 1 0 1 0 1 3 0.65 0 0 0 0 0 2 0.040719999999964784
0 1 0 1 0 1 5 0 0 1 1 A E 3 2238.08845 0.001577 2 291721 2238.09859 88 5 0.25702 3 0 2 1 0 1 0 1 0 1 3 0.94 0 0 0 0 0 2 0.010139999999864813
0 1 0 1 0 -1 4 4 0 1 1 E E 3 2173.18471 0.00223 1 196082 2173.1708 72 4 0.28371 3 4 3 1 0 1 0 1 0 1 3 0.99 0 0 0 0 0 2 0.013910000000123546
0 1 0 1 0 -1 4 3 0 1 1 A E 3 2179.92607 0.00223 1 196083 2179.91111 72 4 0.27695 3 3 1 1 0 1 0 1 0 1 3 0.69 0 0 0 0 0 2 0.014959999999973661
0 2 0 0 0 0 12 8 0 0 0 E A 3 2607.23338 0.00223 1 1496810 2607.195 200 12 0.22793 3 8 3 0 0 2 0 0 0 0 1 0.9 0 0 0 0 1 1 0.038379999999961
0 1 0 1 0 1 6 5 0 1 1 E E 3 2298.56308 0.001287 3 406508 2298.59826 104 6 0.23548 3 5 3 1 0 1 0 1 0 1 3 0.96 0 0 0 0 0 2 0.03518000000030952
0 1 0 1 0 1 5 2 0 1 1 E E 3 2244.47375 0.00223 1 291722 2244.45675 88 5 0.25 3 2 3 1 0 1 0 1 0 1 3 0.93 0 0 0 0 0 2 0.017000000000280124
0 1 0 1 0 -1 4 1 0 1 1 E E 3 2190.7627 0.001577 2 196084 2190.75443 72 4 0.2649 3 1 3 1 0 1 0 1 0 1 3 0.97 0 0 0 0 0 2 0.008270000000266009
0 1 0 1 0 -1 13 4 0 1 1 E E 3 2875.82328 0.001577 2 1745486 2875.9552 216 13 0.25057 3 4 3 1 0 1 0 1 0 1 3 0.81 0 0 0 0 0 2 0.13191999999980908
0 1 0 1 0 1 5 3 0 1 1 A E 3 2245.88416 0.001287 3 291723 2245.88879 88 5 0.245 3 3 2 1 0 1 0 1 0 1 3 0.68 0 0 0 0 0 2 0.004629999999906431
0 1 0 1 0 1 6 6 0 1 1 A E 3 2297.59811 0.001577 2 406506 2297.66242 104 6 0.23256 3 6 1 1 0 1 0 1 0 1 3 0.67 0 0 0 0 0 2 0.06431000000020504
0 1 0 1 0 1 4 0 0 1 1 A E 3 2194.8261 0.00223 1 196085 2194.82753 72 4 0.25925 3 0 1 1 0 1 0 1 0 1 3 0.96 0 0 0 0 0 2 0.0014299999998002022
0 1 0 1 0 -1 3 3 0 1 1 A E 3 2145.16737 0.00223 1 119570 2145.15352 56 3 0.27855 3 3 2 1 0 1 0 1 0 1 3 0.7 0 0 0 0 0 2 0.013850000000275031
0 2 0 0 0 0 11 10 0 0 0 E A 3 2506.52235 0.00223 1 1267259 2500.39663 184 11 0.24633 3 10 3 0 0 2 0 0 0 0 1 0.96 0 0 0 0 1 1 6.125720000000001
0 2 0 0 0 0 12 10 0 0 0 E A 3 2605.80258 0.001577 2 1496809 2599.66238 200 12 0.23829 3 10 3 0 0 2 0 0 0 0 1 0.93 0 0 0 0 1 1 6.1401999999998225
0 1 0 1 0 1 4 2 0 1 1 E E 3 2200.87996 0.001115 4 196086 2200.87696 72 4 0.25077 3 2 3 1 0 1 0 1 0 1 3 0.96 0 0 0 0 0 2 0.003000000000156433
0 2 0 0 0 0 13 10 0 0 0 E A 3 2713.53935 0.00223 1 1745473 2707.37424 216 13 0.23068 3 10 3 0 0 2 0 0 0 0 1 0.91 0 0 0 0 1 1 6.165109999999913
0 1 0 1 0 1 5 5 0 1 1 E E 3 2246.53258 0.001287 3 291724 2246.58392 88 5 0.23678 3 5 3 1 0 1 0 1 0 1 3 0.99 0 0 0 0 0 2 0.051339999999981956
0 1 0 1 0 -1 3 1 0 1 1 E E 3 2156.04811 0.001577 2 119571 2156.03862 56 3 0.26642 3 1 3 1 0 1 0 1 0 1 3 0.98 0 0 0 0 0 2 0.009490000000369037
0 1 0 1 0 1 4 3 0 1 1 A E 3 2202.42434 0.001287 3 196087 2202.44058 72 4 0.24607 3 3 1 1 0 1 0 1 0 1 3 0.69 0 0 0 0 0 2 0.016239999999925203
0 1 0 1 0 1 3 0 0 1 1 A E 3 2160.17863 0.001577 2 119572 2160.17626 56 3 0.26091 3 0 2 1 0 1 0 1 0 1 3 0.98 0 0 0 0 0 2 0.002369999999700667
0 1 0 1 0 1 3 2 0 1 1 E E 3 2166.08115 0.001577 2 119573 2166.08939 56 3 0.2516 3 2 3 1 0 1 0 1 0 1 3 0.98 0 0 0 0 0 2 0.008240000000114378
0 1 0 1 0 -1 2 1 0 1 1 E E 3 2130.00745 0.001577 2 62172 2129.99885 40 2 0.26753 3 1 3 1 0 1 0 1 0 1 3 0.99 0 0 0 0 0 2 0.00860000000011496
0 1 0 1 0 -1 12 12 0 1 1 A E 3 2684.09315 0.00223 1 1496816 2678.02284 200 12 0.3248 3 12 1 1 0 1 0 1 0 1 3 0.69 0 0 0 0 0 2 6.070310000000063
0 1 0 1 0 1 2 0 0 1 1 A E 3 2134.17299 0.001577 2 62173 2134.1696 40 2 0.26206 3 0 1 1 0 1 0 1 0 1 3 0.99 0 0 0 0 0 2 0.0033899999998538988
0 1 0 1 0 -1 12 4 0 1 1 E E 3 2763.41553 0.001577 2 1496822 2763.51634 200 12 0.25571 3 4 3 1 0 1 0 1 0 1 3 0.83 0 0 0 0 0 2 0.10080999999991036
0 1 0 1 0 -1 12 3 0 1 1 A E 3 2769.54311 0.001577 2 1496824 2769.65327 200 12 0.24935 3 3 1 1 0 1 0 1 0 1 3 0.58 0 0 0 0 0 2 0.11015999999972337
0 1 0 1 0 -1 11 4 0 1 1 E E 3 2659.51391 0.00223 1 1267270 2659.58652 184 11 0.26058 3 4 3 1 0 1 0 1 0 1 3 0.86 0 0 0 0 0 2 0.07260999999971318
0 1 0 1 0 1 2 2 0 1 1 E E 3 2140.0336 0.001287 3 62174 2140.04842 40 2 0.25239 3 2 3 1 0 1 0 1 0 1 3 0.99 0 0 0 0 0 2 0.01481999999987238
0 1 0 1 0 -1 1 1 0 1 1 E E 3 2112.64635 0.00223 1 23920 2112.63923 24 1 0.26825 3 1 3 1 0 1 0 1 0 1 3 1 0 0 0 0 0 2 0.007119999999758875
0 1 0 1 0 -1 12 1 0 1 1 E E 3 2778.38582 0.001577 2 1496826 2778.52868 200 12 0.23752 3 1 3 1 0 1 0 1 0 1 3 0.77 0 0 0 0 0 2 0.14285999999992782
0 1 0 1 0 1 12 0 0 1 1 A E 3 2780.8024 0.00223 1 1496827 2780.95913 200 12 0.23315 3 0 1 1 0 1 0 1 0 1 3 0.72 0 0 0 0 0 2 0.15673000000015236
0 1 0 1 0 1 1 0 0 1 1 A E 3 2116.82636 0.001577 2 23921 2116.8247 24 1 0.26279 3 0 2 1 0 1 0 1 0 1 3 1 0 0 0 0 0 2 0.001659999999901629
0 1 0 1 0 -1 12 10 0 1 1 E E 3 2711.63499 0.00223 1 1496817 2705.52891 200 12 0.30149 3 10 3 1 0 1 0 1 0 1 3 0.91 0 0 0 0 0 2 6.10608000000002
0 1 0 1 0 1 11 0 0 1 1 A E 3 2677.61431 0.00223 1 1267275 2677.7473 184 11 0.23677 3 0 2 1 0 1 0 1 0 1 3 0.74 0 0 0 0 0 2 0.13299000000006345
0 1 0 1 0 1 9 0 0 1 1 A E 3 2496.8740000000003 0.00223 1 865588 2496.95989 152 9 0.24403 3 0 2 1 0 1 0 1 0 1 3 0.8 0 0 0 0 0 2 0.08588999999983571
0 1 0 1 0 -1 12 9 0 1 1 A E 3 2723.79903 0.00223 1 1496818 2717.68917 200 12 0.29223 3 9 1 1 0 1 0 1 0 1 3 0.63 0 0 0 0 0 2 6.109860000000026
0 0 0 2 0 0 13 13 0 0 0 E A 3 2946.0729100000003 0.00223 1 1745500 2940.22713 216 13 0.22321 3 13 3 0 0 0 0 2 0 0 1 0.97 0 0 0 0 0 2 5.845780000000104
0 1 0 1 0 1 0 0 0 1 1 A E 3 2108.15085 0.00223 1 4792 2108.15056 8 0 0.26314 3 0 1 1 0 1 0 1 0 1 3 1 0 0 0 0 0 2 0.0002899999999499414
0 1 0 1 0 -1 14 10 0 1 1 E E 3 2946.25248 0.00223 1 2013270 2940.21198 232 14 0.28795 3 10 3 1 0 1 0 1 0 1 3 0.85 0 0 0 0 0 2 6.0405000000000655
0 0 0 2 0 -2 12 6 0 2 2 A E 3 2878.67326 0.00223 1 1496839 2878.63064 200 12 0.3247 3 6 2 2 0 0 0 2 0 2 3 0.59 0 0 0 0 1 1 0.042620000000169966
0 0 0 2 0 0 12 11 0 0 0 E A 3 2865.5606700000003 0.00223 1 1496837 2859.64798 200 12 0.23555 3 11 3 0 0 0 0 2 0 0 1 0.93 0 0 0 0 0 2 5.9126900000001115
0 1 0 1 0 1 3 3 0 1 1 A E 3 2167.71678 0.001577 2 119574 2167.74215 56 3 0.24711 3 3 2 1 0 1 0 1 0 1 3 0.7 0 0 0 0 0 2 0.02536999999983891
0 1 0 1 0 -1 12 7 0 1 1 E E 3 2738.91089 0.00223 1 1496819 2738.99677 200 12 0.2762 3 7 3 1 0 1 0 1 0 1 3 0.86 0 0 0 0 0 2 0.08588000000008833
0 0 0 2 0 0 11 11 0 0 0 E A 3 2752.20146 0.00223 1 1267284 2746.25845 184 11 0.22947 3 11 3 0 0 0 0 2 0 0 1 0.97 0 0 0 0 0 2 5.943010000000413
0 1 0 1 0 -1 12 6 0 1 1 A E 3 2748.0747300000003 0.00223 1 1496820 2748.16433 200 12 0.26903 3 6 1 1 0 1 0 1 0 1 3 0.6 0 0 0 0 0 2 0.08959999999979118
0 0 0 2 0 0 10 10 0 0 0 E A 3 2666.66487 0.001577 2 1056878 2660.67659 168 10 0.23246 3 10 3 0 0 0 0 2 0 0 1 0.97 0 0 0 0 0 2 5.988280000000032
0 1 0 1 0 1 11 11 0 1 1 E E 3 2675.11261 0.00223 1 1267272 2669.22887 184 11 0.21457 3 11 3 1 0 1 0 1 0 1 3 0.94 0 0 0 0 0 2 5.883740000000216
0 0 0 2 0 0 8 8 0 0 0 E A 3 2512.32497 0.001577 2 693429 2512.4546 136 8 0.23844 3 8 3 0 0 0 0 2 0 0 1 0.97 0 0 0 0 0 2 0.12962999999990643
0 0 0 2 0 0 9 1 0 0 0 E A 3 2636.0316900000003 0.00223 1 865605 2636.00323 152 9 0.23698 3 1 3 0 0 0 0 2 0 0 1 0.81 0 0 0 0 0 2 0.028460000000450236
0 0 0 2 0 0 7 7 0 0 0 E A 3 2449.7852000000003 0.001577 2 540408 2449.8815 120 7 0.24199 3 7 3 0 0 0 0 2 0 0 1 0.96 0 0 0 0 0 2 0.09629999999970096
0 0 0 2 0 0 8 5 0 0 0 E A 3 2548.1904 0.00223 1 693434 2548.24344 136 8 0.27083 3 5 3 0 0 0 0 2 0 0 1 0.72 0 0 0 0 0 2 0.05304000000023734
0 0 0 2 0 0 5 4 0 0 0 E A 3 2352.72847 0.00223 1 291728 2352.7378 88 5 0.25519 3 4 3 0 0 0 0 2 0 0 1 0.84 0 0 0 0 0 2 0.009329999999863503
0 0 0 2 0 0 5 5 0 0 0 E A 3 2348.39586 0.001577 2 291727 2348.43002 88 5 0.26613 3 5 3 0 0 0 0 2 0 0 1 0.79 0 0 0 0 0 2 0.03415999999970154
0 1 0 1 0 -1 14 7 0 1 1 E E 3 2972.95044 0.00223 1 2013273 2973.10265 232 14 0.26471 3 7 3 1 0 1 0 1 0 1 3 0.82 0 0 0 0 0 2 0.15220999999974083
0 0 0 2 0 0 2 2 0 0 0 E A 3 2251.67329 0.001577 2 62176 2251.66868 40 2 0.2422 3 2 3 0 0 0 0 2 0 0 1 1 0 0 0 0 0 2 0.004609999999956926
0 0 0 2 0 2 11 7 0 2 2 E E 3 2859.14228 0.00223 1 1267303 2859.07789 184 11 0.10451 3 7 3 2 0 0 0 2 0 2 3 0.8 0 0 0 0 1 1 0.06439000000000306
0 0 0 2 0 2 3 0 0 2 2 A E 3 2290.89716 0.00223 1 119579 2290.89186 56 3 0.27163 3 0 2 2 0 0 0 2 0 2 3 0.98 0 0 0 0 1 1 0.0052999999998064595
0 0 0 2 0 0 1 1 0 0 0 E A 3 2235.39856 0.001577 2 23922 2235.38694 24 1 0.24253 3 1 3 0 0 0 0 2 0 0 1 1 0 0 0 0 0 2 0.011620000000220898
0 0 0 2 0 2 12 12 0 2 2 A E 3 2932.81585 0.00223 1 1496845 2926.62796 200 12 0.068078 3 12 2 2 0 0 0 2 0 2 3 0.61 0 0 0 0 1 1 6.187890000000152
0 2 0 0 0 0 7 7 0 0 0 E A 3 2195.66491 0.00223 1 540391 2195.68154 120 7 0.25546 3 7 3 0 0 2 0 0 0 0 1 0.99 0 0 0 0 1 1 0.016630000000077416
0 0 0 2 0 2 6 4 0 2 2 E E 3 2446.33 0.00223 1 406521 2446.32514 104 6 0.21254 3 4 3 2 0 0 0 2 0 2 3 0.96 0 0 0 0 1 1 0.004860000000007858
0 1 0 1 0 1 9 9 0 1 1 A E 3 2497.46669 0.00223 1 865589 2497.61634 152 9 0.21726 3 9 1 1 0 1 0 1 0 1 3 0.69 0 0 0 0 0 2 0.14964999999983775
0 0 0 2 0 2 10 9 0 2 2 A E 3 2751.15056 0.00223 1 1056890 2744.96798 168 10 0.12329 3 9 2 2 0 0 0 2 0 2 3 0.66 0 0 0 0 1 1 6.182580000000144
0 2 0 0 0 0 8 8 0 0 0 E A 3 2259.10518 0.00223 1 693410 2259.13347 136 8 0.2552 3 8 3 0 0 2 0 0 0 0 1 0.99 0 0 0 0 1 1 0.028290000000197324
0 0 0 2 0 2 10 10 0 2 2 E E 3 2742.6223800000002 0.00223 1 1056889 2736.4627 168 10 0.1125 3 10 3 2 0 0 0 2 0 2 3 0.95 0 0 0 0 1 1 6.159680000000208
0 0 0 2 0 -2 10 6 0 2 2 A E 3 2671.18129 0.00223 1 1056879 2671.16079 168 10 0.34608 3 6 2 2 0 0 0 2 0 2 3 0.63 0 0 0 0 1 1 0.020500000000083674
0 0 0 2 0 2 5 4 0 2 2 E E 3 2390.2927600000003 0.00223 1 291735 2390.29417 88 5 0.21217 3 4 3 2 0 0 0 2 0 2 3 0.98 0 0 0 0 1 1 0.0014099999998506973
0 0 0 2 0 2 9 9 0 2 2 A E 3 2658.32463 0.00223 1 865607 2652.16201 152 9 0.13296 3 9 1 2 0 0 0 2 0 2 3 0.68 0 0 0 0 1 1 6.162620000000061
0 2 0 0 0 0 10 10 0 0 0 E A 3 2415.67446 0.00223 1 1056855 2409.54892 168 10 0.25477 3 10 3 0 0 2 0 0 0 0 1 0.98 0 0 0 0 1 1 6.125540000000001
0 0 0 2 0 2 4 4 0 2 2 E E 3 2343.65686 0.00223 1 196096 2343.66322 72 4 0.21186 3 4 3 2 0 0 0 2 0 2 3 0.99 0 0 0 0 1 1 0.006359999999858701
0 2 0 0 0 0 11 11 0 0 0 E A 3 2502.55666 0.00223 1 1267258 2496.46371 184 11 0.25461 3 11 3 0 0 2 0 0 0 0 1 0.98 0 0 0 0 1 1 6.092950000000201
0 0 0 2 0 -2 5 2 0 2 2 E E 3 2358.69227 0.00223 1 291729 2358.70502 88 5 0.28574 3 2 3 2 0 0 0 2 0 2 3 0.82 0 0 0 0 1 1 0.012749999999869033
0 0 0 2 0 2 1 1 0 2 2 E E 3 2250.5118700000003 0.00223 1 23924 2250.51168 24 1 0.25512 3 1 3 2 0 0 0 2 0 2 3 1 0 0 0 0 1 1 0.00019000000020241714
0 0 0 2 0 0 4 4 0 0 0 E A 3 2306.9882900000002 0.00223 1 196089 2307.00281 72 4 0.24667 3 4 3 0 0 0 0 2 0 0 1 0.93 0 0 0 0 0 2 0.014519999999720312
0 0 0 2 0 2 0 0 0 2 2 A E 3 2234.91926 0.00223 1 4793 2234.92025 8 0 0.27035 3 0 1 2 0 0 0 2 0 2 3 1 0 0 0 0 1 1 0.0009900000000016007
0 0 0 2 0 0 5 2 0 0 0 E A 3 2362.6476000000002 0.00223 1 291730 2362.65116 88 5 0.24466 3 2 3 0 0 0 0 2 0 0 1 0.93 0 0 0 0 0 2 0.0035599999996520637
0 0 0 2 0 0 11 10 0 0 0 E A 3 2770.67206 0.00223 1 1267285 2764.71007 184 11 0.23886 3 10 3 0 0 0 0 2 0 0 1 0.93 0 0 0 0 0 2 5.961989999999787
1 0 0 1 0 1 11 10 0 1 1 E E 3 3927.98794 0.000354 2 1267410 3921.50445 184 11 0.049302 3 10 3 1 1 0 0 1 0 1 3 0.78 1 0 0 0 0 1 6.483490000000074
1 0 0 1 0 1 10 10 0 1 1 E E 3 3828.92263 0.0005 1 1056993 3822.47432 168 10 0.048975 3 10 3 1 1 0 0 1 0 1 3 0.83 1 0 0 0 0 1 6.44831000000022
1 0 0 1 0 1 11 7 0 1 1 E E 3 3964.48439 0.000354 2 1267424 3964.64128 184 11 0.051634 3 7 3 1 1 0 0 1 0 1 3 0.69 1 0 0 0 0 1 0.1568899999997484
1 0 0 1 0 1 10 5 0 1 1 E E 3 3891.0014100000003 0.000289 3 1057016 3890.93318 168 10 0.038221 3 5 3 1 1 0 0 1 0 1 3 0.5 1 0 0 0 0 1 0.06823000000031243
1 0 0 1 0 1 9 9 0 1 1 A E 3 3754.87586 0.000289 3 865703 3748.44498 152 9 0.048421 3 9 1 1 1 0 0 1 0 1 3 0.59 1 0 0 0 0 1 6.430879999999888
1 0 0 1 0 1 10 7 0 1 1 E E 3 3866.13339 0.000289 3 1057007 3866.17042 168 10 0.04712 3 7 3 1 1 0 0 1 0 1 3 0.78 1 0 0 0 0 1 0.03702999999995882
1 0 0 1 0 1 11 3 0 1 1 A E 3 4002.12447 0.00025 4 1267445 4001.97057 184 11 0.034433 3 3 1 1 1 0 0 1 0 1 3 0.47 1 0 0 0 0 1 0.15390000000024884
1 0 0 1 0 1 10 3 0 1 1 A E 3 3904.96219 0.000286 4 1057026 3904.8359 168 10 0.030943 3 3 2 1 1 0 0 1 0 1 3 0.5 1 0 0 0 0 1 0.12629000000015367
1 0 0 1 0 1 9 7 0 1 1 E E 3 3776.54392 0.000354 2 865713 3776.51588 152 9 0.04744 3 7 3 1 1 0 0 1 0 1 3 0.81 1 0 0 0 0 1 0.028040000000146392
1 0 0 1 0 1 9 6 0 1 1 A E 3 3788.12195 0.0005 1 865715 3788.14927 152 9 0.046662 3 6 1 1 1 0 0 1 0 1 3 0.56 1 0 0 0 0 1 0.02731999999969048
1 0 0 1 0 1 8 7 0 1 1 E E 3 3695.65621 0.000354 2 693531 3695.56427 136 8 0.047757 3 7 3 1 1 0 0 1 0 1 3 0.83 1 0 0 0 0 1 0.09194000000024971
0 0 1 1 -1 1 9 4 1 1 0 E A 3 3809.75122 0.000289 3 865726 3810.12862 152 9 0.034407 3 4 3 0 0 0 1 1 1 1 2 0.57 0 0 1 0 0 1 0.3773999999998523
1 0 0 1 0 1 9 3 0 1 1 A E 3 3816.43541 0.000253 5 865729 3816.28743 152 9 0.029437 3 3 1 1 1 0 0 1 0 1 3 0.49 1 0 0 0 0 1 0.14798000000018874
1 0 0 1 0 1 8 5 0 1 1 E E 3 3721.68169 0.000319 4 693541 3721.60607 136 8 0.030381 3 5 3 1 1 0 0 1 0 1 3 0.64 1 0 0 0 0 1 0.07562000000007174
0 0 1 1 -1 1 10 1 1 1 0 E A 3 3915.46808 0.000247 5 1057032 3912.06983 168 10 0.03153 3 1 3 0 0 0 1 1 1 1 2 0.46 0 0 1 0 0 1 3.398250000000189
1 0 0 1 0 1 10 0 0 1 1 A E 3 3916.71815 0.000286 4 1057034 3916.68915 168 10 0.030287 3 0 1 1 1 0 0 1 0 1 3 0.55 1 0 0 0 0 1 0.028999999999996362
1 0 0 1 0 1 9 4 0 1 1 E E 3 3808.0959900000003 0.000329 4 865724 3806.95092 152 9 0.047891 3 4 3 1 1 0 0 1 0 1 3 0.74 1 0 0 0 0 1 1.1450700000000325
1 0 0 1 0 1 9 1 0 1 1 E E 3 3823.5105200000003 0.000248 5 865734 3823.55178 152 9 0.032195 3 1 3 1 1 0 0 1 0 1 3 0.47 1 0 0 0 0 1 0.04125999999951091
1 0 0 1 0 1 7 7 0 1 1 E E 3 3623.50617 0.000354 2 540496 3623.35041 120 7 0.047911 3 7 3 1 1 0 0 1 0 1 3 0.85 1 0 0 0 0 1 0.15576000000010026
0 0 1 1 -1 1 8 4 1 1 0 E A 3 3729.18332 0.000354 2 693544 3729.30493 136 8 0.029106 3 4 3 0 0 0 1 1 1 1 2 0.69 0 0 1 0 0 1 0.12160999999969135
1 0 0 1 0 1 7 5 0 1 1 E E 3 3649.9405500000003 0.000289 3 540506 3649.85857 120 7 0.028526 3 5 3 1 1 0 0 1 0 1 3 0.67 1 0 0 0 0 1 0.08198000000038519
0 0 1 1 -1 1 9 1 1 1 0 E A 3 3826.7634000000003 0.00025 4 865735 3826.75481 152 9 0.033658 3 1 3 0 0 0 1 1 1 1 2 0.51 0 0 1 0 0 1 0.008590000000367581
1 0 0 1 0 1 8 4 0 1 1 E E 3 3726.78602 0.00025 4 693543 3726.74259 136 8 0.044692 3 4 3 1 1 0 0 1 0 1 3 0.78 1 0 0 0 0 1 0.043430000000171276
1 0 0 1 0 1 9 0 0 1 1 A E 3 3828.02466 0.000441 3 865736 3827.99813 152 9 0.030812 3 0 2 1 1 0 0 1 0 1 3 0.61 1 0 0 0 0 1 0.026530000000093423
1 0 0 1 0 1 7 6 0 1 1 A E 3 3635.5196100000003 0.000354 2 540500 3635.45908 120 7 0.047533 3 6 1 1 1 0 0 1 0 1 3 0.59 1 0 0 0 0 1 0.060530000000198925
0 0 1 1 -1 1 7 5 1 1 0 E A 3 3649.29142 0.000354 2 540505 3649.51688 120 7 0.0322 3 5 3 0 0 0 1 1 1 1 2 0.65 0 0 1 0 0 1 0.2254600000001119
1 0 0 1 0 1 8 3 0 1 1 A E 3 3734.12588 0.000272 4 693545 3734.14922 136 8 0.042815 3 3 1 1 1 0 0 1 0 1 3 0.56 1 0 0 0 0 1 0.023339999999734573
0 0 1 1 -1 1 7 4 1 1 0 E A 3 3657.5402400000003 0.000354 2 540508 3657.58616 120 7 0.027957 3 4 3 0 0 0 1 1 1 1 2 0.74 0 0 1 0 0 1 0.04591999999956897
1 0 0 1 0 1 8 1 0 1 1 E E 3 3743.68959 0.000224 5 693550 3743.75236 136 8 0.033313 3 1 3 1 1 0 0 1 0 1 3 0.55 1 0 0 0 0 1 0.06277000000000044
1 0 0 1 0 1 6 5 0 1 1 E E 3 3587.04106 0.000289 3 406594 3586.98893 104 6 0.028318 3 5 3 1 1 0 0 1 0 1 3 0.69 1 0 0 0 0 1 0.05213000000003376
0 0 1 1 1 -1 11 2 1 1 0 E A 3 4037.48184 0.000354 2 1267471 4039.27557 184 11 0.02848 3 2 3 0 0 0 1 1 1 1 1 0.63 0 0 1 0 0 1 1.7937299999998686
0 0 1 1 -1 1 8 1 1 1 0 E A 3 3746.7018900000003 0.000243 5 693551 3746.68294 136 8 0.033339 3 1 3 0 0 0 1 1 1 1 2 0.56 0 0 1 0 0 1 0.018950000000131695
1 0 0 1 0 -1 7 3 0 1 1 A E 3 3665.38794 0.000289 3 540510 3665.25324 120 7 0.028658 3 3 1 1 1 0 0 1 0 1 3 0.49 1 0 0 0 0 1 0.1347000000000662
1 0 0 1 0 1 7 4 0 1 1 E E 3 3655.1280300000003 0.000235 5 540507 3655.11872 120 7 0.045622 3 4 3 1 1 0 0 1 0 1 3 0.82 1 0 0 0 0 1 0.009310000000368746
1 0 0 1 0 1 8 0 0 1 1 A E 3 3747.94632 0.00025 4 693552 3747.92274 136 8 0.031573 3 0 1 1 1 0 0 1 0 1 3 0.67 1 0 0 0 0 1 0.023580000000038126
0 0 1 1 1 1 10 3 1 1 2 A E 3 3932.42519 0.000289 3 1057046 3934.1551 168 10 0.027888 3 3 2 2 0 0 1 1 1 1 3 0.44 0 0 1 0 0 1 1.729910000000018
1 0 0 1 0 1 6 6 0 1 1 A E 3 3572.39642 0.000354 2 406589 3572.27638 104 6 0.047642 3 6 2 1 1 0 0 1 0 1 3 0.61 1 0 0 0 0 1 0.12004000000024462
0 0 1 1 -1 1 6 5 1 1 0 E A 3 3585.9240800000002 0.000289 3 406593 3586.03616 104 6 0.028706 3 5 3 0 0 0 1 1 1 1 2 0.74 0 0 1 0 0 1 0.11207999999987805
1 0 0 1 0 1 7 3 0 1 1 A E 3 3662.6756100000002 0.00025 4 540509 3662.70238 120 7 0.044037 3 3 2 1 1 0 0 1 0 1 3 0.58 1 0 0 0 0 1 0.02676999999994223
1 0 0 1 0 1 6 3 0 1 1 A E 3 3599.98517 0.000249 5 406597 3600.00056 104 6 0.045002 3 3 1 1 1 0 0 1 0 1 3 0.6 1 0 0 0 0 1 0.015390000000024884
0 0 1 1 -1 1 6 4 1 1 0 E A 3 3594.65827 0.000354 2 406596 3594.67646 104 6 0.027376 3 4 3 0 0 0 1 1 1 1 2 0.78 0 0 1 0 0 1 0.01819000000023152
1 0 0 1 0 1 7 1 0 1 1 E E 3 3672.60888 0.00025 4 540513 3672.67744 120 7 0.034534 3 1 3 1 1 0 0 1 0 1 3 0.63 1 0 0 0 0 1 0.06855999999970663
0 0 1 1 1 1 9 4 1 1 2 E E 3 3842.54461 0.000223 6 865746 3842.40883 152 9 0.031282 3 4 3 0 0 0 1 1 1 1 3 0.54 0 0 1 0 0 1 0.13578000000006796
0 0 1 1 1 -1 10 2 1 1 0 E A 3 3940.13 0.00025 4 1057049 3939.74255 168 10 0.027825 3 2 3 0 0 0 1 1 1 1 1 0.67 0 0 1 0 0 1 0.3874500000001717
0 0 1 1 1 1 9 3 1 1 2 A E 3 3841.9512 0.000224 5 865748 3843.94938 152 9 0.027974 3 3 1 2 0 0 1 1 1 1 3 0.47 0 0 1 0 0 1 1.9981800000000476
0 0 1 1 -1 1 7 1 1 1 0 E A 3 3675.29866 0.000252 6 540514 3675.26827 120 7 0.032711 3 1 3 0 0 0 1 1 1 1 2 0.62 0 0 1 0 0 1 0.030389999999897555
1 0 0 1 0 -1 6 3 0 1 1 A E 3 3602.8990400000002 0.000283 4 406598 3602.78781 104 6 0.028447 3 3 2 1 1 0 0 1 0 1 3 0.51 1 0 0 0 0 1 0.11123000000043248
0 0 1 1 1 -1 10 1 1 1 0 E A 3 3939.63396 0.000289 3 1057050 3940.32249 168 10 0.027586 3 1 3 0 0 0 1 1 1 1 1 0.65 0 0 1 0 0 1 0.6885299999999006
0 0 1 1 1 1 9 6 1 1 2 A E 3 3836.28624 0.000354 2 865742 3836.16725 152 9 0.027509 3 6 1 2 0 0 1 1 1 1 3 0.42 0 0 1 0 0 1 0.11898999999993976
1 0 0 1 0 1 6 4 0 1 1 E E 3 3592.2843000000003 0.000305 3 406595 3592.26638 104 6 0.046278 3 4 3 1 1 0 0 1 0 1 3 0.85 1 0 0 0 0 1 0.017920000000231084
1 0 0 1 0 1 7 0 0 1 1 A E 3 3676.51237 0.000239 5 540515 3676.49637 120 7 0.032635 3 0 2 1 1 0 0 1 0 1 3 0.74 1 0 0 0 0 1 0.016000000000076398
0 0 1 1 1 1 9 5 1 1 2 E E 3 3837.09838 0.000289 3 865743 3837.07653 152 9 0.042759 3 5 3 0 0 0 1 1 1 1 3 0.63 0 0 1 0 0 1 0.021850000000085856
0 0 1 1 -1 1 5 5 1 1 0 E A 3 3531.24418 0.0005 1 291795 3531.64573 88 5 0.027628 3 5 3 0 0 0 1 1 1 1 2 0.79 0 0 1 0 0 1 0.40155000000004293
1 0 0 1 0 1 6 2 0 1 1 E E 3 3608.4542300000003 0.000254 5 406600 3608.34103 104 6 0.028781 3 2 3 1 1 0 0 1 0 1 3 0.62 1 0 0 0 0 1 0.11320000000023356
0 0 1 1 1 1 10 4 1 1 2 E E 3 3932.82107 0.00025 4 1057044 3932.62023 168 10 0.032027 3 4 3 0 0 0 1 1 1 1 3 0.5 0 0 1 0 0 1 0.20083999999997104
0 0 1 1 -1 1 6 2 1 1 0 E A 3 3607.66712 0.000353 3 406599 3607.64644 104 6 0.028926 3 2 3 0 0 0 1 1 1 1 2 0.65 0 0 1 0 0 1 0.020680000000083965
0 0 1 1 1 -1 9 1 1 1 0 E A 3 3849.5488800000003 0.000329 3 865752 3849.68971 152 9 0.027285 3 1 3 0 0 0 1 1 1 1 1 0.67 0 0 1 0 0 1 0.14082999999982349
1 0 0 1 0 1 6 1 0 1 1 E E 3 3610.28503 0.000224 5 406601 3610.34629 104 6 0.035833 3 1 3 1 1 0 0 1 0 1 3 0.71 1 0 0 0 0 1 0.06125999999994747
0 0 1 1 1 1 8 4 1 1 2 E E 3 3761.23155 0.00025 4 693562 3761.14653 136 8 0.031185 3 4 3 0 0 0 1 1 1 1 3 0.56 0 0 1 0 0 1 0.08501999999998588
0 0 1 1 -1 1 5 4 1 1 0 E A 3 3540.57751 0.000289 3 291798 3540.58657 88 5 0.027017 3 4 3 0 0 0 1 1 1 1 2 0.81 0 0 1 0 0 1 0.009059999999863066
0 0 1 1 1 1 8 3 1 1 2 A E 3 3760.49272 0.000272 4 693561 3760.37196 136 8 0.037079 3 3 1 0 0 0 1 1 1 1 3 0.42 0 0 1 0 0 1 0.12076000000024578
0 0 1 1 1 -1 9 2 1 1 0 E A 3 3849.08602 0.000289 4 865751 3849.16382 152 9 0.027516 3 2 3 0 0 0 1 1 1 1 1 0.7 0 0 1 0 0 1 0.07780000000002474
0 0 1 1 -1 1 6 1 1 1 0 E A 3 3612.59114 0.000271 5 406602 3612.55143 104 6 0.03172 3 1 3 0 0 0 1 1 1 1 2 0.69 0 0 1 0 0 1 0.03971000000001368
1 0 0 1 0 -1 5 3 0 1 1 A E 3 3549.16879 0.000272 4 291800 3549.08585 88 5 0.028318 3 3 1 1 1 0 0 1 0 1 3 0.52 1 0 0 0 0 1 0.08294000000023516
0 0 1 1 1 1 8 5 1 1 2 E E 3 3755.85749 0.000277 5 693558 3755.87472 136 8 0.039529 3 5 3 0 0 0 1 1 1 1 3 0.59 0 0 1 0 0 1 0.017229999999926804
1 0 0 1 0 1 5 4 0 1 1 E E 3 3538.27345 0.000305 4 291797 3538.23686 88 5 0.046685 3 4 3 1 1 0 0 1 0 1 3 0.87 1 0 0 0 0 1 0.03659000000016022
0 0 1 1 1 1 10 6 1 1 2 A E 3 3926.37753 0.000354 2 1057040 3926.15999 168 10 0.026067 3 6 2 2 0 0 1 1 1 1 3 0.53 0 0 1 0 0 1 0.2175400000000991
0 0 1 1 1 -1 9 4 1 1 0 E A 3 3846.86533 0.000406 3 865750 3846.86461 152 9 0.028549 3 4 3 0 0 0 1 1 1 1 1 0.73 0 0 1 0 0 1 0.0007200000000011642
1 0 0 1 0 1 5 3 0 1 1 A E 3 3546.10206 0.00025 4 291799 3546.10024 88 5 0.045675 3 3 2 1 1 0 0 1 0 1 3 0.62 1 0 0 0 0 1 0.0018199999999524152
0 0 1 1 1 -1 10 7 1 1 0 E A 3 3928.35784 0.00025 4 1057042 3928.4283 168 10 0.033576 3 7 3 0 0 0 1 1 1 1 1 0.65 0 0 1 0 0 1 0.07045999999991182
1 0 0 1 0 1 5 2 0 1 1 E E 3 3554.80594 0.000248 5 291802 3554.70037 88 5 0.02895 3 2 3 1 1 0 0 1 0 1 3 0.72 1 0 0 0 0 1 0.1055700000001707
0 0 1 1 1 -1 8 1 1 1 0 E A 3 3767.87981 0.00025 4 693568 3767.99081 136 8 0.02713 3 1 3 0 0 0 1 1 1 1 1 0.69 0 0 1 0 0 1 0.11099999999987631
0 0 1 1 -1 1 5 2 1 1 0 E A 3 3554.0450100000003 0.000289 3 291801 3554.02882 88 5 0.027949 3 2 3 0 0 0 1 1 1 1 2 0.8 0 0 1 0 0 1 0.016190000000278815
0 0 1 1 1 -1 9 5 1 1 0 E A 3 3844.79108 0.000289 3 865749 3844.8351 152 9 0.029522 3 5 3 0 0 0 1 1 1 1 1 0.72 0 0 1 0 0 1 0.04401999999981854
0 0 1 1 1 -1 8 2 1 1 0 E A 3 3767.47751 0.000289 3 693567 3767.54041 136 8 0.027349 3 2 3 0 0 0 1 1 1 1 1 0.72 0 0 1 0 0 1 0.06289999999989959
0 0 1 1 1 1 7 4 1 1 2 E E 3 3689.56851 0.000244 5 540524 3688.89798 120 7 0.031281 3 4 3 0 0 0 1 1 1 1 3 0.57 0 0 1 0 0 1 0.6705299999998715
0 0 1 1 1 1 7 3 1 1 2 A E 3 3688.1438000000003 0.00025 4 540523 3688.06288 120 7 0.036779 3 3 2 0 0 0 1 1 1 1 3 0.48 0 0 1 0 0 1 0.08092000000033295
0 0 1 1 -1 1 4 4 1 1 0 E A 3 3495.3654300000003 0.000354 2 196146 3495.37278 72 4 0.026786 3 4 3 0 0 0 1 1 1 1 2 0.84 0 0 1 0 0 1 0.007349999999860302
1 0 0 1 0 1 5 1 0 1 1 E E 3 3556.7394400000003 0.00025 4 291803 3556.78586 88 5 0.037272 3 1 3 1 1 0 0 1 0 1 3 0.79 1 0 0 0 0 1 0.046419999999670836
0 0 1 1 1 1 7 5 1 1 2 E E 3 3683.78432 0.00031 4 540519 3683.59793 120 7 0.039158 3 5 3 0 0 0 1 1 1 1 3 0.59 0 0 1 0 0 1 0.18639000000030137
0 0 1 1 -1 1 5 1 1 1 0 E A 3 3558.63682 0.000253 6 291804 3558.5947 88 5 0.030492 3 1 3 0 0 0 1 1 1 1 2 0.76 0 0 1 0 0 1 0.0421200000000681
1 0 0 1 0 1 4 3 0 1 1 A E 3 3504.2579 0.000289 3 196148 3504.20477 72 4 0.02825 3 3 2 1 1 0 0 1 0 1 3 0.53 1 0 0 0 0 1 0.05313000000023749
1 0 0 1 0 1 4 4 0 1 1 E E 3 3493.1466 0.0005 1 196145 3493.0892 72 4 0.046889 3 4 3 1 1 0 0 1 0 1 3 0.88 1 0 0 0 0 1 0.057400000000143336
1 0 0 1 0 1 5 0 0 1 1 A E 3 3559.86954 0.00025 4 291805 3559.87434 88 5 0.035466 3 0 2 1 1 0 0 1 0 1 3 0.89 1 0 0 0 0 1 0.004799999999704596
0 0 1 1 1 -1 8 4 1 1 0 E A 3 3765.46328 0.000267 4 693566 3765.4781 136 8 0.028301 3 4 3 0 0 0 1 1 1 1 1 0.75 0 0 1 0 0 1 0.01481999999987238
0 0 1 1 1 1 6 3 1 1 2 A E 3 3623.4148800000003 0.000267 4 406609 3624.9203 104 6 0.035104 3 3 1 0 0 0 1 1 1 1 3 0.5 0 0 1 0 0 1 1.5054199999999582
0 0 1 1 1 -1 7 1 1 1 0 E A 3 3695.16896 0.000289 3 540530 3695.25933 120 7 0.027053 3 1 3 0 0 0 1 1 1 1 1 0.69 0 0 1 0 0 1 0.09036999999989348
0 0 1 1 1 -1 8 5 1 1 0 E A 3 3763.4145900000003 0.00025 4 693565 3763.46774 136 8 0.029029 3 5 3 0 0 0 1 1 1 1 1 0.74 0 0 1 0 0 1 0.053149999999732245
0 0 1 1 1 -1 7 2 1 1 0 E A 3 3694.84908 0.000289 3 540529 3694.9032 120 7 0.027236 3 2 3 0 0 0 1 1 1 1 1 0.72 0 0 1 0 0 1 0.05412000000023909
1 0 0 1 0 1 4 2 0 1 1 E E 3 3510.02684 0.00025 4 196150 3509.94949 72 4 0.028984 3 2 3 1 1 0 0 1 0 1 3 0.78 1 0 0 0 0 1 0.07735000000002401
0 0 1 1 1 1 6 4 1 1 2 E E 3 3626.18814 0.000224 5 406611 3626.14674 104 6 0.031662 3 4 3 0 0 0 1 1 1 1 3 0.51 0 0 1 0 0 1 0.04140000000006694
0 0 1 1 -1 -1 7 3 1 1 2 A E 3 3690.01733 0.0005 1 540526 3690.38303 120 7 0.027623 3 3 1 2 0 0 1 1 1 1 3 0.53 0 0 1 0 0 1 0.3656999999998334
0 0 1 1 1 1 6 5 1 1 2 E E 3 3620.48653 0.000328 4 406606 3620.47347 104 6 0.039739 3 5 3 0 0 0 1 1 1 1 3 0.66 0 0 1 0 0 1 0.013060000000223226
0 0 1 1 -1 1 4 1 1 1 0 E A 3 3513.51534 0.000222 6 196152 3513.4777 72 4 0.029271 3 1 3 0 0 0 1 1 1 1 2 0.83 0 0 1 0 0 1 0.03764000000001033
1 0 0 1 0 1 4 1 0 1 1 E E 3 3512.00448 0.00025 4 196151 3512.03368 72 4 0.038898 3 1 3 1 1 0 0 1 0 1 3 0.86 1 0 0 0 0 1 0.029199999999946158
0 0 1 1 1 1 8 6 1 1 2 A E 3 3755.00964 0.000354 2 693556 3754.89322 136 8 0.026988 3 6 1 2 0 0 1 1 1 1 3 0.51 0 0 1 0 0 1 0.11642000000028929
0 0 1 1 1 -1 7 4 1 1 0 E A 3 3693.08631 0.00025 4 540528 3693.10878 120 7 0.028139 3 4 3 0 0 0 1 1 1 1 1 0.77 0 0 1 0 0 1 0.02246999999988475
1 0 0 1 0 1 4 0 0 1 1 A E 3 3514.84816 0.000224 5 196153 3514.85714 72 4 0.036643 3 0 1 1 1 0 0 1 0 1 3 0.94 1 0 0 0 0 1 0.008980000000065047
0 0 1 1 1 -1 6 1 1 1 0 E A 3 3631.24267 0.00025 4 406616 3631.54819 104 6 0.02704 3 1 3 0 0 0 1 1 1 1 1 0.65 0 0 1 0 0 1 0.30551999999988766
0 0 1 1 1 1 5 3 1 1 2 A E 3 3569.84638 0.00025 4 291808 3569.84527 88 5 0.036961 3 3 1 0 0 0 1 1 1 1 3 0.54 0 0 1 0 0 1 0.0011100000001533772
0 0 1 1 1 -1 7 5 1 1 0 E A 3 3691.0662700000003 0.00025 4 540527 3691.11621 120 7 0.028702 3 5 3 0 0 0 1 1 1 1 1 0.75 0 0 1 0 0 1 0.04993999999987864
0 0 1 1 1 1 8 7 1 1 2 E E 3 3750.32181 0.000354 2 693553 3750.09558 136 8 0.027031 3 7 3 0 0 0 1 1 1 1 3 0.68 0 0 1 0 0 1 0.22622999999975946
1 0 0 1 0 -1 3 3 0 1 1 A E 3 3464.97658 0.0005 1 119619 3464.94201 56 3 0.046259 3 3 2 1 1 0 0 1 0 1 3 0.64 1 0 0 0 0 1 0.03456999999980326
0 0 1 1 1 -1 6 2 1 1 0 E A 3 3631.4770200000003 0.00025 4 406615 3631.28971 104 6 0.02712 3 2 3 0 0 0 1 1 1 1 1 0.67 0 0 1 0 0 1 0.18731000000025233
1 0 0 1 0 1 3 2 0 1 1 E E 3 3474.11776 0.000289 3 119622 3474.06991 56 3 0.02894 3 2 3 1 1 0 0 1 0 1 3 0.81 1 0 0 0 0 1 0.047849999999925785
0 0 1 1 -1 -1 6 3 1 1 2 A E 3 3627.1761300000003 0.000289 3 406612 3627.11871 104 6 0.027288 3 3 2 2 0 0 1 1 1 1 3 0.56 0 0 1 0 0 1 0.05742000000009284
0 0 1 1 1 1 5 5 1 1 2 E E 3 3566.2784 0.000289 3 291806 3566.2298 88 5 0.044587 3 5 3 0 0 0 1 1 1 1 3 0.71 0 0 1 0 0 1 0.04860000000007858
0 0 1 1 1 1 7 6 1 1 2 A E 3 3682.8786600000003 0.000354 2 540518 3682.82654 120 7 0.027387 3 6 2 2 0 0 1 1 1 1 3 0.51 0 0 1 0 0 1 0.05212000000028638
1 0 0 1 0 1 3 1 0 1 1 E E 3 3476.12174 0.000289 3 119623 3476.13555 56 3 0.0406 3 1 3 1 1 0 0 1 0 1 3 0.91 1 0 0 0 0 1 0.013809999999921274
0 0 1 1 1 -1 6 4 1 1 0 E A 3 3629.75244 0.001212 3 406614 3629.77382 104 6 0.028018 3 4 3 0 0 0 1 1 1 1 1 0.79 0 0 1 0 0 1 0.021379999999680876
1 0 0 1 0 1 3 0 0 1 1 A E 3 3478.78706 0.000289 3 119625 3478.79452 56 3 0.037302 3 0 2 1 1 0 0 1 0 1 3 0.97 1 0 0 0 0 1 0.007459999999809952
0 0 1 1 1 -1 5 1 1 1 0 E A 3 3576.67941 0.000239 5 291815 3576.72127 88 5 0.026959 3 1 3 0 0 0 1 1 1 1 1 0.72 0 0 1 0 0 1 0.041859999999815045
1 0 0 1 0 1 10 9 0 1 1 A E 3 3845.22613 0.000354 2 1056998 3838.76159 168 10 0.048661 3 9 1 1 1 0 0 1 0 1 3 0.57 1 0 0 0 0 1 6.464539999999943
0 0 1 1 1 -1 5 2 1 1 0 E A 3 3576.88923 0.000224 5 291816 3576.93545 88 5 0.027098 3 2 3 0 0 0 1 1 1 1 1 0.72 0 0 1 0 0 1 0.04621999999972104
0 0 1 1 1 -1 6 5 1 1 0 E A 3 3627.7455800000002 0.000289 3 406613 3627.78183 104 6 0.028491 3 5 3 0 0 0 1 1 1 1 1 0.77 0 0 1 0 0 1 0.03624999999965439
0 0 1 1 1 1 4 3 1 1 2 A E 3 3524.96248 0.000289 3 196155 3524.95834 72 4 0.04076 3 3 2 0 0 0 1 1 1 1 3 0.54 0 0 1 0 0 1 0.004140000000006694
1 0 0 1 0 1 11 9 0 1 1 A E 3 3944.2562000000003 0.000354 2 1267416 3937.17829 184 11 0.050886 3 9 1 1 1 0 0 1 0 1 3 0.51 1 0 0 0 0 1 7.077910000000429
0 0 1 1 1 1 7 7 1 1 2 E E 3 3678.14325 0.0005 1 540516 3678.26085 120 7 0.025315 3 7 3 0 0 0 1 1 1 1 3 0.85 0 0 1 0 0 1 0.11760000000003856
1 0 0 1 0 1 12 9 0 1 1 A E 3 4052.51654 0.000354 2 1496982 4044.82824 200 12 0.047481 3 9 2 1 1 0 0 1 0 1 3 0.53 1 0 0 0 0 1 7.688300000000254
1 0 0 1 0 1 2 2 0 1 1 E E 3 3447.11522 0.000289 3 62208 3447.09177 40 2 0.028935 3 2 3 1 1 0 0 1 0 1 3 0.84 1 0 0 0 0 1 0.02345000000013897
0 0 1 1 -1 -1 5 3 1 1 2 A E 3 3572.94285 0.000344 3 291812 3572.92281 88 5 0.026911 3 3 1 2 0 0 1 1 1 1 3 0.58 0 0 1 0 0 1 0.02003999999988082
0 0 1 1 1 1 4 4 1 1 2 E E 3 3526.6298500000003 0.00026 4 196158 3526.78136 72 4 0.026778 3 4 3 0 0 0 1 1 1 1 3 0.79 0 0 1 0 0 1 0.15150999999968917
1 0 0 1 0 1 2 1 0 1 1 E E 3 3449.13878 0.000884 3 62209 3449.14037 40 2 0.041986 3 1 3 1 1 0 0 1 0 1 3 0.95 1 0 0 0 0 1 0.0015899999998509884
0 0 1 1 1 -1 5 4 1 1 0 E A 3 3575.47293 0.00025 4 291814 3575.48593 88 5 0.027932 3 4 3 0 0 0 1 1 1 1 1 0.81 0 0 1 0 0 1 0.012999999999919964
0 0 1 1 1 -1 4 1 1 1 0 E A 3 3531.18789 0.000224 5 196161 3531.21824 72 4 0.026839 3 1 3 0 0 0 1 1 1 1 1 0.87 0 0 1 0 0 1 0.030349999999998545
0 0 1 1 1 1 5 4 1 1 2 E E 3 3571.9022 0.000244 5 291811 3571.89687 88 5 0.028772 3 4 3 0 0 0 1 1 1 1 3 0.66 0 0 1 0 0 1 0.0053299999999580905
1 0 0 1 0 1 2 0 0 1 1 A E 3 3451.71893 0.000289 3 62211 3451.72215 40 2 0.037538 3 0 1 1 1 0 0 1 0 1 3 0.99 1 0 0 0 0 1 0.003220000000055734
0 0 1 1 1 -1 5 5 1 1 0 E A 3 3573.45529 0.000354 2 291813 3573.46687 88 5 0.028386 3 5 3 0 0 0 1 1 1 1 1 0.79 0 0 1 0 0 1 0.011580000000321888
0 0 1 1 1 -1 4 2 1 1 0 E A 3 3531.4702700000003 0.000289 3 196162 3531.49225 72 4 0.027118 3 2 3 0 0 0 1 1 1 1 1 0.86 0 0 1 0 0 1 0.021979999999530264
0 0 1 1 1 1 3 2 1 1 2 E E 3 3489.04253 0.000289 3 119627 3489.05053 56 3 0.036737 3 2 3 0 0 0 1 1 1 1 3 0.7 0 0 1 0 0 1 0.007999999999810825
0 0 1 1 1 1 3 3 1 1 2 A E 3 3488.9483600000003 0.000316 3 119626 3488.93637 56 3 0.042576 3 3 2 0 0 0 1 1 1 1 3 0.55 0 0 1 0 0 1 0.011990000000423606
0 0 1 1 1 -1 4 4 1 1 0 E A 3 3530.24758 0.000354 2 196160 3530.24569 72 4 0.027879 3 4 3 0 0 0 1 1 1 1 1 0.83 0 0 1 0 0 1 0.001890000000003056
0 0 1 1 1 -1 3 1 1 1 0 E A 3 3494.83776 0.000289 3 119631 3494.84903 56 3 0.02678 3 1 3 0 0 0 1 1 1 1 1 0.94 0 0 1 0 0 1 0.011269999999967695
1 0 0 1 0 1 10 6 0 1 1 A E 3 3881.6371400000003 0.000778 2 1057010 3877.55636 168 10 0.046022 3 6 2 1 1 0 0 1 0 1 3 0.54 1 0 0 0 0 1 4.080780000000232
1 0 0 1 0 1 1 1 0 1 1 E E 3 3431.10567 0.000354 2 23941 3431.09956 24 1 0.042638 3 1 3 1 1 0 0 1 0 1 3 0.97 1 0 0 0 0 1 0.006109999999807769
1 0 0 1 0 1 11 6 0 1 1 A E 3 3979.66922 0.000354 2 1267430 3975.80164 184 11 0.049186 3 6 1 1 1 0 0 1 0 1 3 0.48 1 0 0 0 0 1 3.867580000000089
1 0 0 1 0 1 1 0 0 1 1 A E 3 3433.6620900000003 0.000354 2 23943 3433.6614 24 1 0.037568 3 0 2 1 1 0 0 1 0 1 3 1 1 0 0 0 0 1 0.0006900000003042805
1 0 0 1 0 1 5 5 0 1 1 E E 3 3532.9679300000003 0.000354 2 291796 3532.95286 88 5 0.028235 3 5 3 1 1 0 0 1 0 1 3 0.71 1 0 0 0 0 1 0.015070000000378059
0 0 1 1 1 -1 3 2 1 1 0 E A 3 3495.20521 0.000289 3 119632 3495.20672 56 3 0.02708 3 2 3 0 0 0 1 1 1 1 1 0.9 0 0 1 0 0 1 0.001510000000052969
0 0 1 1 1 1 2 2 1 1 2 E E 3 3462.20273 0.000289 3 62212 3462.20304 40 2 0.039194 3 2 3 0 0 0 1 1 1 1 3 0.8 0 0 1 0 0 1 0.00030999999989944627
0 0 1 1 -1 -1 3 3 1 1 2 A E 3 3491.7561800000003 0.0005 1 119630 3491.78776 56 3 0.026277 3 3 1 2 0 0 1 1 1 1 3 0.63 0 0 1 0 0 1 0.03157999999984895
1 0 0 1 0 1 8 6 0 1 1 A E 3 3707.44516 0.000452 3 693534 3707.43702 136 8 0.047182 3 6 1 1 1 0 0 1 0 1 3 0.58 1 0 0 0 0 1 0.008140000000366854
1 0 0 1 0 -1 8 3 0 1 1 A E 3 3734.12501 0.0005 1 693545 3734.14922 136 8 0.042815 3 3 1 1 1 0 0 1 0 1 3 0.56 1 0 0 0 0 1 0.024209999999584397
0 0 1 1 1 -1 2 1 1 1 0 E A 3 3467.64712 0.000289 3 62215 3467.63802 40 2 0.02674 3 1 3 0 0 0 1 1 1 1 1 0.96 0 0 1 0 0 1 0.009100000000216824
1 0 0 1 0 -1 9 3 0 1 1 A E 3 3814.30792 0.000384 3 865728 3814.29096 152 9 0.041402 3 3 2 1 1 0 0 1 0 1 3 0.53 1 0 0 0 0 1 0.016960000000381115
1 0 0 1 0 1 0 0 0 1 1 A E 3 3424.5011 0.0005 1 4799 3424.62692 8 0 0.037547 3 0 1 1 1 0 0 1 0 1 3 1 1 0 0 0 0 1 0.12582000000020344
0 0 1 1 1 -1 2 2 1 1 0 E A 3 3468.05638 0.000354 2 62216 3468.04011 40 2 0.027036 3 2 3 0 0 0 1 1 1 1 1 0.92 0 0 1 0 0 1 0.016270000000076834
1 0 0 1 0 1 3 3 0 1 1 A E 3 3468.2305300000003 0.000354 2 119620 3468.20496 56 3 0.028225 3 3 1 1 1 0 0 1 0 1 3 0.55 1 0 0 0 0 1 0.025570000000243454
1 0 0 1 0 -1 4 3 0 1 1 A E 3 3501.08008 0.0005 1 196147 3501.061 72 4 0.046072 3 3 1 1 1 0 0 1 0 1 3 0.63 1 0 0 0 0 1 0.01908000000003085
0 0 1 1 -1 1 4 2 1 1 0 E A 3 3509.12547 0.000354 2 196149 3509.10934 72 4 0.027368 3 2 3 0 0 0 1 1 1 1 2 0.87 0 0 1 0 0 1 0.016129999999975553
1 0 0 1 0 1 8 2 0 1 1 E E 3 3742.14426 0.000204 6 693548 3740.75752 136 8 0.030462 3 2 3 1 1 0 0 1 0 1 3 0.47 1 0 0 0 0 1 1.386739999999918
1 0 0 1 0 1 9 2 0 1 1 E E 3 3822.1485900000002 0.0005 1 865731 3820.28679 152 9 0.031045 3 2 3 1 1 0 0 1 0 1 3 0.47 1 0 0 0 0 1 1.8618000000001302
0 0 1 1 1 -1 1 1 1 1 0 E A 3 3449.56774 0.000354 2 23946 3449.54303 24 1 0.026708 3 1 3 0 0 0 1 1 1 1 1 0.97 0 0 1 0 0 1 0.024710000000141008
1 0 0 1 0 1 6 0 0 1 1 A E 3 3613.78828 0.0005 1 406603 3613.78361 104 6 0.034001 3 0 1 1 1 0 0 1 0 1 3 0.82 1 0 0 0 0 1 0.004670000000260188
0 0 1 1 1 1 6 6 1 1 2 A E 3 3616.6045400000003 0.000354 2 406605 3619.9292 104 6 0.027329 3 6 2 2 0 0 1 1 1 1 3 0.56 0 0 1 0 0 1 3.324659999999767
0 0 1 1 1 -1 8 7 1 1 0 E A 3 3756.19396 0.00025 4 693559 3756.29902 136 8 0.030102 3 7 3 0 0 0 1 1 1 1 1 0.6 0 0 1 0 0 1 0.1050599999998667
0 0 1 1 1 1 8 8 1 1 2 E E 3 3740.3458100000003 0.000354 2 693554 3750.87831 136 8 0.029732 3 8 3 0 0 0 1 1 1 1 1 0.61 0 0 1 0 0 1 10.5324999999998
0 0 1 1 1 -1 9 7 1 1 0 E A 3 3837.71627 0.00025 4 865744 3837.82407 152 9 0.031663 3 7 3 0 0 0 1 1 1 1 1 0.65 0 0 1 0 0 1 0.10780000000022483
0 0 1 1 -1 -1 4 3 1 1 2 A E 3 3527.80738 0.0005 1 196159 3527.81698 72 4 0.026552 3 3 2 2 0 0 1 1 1 1 3 0.61 0 0 1 0 0 1 0.00959999999986394
0 0 1 1 1 1 9 8 1 1 2 E E 3 3821.45164 0.000354 2 865738 3832.46068 152 9 0.032263 3 8 3 0 0 0 1 1 1 1 1 0.64 0 0 1 0 0 1 11.009039999999914
0 0 1 1 1 1 9 9 1 1 2 A E 3 3813.70031 0.000354 2 865730 3817.88412 152 9 0.024831 3 9 2 2 0 0 1 1 1 1 3 0.59 0 0 1 0 0 1 4.183809999999994
0 0 1 1 1 1 10 8 1 1 2 E E 3 3911.52238 0.000354 2 1057036 3922.89049 168 10 0.039571 3 8 3 0 0 0 1 1 1 1 1 0.39 0 0 1 0 0 1 11.368110000000343
0 0 1 1 1 1 11 8 1 1 2 E E 3 4010.64178 0.000354 2 1267461 4023.42884 184 11 0.039322 3 8 3 0 0 0 1 1 1 1 1 0.6 0 0 1 0 0 1 12.78706000000011
0 0 1 1 1 1 12 12 1 1 2 A E 3 4085.57024 0.000354 2 1496997 4084.61232 200 12 0.024377 3 12 2 2 0 0 1 1 1 1 3 0.58 0 0 1 0 0 1 0.9579199999998309
0 0 1 1 1 1 12 8 1 1 2 E E 3 4118.00665 0.000354 2 1497029 4132.92743 200 12 0.042741 3 8 3 0 0 0 1 1 1 1 1 0.54 0 0 1 0 0 1 14.920779999999468
0 0 1 1 1 1 12 11 1 1 2 E E 3 4097.3981699999995 0.000354 2 1497012 4110.35213 200 12 0.045506 3 11 3 0 0 0 1 1 1 1 1 0.36 0 0 1 0 0 1 12.953960000000734
0 0 1 1 1 1 12 9 1 1 2 A E 3 4110.38619 0.000354 2 1497016 4114.34972 200 12 0.028801 3 9 1 2 0 0 1 1 1 1 3 0.45 0 0 1 0 0 1 3.9635299999999916
0 0 1 1 1 1 13 12 1 1 2 A E 3 4202.45773 0.000354 2 1745677 4201.38558 216 13 0.024429 3 12 2 2 0 0 1 1 1 1 3 0.57 0 0 1 0 0 1 1.072149999999965
0 0 1 1 1 1 14 12 1 1 2 A E 3 4328.03398 0.000354 2 2013483 4326.90497 232 14 0.024511 3 12 1 2 0 0 1 1 1 1 3 0.55 0 0 1 0 0 1 1.1290100000005623
0 0 1 1 1 -1 10 5 1 1 0 E A 3 3935.2163800000003 0.000289 3 1057047 3935.23173 168 10 0.030333 3 5 3 0 0 0 1 1 1 1 1 0.69 0 0 1 0 0 1 0.015349999999671127
0 0 1 1 1 -1 7 7 1 1 0 E A 3 3683.6051 0.000354 2 540520 3683.85451 120 7 0.030768 3 7 3 0 0 0 1 1 1 1 1 0.55 0 0 1 0 0 1 0.249409999999898
0 0 1 1 1 -1 11 7 1 1 0 E A 3 4027.92792 0.0005 1 1267464 4028.24456 184 11 0.036557 3 7 3 0 0 0 1 1 1 1 1 0.62 0 0 1 0 0 1 0.3166400000000067
0 0 1 1 1 1 10 9 1 1 2 A E 3 3903.76856 0.0005 1 1057027 3907.8117 168 10 0.025462 3 9 1 2 0 0 1 1 1 1 3 0.55 0 0 1 0 0 1 4.043140000000221
0 0 1 1 1 1 11 9 1 1 2 A E 3 4002.59299 0.0005 1 1267448 4006.75513 184 11 0.025528 3 9 1 2 0 0 1 1 1 1 3 0.55 0 0 1 0 0 1 4.1621399999999085
0 0 1 1 1 1 13 11 1 1 2 E E 3 4214.23434 0.0005 1 1745678 4204.42985 216 13 0.037507 3 11 3 0 0 0 1 1 1 1 1 0.51 0 0 1 0 0 1 9.804489999999532
0 0 0 0 0 0 23 1 0 0 0 E A 3 2425.6430800000003 0.001768 2 5284122 2419.59556 376 23 2.6449 3 1 3 0 0 0 0 0 0 0 1 0.94 0 0 0 0 0 0 6.047520000000077
0 1 0 0 0 0 22 1 0 0 0 E A 3 3160.81766 0.001768 2 4844204 3153.73988 360 22 0.30509 3 1 3 0 0 1 0 0 0 0 1 0.76 0 0 0 0 0 1 7.077780000000075
0 0 0 0 0 0 23 5 0 0 0 E A 3 2414.71012 0.001443 3 5284119 2408.64662 376 23 2.76 3 5 3 0 0 0 0 0 0 0 1 0.95 0 0 0 0 0 0 6.063500000000204
0 1 0 0 0 0 22 5 0 0 0 E A 3 3151.97658 0.0025 1 4844201 3145.02431 360 22 0.30874 3 5 3 0 0 1 0 0 0 0 1 0.76 0 0 0 0 0 1 6.952270000000226
0 0 0 0 0 0 23 7 0 0 0 E A 3 2403.6640700000003 0.001443 3 5284118 2397.58349 376 23 2.8867 3 7 3 0 0 0 0 0 0 0 1 0.95 0 0 0 0 0 0 6.080580000000282
0 1 0 0 0 0 22 7 0 0 0 E A 3 3143.11859 0.001768 2 4844200 3136.29561 360 22 0.31247 3 7 3 0 0 1 0 0 0 0 1 0.78 0 0 0 0 0 1 6.822979999999916
0 0 0 0 0 0 23 8 0 0 0 E A 3 2396.69463 0.001443 3 5284117 2390.60281 376 23 2.9725 3 8 3 0 0 0 0 0 0 0 1 0.96 0 0 0 0 0 0 6.091820000000098
0 1 0 0 0 0 22 8 0 0 0 E A 3 3137.54089 0.001768 2 4844199 3130.79816 360 22 0.31493 3 8 3 0 0 1 0 0 0 0 1 0.79 0 0 0 0 0 1 6.7427300000003925
0 0 0 0 0 0 23 10 0 0 0 E A 3 2379.76197 0.00125 4 5284116 2373.641 376 23 3.203 3 10 3 0 0 0 0 0 0 0 1 0.97 0 0 0 0 0 0 6.120969999999943
0 1 0 0 0 0 22 10 0 0 0 E A 3 3124.03177 0.001768 2 4844197 3117.48195 360 22 0.32149 3 10 3 0 0 1 0 0 0 0 1 0.81 0 0 0 0 0 1 6.549820000000182
0 0 0 0 0 0 23 11 0 0 0 E A 3 2369.7469 0.001768 2 5284115 2363.60941 376 23 3.3563 3 11 3 0 0 0 0 0 0 0 1 0.97 0 0 0 0 0 0 6.137490000000071
0 1 0 0 0 0 22 11 0 0 0 E A 3 3116.0901400000002 0.001768 2 4844196 3109.65336 360 22 0.32529 3 11 3 0 0 1 0 0 0 0 1 0.82 0 0 0 0 0 1 6.436780000000454
0 0 0 0 0 0 22 1 0 0 0 E A 3 2226.72346 0.001768 2 4844185 2220.65502 360 22 2.9823 3 1 3 0 0 0 0 0 0 0 1 0.95 0 0 0 0 0 0 6.06844000000001
0 1 0 0 0 0 21 1 0 0 0 E A 3 2973.8009700000002 0.001768 2 4423389 2966.81202 344 21 0.31337 3 1 3 0 0 1 0 0 0 0 1 0.78 0 0 0 0 0 1 6.988950000000386
0 0 0 0 0 0 22 4 0 0 0 E A 3 2213.60297 0.001768 2 4844183 2213.73817 360 22 3.0702 3 4 3 0 0 0 0 0 0 0 1 0.96 0 0 0 0 0 0 0.13520000000016807
0 1 0 0 0 0 21 4 0 0 0 E A 3 2962.03747 0.001768 2 4423387 2961.33801 344 21 0.31586 3 4 3 0 0 1 0 0 0 0 1 0.78 0 0 0 0 0 1 0.699460000000272
0 0 0 0 0 0 22 5 0 0 0 E A 3 2209.4432500000003 0.001768 2 4844182 2209.57189 360 22 3.1257 3 5 3 0 0 0 0 0 0 0 1 0.96 0 0 0 0 0 0 0.12863999999990483
0 1 0 0 0 0 21 5 0 0 0 E A 3 2958.73307 0.001768 2 4423386 2958.08099 344 21 0.3173 3 5 3 0 0 1 0 0 0 0 1 0.79 0 0 0 0 0 1 0.6520800000002964
0 0 0 0 0 0 22 7 0 0 0 E A 3 2204.4672 0.00125 4 4844181 2198.36612 360 22 3.2852 3 7 3 0 0 0 0 0 0 0 1 0.96 0 0 0 0 0 0 6.101079999999911
0 1 0 0 0 0 21 7 0 0 0 E A 3 2956.0552900000002 0.001768 2 4423385 2949.31701 344 21 0.32136 3 7 3 0 0 1 0 0 0 0 1 0.81 0 0 0 0 0 1 6.738280000000032
0 0 0 0 0 0 22 8 0 0 0 E A 3 2197.40715 0.00125 4 4844180 2191.29509 360 22 3.3941 3 8 3 0 0 0 0 0 0 0 1 0.97 0 0 0 0 0 0 6.1120599999999286
0 1 0 0 0 0 21 8 0 0 0 E A 3 2950.46016 0.0025 1 4423384 2943.80083 344 21 0.32405 3 8 3 0 0 1 0 0 0 0 1 0.81 0 0 0 0 0 1 6.6593299999999545
0 0 0 0 0 0 23 14 0 0 0 E A 3 2333.14188 0.001768 2 5284113 2326.94022 376 23 4.0619 3 14 3 0 0 0 0 0 0 0 1 0.98 0 0 0 0 0 0 6.2016600000001745
0 1 0 0 0 0 22 14 0 0 0 E A 3 3087.23958 0.001768 2 4844193 3081.20614 360 22 0.34276 3 14 3 0 0 1 0 0 0 0 1 0.84 0 0 0 0 0 1 6.033440000000155
0 0 0 0 0 0 20 8 0 0 0 E A 3 1823.50907 0.001118 5 4021667 1817.36444 328 20 4.5509 3 8 3 0 0 0 0 0 0 0 1 0.98 0 0 0 0 0 0 6.1446300000000065
0 0 0 0 0 0 22 10 0 0 0 E A 3 2180.25045 0.001768 2 4844179 2174.11173 360 22 3.6903 3 10 3 0 0 0 0 0 0 0 1 0.97 0 0 0 0 0 0 6.138719999999921
0 1 0 0 0 0 21 10 0 0 0 E A 3 2936.9361 0.0025 1 4423383 2930.47418 344 21 0.3352 3 10 3 0 0 1 0 0 0 0 1 0.82 0 0 0 0 0 1 6.461919999999736
0 0 0 0 0 0 22 11 0 0 0 E A 3 2170.10367 0.001118 5 4844178 2163.94784 360 22 3.8903 3 11 3 0 0 0 0 0 0 0 1 0.98 0 0 0 0 0 0 6.155830000000151
0 1 0 0 0 0 21 11 0 0 0 E A 3 2928.95483 0.001443 3 4423381 2922.5974 344 21 0.3354 3 11 3 0 0 1 0 0 0 0 1 0.84 0 0 0 0 0 1 6.357430000000022
0 0 0 0 0 0 20 5 0 0 0 E A 3 1842.21316 0.001118 5 4021669 1836.0945 328 20 4.1044 3 5 3 0 0 0 0 0 0 0 1 0.98 0 0 0 0 0 0 6.118660000000091
0 0 0 0 0 0 21 1 0 0 0 E A 3 2029.79428 0.001443 3 4423372 2029.91989 344 21 3.3859 3 1 3 0 0 0 0 0 0 0 1 0.96 0 0 0 0 0 0 0.12560999999982414
0 0 0 0 0 0 21 2 0 0 0 E A 3 2034.61588 0.001443 3 4423371 2028.52689 344 21 3.4074 3 2 3 0 0 0 0 0 0 0 1 0.96 0 0 0 0 0 0 6.088989999999967
0 1 0 0 0 0 20 2 0 0 0 E A 3 2793.92681 0.001768 2 4021687 2787.03619 328 20 0.32232 3 2 3 0 0 1 0 0 0 0 1 0.81 0 0 0 0 0 1 6.890620000000126
0 0 0 0 0 0 20 4 0 0 0 E A 3 1846.47809 0.001021 6 4021670 1840.36478 328 20 4.0143 3 4 3 0 0 0 0 0 0 0 1 0.97 0 0 0 0 0 0 6.113309999999956
0 0 0 0 0 0 21 4 0 0 0 E A 3 2029.0184800000002 0.001768 2 4423370 2022.92187 344 21 3.4965 3 4 3 0 0 0 0 0 0 0 1 0.97 0 0 0 0 0 0 6.0966100000002825
0 0 0 0 0 0 21 5 0 0 0 E A 3 2018.59317 0.001443 3 4423369 2018.70288 344 21 3.5669 3 5 3 0 0 0 0 0 0 0 1 0.97 0 0 0 0 0 0 0.10970999999995001
0 0 0 0 0 0 20 2 0 0 0 E A 3 1852.1396900000002 0.001118 5 4021671 1846.03374 328 20 3.9004 3 2 3 0 0 0 0 0 0 0 1 0.97 0 0 0 0 0 0 6.105950000000121
0 0 0 0 0 0 21 7 0 0 0 E A 3 2013.47605 0.00125 4 4423368 2007.35699 344 21 3.7702 3 7 3 0 0 0 0 0 0 0 1 0.97 0 0 0 0 0 0 6.11905999999999
0 0 0 0 0 0 22 13 0 0 0 E A 3 2146.5165 0.001118 5 4844177 2140.32188 360 22 4.4476 3 13 3 0 0 0 0 0 0 0 1 0.98 0 0 0 0 0 0 6.194620000000214
0 1 0 0 0 0 21 13 0 0 0 E A 3 2910.55873 0.00125 4 4423380 2904.45711 344 21 0.34691 3 13 3 0 0 1 0 0 0 0 1 0.85 0 0 0 0 0 1 6.101620000000366
0 0 0 0 0 0 23 17 0 0 0 E A 3 2285.87502 0.00125 4 5284111 2279.5941 376 23 5.5499 3 17 3 0 0 0 0 0 0 0 1 0.99 0 0 0 0 0 0 6.280920000000151
0 1 0 0 0 0 22 17 0 0 0 E A 3 3050.8224 0.001768 2 4844191 3045.3044 360 22 0.36935 3 17 3 0 0 1 0 0 0 0 1 0.86 0 0 0 0 0 1 5.518000000000029
0 0 0 0 0 0 21 8 0 0 0 E A 3 2000.1143900000002 0.00125 4 4423367 2000.1971 344 21 3.9104 3 8 3 0 0 0 0 0 0 0 1 0.98 0 0 0 0 0 0 0.08270999999990636
0 1 0 0 0 0 20 8 0 0 0 E A 3 2765.41973 0.001768 2 4021683 2765.05028 328 20 0.33346 3 8 3 0 0 1 0 0 0 0 1 0.83 0 0 0 0 0 1 0.3694500000001426
0 0 0 0 0 0 20 1 0 0 0 E A 3 1853.54787 0.001443 3 4021672 1847.44396 328 20 3.8731 3 1 3 0 0 0 0 0 0 0 1 0.97 0 0 0 0 0 0 6.103910000000042
0 0 0 0 0 0 22 14 0 0 0 E A 3 2133.00398 0.00125 4 4844176 2126.788 360 22 4.8427 3 14 3 0 0 0 0 0 0 0 1 0.99 0 0 0 0 0 0 6.215979999999945
0 1 0 0 0 0 21 14 0 0 0 E A 3 2900.07845 0.001768 2 4423378 2894.12109 344 21 0.35642 3 14 3 0 0 1 0 0 0 0 1 0.86 0 0 0 0 0 1 5.9573599999998805
0 0 0 0 0 0 19 8 0 0 0 E A 3 1649.00879 0.00125 4 3639114 1642.85121 312 19 5.3572 3 8 3 0 0 0 0 0 0 0 1 0.99 0 0 0 0 0 0 6.157580000000053
0 0 0 0 0 0 21 10 0 0 0 E A 3 1988.9514900000001 0.001118 5 4423366 1982.79599 344 21 4.2974 3 10 3 0 0 0 0 0 0 0 1 0.98 0 0 0 0 0 0 6.155500000000075
0 1 0 0 0 0 19 1 0 0 0 E A 3 2624.5260000000003 0.00125 4 3639135 2617.69556 312 19 0.33047 3 1 3 0 0 1 0 0 0 0 1 0.83 0 0 0 0 0 1 6.830440000000181
0 0 0 0 0 0 21 11 0 0 0 E A 3 1972.46074 0.001443 3 4423365 1972.50213 344 21 4.5634 3 11 3 0 0 0 0 0 0 0 1 0.98 0 0 0 0 0 0 0.041390000000092186
0 0 0 0 0 0 22 16 0 0 0 E A 3 2102.33563 0.00125 4 4844175 2096.07186 360 22 6.056 3 16 3 0 0 0 0 0 0 0 1 0.99 0 0 0 0 0 0 6.263770000000022
0 1 0 0 0 0 21 16 0 0 0 E A 3 2876.76544 0.001768 2 4423377 2871.14195 344 21 0.37254 3 16 3 0 0 1 0 0 0 0 1 0.88 0 0 0 0 0 1 5.623489999999947
0 0 0 0 0 0 20 7 0 0 0 E A 3 1830.7458900000001 0.001021 6 4021668 1824.61138 328 20 4.3675 3 7 3 0 0 0 0 0 0 0 1 0.98 0 0 0 0 0 0 6.134510000000091
0 0 0 0 0 0 21 13 0 0 0 E A 3 1954.7782200000001 0.001118 5 4423364 1948.57112 344 21 5.3258 3 13 3 0 0 0 0 0 0 0 1 0.99 0 0 0 0 0 0 6.207100000000082
0 1 0 0 0 0 20 13 0 0 0 E A 3 2731.7180000000003 0.00125 4 4021679 2725.69009 328 20 0.35889 3 13 3 0 0 1 0 0 0 0 1 0.87 0 0 0 0 0 1 6.027910000000247
0 0 0 0 0 0 22 17 0 0 0 E A 3 2085.08383 0.001118 5 4844174 2078.7957 360 22 7.0419 3 17 3 0 0 0 0 0 0 0 1 0.99 0 0 0 0 0 0 6.28812999999991
0 1 0 0 0 0 21 17 0 0 0 E A 3 2863.81462 0.0025 1 4423376 2858.37817 344 21 0.3856 3 17 3 0 0 1 0 0 0 0 1 0.88 0 0 0 0 0 1 5.43645000000015
0 0 0 0 0 0 21 14 0 0 0 E A 3 1934.8754800000002 0.00125 4 4423363 1934.86087 344 21 5.8859 3 14 3 0 0 0 0 0 0 0 1 0.99 0 0 0 0 0 0 0.014610000000175205
0 1 0 0 0 0 20 14 0 0 0 E A 3 2715.2558400000003 0.001768 2 4021678 2715.5817 328 20 0.38217 3 14 3 0 0 1 0 0 0 0 1 0.85 0 0 0 0 0 1 0.32585999999992055
0 0 0 0 0 0 20 10 0 0 0 E A 3 1805.91912 0.001021 6 4021666 1799.75006 328 20 5.0664 3 10 3 0 0 0 0 0 0 0 1 0.99 0 0 0 0 0 0 6.169059999999945
0 0 0 0 0 0 19 2 0 0 0 E A 3 1671.78006 0.001443 3 3639118 1671.85295 312 19 4.5023 3 2 3 0 0 0 0 0 0 0 1 0.98 0 0 0 0 0 0 0.07288999999991574
0 0 0 0 0 0 20 11 0 0 0 E A 3 1795.5122000000001 0.00125 4 4021665 1789.32898 328 20 5.4285 3 11 3 0 0 0 0 0 0 0 1 0.99 0 0 0 0 0 0 6.183220000000119
0 0 0 0 0 0 21 16 0 0 0 E A 3 1910.01158 0.00125 4 4423362 1903.74079 344 21 7.716 3 16 3 0 0 0 0 0 0 0 1 0.99 0 0 0 0 0 0 6.270790000000034
0 1 0 0 0 0 20 16 0 0 0 E A 3 2698.07944 0.001768 2 4021676 2692.53384 328 20 0.38805 3 16 3 0 0 1 0 0 0 0 1 0.89 0 0 0 0 0 1 5.545599999999922
0 0 0 0 0 0 18 1 0 0 0 E A 3 1507.41657 0.001118 5 3275690 1507.47847 296 18 5.1995 3 1 3 0 0 0 0 0 0 0 1 0.98 0 0 0 0 0 0 0.06189999999992324
0 0 0 0 0 0 21 17 0 0 0 E A 3 1886.31655 0.00125 4 4423361 1886.23555 344 21 9.3384 3 17 3 0 0 0 0 0 0 0 1 0.99 0 0 0 0 0 0 0.0809999999999036
0 1 0 0 0 0 20 17 0 0 0 E A 3 2679.0699600000003 0.0025 1 4021675 2679.92705 328 20 0.40335 3 17 3 0 0 1 0 0 0 0 1 0.9 0 0 0 0 0 1 0.8570899999995163
0 0 0 0 0 0 20 14 0 0 0 E A 3 1757.45144 0.001443 3 4021663 1751.21699 328 20 7.3302 3 14 3 0 0 0 0 0 0 0 1 0.99 0 0 0 0 0 0 6.234450000000152
0 0 0 0 0 0 20 16 0 0 0 E A 3 1725.97728 0.00125 4 4021662 1719.70243 328 20 10.279 3 16 3 0 0 0 0 0 0 0 1 0.99 0 0 0 0 0 0 6.274850000000015
0 0 0 0 0 0 19 13 0 0 0 E A 3 1596.1881400000002 0.000945 7 3639111 1589.96353 312 19 8.1402 3 13 3 0 0 0 0 0 0 0 1 0.99 0 0 0 0 0 0 6.224610000000212
0 0 0 0 0 0 20 17 0 0 0 E A 3 1708.26862 0.00125 4 4021661 1701.97363 328 20 13.259 3 17 3 0 0 0 0 0 0 0 1 0.99 0 0 0 0 0 0 6.294990000000098
0 0 0 0 0 0 20 13 0 0 0 E A 3 1771.31655 0.001118 5 4021664 1765.09962 328 20 6.5033 3 13 3 0 0 0 0 0 0 0 1 0.99 0 0 0 0 0 0 6.216930000000048
0 0 0 1 0 -1 18 15 0 1 1 A E 3 2471.31082 0.001768 2 3275705 2465.21351 296 18 1.1051 3 15 2 1 0 0 0 1 0 1 3 0.67 0 0 0 0 0 1 6.097310000000107
0 0 0 1 0 1 19 13 0 1 1 E E 3 2680.69398 0.0025 1 3639137 2674.60435 312 19 0.88206 3 13 3 1 0 0 0 1 0 1 3 0.92 0 0 0 0 0 1 6.089629999999943
0 0 0 1 0 1 19 16 0 1 1 E E 3 2618.51427 0.001768 2 3639133 2612.43537 312 19 1.1253 3 16 3 1 0 0 0 1 0 1 3 0.94 0 0 0 0 0 1 6.078899999999976
0 0 0 1 0 1 19 19 0 1 1 E E 3 2538.00561 0.001768 2 3639123 2531.85336 312 19 1.5802 3 19 3 1 0 0 0 1 0 1 3 0.98 0 0 0 0 0 1 6.152250000000095
0 0 0 1 0 1 21 13 0 1 1 E E 3 3042.78803 0.001768 2 4423394 3036.73965 344 21 0.78338 3 13 3 1 0 0 0 1 0 1 3 0.89 0 0 0 0 0 1 6.048380000000179
0 0 0 1 0 1 21 16 0 1 1 E E 3 2983.29284 0.0025 1 4423390 2977.2334 344 21 0.96188 3 16 3 1 0 0 0 1 0 1 3 0.91 0 0 0 0 0 1 6.059439999999995
0 0 0 1 0 1 21 9 0 1 1 A E 3 3102.22845 0.001443 3 4423399 3096.29368 344 21 0.63375 3 9 2 1 0 0 0 1 0 1 3 0.61 0 0 0 0 0 1 5.934769999999844
0 0 0 1 0 1 11 10 0 1 1 E E 3 1616.72127 0.001768 2 1267243 1616.74029 184 11 0.98252 3 10 3 1 0 0 0 1 0 1 3 0.99 0 0 0 0 0 1 0.019019999999954962
0 0 0 1 0 1 15 1 0 1 1 E E 3 2182.59427 0.001768 2 2300184 2182.81735 248 15 0.53684 3 1 3 1 0 0 0 1 0 1 3 0.75 0 0 0 0 0 1 0.22307999999975436
0 0 0 1 0 1 16 16 0 1 1 E E 3 2131.62357 0.0025 1 2606211 2125.4564 264 16 1.3734 3 16 3 1 0 0 0 1 0 1 3 0.99 0 0 0 0 0 1 6.167170000000169
0 0 0 1 0 1 17 0 0 1 1 A E 3 2474.7135000000003 0.0025 1 2931403 2475.04172 280 17 0.52001 3 0 2 1 0 0 0 1 0 1 3 0.71 0 0 0 0 0 1 0.32821999999987383
0 0 0 1 0 -1 17 10 0 1 1 E E 3 2401.9937600000003 0.0025 1 2931392 2395.89464 280 17 0.79937 3 10 3 1 0 0 0 1 0 1 3 0.92 0 0 0 0 0 1 6.099120000000312
0 0 0 1 0 1 17 13 0 1 1 E E 3 2351.5984000000003 0.0025 1 2931389 2345.48238 280 17 0.99364 3 13 3 1 0 0 0 1 0 1 3 0.94 0 0 0 0 0 1 6.11602000000039
0 0 0 1 0 1 17 4 0 1 1 E E 3 2465.23752 0.001768 2 2931399 2459.28599 280 17 0.57664 3 4 3 1 0 0 0 1 0 1 3 0.83 0 0 0 0 0 1 5.951530000000275
0 0 0 1 0 1 17 6 0 1 1 A E 3 2449.43082 0.0025 1 2931397 2443.42084 280 17 0.63264 3 6 2 1 0 0 0 1 0 1 3 0.62 0 0 0 0 0 1 6.009979999999814
0 0 0 1 0 1 17 7 0 1 1 E E 3 2439.57769 0.001768 2 2931396 2433.5404 280 17 0.66687 3 7 3 1 0 0 0 1 0 1 3 0.88 0 0 0 0 0 1 6.037290000000212
0 0 0 1 0 -1 17 9 0 1 1 A E 3 2415.8849600000003 0.001443 3 2931394 2409.80143 280 17 0.74973 3 9 2 1 0 0 0 1 0 1 3 0.64 0 0 0 0 0 1 6.083530000000337
0 0 0 1 0 1 18 0 0 1 1 A E 3 2632.4109000000003 0.0025 1 3275721 2632.78788 296 18 0.51334 3 0 1 1 0 0 0 1 0 1 3 0.7 0 0 0 0 0 1 0.37697999999954845
0 0 0 1 0 1 18 1 0 1 1 E E 3 2630.47278 0.0025 1 3275720 2630.8373 296 18 0.51884 3 1 3 1 0 0 0 1 0 1 3 0.73 0 0 0 0 0 1 0.3645200000000841
0 0 0 1 0 1 18 10 0 1 1 E E 3 2555.1743300000003 0.0025 1 3275710 2555.29301 296 18 0.76248 3 10 3 1 0 0 0 1 0 1 3 0.91 0 0 0 0 0 1 0.11867999999958556
0 0 0 1 0 -1 18 12 0 1 1 A E 3 2529.93127 0.0025 1 3275708 2523.83057 296 18 0.87061 3 12 2 1 0 0 0 1 0 1 3 0.65 0 0 0 0 0 1 6.100699999999961
0 0 0 1 0 1 18 13 0 1 1 E E 3 2512.00599 0.0025 1 3275706 2505.90204 296 18 0.93697 3 13 3 1 0 0 0 1 0 1 3 0.93 0 0 0 0 0 1 6.103950000000168
0 0 0 1 0 -1 18 18 0 1 1 A E 3 2515.07989 0.0025 1 3275707 2514.96474 296 18 0.2715 3 18 1 1 0 0 0 1 0 1 3 0.69 0 0 0 0 0 1 0.11515000000008513
0 0 0 1 0 1 18 6 0 1 1 A E 3 2607.87892 0.0025 1 3275715 2601.91042 296 18 0.61296 3 6 1 1 0 0 0 1 0 1 3 0.61 0 0 0 0 0 1 5.968499999999949
0 0 0 1 0 1 18 9 0 1 1 A E 3 2574.99116 0.001768 2 3275711 2568.93587 296 18 0.7179 3 9 2 1 0 0 0 1 0 1 3 0.63 0 0 0 0 0 1 6.055290000000241
0 0 0 1 0 1 19 1 0 1 1 E E 3 2801.78152 0.001443 3 3639151 2797.04176 312 19 0.51059 3 1 3 1 0 0 0 1 0 1 3 0.72 0 0 0 0 0 1 4.739759999999933
0 0 0 1 0 1 19 10 0 1 1 E E 3 2729.08196 0.0025 1 3639141 2723.03556 312 19 0.72758 3 10 3 1 0 0 0 1 0 1 3 0.89 0 0 0 0 0 1 6.046400000000176
0 0 0 1 0 1 19 12 0 1 1 A E 3 2698.2538600000003 0.001768 2 3639139 2692.17178 312 19 0.82351 3 12 2 1 0 0 0 1 0 1 3 0.64 0 0 0 0 0 1 6.082080000000133
0 0 0 1 0 1 19 3 0 1 1 A E 3 2795.1428100000003 0.0025 1 3639149 2789.30889 312 19 0.52652 3 3 2 1 0 0 0 1 0 1 3 0.55 0 0 0 0 0 1 5.833920000000489
0 0 0 1 0 1 19 4 0 1 1 E E 3 2788.95467 0.0025 1 3639148 2785.10497 312 19 0.46767 3 4 3 1 0 0 0 1 0 1 3 0.54 0 0 0 0 0 1 3.8497000000002117
0 0 0 1 0 1 19 6 0 1 1 A E 3 2774.71308 0.001768 2 3639146 2768.79012 312 19 0.59404 3 6 2 1 0 0 0 1 0 1 3 0.6 0 0 0 0 0 1 5.922959999999875
0 0 0 1 0 1 19 7 0 1 1 E E 3 2765.23291 0.0025 1 3639145 2759.27585 312 19 0.62163 3 7 3 1 0 0 0 1 0 1 3 0.86 0 0 0 0 0 1 5.957060000000183
0 0 0 1 0 1 19 8 0 1 1 E E 3 2827.9660200000003 0.0025 1 3639154 2821.55501 312 19 0.52012 3 8 3 1 0 0 0 1 0 1 3 0.78 0 0 0 0 0 1 6.41101000000026
0 0 0 1 0 1 19 9 0 1 1 A E 3 2742.44546 0.001768 2 3639142 2736.42445 312 19 0.68788 3 9 2 1 0 0 0 1 0 1 3 0.63 0 0 0 0 0 1 6.021009999999933
0 0 0 1 0 1 20 0 0 1 1 A E 3 2972.69987 0.0025 1 4021706 2973.09994 328 20 0.48635 3 0 1 1 0 0 0 1 0 1 3 0.61 0 0 0 0 0 1 0.4000700000001416
0 0 0 1 0 1 20 1 0 1 1 E E 3 2977.28911 0.0025 1 4021705 2971.57021 328 20 0.50294 3 1 3 1 0 0 0 1 0 1 3 0.71 0 0 0 0 0 1 5.718900000000303
0 0 0 1 0 1 20 10 0 1 1 E E 3 2898.88026 0.001768 2 4021696 2899.08075 328 20 0.695 3 10 3 1 0 0 0 1 0 1 3 0.88 0 0 0 0 0 1 0.20049000000017259
0 0 0 1 0 1 20 11 0 1 1 E E 3 2980.5279800000003 0.0025 1 4021707 2974.3079 328 20 0.45818 3 11 3 1 0 0 0 1 0 1 3 0.71 0 0 0 0 0 1 6.220080000000507
0 0 0 1 0 1 20 12 0 1 1 A E 3 2874.84845 0.0025 1 4021694 2868.78987 328 20 0.77949 3 12 2 1 0 0 0 1 0 1 3 0.64 0 0 0 0 0 1 6.058579999999893
0 0 0 1 0 1 20 13 0 1 1 E E 3 2851.4211 0.001768 2 4021692 2851.56161 328 20 0.83062 3 13 3 1 0 0 0 1 0 1 3 0.91 0 0 0 0 0 1 0.14051000000017666
0 0 0 1 0 1 20 15 0 1 1 A E 3 2818.72472 0.0025 1 4021690 2812.64753 328 20 0.9586 3 15 2 1 0 0 0 1 0 1 3 0.65 0 0 0 0 0 1 6.077189999999973
0 0 0 1 0 1 20 18 0 1 1 A E 3 2866.94354 0.0025 1 4021693 2866.88465 328 20 0.28748 3 18 2 1 0 0 0 1 0 1 3 0.67 0 0 0 0 0 1 0.0588900000002468
0 0 0 1 0 1 20 4 0 1 1 E E 3 2957.95208 0.001768 2 4021702 2958.33621 328 20 0.51961 3 4 3 1 0 0 0 1 0 1 3 0.76 0 0 0 0 0 1 0.3841299999999137
0 0 0 1 0 1 20 7 0 1 1 E E 3 2934.36403 0.0025 1 4021699 2934.66678 328 20 0.60074 3 7 3 1 0 0 0 1 0 1 3 0.85 0 0 0 0 0 1 0.30274999999983265
0 0 0 1 0 1 20 8 0 1 1 E E 3 3006.23057 0.0025 1 4021709 2999.77021 328 20 0.52662 3 8 3 1 0 0 0 1 0 1 3 0.75 0 0 0 0 0 1 6.460360000000037
0 0 0 1 0 1 20 9 0 1 1 A E 3 2918.20541 0.001768 2 4021697 2912.2248 328 20 0.65984 3 9 1 1 0 0 0 1 0 1 3 0.62 0 0 0 0 0 1 5.98061000000007
0 0 0 1 0 1 21 0 0 1 1 A E 3 3155.53161 0.001768 2 4423408 3156.09385 344 21 0.4915 3 0 2 1 0 0 0 1 0 1 3 0.68 0 0 0 0 0 1 0.5622400000002017
0 0 0 1 0 1 21 10 0 1 1 E E 3 3089.35637 0.0025 1 4423398 3083.38483 344 21 0.66483 3 10 3 1 0 0 0 1 0 1 3 0.87 0 0 0 0 0 1 5.9715400000000045
0 0 0 1 0 1 21 12 0 1 1 A E 3 3059.67527 0.001768 2 4423395 3053.64538 344 21 0.73896 3 12 2 1 0 0 0 1 0 1 3 0.63 0 0 0 0 0 1 6.02989000000025
0 0 0 1 0 1 21 14 0 1 1 E E 3 3129.93229 0.0025 1 4423402 3123.70826 344 21 0.38671 3 14 3 1 0 0 0 1 0 1 3 0.82 0 0 0 0 0 1 6.224030000000312
0 0 0 1 0 1 21 15 0 1 1 A E 3 3004.66896 0.0025 1 4423392 2998.60436 344 21 0.89281 3 15 2 1 0 0 0 1 0 1 3 0.64 0 0 0 0 0 1 6.064600000000155
0 0 0 1 0 1 21 18 0 1 1 A E 3 3061.72177 0.0025 1 4423396 3055.45976 344 21 0.29551 3 18 2 1 0 0 0 1 0 1 3 0.66 0 0 0 0 0 1 6.262009999999918
0 0 0 1 0 1 21 4 0 1 1 E E 3 3147.3039400000002 0.001768 2 4423404 3141.55636 344 21 0.51701 3 4 3 1 0 0 0 1 0 1 3 0.77 0 0 0 0 0 1 5.747580000000198
0 0 0 1 0 1 21 6 0 1 1 A E 3 3133.67002 0.0025 1 4423403 3127.79804 344 21 0.54047 3 6 2 1 0 0 0 1 0 1 3 0.55 0 0 0 0 0 1 5.871979999999894
0 0 0 1 0 1 21 7 0 1 1 E E 3 3124.23295 0.0025 1 4423401 3118.37276 344 21 0.57977 3 7 3 1 0 0 0 1 0 1 3 0.83 0 0 0 0 0 1 5.860189999999875
0 0 0 0 0 0 23 4 0 0 0 E A 3 2418.81714 0.001768 2 5284120 2412.7587 376 23 2.7156 3 4 3 0 0 0 0 0 0 0 1 0.94 0 0 0 0 0 0 6.058440000000246
0 0 0 1 0 1 22 1 0 1 1 E E 3 3350.5218800000002 0.0025 1 4844222 3346.12588 360 22 0.4623 3 1 3 1 0 0 0 1 0 1 3 0.49 0 0 0 0 0 1 4.3960000000001855
0 0 0 1 0 1 22 11 0 1 1 E E 3 3362.49465 0.0025 1 4844224 3356.07229 360 22 0.46026 3 11 3 1 0 0 0 1 0 1 3 0.77 0 0 0 0 0 1 6.422360000000026
0 0 0 1 0 1 22 13 0 1 1 E E 3 3236.11846 0.001768 2 4844209 3230.09887 360 22 0.74045 3 13 3 1 0 0 0 1 0 1 3 0.88 0 0 0 0 0 1 6.019590000000335
0 0 0 1 0 1 22 18 0 1 1 A E 3 3258.59594 0.0025 1 4844211 3252.33555 360 22 0.30335 3 18 2 1 0 0 0 1 0 1 3 0.65 0 0 0 0 0 1 6.2603900000003705
0 0 0 1 0 1 22 4 0 1 1 E E 3 3338.61341 0.0025 1 4844219 3332.93894 360 22 0.50801 3 4 3 1 0 0 0 1 0 1 3 0.76 0 0 0 0 0 1 5.674469999999928
0 0 0 1 0 1 22 5 0 1 1 E E 3 3403.62142 0.001768 2 4844228 3396.9234 360 22 0.60125 3 5 3 1 0 0 0 1 0 1 3 0.58 0 0 0 0 0 1 6.698019999999815
0 0 0 1 0 1 22 7 0 1 1 E E 3 3316.2779800000003 0.001768 2 4844216 3310.44814 360 22 0.55169 3 7 3 1 0 0 0 1 0 1 3 0.8 0 0 0 0 0 1 5.829840000000331
0 0 0 1 0 1 22 8 0 1 1 E E 3 3387.82724 0.0025 1 4844226 3381.25333 360 22 0.53457 3 8 3 1 0 0 0 1 0 1 3 0.69 0 0 0 0 0 1 6.573910000000069
0 1 0 0 0 0 23 10 0 0 0 E A 3 3319.3648200000002 0.0025 1 5284135 3312.72738 376 23 0.31196 3 10 3 0 0 1 0 0 0 0 1 0.78 0 0 0 0 0 1 6.637440000000424
0 1 0 0 0 0 23 17 0 0 0 E A 3 3246.22816 0.0025 1 5284128 3240.62789 376 23 0.35451 3 17 3 0 0 1 0 0 0 0 1 0.85 0 0 0 0 0 1 5.6002699999999095
0 1 0 0 0 0 23 7 0 0 0 E A 3 3338.3780300000003 0.001768 2 5284138 3331.46459 376 23 0.30391 3 7 3 0 0 1 0 0 0 0 1 0.75 0 0 0 0 0 1 6.913440000000264
0 0 0 1 0 1 14 9 0 1 1 A E 3 2050.937718 0.060460 4 2013242 1982.91778 232 14 0.84935 3 9 2 1 0 0 0 1 0 1 3 0.67 0 0 0 0 0 1 68.019938
1 0 0 1 0 1 11 11 0 1 1 E E 3 3918.804522 0.005500 2 1267433 3983.33438 184 11 0.046093 3 11 3 1 1 0 0 1 0 1 3 0.59 1 0 0 0 0 1 64.529858
1 0 0 1 0 1 8 8 0 1 1 E E 3 3687.764853	0.004500 2 693547 3740.21028 136 8 0.044678 3 8 3 1 1 0 0 1 0 1 3 0.73 1 0 0 0 0 1 52.445427
1 0 0 1 0 1 9 8 0 1 1 E E 3 3768.956278	0.005200 2 865732 3821.33926 152 9 0.044997 3 8 3 1 1 0 0 1 0 1 3 0.72 1 0 0 0 0 1 52.382982
1 0 0 1 0 1 10 8 0 1 1 E E 3 3858.892011 0.005500 2 1057031 3911.41637 168 10 0.04478 3 8 3 1 1 0 0 1 0 1 3 0.71 1 0 0 0 0 1 52.524359
1 0 0 1 0 1 11 8 0 1 1 E E 3 3957.68487 0.005700 2 1267454 4010.50613 184 11 0.046314 3 8 3 1 1 0 0 1 0 1 3 0.67 1 0 0 0 0 1 52.82126
0 0 0 1 0 1 22 12 0 1 1 A E 3 3352.138041 0.069500 3 4844210 3246.69507 360 22 0.70192 3 12 2 1 0 0 0 1 0 1 3 0.62 0 0 0 0 0 1 105.442971